/**
 * generated by fontconvert.py
 * name: baijamjuree_10_bold
 * size: 10
 * mode: 2-bit  compressed: true
 * Command used: ../scripts/fontconvert.py baijamjuree_10_bold 10 /Users/nakarinkochapond/Downloads/Books/Books/Bai_Jamjuree,Itim,Mali/Bai_Jamjuree/BaiJamjuree-Bold.ttf --additional-intervals 0x0E00,0x0E7F --2bit --compress
 */
#pragma once
#include "EpdFontData.h"

static const uint8_t baijamjuree_10_boldBitmaps[12421] = {
    0x8D, 0x57, 0x3B, 0x93, 0xDC, 0x44, 0x10, 0x6E, 0x49, 0x60, 0x55, 0xA1, 0x40, 0x11, 0x11, 0x54,
    0x29, 0x86, 0x00, 0x05, 0x8E, 0xB9, 0x51, 0x4E, 0x00, 0x01, 0x19, 0x81, 0x13, 0x02, 0x43, 0x72,
    0x89, 0x03, 0x27, 0xB7, 0xD2, 0x3F, 0xE0, 0xF8, 0x05, 0x26, 0x70, 0xE0, 0xD2, 0x06, 0x97, 0x10,
    0xB8, 0x28, 0xEF, 0x8D, 0x28, 0x22, 0x47, 0xA8, 0xF8, 0x03, 0x56, 0x95, 0x09, 0x5C, 0x76, 0x95,
    0x3D, 0x94, 0x65, 0xAC, 0xC3, 0xA3, 0x69, 0xBE, 0x1E, 0xED, 0x43, 0x7B, 0x2F, 0x90, 0x66, 0xB4,
    0x52, 0xCF, 0xB3, 0xBB, 0xBF, 0xFE, 0xA6, 0xD7, 0xDA, 0xED, 0x45, 0x0F, 0xED, 0xC3, 0xDD, 0x57,
    0xDA, 0x58, 0xDA, 0x54, 0x66, 0x6E, 0xA4, 0x9E, 0x3C, 0x77, 0xD5, 0xFF, 0x91, 0xD3, 0x27, 0x44,
    0x4A, 0x4A, 0xC2, 0x9D, 0x62, 0xAB, 0x6B, 0x67, 0x49, 0x59, 0xFA, 0x70, 0x24, 0x2A, 0x5D, 0x91,
    0xF1, 0x10, 0x1C, 0x3A, 0xBC, 0x7A, 0xA1, 0x2A, 0x6B, 0x56, 0x3C, 0xC6, 0xDC, 0x4D, 0x43, 0xB2,
    0x9E, 0x4E, 0xD1, 0x36, 0x12, 0xA6, 0x71, 0x3A, 0x1C, 0x88, 0xAC, 0x8A, 0x8C, 0x3C, 0x93, 0x56,
    0x9E, 0xD9, 0x93, 0x01, 0x4F, 0xA5, 0x99, 0xB4, 0x5B, 0xB8, 0xC3, 0x4A, 0xF9, 0xBD, 0xDE, 0xF8,
    0x71, 0xC0, 0x93, 0x22, 0x23, 0xCF, 0xB8, 0x93, 0x67, 0xDA, 0x38, 0x5D, 0x51, 0x5E, 0x94, 0xEC,
    0xA7, 0xC5, 0x74, 0xB7, 0x09, 0x57, 0xC0, 0x05, 0xC5, 0xDC, 0x52, 0xFA, 0xC2, 0x50, 0xFA, 0xDB,
    0x54, 0x93, 0x27, 0x2D, 0x45, 0x90, 0x27, 0xE8, 0xA4, 0x46, 0x45, 0x63, 0x56, 0x92, 0x4D, 0xB0,
    0x85, 0x08, 0x3A, 0x9E, 0x8C, 0x54, 0x32, 0x17, 0xC9, 0x08, 0xCD, 0xE4, 0x8A, 0xBB, 0xB4, 0xC9,
    0x0A, 0x45, 0x0B, 0x5A, 0x61, 0x8F, 0xF3, 0x7B, 0x05, 0x19, 0x56, 0x2A, 0xD2, 0x26, 0xEE, 0x14,
    0xD6, 0x4F, 0xDA, 0xA8, 0x8B, 0x4C, 0xD8, 0x07, 0x03, 0x0D, 0xEB, 0x2E, 0x43, 0x30, 0x84, 0x7D,
    0x64, 0xA2, 0x2E, 0x69, 0xD3, 0x4A, 0x51, 0xD4, 0xDC, 0x7C, 0xAC, 0x39, 0x1F, 0xF2, 0x41, 0xF3,
    0xCD, 0xC7, 0x51, 0x23, 0x4A, 0xFB, 0x52, 0xBB, 0x9F, 0x98, 0x0D, 0xCA, 0x56, 0x42, 0x62, 0x5A,
    0xDC, 0x15, 0x34, 0xA2, 0xCF, 0xE9, 0x3D, 0xAA, 0x1F, 0xB0, 0x65, 0xFB, 0xB3, 0xFD, 0x59, 0x9A,
    0xC2, 0x1E, 0xBA, 0x13, 0x2C, 0x04, 0xC5, 0xB3, 0x42, 0x2C, 0x79, 0x24, 0xE2, 0xC0, 0x8B, 0xE3,
    0x7D, 0x31, 0xB4, 0xCF, 0x79, 0x28, 0xEB, 0x71, 0xDC, 0xB8, 0xE0, 0x5C, 0x81, 0x1C, 0xAD, 0xE8,
    0x83, 0x9E, 0x81, 0xCD, 0x6C, 0x69, 0x57, 0xF6, 0x2B, 0x4B, 0x97, 0xDC, 0x09, 0x57, 0x8A, 0x8D,
    0x5E, 0x0E, 0x78, 0x17, 0x01, 0x34, 0x4D, 0x7A, 0x2A, 0xDB, 0x98, 0x29, 0xC7, 0x6F, 0x45, 0xF0,
    0xB8, 0xAB, 0xEF, 0x33, 0x76, 0xCA, 0x7B, 0x9D, 0xC5, 0x1E, 0x01, 0x8C, 0xDB, 0x4B, 0xA9, 0xD1,
    0xEB, 0xC0, 0x2F, 0xBD, 0xD0, 0xF5, 0xA8, 0x78, 0x48, 0xE0, 0x1F, 0xB4, 0x12, 0xCC, 0x4F, 0xA9,
    0xF8, 0x04, 0x75, 0x25, 0xDA, 0x58, 0xF1, 0xAD, 0x87, 0x98, 0xC2, 0x04, 0xC0, 0x55, 0x01, 0xF8,
    0x55, 0x1A, 0xD5, 0x9B, 0x68, 0x5D, 0x99, 0x47, 0x14, 0x57, 0x3F, 0x98, 0x0C, 0xC7, 0x7C, 0xCC,
    0x3C, 0x7C, 0x2F, 0xAB, 0x2C, 0x30, 0xD7, 0x30, 0x2D, 0xB4, 0x5C, 0x2F, 0x14, 0x73, 0x95, 0xB3,
    0x29, 0xD7, 0x2A, 0x90, 0xE5, 0x16, 0x9D, 0xF9, 0x39, 0x8C, 0xB3, 0xD8, 0x18, 0x64, 0xB1, 0xB1,
    0xC6, 0xF1, 0xA4, 0x48, 0xBD, 0x1C, 0xBC, 0x59, 0x3B, 0x6F, 0xD6, 0x4A, 0xCC, 0xBA, 0xA0, 0x49,
    0xFB, 0xC9, 0x0F, 0x53, 0x81, 0xF5, 0x66, 0xE0, 0x57, 0xA7, 0x74, 0x8A, 0xCF, 0x8C, 0x7B, 0xCC,
    0xB6, 0x35, 0x35, 0x5A, 0x95, 0x58, 0xA6, 0xC3, 0xE4, 0x58, 0x42, 0x4B, 0xD3, 0x7A, 0xDD, 0x31,
    0x60, 0xE0, 0x2E, 0x63, 0x1D, 0x7C, 0xA7, 0xBE, 0x26, 0xF5, 0x68, 0xB7, 0x8D, 0xF6, 0x8E, 0xB5,
    0x77, 0xA0, 0xA9, 0xFC, 0xC4, 0x85, 0xA0, 0x22, 0x2E, 0x68, 0x7D, 0xDD, 0xA8, 0x3C, 0x4A, 0x1A,
    0x05, 0x84, 0x7E, 0xBC, 0x11, 0xDE, 0xA5, 0x18, 0x5A, 0xF7, 0x21, 0x17, 0xF0, 0x0A, 0x6C, 0x85,
    0x88, 0x28, 0x3B, 0x8A, 0x11, 0x83, 0xBA, 0xA3, 0x04, 0x21, 0xF6, 0x90, 0xE8, 0xBD, 0xBA, 0xDE,
    0x40, 0x8E, 0x68, 0xFE, 0xDE, 0xC1, 0x85, 0xE8, 0xD8, 0x12, 0x02, 0x82, 0xE0, 0x18, 0x04, 0x28,
    0x86, 0x94, 0x1D, 0x86, 0x97, 0x98, 0xAD, 0xA0, 0x9E, 0x08, 0xE6, 0x9F, 0x7B, 0xF7, 0xC1, 0x84,
    0xD7, 0x68, 0xA0, 0xCC, 0x08, 0x0A, 0x56, 0x93, 0x67, 0x64, 0x23, 0xF2, 0x72, 0x97, 0x02, 0x8D,
    0x70, 0x4F, 0xE1, 0x24, 0x52, 0xCF, 0x6B, 0xA6, 0x92, 0x28, 0xAF, 0x56, 0xD9, 0xAB, 0xDF, 0x1B,
    0xAB, 0x18, 0x0F, 0xAD, 0xF1, 0xB0, 0xE9, 0xDE, 0x63, 0x95, 0x3F, 0x91, 0x56, 0x2E, 0x6C, 0xD6,
    0x3B, 0xA1, 0x08, 0x92, 0xB1, 0x86, 0x32, 0xD9, 0x65, 0xE8, 0x11, 0x00, 0x84, 0x93, 0x6A, 0x50,
    0x41, 0x14, 0x1A, 0x5B, 0x77, 0x06, 0x90, 0x81, 0x4F, 0x0C, 0xB6, 0xD2, 0x1D, 0x21, 0x0C, 0x0E,
    0x64, 0x4D, 0xA9, 0x45, 0x5E, 0x9F, 0x34, 0x12, 0xA2, 0x0B, 0x78, 0x71, 0x05, 0x67, 0x31, 0xF6,
    0x03, 0xCF, 0x02, 0xAC, 0x8E, 0x26, 0x70, 0x49, 0x5D, 0x78, 0x19, 0xB3, 0x83, 0x5C, 0x17, 0x3B,
    0x7E, 0x03, 0xB5, 0xD4, 0xBA, 0x02, 0xF4, 0xC0, 0x0C, 0x98, 0x1F, 0x63, 0x33, 0xAF, 0x0A, 0x63,
    0x5F, 0x79, 0x85, 0x76, 0xD4, 0xF7, 0x8B, 0x1D, 0x20, 0xA5, 0x7E, 0xE0, 0xE5, 0x68, 0x2F, 0x14,
    0x34, 0x96, 0xFE, 0x37, 0xFC, 0x9A, 0x52, 0x47, 0xCC, 0xCF, 0xE8, 0xB3, 0x19, 0x3B, 0xE7, 0xD2,
    0x6D, 0xAD, 0xA4, 0x5D, 0xFA, 0x49, 0xFF, 0x72, 0xDA, 0x2F, 0xCA, 0x16, 0xE6, 0x1E, 0xE9, 0x03,
    0x0A, 0x02, 0x6E, 0x2B, 0x41, 0x2B, 0xFA, 0x94, 0xBE, 0xE7, 0xB9, 0xCE, 0x6E, 0xE3, 0xE3, 0x19,
    0xC3, 0xAC, 0x4B, 0xC8, 0x7F, 0x62, 0x87, 0x0E, 0x1A, 0xE9, 0xE2, 0x94, 0xB2, 0x0D, 0xAB, 0x93,
    0xBD, 0x51, 0x57, 0x36, 0xE5, 0xC6, 0xD7, 0xF5, 0xCE, 0xD0, 0x5E, 0xA9, 0x5A, 0x7B, 0x8D, 0x64,
    0xDC, 0x15, 0xBB, 0x6F, 0x36, 0x67, 0x85, 0x83, 0xE5, 0xAF, 0xEA, 0x63, 0xF7, 0xAF, 0x0B, 0xFB,
    0xDA, 0x95, 0xAF, 0x3D, 0xDF, 0xAC, 0x82, 0xA1, 0x5C, 0xF6, 0xB9, 0x44, 0x0F, 0xAC, 0x0D, 0xCF,
    0x85, 0xC2, 0x49, 0xE0, 0xCC, 0x1C, 0x4C, 0x0A, 0x50, 0x8D, 0x62, 0x13, 0xC0, 0x93, 0xE5, 0x17,
    0x20, 0x76, 0xAA, 0x20, 0x9B, 0x35, 0x53, 0x9F, 0x48, 0x38, 0x48, 0x8E, 0x99, 0x92, 0xAE, 0x5B,
    0xE9, 0x82, 0x25, 0xE5, 0x13, 0xAA, 0x5A, 0x06, 0x3D, 0xE1, 0x58, 0xB0, 0xDC, 0xA4, 0x96, 0xBB,
    0xDC, 0x3A, 0xF3, 0xB9, 0xB5, 0x03, 0xB6, 0xBD, 0xE8, 0xAD, 0x55, 0xC6, 0xDA, 0xAC, 0x05, 0x72,
    0x2B, 0xDF, 0x7F, 0x57, 0x15, 0xAC, 0xCA, 0x28, 0x8D, 0x02, 0x3B, 0x38, 0x83, 0xD3, 0x4B, 0xD9,
    0x23, 0x85, 0x03, 0xCD, 0xA6, 0xDA, 0xC6, 0x6C, 0x23, 0x01, 0x1C, 0xA8, 0x0D, 0x3D, 0x2F, 0xC1,
    0xD5, 0x95, 0x96, 0x93, 0x76, 0xE9, 0x37, 0x79, 0xC1, 0xE3, 0xCA, 0xBB, 0xDB, 0xCD, 0x79, 0x1D,
    0x9F, 0x1E, 0x06, 0xDD, 0x05, 0x77, 0xFF, 0x8F, 0x85, 0x42, 0x84, 0x5F, 0xCC, 0xCD, 0x29, 0xCE,
    0x4F, 0xF4, 0xC3, 0x21, 0xCE, 0x6D, 0xC8, 0x2F, 0x10, 0x6D, 0x61, 0xB1, 0x0B, 0x1E, 0x9E, 0x05,
    0xCF, 0x3C, 0x80, 0x0C, 0xB9, 0xE5, 0xB0, 0x3D, 0x25, 0x45, 0x3E, 0xB5, 0xE7, 0xC5, 0xB9, 0x0C,
    0xC1, 0x6D, 0x32, 0x04, 0xDA, 0x64, 0x08, 0xE3, 0x8C, 0x24, 0xD9, 0x5F, 0xB5, 0xAE, 0xA7, 0x54,
    0xE1, 0xFA, 0x72, 0x9D, 0xB9, 0xCE, 0x87, 0xD6, 0x0A, 0x5A, 0x23, 0x0F, 0xA1, 0x7C, 0x1D, 0x96,
    0x8F, 0x40, 0x0B, 0x0B, 0x4A, 0x3C, 0x45, 0xE4, 0x45, 0x56, 0x64, 0x55, 0x8E, 0xB7, 0x03, 0x1C,
    0xB0, 0x47, 0xA0, 0x12, 0xD0, 0x89, 0x19, 0x28, 0x78, 0x03, 0x8A, 0x79, 0x67, 0x3C, 0x35, 0x52,
    0x29, 0xB4, 0x33, 0x51, 0x10, 0xC8, 0x2E, 0x32, 0x0B, 0xEA, 0xA3, 0xEE, 0x20, 0xB0, 0x71, 0xAB,
    0x42, 0x9B, 0xB4, 0x2A, 0x1A, 0x93, 0x26, 0x8F, 0x5F, 0x22, 0x73, 0xF8, 0xE2, 0x5E, 0x5A, 0xA5,
    0x3F, 0x7C, 0x79, 0xAB, 0x48, 0xEF, 0x25, 0xF7, 0x8A, 0xF4, 0x65, 0xFC, 0x0A, 0xC4, 0x1A, 0x31,
    0xC5, 0x36, 0x72, 0x40, 0x54, 0x30, 0x52, 0xD4, 0x03, 0x96, 0x81, 0x41, 0xCE, 0x90, 0x37, 0xB1,
    0x49, 0xDB, 0xB4, 0x89, 0x4C, 0x5E, 0x85, 0x03, 0x00, 0xED, 0xAC, 0x3F, 0xC0, 0x28, 0xC7, 0xB2,
    0x69, 0x3B, 0xFD, 0x96, 0xC3, 0x04, 0xC8, 0x41, 0x51, 0x8C, 0x7E, 0x20, 0xFF, 0x36, 0xAF, 0x22,
    0x83, 0xE4, 0x42, 0xBE, 0x30, 0x3A, 0xAB, 0x24, 0x1D, 0x89, 0xFA, 0xC5, 0x04, 0x42, 0x8D, 0x80,
    0x50, 0x18, 0x87, 0x38, 0x90, 0xF3, 0xEB, 0xB2, 0x0A, 0x9A, 0x45, 0xF9, 0xB4, 0x96, 0x59, 0x31,
    0xA9, 0x17, 0x55, 0xA4, 0xE5, 0x4C, 0xC6, 0xE6, 0x10, 0x3C, 0x18, 0x2B, 0xC4, 0xED, 0xAF, 0xE0,
    0x38, 0xEF, 0x74, 0x37, 0x92, 0xBD, 0xE6, 0xD6, 0xC7, 0xAA, 0x4B, 0x40, 0xC1, 0xE2, 0x19, 0x98,
    0x48, 0x72, 0xB4, 0x56, 0x8E, 0x48, 0xE4, 0x27, 0x02, 0xC0, 0x79, 0x43, 0xE2, 0x1B, 0x42, 0x69,
    0xF8, 0x96, 0x74, 0xA5, 0xDB, 0x18, 0x39, 0xD4, 0xD5, 0xF7, 0x61, 0xA7, 0x01, 0x7E, 0x19, 0xAE,
    0x0B, 0xE2, 0x26, 0x7A, 0xD7, 0xC6, 0x4F, 0x4D, 0xFA, 0xEB, 0x90, 0x55, 0x16, 0x29, 0x5A, 0x5D,
    0xAF, 0x37, 0x89, 0xB4, 0x0C, 0x96, 0x41, 0xDA, 0x05, 0xF4, 0x72, 0xAB, 0x97, 0xE6, 0x76, 0x64,
    0xB2, 0x77, 0xA6, 0x64, 0xE3, 0x96, 0xC6, 0x46, 0xC6, 0x9D, 0x18, 0xCD, 0x26, 0xFB, 0x7B, 0x8F,
    0x0C, 0x47, 0xAE, 0x84, 0x21, 0x97, 0xFD, 0x48, 0xEB, 0x04, 0x47, 0x4A, 0x30, 0x40, 0x02, 0xF9,
    0x19, 0x57, 0x89, 0x04, 0x73, 0xA3, 0x4F, 0x3A, 0xCC, 0xB0, 0x1E, 0x15, 0x7C, 0x85, 0x77, 0x48,
    0x20, 0x47, 0xEB, 0x3C, 0xCE, 0x92, 0xD1, 0x0A, 0xD2, 0x97, 0x98, 0xC1, 0xCE, 0x66, 0x13, 0x89,
    0xA0, 0xDB, 0x6E, 0xF3, 0x23, 0x64, 0x39, 0x5B, 0xBA, 0x06, 0x93, 0x3F, 0xC0, 0x99, 0x0A, 0x39,
    0x5A, 0x01, 0x27, 0x9B, 0x3E, 0x03, 0x95, 0x22, 0xEF, 0x3B, 0x79, 0x36, 0x9D, 0xF3, 0xBB, 0xFB,
    0xF2, 0xF9, 0xC3, 0xCD, 0xFC, 0xA3, 0xBD, 0x4D, 0x13, 0x5B, 0x1A, 0xA4, 0x3C, 0xFB, 0x6A, 0x22,
    0x82, 0x5B, 0x5E, 0x76, 0x63, 0x24, 0xA6, 0xB8, 0x58, 0x8E, 0xF8, 0x88, 0x66, 0xB4, 0x1C, 0xF4,
    0x80, 0x69, 0x2F, 0x28, 0xBF, 0xC6, 0x25, 0xC5, 0x1E, 0xC7, 0x24, 0x1D, 0x68, 0x17, 0x8C, 0x0C,
    0x42, 0x06, 0x17, 0x48, 0xD6, 0x67, 0x85, 0xA0, 0x2D, 0xB8, 0x26, 0x6D, 0xBD, 0xF1, 0x2E, 0xBF,
    0x5D, 0xA5, 0x9B, 0xBC, 0xF9, 0x67, 0xCC, 0x91, 0x94, 0x71, 0xCF, 0x27, 0xFF, 0x48, 0xAE, 0xFF,
    0xE8, 0xBA, 0x7A, 0xF6, 0x5F, 0xCA, 0xCC, 0xAC, 0x3C, 0x73, 0x2A, 0x0D, 0x90, 0x4C, 0x56, 0x3E,
    0xDB, 0x79, 0xDD, 0x5E, 0xF4, 0xFA, 0xB8, 0x6F, 0xBB, 0xFF, 0x70, 0xEA, 0xB8, 0x67, 0x85, 0xB3,
    0x01, 0xE7, 0xF3, 0xFD, 0xF3, 0x91, 0x92, 0x39, 0xD2, 0x38, 0x16, 0x01, 0xA2, 0xF0, 0x58, 0xDF,
    0x07, 0x05, 0x35, 0xC1, 0xA1, 0xB9, 0x0F, 0x48, 0x7E, 0x03, 0x78, 0x76, 0x1F, 0x71, 0x31, 0xB9,
    0xF7, 0x82, 0xD3, 0x9F, 0x25, 0x70, 0xEE, 0xA5, 0x2A, 0xDA, 0xD8, 0x9C, 0xDE, 0x32, 0xCA, 0xE3,
    0x59, 0xD1, 0x41, 0x56, 0xAC, 0x70, 0x0C, 0x25, 0xCD, 0x10, 0xFF, 0x61, 0xA2, 0xA7, 0x26, 0x7C,
    0xDB, 0x22, 0x50, 0x24, 0x0D, 0x2C, 0xE5, 0x1F, 0xC1, 0x2A, 0x6E, 0x1E, 0x2D, 0x92, 0xD6, 0x1E,
    0xA4, 0x1D, 0xFE, 0x5C, 0xFD, 0x35, 0xE4, 0x9F, 0xBD, 0xE9, 0xB3, 0xA3, 0x5F, 0x4C, 0x6A, 0x4B,
    0x93, 0x0E, 0xAA, 0x4B, 0xFB, 0xBC, 0x4D, 0x4C, 0x86, 0xD8, 0xC1, 0x5F, 0x0F, 0xE4, 0x2F, 0xF0,
    0x17, 0x45, 0xAF, 0x11, 0xBA, 0xA0, 0x49, 0xD2, 0xE0, 0x0B, 0xCC, 0x22, 0xF3, 0xC9, 0x21, 0x12,
    0xBF, 0xEE, 0x3D, 0xA1, 0xCA, 0x5F, 0x94, 0x2B, 0x77, 0x76, 0xE2, 0x77, 0xF6, 0x56, 0x22, 0xF0,
    0x74, 0x13, 0x27, 0x3E, 0x37, 0x68, 0x90, 0x45, 0x80, 0x3D, 0x03, 0x9F, 0x5C, 0x83, 0x09, 0xF2,
    0x82, 0xCA, 0xBA, 0x9A, 0x9A, 0x82, 0xD3, 0xD8, 0x25, 0x67, 0x33, 0xED, 0xAB, 0x12, 0x99, 0x89,
    0xF6, 0x51, 0xBD, 0xBD, 0xCF, 0x62, 0x17, 0x38, 0x7B, 0xE9, 0x85, 0xBE, 0xCD, 0xE1, 0x1E, 0x91,
    0x84, 0x48, 0xBA, 0x02, 0x17, 0xF5, 0xE7, 0xA9, 0xE4, 0x5F, 0x93, 0xBF, 0xA0, 0x65, 0xFF, 0xC5,
    0x6E, 0xDF, 0xBF, 0xBF, 0x7F, 0xF4, 0xFF, 0xAC, 0xE0, 0xFE, 0x00, 0x00, 0xAD, 0x58, 0xBF, 0x73,
    0xDC, 0xC6, 0x15, 0x7E, 0x00, 0x64, 0xC2, 0x26, 0x92, 0xAC, 0x9A, 0x14, 0x9E, 0x64, 0x88, 0x14,
    0xAE, 0x8D, 0x36, 0xC5, 0xF1, 0x16, 0x93, 0x14, 0xA9, 0x32, 0x56, 0x61, 0x4F, 0xCA, 0xB8, 0x70,
    0x91, 0x71, 0x63, 0x17, 0x2C, 0x5C, 0x88, 0x04, 0x32, 0x2E, 0x5C, 0xB8, 0xB0, 0xFE, 0x04, 0x16,
    0x29, 0x34, 0xB8, 0xE2, 0x52, 0x70, 0x3C, 0x9C, 0xE4, 0x48, 0xAC, 0xAC, 0xC2, 0x33, 0x51, 0x41,
    0x68, 0x3C, 0x13, 0x17, 0x29, 0x82, 0xC8, 0x1D, 0x5D, 0x68, 0x23, 0xC1, 0x16, 0x42, 0x2D, 0xB0,
    0xFE, 0xDE, 0xDE, 0x1D, 0xEF, 0x48, 0x93, 0xD2, 0x49, 0xE1, 0x1D, 0x16, 0x77, 0xF7, 0xF0, 0xF6,
    0xED, 0xDB, 0xF7, 0xE3, 0x7B, 0x6F, 0x6F, 0xCB, 0x98, 0x2D, 0xB3, 0x78, 0x91, 0x21, 0x5C, 0x7E,
    0x47, 0x89, 0x55, 0x99, 0xAD, 0xBB, 0x50, 0x1B, 0x7F, 0xD7, 0xD1, 0xC8, 0xF8, 0x1A, 0x3F, 0x41,
    0xC4, 0x23, 0xAF, 0x9B, 0x92, 0x88, 0xCA, 0x86, 0x02, 0xDB, 0x53, 0x74, 0x52, 0xA6, 0x42, 0xC5,
    0xB9, 0x50, 0xEB, 0xF8, 0x24, 0xE2, 0x61, 0xAD, 0x72, 0x63, 0x7C, 0x9C, 0xD3, 0x9C, 0x36, 0x3E,
    0x2E, 0x52, 0x0B, 0x22, 0x0F, 0xC2, 0xEB, 0x97, 0x3F, 0xFF, 0x6D, 0x2A, 0xF1, 0x3D, 0xB6, 0x36,
    0x8D, 0xAB, 0x8C, 0x92, 0x34, 0xCE, 0x25, 0x09, 0x1E, 0x8A, 0x3F, 0x93, 0x5C, 0xA6, 0xE2, 0xC4,
    0x12, 0xF3, 0x6C, 0x96, 0xFF, 0xCA, 0xAF, 0x91, 0x47, 0x07, 0x24, 0x6A, 0x49, 0xB1, 0x72, 0x9C,
    0xEA, 0x90, 0x82, 0xFF, 0x40, 0xE3, 0x27, 0x1A, 0x0B, 0xD6, 0x24, 0xAC, 0x75, 0xE3, 0x95, 0xEC,
    0x1D, 0x5A, 0x2F, 0x8B, 0xD3, 0xDF, 0x24, 0xC9, 0x8D, 0xC5, 0x46, 0x69, 0xE9, 0xC7, 0x2F, 0x6C,
    0x9A, 0xD9, 0xAA, 0x1F, 0x69, 0xE3, 0xED, 0x96, 0x29, 0xC9, 0x3E, 0x2D, 0xAD, 0x36, 0x61, 0x0B,
    0x73, 0x94, 0xF7, 0xDB, 0xC4, 0x6A, 0xAF, 0xAC, 0x09, 0xA6, 0x08, 0xB0, 0x7D, 0xCD, 0xDB, 0x7F,
    0x87, 0xAE, 0x5F, 0x33, 0x72, 0x6F, 0x83, 0x40, 0x8F, 0x6C, 0xC7, 0x6A, 0xA7, 0x83, 0xF2, 0x13,
    0xF5, 0xB9, 0x7D, 0x54, 0x3D, 0xBE, 0xAF, 0xEB, 0xC7, 0x8A, 0xB4, 0x1B, 0xF8, 0xFE, 0xB9, 0x7D,
    0x50, 0x0D, 0xB2, 0x4F, 0x14, 0xF3, 0x30, 0x2F, 0xCF, 0x49, 0xB4, 0x35, 0x6F, 0x0F, 0x64, 0x67,
    0xBB, 0x66, 0xDB, 0x76, 0xC9, 0x84, 0xB5, 0xA1, 0x90, 0x3E, 0xA4, 0xC4, 0xD7, 0x54, 0x46, 0x3A,
    0x68, 0x65, 0x1E, 0xDF, 0x87, 0xDC, 0x2F, 0x0C, 0x85, 0x4D, 0x96, 0x7A, 0x5D, 0x5C, 0x91, 0x0C,
    0x34, 0x45, 0xF4, 0x57, 0xF2, 0xE9, 0x57, 0xEF, 0x17, 0x05, 0x54, 0xB4, 0xAA, 0x74, 0x66, 0x14,
    0xE7, 0xC6, 0x7A, 0x5A, 0xDC, 0xB6, 0xC6, 0x9A, 0x33, 0xDA, 0xD9, 0xAF, 0xD5, 0x1E, 0xB4, 0xD3,
    0x5A, 0xD7, 0xDA, 0xD6, 0x5A, 0x5B, 0xA5, 0xF5, 0xA3, 0xBA, 0xDE, 0xD3, 0x8F, 0xAA, 0xC1, 0x8D,
    0x3F, 0x9C, 0xD1, 0x6E, 0x3A, 0x3B, 0xC9, 0x4B, 0xB0, 0x69, 0x5D, 0xD6, 0x49, 0x3E, 0x73, 0xB6,
    0xA1, 0xA2, 0xDF, 0xB5, 0x56, 0xE3, 0x3A, 0xA5, 0x30, 0xB1, 0x98, 0x11, 0x93, 0xAA, 0xC4, 0x04,
    0x4F, 0x8B, 0x4A, 0x52, 0x43, 0x20, 0x35, 0xB1, 0x96, 0xE6, 0xA3, 0x01, 0x0D, 0x82, 0x36, 0xC0,
    0xA7, 0x34, 0x71, 0x13, 0xD5, 0x02, 0x8B, 0x0D, 0xA1, 0x98, 0x91, 0xD6, 0x94, 0x58, 0x69, 0x7E,
    0x95, 0x8E, 0x02, 0x3A, 0x99, 0xF3, 0x17, 0x42, 0x74, 0x6B, 0x93, 0x76, 0xE8, 0x03, 0x15, 0x2A,
    0xAB, 0x7A, 0xEC, 0xC8, 0xA6, 0x0F, 0x53, 0xB1, 0xF4, 0x4E, 0xEA, 0xD2, 0x34, 0x03, 0xF7, 0xBE,
    0x59, 0x9A, 0xA4, 0x66, 0x83, 0x56, 0x3F, 0x25, 0x6A, 0x45, 0x4E, 0xBD, 0xA8, 0x4F, 0x2D, 0x39,
    0xB7, 0x6C, 0xF6, 0xBB, 0x86, 0x0C, 0x8C, 0x55, 0xFF, 0x8C, 0x28, 0x7F, 0x95, 0x10, 0x4E, 0x22,
    0xB5, 0x2A, 0xA1, 0x87, 0x6A, 0x13, 0x36, 0x9C, 0x60, 0xB4, 0x24, 0xBE, 0xD0, 0x24, 0xEE, 0xD6,
    0xBB, 0xE2, 0xDE, 0x5D, 0x2D, 0x8E, 0x3E, 0xD5, 0x94, 0xFC, 0x5E, 0x93, 0xFC, 0xB5, 0xA6, 0x83,
    0xBF, 0xB5, 0x88, 0x0C, 0xE3, 0xB7, 0x19, 0x42, 0x82, 0x74, 0x54, 0xD3, 0x2E, 0xD1, 0x5A, 0xEA,
    0x84, 0x10, 0x4B, 0x81, 0x98, 0x21, 0x39, 0x39, 0x24, 0xEE, 0xB4, 0xB8, 0xDD, 0x45, 0x78, 0x8A,
    0x2F, 0x1F, 0xF4, 0x24, 0x8E, 0xEE, 0xD9, 0x5C, 0xFC, 0xFB, 0x33, 0x2C, 0x8D, 0x18, 0xCE, 0xB1,
    0xA7, 0x12, 0x26, 0x0C, 0x1B, 0xF2, 0x0C, 0x34, 0x0D, 0x1A, 0x61, 0xF3, 0x50, 0x0B, 0xAB, 0xD6,
    0x72, 0x6C, 0x20, 0xAE, 0xBD, 0x86, 0x24, 0xAF, 0x71, 0x73, 0x10, 0x62, 0x4B, 0x83, 0x48, 0x51,
    0xC0, 0x3B, 0x0A, 0x5A, 0xAC, 0x41, 0x03, 0xAC, 0x71, 0x73, 0x30, 0x89, 0x95, 0x34, 0xAD, 0x54,
    0xF1, 0x03, 0xF8, 0x94, 0x82, 0x6F, 0x8E, 0x14, 0x45, 0xF7, 0xC6, 0x48, 0x85, 0xCF, 0xE0, 0xA5,
    0x24, 0xC2, 0x6D, 0xC8, 0x51, 0x31, 0x21, 0x88, 0xDC, 0x9A, 0x3B, 0x6D, 0xCB, 0x45, 0x1C, 0xF2,
    0x06, 0xBB, 0xD4, 0x94, 0xCD, 0x1C, 0xFC, 0x36, 0x6C, 0x6D, 0x47, 0xAD, 0xB4, 0x3A, 0xB2, 0xB9,
    0xD7, 0x3A, 0x0E, 0xC2, 0x74, 0xA2, 0x84, 0x16, 0xAF, 0x38, 0x45, 0x2A, 0x21, 0xCC, 0x64, 0x85,
    0x68, 0xC1, 0xBE, 0x7A, 0x4D, 0x5E, 0xD3, 0x92, 0xAF, 0x0D, 0x05, 0xF5, 0x36, 0x85, 0xD5, 0x70,
    0x9E, 0x76, 0x69, 0x52, 0x8C, 0x39, 0x8D, 0xD5, 0x0E, 0x85, 0xF5, 0x01, 0x61, 0x1F, 0x58, 0x8F,
    0x3F, 0x28, 0xC2, 0x5C, 0x91, 0x5F, 0x8D, 0xCC, 0x35, 0xD6, 0x0F, 0x73, 0x33, 0x58, 0xA8, 0x81,
    0x21, 0x6F, 0xBD, 0xF7, 0xFF, 0xCB, 0x4C, 0xDE, 0xC2, 0x9C, 0x9E, 0xE8, 0xA4, 0x5D, 0xE8, 0xE8,
    0x74, 0x86, 0x9C, 0xB8, 0xC1, 0x7A, 0xA0, 0x0F, 0xE1, 0xDD, 0xED, 0x6D, 0xD8, 0x08, 0xB8, 0x02,
    0x7F, 0xF8, 0x5A, 0xE4, 0x01, 0xF2, 0x31, 0xB4, 0xB6, 0x8A, 0x8E, 0x47, 0x08, 0xF3, 0x40, 0xC7,
    0xB0, 0x22, 0xA3, 0x0E, 0xA5, 0xD7, 0x21, 0x15, 0xE6, 0xAE, 0x3E, 0x5A, 0xC8, 0x63, 0x9B, 0xB2,
    0x7E, 0x99, 0x72, 0x59, 0x47, 0x27, 0xD0, 0xEF, 0x3B, 0xC0, 0xA9, 0x6E, 0xA1, 0xDF, 0x84, 0x22,
    0x8E, 0x44, 0xE8, 0x07, 0x68, 0x24, 0xE8, 0x97, 0x4F, 0xF5, 0x8B, 0x2A, 0xC4, 0x31, 0xD2, 0x1A,
    0xB6, 0xE3, 0x20, 0x1F, 0xE8, 0xE9, 0xE0, 0xEF, 0xD1, 0xCC, 0x9E, 0x0E, 0x06, 0xA0, 0x6B, 0x02,
    0xBA, 0xC4, 0xD8, 0x6E, 0x19, 0xEA, 0xA0, 0xE3, 0x01, 0x74, 0x1C, 0x42, 0xBE, 0x24, 0xE8, 0x88,
    0x6C, 0xB7, 0x4A, 0x1C, 0x8F, 0x55, 0x9C, 0x86, 0x80, 0xD3, 0x40, 0xEF, 0x38, 0xC7, 0x00, 0x98,
    0xC9, 0xE7, 0x5B, 0x60, 0x8B, 0x02, 0x49, 0xCA, 0xF2, 0x32, 0x56, 0x96, 0x01, 0x74, 0x53, 0x72,
    0x72, 0xE2, 0x86, 0x5D, 0x15, 0xB7, 0x03, 0xC6, 0xD5, 0x90, 0x6F, 0xE2, 0x18, 0x41, 0x0C, 0x38,
    0x2E, 0x0A, 0xC9, 0x48, 0xBD, 0xCD, 0x3A, 0xFB, 0x40, 0xE3, 0x18, 0x80, 0x22, 0x8F, 0x2D, 0x1D,
    0x52, 0x92, 0x1B, 0xF8, 0xDB, 0xD0, 0x2B, 0xA9, 0x99, 0x45, 0xD5, 0x74, 0xAC, 0x3B, 0x3A, 0x9E,
    0xA7, 0xB2, 0xB0, 0x8E, 0x7F, 0x0D, 0xF3, 0x68, 0x93, 0x4D, 0x83, 0xED, 0x04, 0x73, 0xF3, 0xA4,
    0xBC, 0x2B, 0xEC, 0x1B, 0xF0, 0x48, 0x73, 0x97, 0x4C, 0x51, 0xA3, 0x2F, 0x6E, 0x9F, 0x42, 0x91,
    0xB5, 0x2D, 0xAE, 0xBE, 0xF8, 0xCB, 0x29, 0x05, 0x4F, 0xC1, 0x93, 0x41, 0x6D, 0xCC, 0x4F, 0x52,
    0x2E, 0x01, 0x93, 0x97, 0x9A, 0x8E, 0x98, 0xEA, 0x28, 0x78, 0x88, 0xD4, 0x52, 0xEB, 0xDE, 0xAD,
    0x17, 0x9D, 0xEE, 0x51, 0x0A, 0x08, 0x88, 0x7E, 0x53, 0xBD, 0xC4, 0xD2, 0x80, 0x09, 0x94, 0xD4,
    0xC0, 0x4D, 0x0D, 0xF4, 0xB3, 0xDE, 0x00, 0x56, 0x24, 0xEB, 0x64, 0x96, 0xDA, 0xCF, 0x7A, 0x63,
    0x07, 0x21, 0xB0, 0x6D, 0x42, 0xC3, 0x21, 0xBD, 0xB1, 0x3E, 0x95, 0xFC, 0x02, 0x17, 0x17, 0xBF,
    0xFD, 0x8D, 0x15, 0x14, 0x42, 0x67, 0x80, 0x10, 0xAE, 0x10, 0x66, 0x50, 0xCE, 0x6F, 0xE1, 0x03,
    0x1E, 0xD8, 0xBC, 0x72, 0x03, 0x9D, 0x01, 0x63, 0xB0, 0x99, 0xD2, 0xF1, 0x9C, 0xF9, 0xC0, 0x1F,
    0x62, 0x9E, 0xFF, 0xDF, 0x3A, 0x44, 0x22, 0x8D, 0x67, 0x41, 0x6D, 0x50, 0x95, 0x11, 0x5B, 0xB8,
    0x94, 0xB4, 0x95, 0xEC, 0x51, 0x57, 0x8C, 0x34, 0xDB, 0xD2, 0x48, 0x69, 0x44, 0x69, 0x42, 0x6B,
    0x02, 0x78, 0x89, 0x6B, 0x9E, 0x71, 0x85, 0x92, 0x1C, 0x7C, 0x4D, 0x66, 0xF0, 0x35, 0x7B, 0x5D,
    0x10, 0x93, 0xEA, 0xB2, 0xC1, 0xCF, 0x99, 0x8F, 0xF9, 0x79, 0xDE, 0x19, 0xD8, 0x4A, 0xAE, 0x48,
    0x26, 0x27, 0x55, 0x99, 0x93, 0xF7, 0xA4, 0xA2, 0xE0, 0xBE, 0xBE, 0x1A, 0x99, 0x37, 0xDE, 0x25,
    0xDF, 0xC0, 0x4D, 0x00, 0xFE, 0xF0, 0x9E, 0xBA, 0x1A, 0x99, 0xA7, 0xF0, 0xB5, 0x77, 0x25, 0xF2,
    0x5E, 0xA5, 0xFC, 0x4D, 0xBF, 0x4E, 0x3E, 0xE5, 0x42, 0x17, 0x00, 0x6F, 0xD0, 0x3F, 0xDA, 0x3C,
    0x3E, 0xAA, 0xE0, 0xB8, 0x9F, 0xD0, 0x4C, 0x65, 0xE4, 0x98, 0x5F, 0x51, 0xF9, 0x94, 0xF1, 0x54,
    0x89, 0x93, 0xB2, 0x82, 0x08, 0x20, 0xD7, 0xDF, 0x31, 0x1E, 0x6B, 0x19, 0x7C, 0xA5, 0x65, 0xF8,
    0xB1, 0x96, 0x02, 0x68, 0xB6, 0x89, 0xB1, 0x1F, 0xE8, 0x04, 0x75, 0x18, 0x7C, 0x0A, 0xB8, 0x96,
    0x8A, 0xB2, 0x75, 0x7E, 0x47, 0x90, 0x93, 0xDF, 0xCC, 0xD0, 0x66, 0x67, 0xE1, 0xB4, 0x67, 0x29,
    0x7B, 0x6E, 0xE4, 0x07, 0x50, 0x3E, 0x03, 0x38, 0x25, 0x73, 0x70, 0x5A, 0x0E, 0x04, 0x79, 0x45,
    0x32, 0x59, 0x8E, 0xCD, 0xC9, 0x7F, 0x5C, 0x51, 0x78, 0xA7, 0x79, 0x29, 0x99, 0x6C, 0xE4, 0xEC,
    0x78, 0x21, 0x13, 0x98, 0xE3, 0xFA, 0x8E, 0xF0, 0xCF, 0xF5, 0xD5, 0xE8, 0xC8, 0x46, 0x64, 0xFC,
    0x0D, 0xB8, 0xD6, 0x2C, 0x02, 0x8B, 0x6B, 0x47, 0x92, 0x8B, 0x8A, 0xDB, 0x7F, 0x57, 0x49, 0x9A,
    0x9D, 0x69, 0xBD, 0xC1, 0xD1, 0xC0, 0xD5, 0x9F, 0xF8, 0x82, 0x16, 0x75, 0x36, 0xE6, 0xE0, 0x57,
    0x3B, 0x38, 0xEC, 0x91, 0xBA, 0x4B, 0x57, 0x66, 0x6D, 0xE7, 0x40, 0x31, 0x9D, 0xB2, 0x51, 0xD6,
    0x72, 0x69, 0xA2, 0xF0, 0xA4, 0xC4, 0x39, 0x83, 0xDF, 0x31, 0x9A, 0xC1, 0x0C, 0xC3, 0xD0, 0x58,
    0x1D, 0xF0, 0x89, 0x01, 0xB4, 0x08, 0x48, 0xE3, 0xB5, 0xE2, 0x1F, 0xA9, 0x11, 0x47, 0xFF, 0x6C,
    0xC5, 0x97, 0xB6, 0x11, 0x77, 0xD0, 0x71, 0x29, 0x76, 0x59, 0xC0, 0x1D, 0x80, 0x2B, 0xE5, 0x16,
    0xA7, 0x8E, 0xAA, 0x1C, 0xE9, 0x3F, 0xA1, 0x46, 0x3F, 0xE5, 0xAE, 0x9E, 0x9B, 0xFF, 0x40, 0xF7,
    0x63, 0x8D, 0xCE, 0x3F, 0xFE, 0x5E, 0x73, 0x6B, 0x06, 0x9F, 0x6C, 0x4F, 0x17, 0x5E, 0x81, 0xFF,
    0x5D, 0x34, 0x70, 0x14, 0x00, 0xEE, 0xDE, 0x4A, 0x5F, 0xF3, 0xD3, 0x55, 0xA6, 0x44, 0x5F, 0xE1,
    0xD4, 0x93, 0xC7, 0x87, 0x2B, 0xC9, 0xDF, 0x08, 0x73, 0x29, 0xD4, 0x35, 0x6F, 0x35, 0x65, 0xA0,
    0x09, 0x0A, 0xF8, 0x11, 0xDF, 0x9F, 0xAB, 0x7F, 0x36, 0x55, 0xA6, 0x8F, 0x3B, 0x2E, 0xDD, 0x38,
    0x52, 0x8C, 0xFA, 0x71, 0x05, 0xB6, 0xA0, 0x8E, 0x9F, 0xA2, 0xA5, 0x87, 0x13, 0x98, 0xF9, 0xA4,
    0xB8, 0x05, 0x76, 0x7F, 0xB7, 0x1F, 0xF7, 0xE3, 0x3A, 0xB3, 0x25, 0x4E, 0x6C, 0x5D, 0x8C, 0xB4,
    0x65, 0x4C, 0x56, 0xE5, 0xB8, 0x36, 0x0C, 0x0F, 0xCE, 0x9D, 0xDE, 0x0D, 0x7C, 0x07, 0x05, 0x74,
    0x3C, 0x25, 0xCD, 0x76, 0xA1, 0x0D, 0x3E, 0x52, 0x06, 0x2D, 0x87, 0xC2, 0x59, 0x37, 0xE4, 0xE8,
    0x35, 0xCB, 0x51, 0xC3, 0x7D, 0xE7, 0xAC, 0x26, 0xA2, 0x02, 0xDE, 0x2E, 0xE7, 0x3D, 0x28, 0xC7,
    0x88, 0x4C, 0x39, 0x73, 0xCD, 0x6A, 0xFC, 0xEF, 0x39, 0x37, 0x3C, 0x44, 0xF3, 0x9B, 0xBF, 0xEE,
    0xE7, 0xAB, 0x4C, 0x39, 0x6B, 0xD9, 0xE7, 0x30, 0x4F, 0x6B, 0x71, 0x58, 0x5D, 0x56, 0xF8, 0xA6,
    0x47, 0x9B, 0xC9, 0xA5, 0xF5, 0xF7, 0x25, 0xEA, 0xEE, 0xFE, 0x86, 0x91, 0xD7, 0xAF, 0x5D, 0xB6,
    0x20, 0x24, 0x46, 0x4F, 0x01, 0x79, 0xF9, 0x5A, 0xA9, 0xB8, 0xC9, 0xFD, 0x1E, 0x76, 0x6D, 0xA3,
    0xDE, 0x1D, 0xAD, 0x46, 0xC6, 0x78, 0x67, 0x8E, 0x51, 0xD8, 0x98, 0xB4, 0x35, 0x62, 0x21, 0xFA,
    0x9A, 0x43, 0xEF, 0x4D, 0x17, 0x7A, 0xFF, 0xB3, 0x38, 0x90, 0x57, 0x76, 0x54, 0x77, 0x01, 0x47,
    0xC4, 0x8F, 0xAF, 0x45, 0xEA, 0xB4, 0xE7, 0x6C, 0xD4, 0x2E, 0x09, 0x6F, 0x9D, 0xF0, 0xB9, 0xCF,
    0xD0, 0x69, 0x0D, 0x67, 0x9D, 0xD6, 0xF3, 0xF9, 0x97, 0x7C, 0xF6, 0xDA, 0x79, 0x9F, 0x5D, 0x3C,
    0x25, 0xFC, 0xA6, 0x8A, 0x11, 0x81, 0x65, 0xBA, 0x0A, 0xF3, 0x25, 0x0E, 0xBE, 0x44, 0x99, 0x3D,
    0x17, 0x6A, 0x7B, 0xD3, 0x2E, 0x8D, 0xCF, 0xB4, 0x38, 0xDC, 0xF2, 0x8F, 0x05, 0x7D, 0x1F, 0x47,
    0x2A, 0x16, 0x32, 0x6E, 0x4C, 0xDC, 0x9A, 0x4D, 0x63, 0xF6, 0x4D, 0xA7, 0x8D, 0x55, 0x6D, 0xF9,
    0x2D, 0x0B, 0x91, 0x36, 0xDF, 0xE3, 0x66, 0x98, 0xCD, 0x10, 0x4C, 0x1B, 0x56, 0x4C, 0xBD, 0xD0,
    0xB6, 0xA1, 0x3E, 0xFC, 0x23, 0x8B, 0xE2, 0x94, 0x3D, 0xED, 0x4D, 0xDB, 0xD5, 0xF8, 0x6F, 0xF0,
    0x51, 0x2A, 0xEC, 0x18, 0x6F, 0x5E, 0x5F, 0x4B, 0x57, 0x99, 0xB2, 0x6C, 0x87, 0x17, 0xD5, 0xE7,
    0x59, 0x53, 0xC6, 0x6E, 0xCA, 0x13, 0x86, 0x96, 0xC3, 0x79, 0xDA, 0x2F, 0xFD, 0x39, 0x40, 0x9D,
    0xCD, 0xD9, 0x92, 0xA3, 0xA6, 0x5B, 0x3E, 0xD1, 0x7B, 0x2D, 0x28, 0xA0, 0xE3, 0xE9, 0x32, 0xF3,
    0x4A, 0x4A, 0x5E, 0xB4, 0xE2, 0x0F, 0xAD, 0x58, 0x3B, 0x8F, 0xDC, 0xC8, 0x11, 0x2E, 0x92, 0xF0,
    0x12, 0x5E, 0xC2, 0xE8, 0xC4, 0x07, 0x48, 0xF0, 0x09, 0x4C, 0x2E, 0xF0, 0x03, 0x77, 0xBC, 0x1F,
    0x20, 0x4D, 0xB7, 0x23, 0x07, 0x0A, 0xA4, 0xE0, 0x32, 0x07, 0x4E, 0x14, 0xC8, 0x91, 0x12, 0x85,
    0x37, 0x4B, 0x66, 0x0E, 0x1C, 0x68, 0xFF, 0x81, 0x37, 0xD8, 0x40, 0x98, 0x09, 0x26, 0x71, 0xA0,
    0xE0, 0xB4, 0x6C, 0xE3, 0x6C, 0x5C, 0xE0, 0xC0, 0x63, 0x38, 0xB8, 0x50, 0x34, 0xEC, 0xC0, 0x1E,
    0x03, 0x16, 0x61, 0x0F, 0x6C, 0xEA, 0xAE, 0xC9, 0xF6, 0x57, 0xDD, 0x9C, 0x19, 0x6A, 0x35, 0x8F,
    0x5D, 0xDF, 0x0E, 0xBB, 0x88, 0x61, 0x3F, 0xAA, 0xAA, 0x8B, 0x55, 0x5F, 0x57, 0x91, 0x26, 0xCF,
    0x89, 0xAC, 0xF1, 0xB4, 0xFA, 0x89, 0x82, 0x28, 0x9D, 0x13, 0xC9, 0xDA, 0xD3, 0xCB, 0x86, 0xC8,
    0x18, 0x0A, 0x96, 0x63, 0x8A, 0xEA, 0x11, 0x45, 0x55, 0x46, 0x89, 0xB5, 0x85, 0xB0, 0x56, 0xA7,
    0x8B, 0xD9, 0x3C, 0x53, 0x71, 0x25, 0x31, 0x72, 0x42, 0xE1, 0x52, 0x58, 0x8D, 0x76, 0x3C, 0x01,
    0x07, 0xCC, 0x51, 0xD2, 0xCE, 0xCB, 0x69, 0xFD, 0x38, 0xAA, 0xD3, 0xAF, 0xEB, 0xDC, 0xD6, 0xDD,
    0xB4, 0x36, 0x51, 0xDD, 0xCD, 0xF8, 0x7F, 0xFA, 0x9F, 0x9A, 0xEA, 0xBB, 0x44, 0xCD, 0xA7, 0x44,
    0x79, 0xE3, 0x05, 0x0E, 0x85, 0x67, 0xBD, 0xF0, 0xB1, 0x17, 0x4E, 0xCD, 0x98, 0x42, 0x16, 0x5E,
    0x67, 0x14, 0x5B, 0xAB, 0xA0, 0x80, 0x16, 0x8B, 0x99, 0x4E, 0x0B, 0x2F, 0x5C, 0x42, 0xB8, 0x8C,
    0x74, 0x76, 0x1F, 0xF2, 0x55, 0xF8, 0x86, 0xF6, 0xCB, 0x2F, 0xBD, 0xFC, 0x44, 0x43, 0x5E, 0xDD,
    0xCB, 0x82, 0x9C, 0x31, 0xE4, 0x7C, 0xF6, 0x12, 0xB2, 0x46, 0xD8, 0x2C, 0x73, 0x4D, 0x8B, 0x08,
    0x72, 0x20, 0x6B, 0x2E, 0x16, 0xD3, 0x0A, 0x4F, 0x75, 0xA6, 0x20, 0x87, 0x02, 0xB6, 0x16, 0x16,
    0x84, 0x58, 0x18, 0x31, 0x59, 0x3C, 0x5F, 0x1C, 0xDE, 0x70, 0x58, 0xB1, 0x4C, 0xA1, 0x29, 0xE9,
    0x28, 0x6C, 0xDD, 0x52, 0xD6, 0x21, 0xC5, 0x9E, 0xE5, 0xC6, 0xFE, 0xA1, 0xAD, 0x28, 0xB5, 0x2D,
    0xC9, 0x85, 0xA5, 0x0B, 0xCA, 0x0A, 0x03, 0xA3, 0x18, 0xFA, 0x96, 0x62, 0xA1, 0x1B, 0x3A, 0x76,
    0xFD, 0x18, 0x57, 0x72, 0x62, 0xDD, 0xFC, 0x23, 0xAC, 0xC3, 0x23, 0x8D, 0xB0, 0x0B, 0xA7, 0x1E,
    0xB1, 0x1C, 0x69, 0x75, 0x39, 0xAB, 0xA0, 0x86, 0x71, 0x2B, 0x4D, 0xF0, 0x10, 0xFF, 0xD1, 0x83,
    0x7E, 0x8C, 0xF2, 0x64, 0x2A, 0x15, 0x85, 0xFF, 0x9D, 0x53, 0xFC, 0x9B, 0xFA, 0x66, 0x74, 0x78,
    0x48, 0x61, 0x43, 0x71, 0x4B, 0x42, 0xD0, 0xED, 0x23, 0x75, 0x25, 0x35, 0xEE, 0x90, 0x37, 0x01,
    0xD3, 0x9D, 0x1B, 0x50, 0xE1, 0x85, 0x1B, 0x7F, 0x71, 0x25, 0x1B, 0xF0, 0xBE, 0x79, 0xFF, 0x6C,
    0x07, 0x67, 0x8F, 0x1B, 0xB0, 0x41, 0x26, 0x0A, 0xF1, 0x33, 0x8A, 0x0C, 0x5B, 0x82, 0xCE, 0x06,
    0x6A, 0x4C, 0x77, 0xAA, 0x71, 0xA4, 0xCE, 0x28, 0xFA, 0x53, 0x45, 0x81, 0x85, 0x4B, 0x94, 0x58,
    0x71, 0xCB, 0xAB, 0x61, 0xC1, 0xCE, 0x82, 0x6D, 0x07, 0xF6, 0x66, 0xAD, 0x86, 0xD0, 0x5B, 0xA8,
    0xE0, 0x71, 0x9E, 0xC7, 0xF3, 0x73, 0xB6, 0x03, 0x19, 0x39, 0xA0, 0x2E, 0x69, 0x8D, 0x91, 0xD6,
    0x7C, 0x5C, 0x4E, 0x0D, 0xC4, 0x83, 0x86, 0x17, 0x9E, 0xB9, 0x1F, 0xE3, 0x94, 0x20, 0xE4, 0x84,
    0xED, 0x40, 0xEC, 0xFA, 0xB3, 0x5A, 0xE8, 0xB0, 0x81, 0xDB, 0x32, 0x19, 0x44, 0x84, 0xA3, 0xD9,
    0xA2, 0x30, 0xFC, 0xEC, 0xFB, 0x31, 0xCE, 0xF3, 0x30, 0x3F, 0xC6, 0x3A, 0xDE, 0x9F, 0xB4, 0xDC,
    0x7E, 0xC8, 0x32, 0xC1, 0x12, 0x9C, 0x21, 0xC0, 0xD0, 0xAA, 0x05, 0xDC, 0x83, 0x7E, 0x48, 0x02,
    0x5C, 0x78, 0xDC, 0x58, 0xED, 0x17, 0xEC, 0x4D, 0x37, 0x79, 0xDE, 0x5B, 0x89, 0x7B, 0x1A, 0xB4,
    0x6E, 0x72, 0xBE, 0xEE, 0xC1, 0x28, 0xE6, 0xE4, 0xD6, 0xBC, 0x0D, 0x38, 0x85, 0xB4, 0x75, 0x39,
    0x5D, 0x1A, 0x56, 0xD2, 0x33, 0xC1, 0x92, 0xE7, 0xE5, 0xB4, 0x41, 0x3F, 0x46, 0x45, 0xA4, 0xC5,
    0x2F, 0x74, 0x6C, 0x8B, 0xA0, 0xBD, 0xBE, 0x20, 0xA1, 0xC5, 0x03, 0x40, 0x81, 0xF2, 0x6B, 0x0F,
    0xCA, 0xA2, 0xA7, 0x2B, 0x16, 0x4F, 0xAF, 0x2D, 0xEB, 0x2D, 0xEF, 0x3D, 0x24, 0xE8, 0x7A, 0x9C,
    0xC1, 0x14, 0xA0, 0x05, 0xE0, 0x09, 0xAD, 0x43, 0xAC, 0x43, 0xBB, 0x68, 0xD6, 0xD3, 0x35, 0xE5,
    0xC5, 0x71, 0x70, 0x9A, 0xFC, 0x5E, 0x47, 0xAF, 0x89, 0x60, 0x84, 0x47, 0xD7, 0xDE, 0xD7, 0xED,
    0xB0, 0x10, 0xCF, 0x0A, 0x2C, 0x67, 0xFC, 0x7C, 0x34, 0xDC, 0x5D, 0xB3, 0x56, 0xC0, 0x2D, 0x69,
    0x36, 0x0A, 0x30, 0x20, 0x94, 0x05, 0x05, 0x88, 0xCF, 0xE8, 0x8F, 0x43, 0x7C, 0xFA, 0x2B, 0x62,
    0x0D, 0x21, 0xB5, 0x28, 0xD5, 0x05, 0xA5, 0x7D, 0x00, 0x60, 0xED, 0xD1, 0xA4, 0x60, 0xA7, 0x70,
    0xD4, 0x07, 0x06, 0xC6, 0x0B, 0x39, 0x29, 0x5D, 0x6C, 0xF2, 0x3A, 0x08, 0x08, 0x11, 0xF5, 0xAF,
    0x49, 0xFC, 0x52, 0xDF, 0x0E, 0x9C, 0xE7, 0x6C, 0x75, 0xD1, 0x70, 0xE5, 0xA2, 0xAD, 0x79, 0x4C,
    0x4D, 0x3E, 0x5D, 0x66, 0xB6, 0x86, 0xF3, 0x84, 0xC5, 0x99, 0x53, 0x85, 0xE1, 0x81, 0x55, 0xBB,
    0x09, 0x95, 0x8E, 0x8F, 0x14, 0x1C, 0x0C, 0xFB, 0x0D, 0xDB, 0x9E, 0xDB, 0x41, 0x95, 0xBE, 0x4F,
    0x8D, 0x5C, 0xA9, 0xB4, 0x1D, 0x3E, 0xF7, 0xA8, 0x93, 0x40, 0x95, 0x64, 0x8F, 0x85, 0x86, 0x0E,
    0x78, 0x48, 0x91, 0x9F, 0x0F, 0x6D, 0xF3, 0x4D, 0x84, 0xD2, 0x60, 0x13, 0x39, 0x39, 0x1F, 0x73,
    0x18, 0xFB, 0xF1, 0x06, 0x92, 0xBF, 0x83, 0x51, 0xC5, 0xE0, 0xB8, 0x76, 0xAE, 0xAB, 0x19, 0x6B,
    0xF8, 0xFE, 0xE8, 0xB6, 0xE7, 0x1F, 0x7C, 0xAD, 0x1D, 0xDE, 0x32, 0xEE, 0x92, 0x13, 0xB5, 0x15,
    0x53, 0xB5, 0x05, 0xD8, 0x31, 0x75, 0x93, 0x99, 0xDE, 0x35, 0xE7, 0xDD, 0x23, 0xCF, 0x0C, 0x5A,
    0x6B, 0x15, 0x70, 0xD1, 0x4E, 0xAB, 0x36, 0xE2, 0x7C, 0xE0, 0xDD, 0x26, 0xB4, 0x27, 0xDB, 0xFF,
    0x66, 0x8B, 0xE9, 0x57, 0xAE, 0xCF, 0x5A, 0x4F, 0x8B, 0xE9, 0x7A, 0xCE, 0x65, 0x92, 0x2E, 0x79,
    0x43, 0x2B, 0x9F, 0x93, 0x94, 0x38, 0x4B, 0x8C, 0x5C, 0x74, 0xB2, 0x90, 0x92, 0xB6, 0xB4, 0xF4,
    0x19, 0x52, 0x14, 0x3A, 0x59, 0x39, 0x59, 0x54, 0x5F, 0xA3, 0x0D, 0xD7, 0x1E, 0x9C, 0x8C, 0x90,
    0x37, 0x3E, 0xA7, 0x04, 0x6E, 0xEE, 0xB9, 0x78, 0x16, 0xE7, 0xA0, 0xDB, 0x47, 0xEB, 0xBB, 0xCD,
    0xA7, 0x79, 0xC3, 0xE9, 0xE0, 0x7E, 0x2E, 0x87, 0xE6, 0x61, 0xE7, 0x7B, 0xAE, 0x7B, 0x48, 0x97,
    0x60, 0x41, 0x9D, 0x15, 0x63, 0xB2, 0x34, 0x76, 0x1E, 0xB8, 0x7F, 0xDE, 0x53, 0x63, 0x9E, 0xC2,
    0xC1, 0x76, 0xFE, 0xC0, 0xE1, 0x20, 0xBD, 0x07, 0x92, 0x34, 0x32, 0x99, 0x3A, 0x31, 0xE9, 0xC2,
    0x20, 0x32, 0x1A, 0x13, 0xD8, 0xF9, 0x38, 0x9E, 0x5B, 0x51, 0xE3, 0xCE, 0x3E, 0xB4, 0xC3, 0x5D,
    0xD6, 0x0D, 0xB9, 0x38, 0x3D, 0x41, 0x76, 0xA0, 0x89, 0x8F, 0x5C, 0x24, 0x7D, 0xC0, 0x35, 0x8A,
    0x5F, 0x29, 0x12, 0x3F, 0xD1, 0x9B, 0xA0, 0x31, 0x07, 0xE9, 0x93, 0x3E, 0x05, 0x78, 0x19, 0x34,
    0x84, 0x38, 0xA1, 0x0C, 0xD0, 0x16, 0x5B, 0x45, 0xC1, 0x29, 0xBF, 0x4B, 0xF1, 0x19, 0x7D, 0x34,
    0xA2, 0x0F, 0x8E, 0xAF, 0xEA, 0x31, 0xD0, 0xA8, 0xD4, 0x9C, 0x4C, 0x19, 0xA8, 0x65, 0xA2, 0x86,
    0x4C, 0x52, 0x91, 0xC9, 0x90, 0x2A, 0x20, 0xEA, 0x5A, 0x3E, 0x22, 0x80, 0xE3, 0x16, 0x79, 0x11,
    0x02, 0x9F, 0x5A, 0xF4, 0xB9, 0x31, 0x81, 0x39, 0xD1, 0x12, 0x59, 0x48, 0x8B, 0x75, 0xB9, 0xD7,
    0xFC, 0xF1, 0x46, 0x4B, 0xCE, 0xA3, 0x62, 0xAC, 0x0B, 0xD9, 0x30, 0xEA, 0xED, 0xF8, 0x32, 0x62,
    0x6E, 0x90, 0x17, 0x5D, 0x50, 0xDB, 0x10, 0x27, 0x4B, 0x35, 0x87, 0x03, 0x1E, 0x8D, 0x54, 0xC8,
    0x4E, 0x4C, 0xCC, 0x79, 0x50, 0x70, 0xD6, 0x6B, 0x07, 0x5D, 0x52, 0x24, 0xE0, 0xD8, 0x9C, 0x37,
    0x30, 0x26, 0x48, 0x32, 0x2D, 0xD9, 0xA5, 0x6B, 0x2D, 0x6B, 0x64, 0x80, 0x5C, 0x09, 0x12, 0xB5,
    0x25, 0x22, 0x7B, 0x9D, 0x50, 0xAF, 0x8D, 0x79, 0xB0, 0x6D, 0x92, 0x06, 0x9D, 0xA9, 0x51, 0xBF,
    0xD6, 0xEC, 0xB8, 0xBA, 0xA2, 0xD4, 0x99, 0xBE, 0x16, 0xDB, 0xDE, 0x34, 0xAE, 0x97, 0x61, 0xA7,
    0x76, 0x56, 0x51, 0xBB, 0x5D, 0xFC, 0x2C, 0xAB, 0x13, 0xD8, 0xEE, 0x58, 0x21, 0x18, 0x0A, 0xA9,
    0x72, 0xFA, 0xD0, 0x2B, 0xD4, 0xB7, 0xA8, 0x61, 0x43, 0x04, 0x7A, 0x9B, 0xC8, 0x73, 0x1C, 0xE6,
    0x39, 0x5C, 0x13, 0x66, 0x42, 0x4B, 0x0B, 0xB6, 0x29, 0x0C, 0xF4, 0xFE, 0x36, 0xFD, 0x14, 0xBF,
    0x77, 0x7E, 0x97, 0xEF, 0x6A, 0x1F, 0xAB, 0x9E, 0x43, 0xAC, 0x2E, 0x6D, 0xE6, 0x92, 0x3D, 0xEE,
    0x18, 0x84, 0x05, 0xEE, 0xD4, 0x9D, 0x96, 0x55, 0x5A, 0x09, 0x2E, 0xD1, 0x86, 0xF4, 0x3B, 0xD0,
    0x3F, 0x41, 0x70, 0x74, 0x01, 0x97, 0xC8, 0x39, 0x6D, 0x47, 0xFF, 0x6C, 0x35, 0xBE, 0x98, 0xB8,
    0xC2, 0x34, 0xE6, 0xFA, 0x70, 0x75, 0xFD, 0x56, 0x18, 0x61, 0xB2, 0x25, 0x60, 0x5C, 0xBF, 0xE2,
    0xE7, 0xBF, 0x25, 0x38, 0x1B, 0x28, 0x99, 0x73, 0xB1, 0x99, 0x6D, 0x52, 0x7E, 0xA4, 0xAC, 0x9D,
    0xCF, 0x5A, 0x35, 0xEA, 0x38, 0xD9, 0xD5, 0x12, 0xC9, 0xB2, 0x19, 0x43, 0x1F, 0x69, 0x44, 0x69,
    0x62, 0x6B, 0xA2, 0x1E, 0x69, 0x31, 0x93, 0xFD, 0x42, 0x6E, 0x0A, 0xAD, 0x37, 0x87, 0x20, 0x9E,
    0x4F, 0x89, 0x8E, 0x4F, 0x13, 0xBC, 0x03, 0x56, 0x0D, 0xA0, 0xAE, 0x3B, 0xE4, 0xCD, 0xA6, 0x65,
    0x07, 0x64, 0xD3, 0x3E, 0x83, 0xCF, 0xBD, 0xD2, 0x90, 0xA1, 0x81, 0x03, 0x78, 0x17, 0x25, 0x48,
    0xFA, 0xD3, 0x85, 0x7F, 0x3F, 0xE8, 0x4F, 0xC6, 0x91, 0x3F, 0x19, 0x5D, 0x09, 0xFA, 0x6B, 0xAF,
    0xF8, 0x1B, 0xCE, 0x02, 0x6B, 0x3B, 0x6D, 0x5A, 0x1A, 0x1C, 0x7F, 0x83, 0xC6, 0x93, 0xCE, 0x9D,
    0xD9, 0x1B, 0x42, 0x8C, 0xF5, 0x0E, 0x43, 0x74, 0xF4, 0xE3, 0xD3, 0xE8, 0x73, 0x1D, 0x20, 0xD2,
    0x2F, 0x88, 0xBE, 0x7B, 0x6D, 0x1B, 0xE0, 0xA4, 0x13, 0x0F, 0x14, 0x4E, 0x3D, 0x0E, 0xCE, 0x87,
    0x57, 0x32, 0xC3, 0xEA, 0x3D, 0x72, 0xC9, 0x9B, 0x73, 0xB9, 0x25, 0xF3, 0xEA, 0x16, 0x57, 0x1C,
    0x38, 0xB4, 0x08, 0xA7, 0xD6, 0x3E, 0xA0, 0x5E, 0x9B, 0x90, 0x7A, 0x13, 0xC2, 0x3B, 0x2C, 0x42,
    0xD4, 0xB0, 0x5F, 0x9D, 0x80, 0xB2, 0x07, 0x70, 0xB1, 0x3F, 0x0C, 0x4C, 0x68, 0x7B, 0x13, 0xA6,
    0x5E, 0x6A, 0x80, 0x6C, 0x8D, 0x4B, 0x75, 0x40, 0xD2, 0x4A, 0xD1, 0xBA, 0xDD, 0x09, 0xAD, 0x35,
    0xFD, 0xA8, 0x62, 0xFF, 0xCA, 0x55, 0x38, 0x01, 0x78, 0x00, 0x55, 0x98, 0xF6, 0x14, 0x87, 0x3B,
    0xB3, 0x03, 0x1E, 0xE7, 0x79, 0x3E, 0xD3, 0xA9, 0x68, 0x47, 0xD1, 0xD2, 0x0C, 0x5E, 0x19, 0x32,
    0xE0, 0xA5, 0xCF, 0x80, 0x83, 0x61, 0xBA, 0x99, 0x17, 0x37, 0xA3, 0x00, 0x0A, 0xA1, 0xFB, 0x5B,
    0x8B, 0x99, 0xED, 0x3A, 0xD0, 0x88, 0x21, 0x90, 0x7D, 0x7D, 0x49, 0xE1, 0xBF, 0x6E, 0xC6, 0x08,
    0x41, 0xD3, 0x44, 0xFF, 0xAE, 0xE3, 0x2F, 0xE7, 0x78, 0x63, 0x57, 0xD1, 0x21, 0xB4, 0x7F, 0xE1,
    0x0F, 0x4E, 0x9C, 0x1E, 0x69, 0xF0, 0x41, 0x9C, 0x5F, 0x30, 0xD6, 0x90, 0x0F, 0x90, 0xF5, 0xDD,
    0x5A, 0xB5, 0xBE, 0x2F, 0x26, 0x6F, 0x8D, 0xFA, 0xF9, 0x7E, 0xAD, 0xE7, 0x13, 0xDA, 0x3F, 0xBB,
    0xEF, 0x3B, 0xF7, 0xF9, 0xCB, 0x8D, 0x65, 0xF1, 0x16, 0x0A, 0x04, 0x4E, 0x05, 0x57, 0x8B, 0xB8,
    0x1B, 0xD7, 0x32, 0x81, 0xAB, 0x8A, 0x2C, 0x97, 0x25, 0x96, 0xD5, 0xB9, 0x0F, 0xA3, 0x88, 0xC1,
    0xA7, 0x9B, 0xF1, 0xE6, 0xB8, 0xF5, 0xF5, 0xBA, 0xE9, 0xEB, 0x75, 0x39, 0xA0, 0x13, 0xD7, 0x8F,
    0xF5, 0xD4, 0x4D, 0x9B, 0xD5, 0x91, 0xEB, 0xFA, 0xFD, 0x78, 0xA6, 0x82, 0x26, 0xAA, 0xE3, 0x39,
    0x33, 0x7E, 0xD3, 0xA0, 0x8E, 0x3A, 0x6F, 0x2F, 0x1D, 0x16, 0x00, 0x63, 0x90, 0x05, 0xEF, 0xF2,
    0x92, 0xB1, 0xB3, 0x82, 0xFB, 0xBD, 0x5C, 0x7F, 0x82, 0xF6, 0x3C, 0xD7, 0xF3, 0x0E, 0xA1, 0x88,
    0xF8, 0x15, 0x90, 0xB3, 0x10, 0x5F, 0x29, 0x31, 0xE7, 0xD9, 0xEF, 0x36, 0xE2, 0x13, 0xC4, 0xFD,
    0x2F, 0x38, 0x0B, 0xC7, 0x19, 0xFD, 0xA1, 0x5B, 0x88, 0xAA, 0x90, 0x92, 0x2F, 0x90, 0x4C, 0xBF,
    0xEE, 0x93, 0xF6, 0x0F, 0xBE, 0xB9, 0x21, 0x1E, 0x7D, 0x9B, 0xEE, 0xDD, 0x63, 0x84, 0x07, 0x56,
    0xB9, 0x12, 0x8D, 0x46, 0x27, 0x0E, 0x9A, 0xFE, 0xCE, 0xA2, 0x25, 0x6D, 0x69, 0x0E, 0xD0, 0xF5,
    0x10, 0xD0, 0x13, 0xCB, 0xE9, 0x70, 0x39, 0xE9, 0x0C, 0x83, 0xC7, 0x7B, 0x38, 0x32, 0xF2, 0x4E,
    0xA5, 0x30, 0xE1, 0x13, 0xFE, 0x8B, 0x4E, 0x78, 0x2E, 0x46, 0xB9, 0x44, 0x80, 0xAA, 0xE0, 0x7B,
    0xC2, 0xAE, 0x12, 0x2C, 0x79, 0x6D, 0xDA, 0x51, 0x89, 0x9C, 0x7F, 0x56, 0x99, 0xF0, 0xB4, 0x3C,
    0x47, 0x46, 0xA4, 0x83, 0x27, 0xF5, 0x79, 0x54, 0x77, 0x3F, 0xAD, 0x73, 0x5B, 0x7D, 0x0F, 0x90,
    0x89, 0x57, 0x6E, 0x29, 0xFA, 0x87, 0x4E, 0x3E, 0xAF, 0xFE, 0x1F, 0x71, 0xA7, 0x0C, 0x43, 0x49,
    0x4B, 0x69, 0x4A, 0xB7, 0x5C, 0xC5, 0x70, 0x50, 0xE2, 0x55, 0xF8, 0xE7, 0x6B, 0xFE, 0x77, 0x1D,
    0xC0, 0xC6, 0x05, 0x97, 0xA8, 0xDD, 0x76, 0xE6, 0x2F, 0x22, 0xFE, 0x42, 0x09, 0xE6, 0x29, 0x90,
    0xA0, 0xE6, 0x2F, 0x92, 0xF4, 0x11, 0x45, 0x1D, 0x2B, 0xF6, 0x3F, 0xAD, 0x55, 0xBF, 0x6F, 0xD4,
    0x30, 0x14, 0xFE, 0x12, 0x4B, 0x17, 0x54, 0x0F, 0x66, 0x00, 0xA9, 0x15, 0x43, 0x56, 0xC4, 0x70,
    0xF9, 0x07, 0xAA, 0xC6, 0x3B, 0x43, 0xBB, 0x33, 0xB4, 0x23, 0x5B, 0x97, 0x0E, 0x0C, 0xED, 0x25,
    0x3B, 0x03, 0xF7, 0x1F, 0x94, 0xA1, 0x03, 0x0A, 0xC3, 0xED, 0xA8, 0x6D, 0x2C, 0x31, 0xB2, 0x84,
    0x89, 0xD5, 0x52, 0x97, 0x16, 0xA4, 0x62, 0x20, 0x2D, 0x57, 0xC9, 0x17, 0xF3, 0x9C, 0x5C, 0xA1,
    0x42, 0xFD, 0x71, 0x85, 0x3A, 0xF6, 0xC5, 0x17, 0xE7, 0xBD, 0xEF, 0xBD, 0xEF, 0xFD, 0x08, 0x7F,
    0xAF, 0xD9, 0x17, 0x05, 0x07, 0x6C, 0xA1, 0x1B, 0xDC, 0xE9, 0xD4, 0xD9, 0xB2, 0x68, 0x2C, 0x52,
    0x8B, 0x87, 0x0D, 0x90, 0x35, 0x32, 0x76, 0x63, 0xAC, 0xFB, 0x2D, 0x3D, 0x9C, 0x20, 0xA5, 0x53,
    0x7A, 0x87, 0xDE, 0x9C, 0xEF, 0xC9, 0x38, 0x06, 0x9F, 0x80, 0x8D, 0x81, 0xA1, 0x17, 0x8F, 0x1B,
    0x94, 0x4E, 0x35, 0x23, 0x6D, 0xC3, 0x61, 0xB9, 0x83, 0xC4, 0xA9, 0x60, 0xDD, 0xEC, 0x30, 0xD3,
    0x3C, 0x33, 0x99, 0xD3, 0x8F, 0x9C, 0x74, 0xED, 0x28, 0xCA, 0x02, 0x29, 0x6E, 0x9E, 0x8B, 0x84,
    0x09, 0xAC, 0xE7, 0xE0, 0x39, 0x9C, 0xC4, 0x19, 0x84, 0xF2, 0x97, 0x6B, 0x5C, 0x33, 0x3A, 0xEA,
    0xF6, 0xED, 0x75, 0xC4, 0x9B, 0xB0, 0x09, 0x35, 0x99, 0xB1, 0x88, 0xC5, 0xC8, 0x46, 0xBA, 0x27,
    0x87, 0xEC, 0xA0, 0x0A, 0x5C, 0xEE, 0xE5, 0xE7, 0xBD, 0x65, 0xB7, 0x03, 0xC6, 0xB9, 0xEA, 0x38,
    0x17, 0x2A, 0x93, 0xCE, 0x2E, 0xC1, 0xD9, 0x7B, 0x18, 0x1D, 0xFA, 0x93, 0x4B, 0x16, 0x3D, 0xE7,
    0x16, 0x08, 0xED, 0x15, 0x40, 0xC2, 0x59, 0x9A, 0x73, 0xE5, 0x9B, 0xBF, 0x80, 0xA6, 0xFE, 0x58,
    0x67, 0x47, 0x87, 0x7F, 0xEE, 0xE2, 0x90, 0x5B, 0x52, 0xB5, 0xB2, 0x06, 0x66, 0x6B, 0x44, 0xCE,
    0x80, 0xBF, 0xAC, 0x70, 0x3E, 0x2C, 0x49, 0xCD, 0xB8, 0xF2, 0x3D, 0x24, 0x79, 0x56, 0x38, 0x0A,
    0xC4, 0x04, 0x3D, 0xA7, 0xC1, 0x3F, 0xA9, 0xC4, 0xE5, 0xFD, 0xFD, 0x56, 0x0F, 0x33, 0x97, 0xCC,
    0xC8, 0xEC, 0xAF, 0x9A, 0xD4, 0x99, 0xF8, 0xD4, 0x84, 0xC5, 0x6B, 0x30, 0x02, 0xF7, 0xEB, 0x2E,
    0xC0, 0x85, 0x53, 0x34, 0xE7, 0x8A, 0x7C, 0x26, 0xF0, 0x7C, 0x08, 0xF6, 0xD1, 0x20, 0x24, 0x41,
    0x94, 0xF2, 0x6E, 0x0C, 0x20, 0x6A, 0x97, 0x15, 0x77, 0x32, 0x98, 0xCC, 0x44, 0x00, 0xFA, 0xF4,
    0x56, 0x49, 0xE6, 0xFE, 0x50, 0xDD, 0xF2, 0xFB, 0xFE, 0xFF, 0xDB, 0x11, 0x8E, 0xC1, 0x1B, 0xB2,
    0xC6, 0xFF, 0xD2, 0xFE, 0x66, 0x53, 0x4E, 0x0C, 0x06, 0x94, 0x2F, 0x76, 0x17, 0x41, 0x3D, 0x06,
    0xFB, 0x7E, 0x37, 0xF1, 0x08, 0x4F, 0x6B, 0x76, 0xA0, 0xF9, 0x07, 0x22, 0x45, 0xCE, 0x42, 0xC7,
    0xBF, 0x60, 0xC5, 0xAE, 0x21, 0xAC, 0x9A, 0x4A, 0x24, 0xEF, 0x0A, 0xAB, 0x5D, 0x64, 0x3F, 0xD7,
    0x33, 0xF0, 0x1F, 0x52, 0xC6, 0x2A, 0x5F, 0x61, 0x9E, 0x28, 0x8A, 0xD9, 0x1A, 0xBA, 0x1A, 0x43,
    0xD4, 0xF8, 0x1A, 0xF5, 0x66, 0x2F, 0x84, 0xD3, 0xDC, 0xD8, 0x03, 0x98, 0x19, 0xA0, 0x66, 0x7A,
    0x29, 0xB0, 0x51, 0x95, 0x86, 0x96, 0x57, 0x29, 0x9B, 0x70, 0x95, 0x44, 0xC7, 0x54, 0xC7, 0x4F,
    0xB7, 0x45, 0x2E, 0x5E, 0x2D, 0xAF, 0x4A, 0xB1, 0xCD, 0xB7, 0xA5, 0x38, 0x8E, 0xBE, 0x52, 0xE3,
    0x62, 0x0E, 0x91, 0x65, 0x0D, 0x95, 0x19, 0x65, 0x04, 0xAB, 0x31, 0x41, 0x60, 0x40, 0x01, 0xF1,
    0x3A, 0x05, 0xE5, 0x5D, 0x42, 0x86, 0x6F, 0x6E, 0x12, 0xEE, 0x42, 0x07, 0x11, 0xA9, 0xDD, 0x01,
    0xAF, 0xEC, 0x92, 0xD0, 0x36, 0x8D, 0xBF, 0x8D, 0x93, 0xFE, 0x49, 0x1D, 0x6F, 0xBD, 0x33, 0xC2,
    0x66, 0x46, 0x8C, 0x53, 0x2D, 0xEA, 0xA4, 0xE2, 0x26, 0x56, 0x4C, 0x93, 0xB7, 0xDE, 0xE1, 0x84,
    0xAA, 0x76, 0x8B, 0x9C, 0xAD, 0x77, 0x81, 0x95, 0x07, 0xAD, 0x8E, 0x94, 0xAC, 0x4C, 0x72, 0x51,
    0xF9, 0xD6, 0x12, 0x69, 0xFA, 0x57, 0x0F, 0x88, 0x7A, 0xF2, 0xA9, 0xAC, 0x3B, 0x62, 0x62, 0x75,
    0x45, 0x8F, 0xA1, 0x55, 0x93, 0xA5, 0xE0, 0xC7, 0x94, 0x3A, 0x72, 0xA1, 0x77, 0x6D, 0xCC, 0x46,
    0x2D, 0x85, 0x3F, 0xCD, 0x73, 0x46, 0x7B, 0x6A, 0xE9, 0x8A, 0x18, 0x84, 0xBC, 0x4F, 0xE0, 0x96,
    0x58, 0x7D, 0xF1, 0x3B, 0x7F, 0x06, 0x20, 0x96, 0xA4, 0x6F, 0x42, 0x89, 0xE4, 0x55, 0x46, 0xE7,
    0xC4, 0xC1, 0xD9, 0xB9, 0x39, 0xFA, 0x7A, 0x73, 0x22, 0xED, 0x6F, 0xB1, 0x6C, 0x83, 0xDA, 0x3A,
    0xE7, 0x1C, 0xCD, 0x27, 0xC5, 0xC4, 0xA7, 0x75, 0x64, 0xFC, 0x69, 0x9A, 0xA3, 0x44, 0x60, 0x3D,
    0xBB, 0xDC, 0x78, 0x6D, 0xE9, 0xE7, 0xA2, 0x6B, 0x91, 0x5E, 0x8A, 0x78, 0x19, 0x23, 0x34, 0x5D,
    0x83, 0x56, 0x34, 0x8B, 0xD2, 0x47, 0x32, 0xA0, 0x24, 0x6F, 0xA5, 0x13, 0x89, 0xAC, 0xC8, 0xBB,
    0x23, 0x6C, 0xF8, 0x74, 0xF7, 0x73, 0xE3, 0x02, 0xD6, 0x5B, 0x8B, 0xA8, 0xF6, 0xC1, 0x4A, 0x15,
    0x32, 0x89, 0xC6, 0xE7, 0x87, 0x47, 0xAE, 0x28, 0x01, 0x49, 0x76, 0x8A, 0x45, 0x89, 0xC4, 0xDA,
    0x74, 0xBA, 0x00, 0x24, 0xAF, 0x02, 0x0A, 0xDB, 0x8F, 0x07, 0x2E, 0x7C, 0x3C, 0x6E, 0xE5, 0xD7,
    0xE3, 0x39, 0xF4, 0xFB, 0x10, 0xD6, 0x6B, 0x0E, 0x86, 0x33, 0xB9, 0xF6, 0x0B, 0xB5, 0x55, 0xBD,
    0x8E, 0xDD, 0x44, 0x14, 0xFE, 0x6C, 0xA3, 0x1D, 0x25, 0x2E, 0xDC, 0x40, 0x81, 0x90, 0x70, 0x43,
    0x43, 0xE5, 0x17, 0xC8, 0xEE, 0x98, 0x27, 0x80, 0x9E, 0x02, 0x8A, 0x2D, 0xD2, 0xE5, 0x05, 0xD8,
    0xBD, 0x46, 0x3C, 0x00, 0xDB, 0xD3, 0x6C, 0x91, 0x02, 0xF9, 0x0A, 0xDD, 0x26, 0x45, 0x24, 0xB2,
    0x3B, 0x83, 0x78, 0x80, 0xBD, 0x51, 0x5E, 0xC0, 0x45, 0x8A, 0x68, 0x29, 0x32, 0xE2, 0x5E, 0xC0,
    0xCA, 0xCE, 0xF5, 0xE1, 0x3B, 0xF6, 0xDD, 0x04, 0x50, 0xB2, 0x24, 0x2B, 0xED, 0x78, 0x66, 0x64,
    0x8F, 0xCF, 0x9C, 0xF9, 0xCE, 0x77, 0x7E, 0x26, 0x95, 0xA7, 0x85, 0x2F, 0x65, 0x28, 0xBC, 0x3D,
    0x97, 0x85, 0x3F, 0x45, 0x25, 0x75, 0x44, 0xB1, 0x01, 0x27, 0xFF, 0xE6, 0x89, 0x72, 0x0D, 0xB8,
    0x03, 0x28, 0x65, 0x03, 0xA4, 0xD2, 0x01, 0xB9, 0x7C, 0x17, 0xAC, 0xAC, 0x82, 0x9B, 0x5F, 0x84,
    0x08, 0x59, 0x72, 0x50, 0xD5, 0xE5, 0xD3, 0xC3, 0xCD, 0xD7, 0xB0, 0x12, 0x28, 0xD7, 0xA8, 0x92,
    0x33, 0x7F, 0x39, 0x3D, 0x6F, 0x38, 0x09, 0xFE, 0xF7, 0xD8, 0x06, 0x27, 0xA8, 0x6A, 0xCC, 0x5A,
    0x1E, 0x5B, 0xE9, 0xB1, 0x3B, 0x7A, 0x6C, 0xCC, 0x42, 0x9C, 0xC6, 0xEF, 0x7D, 0xCC, 0x24, 0x70,
    0x2C, 0x63, 0xF6, 0x87, 0xAE, 0x23, 0x9A, 0x80, 0xD3, 0xAF, 0xC2, 0x78, 0x6C, 0xB9, 0x0A, 0x48,
    0x8E, 0xF6, 0x81, 0xF5, 0x1A, 0x98, 0x71, 0x63, 0xE5, 0xA9, 0x01, 0x53, 0x2B, 0x6B, 0xC0, 0xF2,
    0xDB, 0x2E, 0x01, 0x17, 0x80, 0x81, 0xB2, 0xEB, 0x1E, 0x29, 0x0D, 0xC9, 0xBA, 0x03, 0x98, 0xE5,
    0x1E, 0x11, 0x8A, 0x8E, 0xBA, 0x6A, 0x17, 0xDE, 0x12, 0xD1, 0x21, 0x4C, 0x77, 0x82, 0x2C, 0xDC,
    0x4A, 0xEB, 0xE2, 0xF3, 0x3A, 0x1B, 0x90, 0x44, 0xE0, 0x6B, 0x55, 0x96, 0x4B, 0x6D, 0x65, 0xE9,
    0xE6, 0xE1, 0x6E, 0x16, 0xCA, 0x8B, 0x30, 0x93, 0x30, 0xCC, 0x09, 0x2B, 0x0C, 0x8B, 0xE0, 0x24,
    0x94, 0x7F, 0x86, 0x4F, 0x6E, 0x63, 0x8F, 0x0A, 0x1F, 0xC1, 0x28, 0x24, 0xDD, 0x42, 0xAC, 0x6F,
    0xDF, 0xAF, 0xB3, 0xFD, 0x31, 0x45, 0xFF, 0x52, 0xE3, 0x1A, 0x1A, 0x89, 0x97, 0x4D, 0x1D, 0xA7,
    0x1E, 0x54, 0x57, 0xAA, 0x4F, 0x95, 0xEA, 0x37, 0x0D, 0xFD, 0xAF, 0x72, 0x2A, 0xAF, 0xFB, 0x6E,
    0xA5, 0x4D, 0xF1, 0x7D, 0x93, 0x3D, 0x1F, 0x0D, 0xDF, 0x9F, 0x0C, 0x6F, 0xC8, 0x34, 0xFD, 0x4C,
    0x77, 0xD3, 0xE7, 0x97, 0xBD, 0xE7, 0x0A, 0xD7, 0xF9, 0xD7, 0xFC, 0x12, 0x90, 0xAE, 0x08, 0x43,
    0xFE, 0x0D, 0xE3, 0xAA, 0x63, 0xFF, 0x33, 0x1A, 0x85, 0x31, 0x23, 0x0C, 0x8D, 0x00, 0x0D, 0x80,
    0x0F, 0x77, 0x94, 0x7F, 0x43, 0x4C, 0x3D, 0xF0, 0xC5, 0xA8, 0x2D, 0x0B, 0xAF, 0xE9, 0x26, 0x30,
    0x12, 0xEC, 0xC8, 0x7F, 0xDA, 0x1E, 0x83, 0x91, 0x32, 0x0E, 0x6D, 0x09, 0x6A, 0x14, 0xBF, 0x06,
    0x98, 0x6F, 0xBB, 0x6B, 0x41, 0x3A, 0x51, 0x48, 0xED, 0x2B, 0x48, 0x85, 0x78, 0xF6, 0xDB, 0x2D,
    0x8D, 0xC4, 0xC7, 0xA6, 0xB1, 0x85, 0x7F, 0x2F, 0x79, 0x2B, 0x60, 0xC8, 0xC9, 0x4D, 0xC1, 0x58,
    0xDC, 0xC3, 0x8D, 0x00, 0x43, 0x05, 0xDC, 0x61, 0x06, 0x6C, 0x55, 0xBD, 0x13, 0xB6, 0xE4, 0xB3,
    0x23, 0xA4, 0x4F, 0x98, 0x23, 0x42, 0x7C, 0x87, 0xDC, 0xF1, 0xFE, 0x0D, 0x10, 0x57, 0xC0, 0xFC,
    0x84, 0x94, 0xF1, 0x14, 0xDE, 0x19, 0x5F, 0xAA, 0x5B, 0xD4, 0xB2, 0x6F, 0x6E, 0x86, 0xBB, 0xDC,
    0x23, 0x5B, 0x22, 0x09, 0xD7, 0xE1, 0x6E, 0x4C, 0xBF, 0xD5, 0xEB, 0xD2, 0xEF, 0x29, 0xD3, 0x69,
    0x60, 0xFA, 0xB9, 0xFA, 0x14, 0xE5, 0xF6, 0x6C, 0x2A, 0xDC, 0x69, 0x9B, 0xC8, 0x10, 0x1A, 0xC7,
    0xCB, 0xF4, 0x2B, 0x1B, 0xDB, 0xBA, 0x6D, 0xFA, 0x71, 0x9F, 0x59, 0xE6, 0x67, 0x4D, 0x26, 0x6A,
    0xD5, 0x36, 0xFD, 0x36, 0xD1, 0x4A, 0x74, 0xF3, 0x18, 0x93, 0xF8, 0x2A, 0xFD, 0x92, 0xE8, 0x7E,
    0xD0, 0x75, 0xFE, 0xBD, 0x8B, 0x7E, 0x36, 0x5F, 0x57, 0x12, 0x8C, 0xE6, 0x1F, 0xB7, 0x29, 0x67,
    0x19, 0xE9, 0x31, 0x7E, 0xC2, 0x93, 0x73, 0xB9, 0xE2, 0xF7, 0x9D, 0x30, 0x0D, 0x7D, 0xD7, 0x35,
    0x6D, 0xAC, 0xC1, 0x28, 0x68, 0x42, 0xC5, 0x75, 0xCB, 0x71, 0xC0, 0x74, 0xE3, 0x01, 0xE8, 0x4F,
    0xA8, 0x66, 0x8F, 0x45, 0xC6, 0xC2, 0xB0, 0x3C, 0xE6, 0xC2, 0xE0, 0x3F, 0x5F, 0xF8, 0xB2, 0x36,
    0x9D, 0xE5, 0xEA, 0xA1, 0x96, 0x1F, 0x96, 0x6E, 0x46, 0xDE, 0xEE, 0xA5, 0x6F, 0x58, 0x54, 0x05,
    0xD9, 0x19, 0xB6, 0xE0, 0xAF, 0xAC, 0x98, 0xB3, 0x29, 0x31, 0x26, 0xC1, 0x54, 0xFD, 0x6B, 0xBA,
    0x2D, 0x9A, 0x7F, 0x34, 0x61, 0x71, 0x4E, 0x75, 0xCA, 0xA4, 0x6D, 0xA9, 0x4E, 0x25, 0x66, 0x9C,
    0x2A, 0x25, 0x7B, 0x97, 0xD6, 0x43, 0x29, 0x48, 0x7A, 0xDB, 0xFE, 0x98, 0x51, 0x4A, 0x91, 0x52,
    0xE2, 0xDC, 0x61, 0x24, 0xB5, 0xB5, 0xBC, 0x21, 0xE4, 0x80, 0xD4, 0x72, 0xD5, 0x32, 0xBC, 0xC7,
    0xF8, 0x1E, 0x4F, 0x4C, 0x2E, 0x73, 0x25, 0x1F, 0xCA, 0x8D, 0x4A, 0x89, 0x77, 0xF3, 0x61, 0xB1,
    0x24, 0xD0, 0xAC, 0x2B, 0x2F, 0x44, 0x08, 0x50, 0x14, 0xEE, 0x8B, 0xF6, 0x88, 0x80, 0xD3, 0xE3,
    0x61, 0x31, 0x2C, 0xBA, 0x99, 0x38, 0xF1, 0xE5, 0xA6, 0x1C, 0x26, 0x2D, 0x0A, 0x5B, 0x69, 0xCE,
    0x47, 0xD0, 0xAC, 0x51, 0x69, 0x07, 0x77, 0xE1, 0x8D, 0x52, 0xF5, 0xC2, 0x2D, 0x59, 0x56, 0x49,
    0xD5, 0xCF, 0x24, 0x70, 0x15, 0x6C, 0xF6, 0x24, 0x58, 0xC3, 0x8B, 0xB4, 0x20, 0xA1, 0xBB, 0x1C,
    0x0F, 0xB3, 0x50, 0x85, 0xBC, 0xA3, 0x9C, 0x27, 0xB5, 0x75, 0xE1, 0xFA, 0xA9, 0x38, 0x90, 0x00,
    0xDE, 0x85, 0x7C, 0x7D, 0xC4, 0x8F, 0xFD, 0x5C, 0x34, 0xD2, 0xDC, 0x62, 0x1D, 0xCB, 0x3E, 0xEE,
    0xC6, 0xF8, 0x30, 0x6E, 0x42, 0x14, 0xDF, 0xBB, 0xDF, 0xB4, 0xF2, 0x5A, 0x69, 0x1E, 0x28, 0xC9,
    0x9D, 0x86, 0x47, 0x3B, 0x44, 0xD8, 0x88, 0x0F, 0x88, 0x6D, 0x36, 0xD4, 0xA5, 0xF4, 0xB8, 0xA7,
    0xAF, 0x5C, 0xA4, 0x7D, 0xFC, 0xAB, 0xA1, 0x22, 0x63, 0xCA, 0xD8, 0xB1, 0x1F, 0x22, 0xE1, 0x55,
    0xDB, 0x6F, 0xEF, 0x36, 0x9A, 0x44, 0xD3, 0x86, 0x79, 0x17, 0xD3, 0x23, 0x77, 0x9F, 0xC9, 0xE1,
    0x93, 0x7B, 0xE1, 0x3E, 0x3D, 0xF5, 0x25, 0x89, 0xE8, 0x3E, 0xD2, 0xDA, 0x30, 0x9A, 0x1C, 0x91,
    0xF4, 0x30, 0x6B, 0x35, 0x3B, 0x69, 0xB6, 0x1E, 0x62, 0x6B, 0x5D, 0xBB, 0x55, 0x7B, 0x75, 0x67,
    0xFB, 0x74, 0x7C, 0xA1, 0x81, 0x9B, 0xF1, 0x82, 0x79, 0x30, 0x19, 0xAD, 0x8F, 0x44, 0x89, 0x8B,
    0x67, 0xD3, 0xFB, 0xF8, 0x3C, 0xCB, 0xA3, 0xD6, 0x8C, 0xE4, 0x98, 0x4E, 0x21, 0x57, 0xA5, 0xCF,
    0xEB, 0x04, 0x7F, 0x03, 0x45, 0xCE, 0x21, 0x0E, 0xC2, 0x40, 0x10, 0x85, 0xE1, 0x47, 0x80, 0x34,
    0x69, 0xC5, 0x22, 0x51, 0xD4, 0xE2, 0xF6, 0x04, 0xDB, 0xDD, 0xA3, 0x70, 0x03, 0x4C, 0x0D, 0x86,
    0xCE, 0x0D, 0xB8, 0x06, 0xC1, 0x60, 0x90, 0x0D, 0x1D, 0x8F, 0xE9, 0x11, 0x7A, 0x03, 0x9A, 0x00,
    0x49, 0xC5, 0xA4, 0xCB, 0x10, 0x42, 0xB0, 0x4F, 0x7C, 0xEF, 0xBF, 0xC2, 0x23, 0xA7, 0x8C, 0xB3,
    0xD6, 0xB0, 0x45, 0x81, 0xC9, 0x13, 0x53, 0x81, 0x39, 0xC3, 0x1A, 0x9A, 0xA7, 0xD5, 0x3D, 0x8E,
    0xAF, 0xE1, 0x74, 0x8C, 0x12, 0x65, 0xB3, 0x1E, 0xEB, 0x66, 0xC8, 0xBB, 0x52, 0xA4, 0x5C, 0xCC,
    0xC4, 0x5F, 0x56, 0x69, 0xF0, 0xDD, 0xAE, 0x47, 0x9F, 0xB4, 0x26, 0x78, 0x44, 0x7E, 0x70, 0x64,
    0x8F, 0xEC, 0xD6, 0x9A, 0x03, 0x59, 0x0B, 0xE7, 0x3E, 0x88, 0x52, 0x0A, 0x2A, 0x9B, 0x06, 0xC3,
    0x86, 0x1A, 0x8A, 0x18, 0xF0, 0x37, 0x74, 0xE3, 0x9C, 0xAA, 0x50, 0x60, 0x09, 0xC0, 0x61, 0x8F,
    0x2D, 0x27, 0xEA, 0x8C, 0xDA, 0x52, 0x43, 0x54, 0xB5, 0xF4, 0x7B, 0xFE, 0x76, 0xBC, 0x01, 0x95,
    0x57, 0x4D, 0x6C, 0x1D, 0x57, 0x15, 0x3E, 0xEF, 0x4D, 0xE3, 0xB7, 0x18, 0x25, 0x97, 0x45, 0xC3,
    0x82, 0x4A, 0x1D, 0x84, 0x58, 0x20, 0x45, 0xCD, 0x34, 0x8B, 0x44, 0x88, 0xBE, 0xF8, 0x4E, 0xC9,
    0xA2, 0x8B, 0x4A, 0xB8, 0x8B, 0xD2, 0x05, 0x42, 0x90, 0x2D, 0x12, 0x92, 0xBB, 0x28, 0x22, 0x12,
    0xB1, 0x67, 0xA0, 0x8B, 0x0A, 0xB1, 0xB0, 0xA5, 0x88, 0x15, 0xA8, 0xC9, 0xA2, 0x8B, 0xCA, 0x41,
    0x18, 0x89, 0x40, 0x83, 0x78, 0x7E, 0x73, 0xED, 0xB7, 0xF0, 0xC2, 0x55, 0xDF, 0xA0, 0x48, 0xB0,
    0xE0, 0xC7, 0x03, 0x61, 0x41, 0xED, 0x10, 0x5F, 0xE7, 0x4D, 0xE2, 0x49, 0xDE, 0x79, 0x73, 0xF8,
    0xEE, 0x3C, 0xC7, 0xB5, 0x9D, 0x9F, 0x16, 0xFB, 0x9C, 0x3B, 0x7E, 0xF7, 0x9D, 0x7B, 0xE7, 0x9E,
    0x73, 0xBE, 0xF3, 0x9D, 0xEB, 0xA6, 0xE4, 0x4A, 0x58, 0x6F, 0x54, 0xB3, 0xA4, 0x53, 0xD2, 0x61,
    0xA2, 0x95, 0x39, 0x2C, 0x7E, 0xA9, 0xC3, 0x4A, 0x4F, 0x06, 0xFA, 0x4C, 0x5F, 0x9F, 0xEE, 0xEB,
    0xF0, 0xBB, 0x9A, 0x66, 0x34, 0x71, 0x2D, 0xA3, 0x98, 0xD2, 0x8A, 0x74, 0xA9, 0xA6, 0xB5, 0x16,
    0x69, 0x5F, 0x12, 0x7D, 0x4E, 0x4E, 0xAD, 0x4A, 0x38, 0xA7, 0xE9, 0xEC, 0x61, 0x1B, 0x5F, 0x12,
    0x2D, 0x36, 0xBD, 0x5A, 0x32, 0xB1, 0x93, 0x0E, 0x8F, 0xFE, 0xCA, 0xF2, 0x17, 0x96, 0x11, 0x0B,
    0x71, 0x55, 0x4F, 0x06, 0xAB, 0x59, 0x2C, 0x45, 0x55, 0x31, 0x7F, 0x79, 0x9F, 0xCD, 0xEA, 0x01,
    0x1B, 0xFF, 0xD7, 0x38, 0x94, 0xCC, 0x99, 0xF6, 0xE5, 0xBE, 0xD1, 0x53, 0x7D, 0x73, 0xAA, 0xDF,
    0x37, 0xE1, 0xE5, 0x39, 0x43, 0xA1, 0x32, 0x4D, 0x51, 0xC6, 0x97, 0x75, 0xA3, 0xB4, 0x18, 0xD5,
    0x8E, 0x4D, 0xB3, 0x54, 0x86, 0x20, 0x3A, 0xA7, 0xF6, 0x9B, 0xCF, 0x6A, 0xAB, 0x95, 0x0D, 0xDE,
    0xB6, 0xAA, 0x67, 0x5B, 0x37, 0xAD, 0x37, 0xB0, 0x0D, 0xB1, 0x04, 0x89, 0xCD, 0xF8, 0x6C, 0x72,
    0xB5, 0x7C, 0x1F, 0xFB, 0x27, 0x1C, 0xE6, 0xDC, 0xB6, 0x4E, 0x02, 0xCB, 0xDE, 0x83, 0xD2, 0x93,
    0xA2, 0x21, 0x99, 0x2F, 0x78, 0xAD, 0xAD, 0x16, 0x9C, 0xCD, 0x49, 0xE2, 0x34, 0xE1, 0x81, 0xE1,
    0xC1, 0x32, 0xC7, 0x6B, 0xB7, 0x95, 0x28, 0xB5, 0x23, 0x6A, 0xB9, 0x24, 0x9A, 0x88, 0xFC, 0x52,
    0x25, 0x61, 0x15, 0x44, 0x93, 0x41, 0x4C, 0x67, 0xFA, 0x4C, 0xA7, 0xFB, 0x5D, 0x0A, 0xA7, 0x35,
    0xB9, 0xA8, 0xB9, 0x78, 0xD4, 0x8A, 0xA0, 0xB8, 0xA8, 0x20, 0x2C, 0xE4, 0xD6, 0xA8, 0x69, 0x85,
    0x03, 0xCC, 0x45, 0xED, 0x4B, 0xEB, 0xA4, 0xCF, 0x31, 0x9D, 0x5A, 0x1D, 0x91, 0x0B, 0xA2, 0x8B,
    0xE2, 0xE3, 0xD6, 0x34, 0x25, 0xF7, 0x2C, 0x32, 0xE7, 0x59, 0xBD, 0x21, 0x18, 0x48, 0x7B, 0x36,
    0x76, 0x43, 0x90, 0x60, 0x40, 0x7C, 0x30, 0xE4, 0x72, 0xD3, 0xAA, 0x07, 0x37, 0xC5, 0x1E, 0xD5,
    0xBD, 0x2D, 0xAB, 0xBA, 0x9B, 0x6B, 0xD6, 0xB3, 0xE9, 0xDB, 0x76, 0xFF, 0xDA, 0xEA, 0x49, 0x6B,
    0xDD, 0x50, 0x62, 0x38, 0xDA, 0xD6, 0x57, 0xED, 0xB1, 0x8B, 0xDA, 0xAD, 0x09, 0x24, 0xA1, 0xF1,
    0x4F, 0xF8, 0xF2, 0x15, 0xA2, 0xDF, 0xF7, 0x72, 0xA2, 0x7B, 0x5B, 0x19, 0x51, 0xEC, 0xBE, 0x08,
    0xEE, 0x53, 0xA3, 0x46, 0x53, 0xB8, 0x51, 0x61, 0xCF, 0x78, 0x1F, 0x9A, 0x62, 0xA3, 0xEF, 0x20,
    0x76, 0xC6, 0x4D, 0xE2, 0xF8, 0x7E, 0xA6, 0x5F, 0x58, 0x9A, 0x6C, 0xEB, 0xEA, 0x85, 0x94, 0xFD,
    0x3F, 0xE5, 0x94, 0xE6, 0x2D, 0x61, 0xB5, 0x51, 0x05, 0xA4, 0x27, 0x0F, 0xAE, 0xBA, 0xBB, 0x6F,
    0x95, 0x8A, 0xF4, 0x99, 0x3F, 0xEB, 0x17, 0xA5, 0x3A, 0x23, 0x1C, 0x3C, 0x7B, 0x25, 0x78, 0x70,
    0x05, 0xD9, 0xE8, 0x2E, 0xE6, 0xF2, 0x1E, 0x7D, 0x4B, 0xB2, 0xC0, 0xB3, 0x67, 0x7A, 0xF6, 0x54,
    0xCF, 0xEA, 0x9E, 0xF5, 0x37, 0x73, 0x4F, 0xB2, 0xA6, 0x44, 0xD4, 0xCC, 0x26, 0xBD, 0xF3, 0xF7,
    0x7E, 0x6A, 0xB7, 0xAB, 0x37, 0xEF, 0x49, 0x3E, 0xF9, 0xA5, 0x44, 0xCD, 0x60, 0x1B, 0xD1, 0x59,
    0x7B, 0x6A, 0x98, 0xEB, 0xA9, 0x9B, 0xF6, 0x54, 0xBF, 0x67, 0xC3, 0xCB, 0xE7, 0x2C, 0x4D, 0x7A,
    0x96, 0x2E, 0x42, 0x3B, 0x50, 0xFE, 0x44, 0x83, 0x9F, 0xE5, 0xCA, 0xC4, 0x38, 0x9D, 0xA9, 0xAA,
    0x4A, 0x19, 0x7E, 0x11, 0x07, 0x63, 0x9C, 0xC5, 0x8C, 0x0A, 0x0C, 0xF2, 0x7D, 0x37, 0x7C, 0x3B,
    0x9E, 0x32, 0xD5, 0x48, 0xB6, 0x0C, 0x7F, 0xD0, 0x17, 0x23, 0xFF, 0x5A, 0x0F, 0x4D, 0x15, 0x75,
    0x1D, 0x16, 0x1F, 0xC6, 0x39, 0x3C, 0x18, 0xE7, 0x30, 0xDA, 0x8B, 0x73, 0xA6, 0x7D, 0x17, 0xE7,
    0xB8, 0x40, 0x9C, 0xB9, 0xAD, 0x58, 0x4F, 0x97, 0x9E, 0x9D, 0xF4, 0xF3, 0x43, 0xB5, 0x32, 0x62,
    0x96, 0x57, 0x59, 0x7E, 0x81, 0x07, 0x57, 0x28, 0x85, 0x82, 0x05, 0x20, 0x7D, 0x25, 0xDF, 0xAD,
    0x95, 0xB7, 0x1E, 0x67, 0x53, 0x3A, 0x9B, 0xA6, 0x64, 0x4A, 0x0A, 0xBD, 0xC1, 0xB3, 0x00, 0x2C,
    0x75, 0x82, 0xA4, 0xA3, 0x4C, 0x47, 0xE5, 0x1D, 0x55, 0x76, 0x8E, 0xB6, 0x3B, 0xC7, 0x2E, 0xC2,
    0xDD, 0x0E, 0x2A, 0x94, 0x64, 0x59, 0xA2, 0xED, 0x9E, 0x24, 0xD2, 0x43, 0x4D, 0xAD, 0xCD, 0x19,
    0xD5, 0x9F, 0x32, 0x6A, 0x5D, 0x19, 0x05, 0xA7, 0x15, 0xEF, 0x6A, 0x01, 0xC5, 0xB9, 0xFD, 0xEA,
    0x7D, 0x2D, 0xDC, 0x5D, 0x2C, 0x47, 0x44, 0x52, 0x45, 0x9F, 0x97, 0xF2, 0x78, 0x83, 0x77, 0x8B,
    0xFD, 0x8D, 0x52, 0x4B, 0x11, 0x48, 0x06, 0x67, 0x09, 0x2E, 0xD0, 0xB6, 0xC1, 0x13, 0xAA, 0xA1,
    0xEA, 0xA1, 0xAE, 0x08, 0xA9, 0x75, 0x49, 0x94, 0x0C, 0xB0, 0x27, 0xEA, 0xB4, 0xB6, 0xD6, 0x30,
    0xDF, 0xAE, 0xD3, 0xAD, 0x0F, 0x31, 0xD0, 0x46, 0xEA, 0xCB, 0xC8, 0x13, 0x14, 0x8A, 0xDE, 0x93,
    0x4F, 0xB3, 0xAF, 0x60, 0x8F, 0xF3, 0x20, 0x02, 0x37, 0x8C, 0x13, 0x89, 0x6A, 0x3A, 0xB9, 0xC6,
    0xF8, 0x91, 0x2D, 0x96, 0x39, 0x16, 0x8F, 0x67, 0x1A, 0x05, 0x0A, 0x6B, 0x4F, 0x3E, 0x8B, 0xBD,
    0x26, 0xCF, 0xCA, 0xF2, 0x39, 0xBB, 0xDD, 0xEB, 0x59, 0x59, 0xBD, 0x61, 0xF5, 0x1A, 0x6A, 0xEC,
    0xA3, 0xDF, 0x5A, 0xF5, 0xF7, 0x1F, 0x5A, 0x75, 0xEB, 0x25, 0x8B, 0x0C, 0x22, 0x9F, 0xA1, 0xF5,
    0x8B, 0xC0, 0x25, 0xDF, 0x10, 0xEC, 0xF7, 0xEB, 0xFF, 0xBB, 0x7E, 0xAF, 0xA2, 0x26, 0xEB, 0x8A,
    0x1A, 0x7B, 0x08, 0x87, 0xEF, 0x19, 0xE7, 0x3C, 0x46, 0x3D, 0x8E, 0x85, 0x39, 0x10, 0x8B, 0x20,
    0xD3, 0x69, 0xA5, 0x07, 0x22, 0x83, 0x35, 0x49, 0x97, 0x05, 0x15, 0x15, 0x24, 0xFC, 0x83, 0x9C,
    0x0B, 0xCB, 0x92, 0x71, 0x49, 0xDC, 0x9D, 0x67, 0x9D, 0x71, 0x9A, 0xD5, 0xB8, 0x79, 0xA3, 0x14,
    0x29, 0x62, 0xC9, 0x5A, 0xD5, 0x7B, 0x21, 0xA2, 0xB6, 0x58, 0xCC, 0x46, 0x14, 0x8F, 0xE8, 0x48,
    0x6A, 0xC8, 0x07, 0x73, 0x1A, 0x24, 0x90, 0x06, 0xF5, 0xA8, 0x69, 0x17, 0x4F, 0x0B, 0x1C, 0x13,
    0x64, 0x1F, 0x9E, 0x3A, 0x0E, 0x4F, 0x18, 0x81, 0x27, 0xA2, 0x4F, 0xA4, 0x25, 0x26, 0x14, 0x0B,
    0xFB, 0x19, 0xE2, 0xC6, 0xEB, 0xAC, 0x2A, 0x0E, 0xD1, 0x6E, 0x5E, 0x61, 0xFD, 0x4F, 0xC7, 0xAE,
    0x67, 0x2D, 0x60, 0xC5, 0x4F, 0xF7, 0x51, 0x6A, 0x1F, 0xF7, 0xE7, 0xDE, 0x17, 0x38, 0x9C, 0xA5,
    0x57, 0x41, 0xCD, 0xF6, 0x75, 0x84, 0x75, 0x2C, 0xA1, 0xA5, 0xD4, 0x92, 0xC5, 0x98, 0x53, 0x08,
    0x3A, 0x62, 0x1F, 0xBE, 0x3C, 0xDA, 0x6E, 0x0E, 0xB6, 0x12, 0x07, 0x48, 0x00, 0xD1, 0x6C, 0x1B,
    0x3C, 0x57, 0xE6, 0x6E, 0xE9, 0x8F, 0xB6, 0x58, 0x7D, 0x38, 0x5D, 0xAA, 0x0F, 0x53, 0xAB, 0x56,
    0xE1, 0x2B, 0xE6, 0xD5, 0xC6, 0x62, 0xE2, 0x8B, 0x44, 0x9E, 0x00, 0xEF, 0xB4, 0x04, 0xAA, 0xAA,
    0x3D, 0x2A, 0x9F, 0xE2, 0xD1, 0x49, 0xEA, 0x52, 0xFA, 0x63, 0x57, 0x51, 0x3D, 0xB3, 0xBD, 0xD2,
    0x4B, 0x90, 0x03, 0x0A, 0x57, 0x2A, 0xC2, 0x96, 0xA4, 0xFA, 0x31, 0x29, 0x10, 0xA4, 0x72, 0x2F,
    0xB7, 0xE3, 0x8A, 0x00, 0xA1, 0x7E, 0x03, 0xD4, 0xFE, 0x5F, 0x22, 0x0B, 0x20, 0xC6, 0x98, 0x6D,
    0x01, 0x25, 0xDE, 0x21, 0x94, 0x0C, 0x80, 0x92, 0x0F, 0x80, 0x92, 0x1F, 0x8D, 0x51, 0x52, 0x00,
    0x25, 0x76, 0x8C, 0x12, 0x74, 0xA6, 0x18, 0xDD, 0x6B, 0x81, 0xF7, 0x77, 0x2F, 0x1C, 0x45, 0x1B,
    0xD6, 0xDF, 0x64, 0x2D, 0x65, 0x20, 0xA0, 0x6A, 0xD4, 0xA5, 0x05, 0x61, 0x5C, 0x6C, 0x62, 0x86,
    0x83, 0xFB, 0x1C, 0x64, 0xBB, 0x4D, 0x0E, 0x50, 0xD8, 0x33, 0x0B, 0x9B, 0x36, 0x5D, 0xB1, 0x83,
    0x9E, 0x1D, 0xCE, 0xD9, 0x54, 0x2C, 0x5C, 0x6D, 0x5C, 0x7A, 0x18, 0xE2, 0x13, 0x96, 0x74, 0x46,
    0xDA, 0xB1, 0x57, 0xDA, 0xCB, 0x07, 0x6B, 0xD9, 0xD0, 0xBD, 0x37, 0x7A, 0xCE, 0xB5, 0x30, 0x74,
    0x2D, 0xBB, 0xB3, 0x9A, 0x0F, 0xB7, 0xB2, 0x54, 0x12, 0xB4, 0x82, 0x20, 0xE2, 0xD3, 0xCB, 0xE5,
    0x4B, 0x5B, 0x45, 0x28, 0xF9, 0x44, 0x15, 0xF9, 0x95, 0x03, 0x69, 0xBA, 0x98, 0x1F, 0xC8, 0xD9,
    0x41, 0x79, 0x3E, 0x42, 0x0C, 0xD0, 0x4D, 0x90, 0xC3, 0x5A, 0xDD, 0xDF, 0x41, 0xB4, 0xDB, 0x71,
    0x5C, 0x5A, 0x3D, 0x61, 0xF2, 0x1F, 0x54, 0x75, 0xC8, 0x8E, 0x44, 0x2E, 0x6C, 0x4F, 0xD6, 0x2E,
    0xB5, 0x90, 0xBE, 0x97, 0x6D, 0x78, 0xFF, 0x3A, 0xBC, 0xA5, 0x06, 0xC0, 0x48, 0x8D, 0x92, 0x01,
    0xB4, 0x49, 0xF8, 0xFF, 0x31, 0x83, 0xD3, 0xE9, 0x48, 0x3D, 0xF9, 0xBB, 0x42, 0xC9, 0x2F, 0x4F,
    0x7A, 0xA5, 0xFE, 0x18, 0xD1, 0xB1, 0x74, 0xE4, 0x37, 0xEE, 0x6D, 0x6D, 0xF6, 0x47, 0x1C, 0x5E,
    0xE5, 0x78, 0x83, 0xD3, 0x87, 0x96, 0x27, 0x29, 0x4D, 0xEE, 0x00, 0x2A, 0x7F, 0x34, 0x81, 0xA9,
    0x41, 0xBA, 0xD3, 0x37, 0x83, 0xBE, 0x89, 0xFB, 0x2E, 0xFE, 0x2D, 0x89, 0xAE, 0xF1, 0x35, 0xC7,
    0x23, 0x4E, 0x05, 0xF1, 0x16, 0xAC, 0xAB, 0x16, 0x80, 0x33, 0x9C, 0x66, 0xAC, 0xB3, 0xF5, 0x9C,
    0x48, 0x85, 0xF9, 0x34, 0x62, 0x52, 0x09, 0xD4, 0x38, 0xC5, 0xE7, 0x44, 0x44, 0xD0, 0x48, 0xC7,
    0x8C, 0x34, 0xA6, 0xA4, 0xFD, 0xBF, 0x42, 0x43, 0x73, 0xC3, 0x38, 0x2A, 0x75, 0x00, 0x7B, 0x44,
    0x44, 0x95, 0xC3, 0xFE, 0xED, 0x1B, 0x7D, 0x25, 0x6B, 0x95, 0x6E, 0x96, 0xC1, 0x83, 0x79, 0x74,
    0xEC, 0xEE, 0x62, 0x56, 0xD5, 0x81, 0xF3, 0xCB, 0xFD, 0x3C, 0xF7, 0x88, 0x08, 0xB9, 0xE2, 0xBE,
    0xB1, 0x5B, 0xE2, 0x48, 0x67, 0x2C, 0x54, 0xE1, 0x40, 0x53, 0xB5, 0x7B, 0x73, 0xC9, 0x33, 0x21,
    0xEE, 0x21, 0x4F, 0x5A, 0x9B, 0x10, 0x7C, 0x7D, 0x58, 0x76, 0x1D, 0x85, 0x0B, 0x4B, 0x12, 0x80,
    0xD3, 0x11, 0x91, 0x7E, 0x7D, 0xF3, 0x7A, 0x9A, 0x94, 0xA8, 0x04, 0x52, 0x8A, 0x80, 0x8E, 0x66,
    0xF9, 0x59, 0x20, 0x72, 0x40, 0x80, 0x0E, 0x77, 0x69, 0xCA, 0x01, 0xD3, 0x72, 0x60, 0x71, 0x0B,
    0x92, 0x9E, 0x03, 0x6E, 0x8A, 0x8E, 0xFE, 0x58, 0x7B, 0xC0, 0x37, 0xCE, 0x28, 0x8E, 0xC8, 0xCB,
    0xBF, 0x20, 0x68, 0x9D, 0xC9, 0xDD, 0x57, 0xCD, 0xCE, 0xAD, 0xF3, 0x29, 0x9F, 0x0F, 0xA7, 0x8D,
    0x23, 0x7A, 0x0E, 0xBE, 0x9E, 0x9C, 0xEE, 0x99, 0xAF, 0xAD, 0x99, 0xE7, 0x24, 0xD2, 0x60, 0xC0,
    0x88, 0xFC, 0xAF, 0x7C, 0x2E, 0xAE, 0xDA, 0xA3, 0xF5, 0xAF, 0x6E, 0xAA, 0x0B, 0xAB, 0xCA, 0xCE,
    0x04, 0xC0, 0xA4, 0xE3, 0x0C, 0xF4, 0xD8, 0xC5, 0xFF, 0xC0, 0x85, 0x40, 0x57, 0x43, 0x5C, 0x03,
    0x07, 0xE3, 0x22, 0x4E, 0xD2, 0xDC, 0xDA, 0x34, 0x0F, 0x93, 0x89, 0x32, 0xE4, 0x90, 0x82, 0xAC,
    0x7B, 0x05, 0x99, 0xCB, 0x43, 0x77, 0x17, 0x51, 0x20, 0x8D, 0x4D, 0x5E, 0xEA, 0xCE, 0xDC, 0x93,
    0x77, 0x07, 0xBD, 0x3E, 0xE4, 0x8E, 0xBC, 0x8B, 0x8F, 0x98, 0xC4, 0x57, 0x30, 0x68, 0x4A, 0x12,
    0x82, 0x87, 0x37, 0x46, 0x4B, 0x34, 0x0B, 0xBC, 0x8C, 0x05, 0x7F, 0xC7, 0x0B, 0x23, 0xD0, 0xF2,
    0x84, 0xCC, 0xD3, 0xF7, 0xC8, 0x6D, 0x82, 0xD6, 0x4B, 0x5D, 0xBE, 0xA0, 0xB9, 0xD2, 0xDC, 0xD7,
    0x69, 0x5F, 0xEB, 0x4A, 0x4F, 0xFC, 0xBB, 0x4B, 0x27, 0x60, 0x5E, 0x90, 0xAE, 0xAF, 0x68, 0xC7,
    0x5C, 0x0D, 0x24, 0xEE, 0xA4, 0x44, 0x2D, 0x94, 0xBE, 0x97, 0x2F, 0x5D, 0xF0, 0xEE, 0xA0, 0x2B,
    0x0E, 0x36, 0xC5, 0x1B, 0xDC, 0x8F, 0xBD, 0xC1, 0x77, 0xB4, 0x37, 0x50, 0xBA, 0x7E, 0x6E, 0xB3,
    0x6E, 0x3A, 0xA0, 0x3A, 0x70, 0xA2, 0x5A, 0xFD, 0x95, 0x42, 0x0F, 0x47, 0xB1, 0xA4, 0x7C, 0x76,
    0xF7, 0x10, 0xA3, 0x1C, 0xDC, 0xA0, 0x67, 0xDB, 0x5A, 0x5F, 0xD4, 0x7E, 0xAE, 0xC7, 0xDB, 0x2A,
    0x77, 0xE5, 0x83, 0xC6, 0xD1, 0x04, 0x80, 0x8B, 0x13, 0x52, 0xFC, 0xF3, 0x88, 0x46, 0xEE, 0xDA,
    0xA4, 0x00, 0x58, 0xD5, 0x86, 0x5E, 0xC7, 0xE7, 0x9C, 0xE2, 0x85, 0x0A, 0x77, 0x2E, 0x49, 0x5A,
    0x20, 0xD1, 0xC6, 0x35, 0x65, 0x5A, 0x95, 0x4A, 0x94, 0x0A, 0xA0, 0x3A, 0x6A, 0xD5, 0x6B, 0x99,
    0xE2, 0x8D, 0xF9, 0x4F, 0x5D, 0xEB, 0x1C, 0x7B, 0x7E, 0xB7, 0xC0, 0xDD, 0x09, 0x7C, 0xE4, 0xC2,
    0xDB, 0x04, 0x74, 0x44, 0xB2, 0x46, 0xB5, 0x68, 0xE9, 0xB5, 0x66, 0x49, 0xD7, 0x89, 0x9B, 0xA8,
    0x39, 0xAF, 0xEF, 0xB4, 0x59, 0x36, 0x05, 0xF3, 0xF8, 0x9E, 0x82, 0x8A, 0x0E, 0x73, 0x84, 0xDF,
    0x2B, 0xF0, 0x4F, 0x0B, 0xEB, 0x58, 0xBA, 0xB8, 0x7B, 0x69, 0xE7, 0x69, 0xAD, 0x70, 0xD7, 0xF9,
    0xEB, 0x1C, 0xEE, 0xC2, 0xE3, 0x11, 0x5C, 0x2E, 0x76, 0x7D, 0xDE, 0x55, 0x24, 0xB8, 0x3E, 0xF7,
    0x08, 0xE7, 0x7B, 0x8D, 0x96, 0xE8, 0x38, 0x2A, 0x01, 0x05, 0xFD, 0x45, 0xFC, 0x3F, 0xF0, 0x16,
    0x94, 0x63, 0xD0, 0xE2, 0x62, 0xA2, 0xD7, 0x85, 0xFC, 0x9F, 0xD4, 0xE4, 0xC8, 0x7B, 0xDA, 0x98,
    0x67, 0x7F, 0x58, 0x38, 0x06, 0xE6, 0x34, 0xD5, 0x25, 0x07, 0xAA, 0x60, 0xF5, 0x4E, 0xCE, 0xAD,
    0x8C, 0xAA, 0x41, 0x41, 0xB8, 0xBA, 0xD1, 0x6C, 0x1B, 0x8D, 0xB0, 0x7C, 0x86, 0x7C, 0x24, 0x0E,
    0x48, 0x66, 0x00, 0x9A, 0x07, 0xAB, 0x77, 0x78, 0x38, 0x27, 0x20, 0x23, 0xD7, 0x7E, 0xEE, 0x33,
    0x48, 0x99, 0x81, 0xE9, 0xB1, 0x9E, 0x80, 0x82, 0xC3, 0xC1, 0xCC, 0xF0, 0xBD, 0x0E, 0x93, 0x72,
    0x7C, 0x0F, 0x17, 0x37, 0xEF, 0xCE, 0xE3, 0x31, 0x4B, 0x7F, 0x28, 0x10, 0x2B, 0xEE, 0xB6, 0x79,
    0x87, 0xA8, 0x92, 0xCE, 0x68, 0xF8, 0x2B, 0x92, 0x1E, 0x83, 0x71, 0x4C, 0x25, 0x77, 0xE5, 0xF6,
    0x4E, 0xB4, 0x24, 0x37, 0x37, 0xFF, 0x81, 0x70, 0x1F, 0xF7, 0xD7, 0xFE, 0x86, 0xB7, 0x6E, 0xA4,
    0xEF, 0x60, 0x1F, 0x5C, 0xA3, 0xDC, 0x2E, 0x8D, 0xB4, 0xDE, 0xEC, 0x7F, 0xB5, 0x99, 0xBF, 0x53,
    0xDC, 0x46, 0x14, 0xC7, 0x9F, 0x24, 0x83, 0x26, 0xA8, 0x10, 0x85, 0x53, 0xC4, 0x19, 0x47, 0x29,
    0x5C, 0xD0, 0x04, 0xFD, 0x03, 0xE1, 0xA4, 0x99, 0x94, 0x29, 0x7C, 0x99, 0x49, 0x6F, 0x0A, 0x0A,
    0xFF, 0x01, 0x2E, 0x52, 0xF8, 0x38, 0xCD, 0xB8, 0x48, 0xE1, 0x02, 0xCF, 0xE4, 0x0F, 0x08, 0x45,
    0x0A, 0x0F, 0x14, 0xB8, 0x70, 0x41, 0x01, 0x9C, 0xBA, 0x14, 0x2E, 0x2C, 0x8F, 0x8B, 0xB4, 0x1A,
    0x3B, 0x15, 0x8D, 0x95, 0x58, 0x89, 0x95, 0x41, 0xDC, 0xE6, 0xFB, 0xDE, 0xEA, 0x7E, 0x91, 0x53,
    0x90, 0x0C, 0x27, 0xB4, 0xC7, 0xB1, 0x5A, 0xBD, 0xFD, 0xE8, 0xBD, 0xFD, 0x3E, 0xED, 0x2E, 0xE4,
    0x46, 0x44, 0x6E, 0x42, 0xE4, 0x67, 0x44, 0x01, 0x4A, 0x2F, 0x27, 0x3A, 0x2A, 0x89, 0x8A, 0x23,
    0x32, 0xB2, 0x0E, 0x59, 0x59, 0x40, 0x96, 0x52, 0xA1, 0xA3, 0x54, 0xE4, 0x9E, 0x1E, 0xC4, 0x5E,
    0xE4, 0x24, 0x7E, 0x68, 0xA7, 0xA8, 0x45, 0x63, 0x1C, 0x76, 0x88, 0xFB, 0x63, 0x5D, 0xF0, 0xDD,
    0x51, 0x61, 0xA0, 0x92, 0xC1, 0x7E, 0x76, 0xDF, 0xCA, 0xBC, 0xB3, 0xAC, 0xAF, 0xB2, 0xE1, 0x7E,
    0x56, 0x5A, 0xD9, 0xF0, 0x20, 0x1B, 0xA8, 0xCC, 0xFB, 0x5B, 0x6E, 0x7A, 0x40, 0x54, 0xCA, 0x89,
    0x2F, 0x3E, 0xEE, 0xEB, 0xA3, 0xF6, 0x4B, 0x14, 0x13, 0xC5, 0xC1, 0xDF, 0x2B, 0xA4, 0x0F, 0x37,
    0xD4, 0xD7, 0x83, 0x54, 0xB7, 0x39, 0x46, 0x29, 0x0A, 0x70, 0x95, 0xE8, 0xBD, 0x47, 0x56, 0xDA,
    0x41, 0x7F, 0x8A, 0x5C, 0xF0, 0x79, 0x60, 0xF3, 0x43, 0x37, 0x0E, 0xC8, 0x4E, 0xB7, 0x99, 0x6D,
    0x8B, 0xAC, 0x21, 0xD9, 0x3F, 0x13, 0x79, 0x78, 0x26, 0xA2, 0x9C, 0xED, 0x35, 0x80, 0xB3, 0xE0,
    0x0A, 0xB8, 0x64, 0x09, 0x77, 0xF9, 0xF0, 0x4C, 0x1F, 0x3D, 0xE7, 0x39, 0x19, 0x4F, 0xB6, 0x34,
    0x91, 0x07, 0xA2, 0x80, 0x89, 0xD0, 0x6C, 0x80, 0xE6, 0xC3, 0x8C, 0x8C, 0xBC, 0x00, 0x38, 0x88,
    0xD2, 0x1E, 0xD9, 0x49, 0x87, 0x69, 0x84, 0xC8, 0xDF, 0x3B, 0x00, 0x8D, 0x1B, 0x6F, 0x83, 0xE8,
    0x58, 0xBC, 0xB5, 0x41, 0x74, 0x48, 0xDF, 0x65, 0x46, 0xC9, 0x68, 0xEE, 0x4E, 0x78, 0x6B, 0x39,
    0x6A, 0x06, 0xF5, 0x10, 0xCD, 0xD6, 0x89, 0x96, 0xE0, 0x8F, 0xEB, 0x86, 0xB2, 0x63, 0x32, 0x53,
    0xEA, 0xE6, 0xED, 0xA1, 0x9C, 0x48, 0x07, 0x66, 0x8D, 0x03, 0x97, 0x92, 0xF3, 0x63, 0x44, 0xDE,
    0x2B, 0xA2, 0x4E, 0x26, 0x63, 0x87, 0xBA, 0x37, 0xAB, 0x18, 0xA2, 0x99, 0xC7, 0xE3, 0x2B, 0x9D,
    0x8C, 0xAF, 0x92, 0xC7, 0xD7, 0x43, 0x00, 0xF2, 0xF8, 0xF2, 0xC9, 0x06, 0x98, 0x5B, 0x8D, 0x2F,
    0x8C, 0xAD, 0x84, 0xC7, 0x96, 0xC4, 0xD0, 0x14, 0x28, 0xF3, 0x2E, 0xBB, 0xAE, 0x78, 0x66, 0x9D,
    0x93, 0xD3, 0x9C, 0xAF, 0xF3, 0x15, 0x91, 0x42, 0x3F, 0xBB, 0x5D, 0x22, 0xBE, 0xC5, 0x45, 0xFF,
    0x1D, 0x1E, 0xDB, 0x70, 0x66, 0xF7, 0xD3, 0x8A, 0x2D, 0xD6, 0xF5, 0x32, 0xF6, 0x71, 0xAD, 0xC7,
    0xA3, 0x12, 0xEC, 0x45, 0x87, 0xCC, 0x9C, 0x29, 0xBC, 0x10, 0x6C, 0x11, 0xC6, 0x58, 0xEC, 0x9E,
    0xEE, 0x27, 0x5E, 0xC4, 0x6A, 0x30, 0x51, 0x8C, 0xC2, 0x7E, 0x1D, 0xB9, 0x2A, 0xFC, 0x64, 0x89,
    0x68, 0x93, 0x5A, 0xFB, 0x6E, 0xB9, 0xEA, 0x9B, 0xFD, 0x71, 0x54, 0xC0, 0xC4, 0x9D, 0x89, 0xAF,
    0xAE, 0x51, 0x8B, 0xD3, 0x68, 0x2B, 0x66, 0xD8, 0x2C, 0xAC, 0xB3, 0xEA, 0x64, 0xDD, 0x20, 0xB8,
    0x64, 0xC5, 0x9A, 0x30, 0xFB, 0x5A, 0x22, 0x47, 0xFD, 0x42, 0x47, 0x75, 0x26, 0xC2, 0x23, 0xEA,
    0xA2, 0x8A, 0x70, 0x6F, 0x26, 0xC2, 0xDA, 0x8B, 0x4C, 0xAD, 0x89, 0xE1, 0xC9, 0x9C, 0xC5, 0xB9,
    0xA1, 0xC7, 0x37, 0xF9, 0x56, 0xEC, 0x7F, 0x1B, 0xC3, 0xA9, 0xE6, 0x3F, 0xCD, 0xB4, 0xBA, 0x41,
    0x22, 0x6E, 0xC9, 0x12, 0x0B, 0x60, 0x43, 0x22, 0x62, 0xB7, 0xE6, 0x1F, 0xC5, 0xC6, 0xE2, 0xE0,
    0x3E, 0x59, 0x1C, 0x06, 0x0A, 0x64, 0x46, 0xC6, 0x02, 0xFC, 0x77, 0x88, 0x01, 0x41, 0xE6, 0x8E,
    0x38, 0x02, 0x66, 0x57, 0x5B, 0x90, 0xF6, 0x35, 0xE9, 0xCD, 0xCF, 0x90, 0x34, 0x4E, 0x88, 0xFE,
    0x28, 0x68, 0x7C, 0xC0, 0x36, 0xE5, 0xDB, 0xA0, 0x04, 0xC5, 0xE7, 0xE9, 0x44, 0x2B, 0xDE, 0x45,
    0xAD, 0x1C, 0x4B, 0x3B, 0x56, 0x04, 0x28, 0x59, 0x2B, 0xE8, 0x59, 0x25, 0xD0, 0x4A, 0xEA, 0x87,
    0x9A, 0x10, 0x56, 0x4A, 0xFB, 0x75, 0xEC, 0x0E, 0x22, 0xD6, 0x0A, 0xCC, 0x38, 0xB1, 0x7B, 0x37,
    0xB6, 0x55, 0x68, 0x9C, 0x37, 0xF3, 0x64, 0x2B, 0x8F, 0x1D, 0xA3, 0x47, 0xAD, 0x93, 0x59, 0x8F,
    0x39, 0x13, 0x8F, 0xCD, 0xD1, 0x49, 0xD0, 0x36, 0xBA, 0xB3, 0x22, 0x51, 0xAA, 0xC4, 0x39, 0xDC,
    0x7B, 0x5A, 0x8E, 0xEA, 0x94, 0x2A, 0x70, 0x0E, 0xF7, 0x7E, 0x19, 0xD7, 0xE0, 0x2A, 0xDA, 0xF4,
    0x39, 0x21, 0xCD, 0xDC, 0xEB, 0xA8, 0x28, 0x50, 0xD9, 0x60, 0x3F, 0x2F, 0xA9, 0x1C, 0xD9, 0xC1,
    0x5D, 0x4F, 0x07, 0xFB, 0x05, 0xEA, 0x71, 0xF5, 0xA2, 0x20, 0x15, 0x02, 0x1E, 0x9B, 0x8F, 0x62,
    0x7E, 0x4F, 0x22, 0x4A, 0x6B, 0x7C, 0xBD, 0x1D, 0x80, 0xBC, 0x18, 0x9D, 0x8B, 0x2F, 0xC6, 0x4B,
    0x30, 0xEC, 0x37, 0x89, 0xAB, 0x62, 0x6F, 0x50, 0x49, 0xAD, 0x55, 0x8F, 0xCE, 0xDB, 0xC4, 0x53,
    0xB1, 0x3F, 0x08, 0x9B, 0x74, 0x84, 0xA0, 0xA2, 0x19, 0x62, 0xBE, 0x5A, 0x88, 0x15, 0x0C, 0x6F,
    0x72, 0x5E, 0xC4, 0xB4, 0x62, 0x3E, 0x19, 0xF5, 0x2C, 0x05, 0xD6, 0xF9, 0xF2, 0xB8, 0xA0, 0x73,
    0x29, 0x30, 0x37, 0x53, 0xCF, 0xED, 0xB8, 0xBD, 0x76, 0x3D, 0x3C, 0xC6, 0x32, 0xE9, 0xE6, 0x9C,
    0x18, 0xC5, 0xB6, 0xBB, 0x13, 0xD1, 0x2D, 0x53, 0xDC, 0xCC, 0x70, 0x04, 0x0A, 0x02, 0x1E, 0xEE,
    0x2D, 0xA7, 0xFA, 0x62, 0x9B, 0x4F, 0x51, 0x5F, 0xC8, 0x75, 0xC1, 0xB4, 0xA0, 0x85, 0x8C, 0x56,
    0x0F, 0x71, 0x05, 0x76, 0x80, 0xA8, 0x09, 0xDB, 0xC5, 0x02, 0x46, 0x90, 0x1D, 0xBA, 0x87, 0x86,
    0x18, 0x01, 0x8B, 0x46, 0x69, 0xE0, 0xA5, 0x29, 0xE1, 0x1F, 0x3E, 0x34, 0xCE, 0x57, 0xAD, 0x77,
    0xE4, 0x3E, 0x8E, 0x97, 0x8C, 0xB0, 0x86, 0x21, 0xC7, 0x39, 0xDC, 0xDB, 0x9D, 0xC3, 0x60, 0x4C,
    0xBD, 0x64, 0xCB, 0xE7, 0xD5, 0x8B, 0xAC, 0x19, 0x86, 0x25, 0xA3, 0x62, 0x05, 0xC2, 0xBE, 0x0F,
    0x8B, 0x64, 0xBD, 0x0B, 0x9D, 0x5F, 0xC1, 0xD0, 0x6D, 0xEB, 0x07, 0xFB, 0x2D, 0xD4, 0x17, 0x73,
    0x82, 0xD8, 0xA2, 0xD6, 0xAE, 0xD8, 0xA4, 0x2A, 0x04, 0x3B, 0xD1, 0x8A, 0xDC, 0x72, 0x15, 0x3D,
    0x8E, 0xAD, 0xB9, 0x2F, 0x9B, 0xC7, 0x62, 0xC6, 0x82, 0x1F, 0xF7, 0xB3, 0x3B, 0x99, 0x99, 0x39,
    0xB1, 0x7E, 0xCB, 0xFF, 0xDF, 0xCF, 0x72, 0x18, 0xA4, 0x3F, 0x64, 0x06, 0xDA, 0x3A, 0x61, 0x5D,
    0xDB, 0x72, 0xF6, 0xA0, 0x07, 0x65, 0xF9, 0xA0, 0xA7, 0x7A, 0x34, 0x5D, 0xD7, 0x53, 0xAA, 0x67,
    0xAA, 0x94, 0x3C, 0x75, 0x4E, 0xC1, 0xA9, 0xA2, 0x13, 0x4C, 0x13, 0x4B, 0xD8, 0xAB, 0x2B, 0x7C,
    0x9D, 0xDB, 0x71, 0x7B, 0xBE, 0x4F, 0x8E, 0xDB, 0x95, 0x3E, 0x02, 0xFD, 0x7D, 0xEA, 0xB9, 0x8B,
    0x92, 0xB3, 0xAB, 0x3E, 0x0B, 0xD4, 0xCC, 0xCF, 0x4C, 0x7D, 0xD4, 0x40, 0x1C, 0xB4, 0x5B, 0x4D,
    0xE4, 0xDD, 0xC9, 0x44, 0xFE, 0x4A, 0x6C, 0xF3, 0x27, 0xF2, 0x97, 0xC2, 0xC9, 0x3B, 0x82, 0xE8,
    0xC6, 0x86, 0x7E, 0xA2, 0x01, 0xFE, 0xFC, 0x80, 0x37, 0xFA, 0x1B, 0xCC, 0x8D, 0xC3, 0xEE, 0xD5,
    0xA9, 0xA8, 0xA3, 0x53, 0xC9, 0x6A, 0x3E, 0x49, 0x53, 0xB5, 0xA9, 0xA4, 0x90, 0x74, 0x32, 0xF9,
    0x29, 0xA4, 0x7E, 0x9C, 0x4A, 0xE4, 0x99, 0x60, 0xEB, 0xC6, 0xFA, 0x62, 0x58, 0xB1, 0xA6, 0x31,
    0xA6, 0x52, 0xD5, 0x1C, 0x69, 0xD5, 0x39, 0x71, 0x9D, 0xE5, 0x84, 0x38, 0xFE, 0x14, 0xCB, 0x14,
    0x66, 0xFD, 0x0B, 0x84, 0xF9, 0x7B, 0xA2, 0x33, 0x2C, 0x1A, 0xDE, 0xA4, 0x64, 0x46, 0xBB, 0x57,
    0x87, 0xFB, 0x4F, 0xFA, 0x71, 0x5E, 0x86, 0x4D, 0xF9, 0xBA, 0x9B, 0x64, 0x62, 0xB1, 0x63, 0xBD,
    0xA8, 0xE6, 0x05, 0xEC, 0xBC, 0x7E, 0x28, 0x7C, 0xEC, 0x3C, 0x33, 0xDA, 0xBC, 0x32, 0x9F, 0xA4,
    0xA6, 0xE8, 0xB2, 0xD4, 0x54, 0xC3, 0xB7, 0xAE, 0x79, 0x8C, 0x0F, 0x09, 0x59, 0xAF, 0xB2, 0xF1,
    0xF4, 0xEA, 0xBA, 0xA5, 0x3A, 0x9D, 0xB4, 0x56, 0x9A, 0x86, 0x76, 0x56, 0xBC, 0xB2, 0x80, 0x70,
    0x92, 0x6A, 0x6E, 0x25, 0xEF, 0x60, 0x9A, 0xE2, 0xFD, 0xDD, 0x8D, 0x3D, 0x35, 0xC4, 0xEA, 0xFA,
    0x54, 0x1D, 0x30, 0x92, 0x0A, 0xC1, 0x76, 0x4E, 0x0C, 0x58, 0xFF, 0xC1, 0xE8, 0xF2, 0x8C, 0x02,
    0x5F, 0xD1, 0x73, 0x56, 0xF0, 0x43, 0x2D, 0x9F, 0x23, 0xAA, 0xB4, 0xF2, 0x28, 0x0B, 0xD4, 0x7B,
    0xE0, 0x9E, 0x61, 0xC5, 0xAA, 0x12, 0x94, 0xB0, 0x4E, 0x2B, 0xC2, 0x69, 0xC8, 0x54, 0x55, 0xEE,
    0xEE, 0x2C, 0x0A, 0x54, 0xA6, 0x86, 0xA9, 0x76, 0x8C, 0x51, 0xB4, 0x07, 0x95, 0x74, 0x28, 0xF9,
    0x50, 0x12, 0xA2, 0x64, 0x44, 0x31, 0x3A, 0xDE, 0xDC, 0xB8, 0x56, 0xB7, 0x6E, 0x11, 0xAB, 0x48,
    0xD2, 0xA4, 0xAC, 0x89, 0x90, 0x28, 0xE9, 0xF9, 0x88, 0xFA, 0x9B, 0xE6, 0xD4, 0x50, 0x14, 0x56,
    0xDD, 0xBC, 0x0F, 0xC2, 0xE8, 0xF6, 0x8B, 0x78, 0x41, 0xEE, 0xB5, 0xDF, 0x26, 0x84, 0x57, 0x3E,
    0x8D, 0x66, 0x94, 0x6D, 0x5C, 0x7B, 0x9D, 0x7E, 0x1B, 0xCB, 0x49, 0xB4, 0xA4, 0x3F, 0x6E, 0xB7,
    0x0D, 0x75, 0x25, 0xA6, 0xF1, 0x9C, 0x53, 0x84, 0x55, 0x2F, 0xE9, 0x0B, 0x25, 0x3A, 0x06, 0x58,
    0x7F, 0x4F, 0xE1, 0x31, 0xCE, 0x69, 0xB9, 0x46, 0xE2, 0x58, 0x7E, 0xCC, 0x39, 0xED, 0xEC, 0xE4,
    0x1E, 0x30, 0xE7, 0x2D, 0xDC, 0x07, 0x18, 0xB6, 0xF0, 0xAF, 0x81, 0x95, 0x82, 0x6C, 0xA9, 0xB1,
    0x9D, 0x35, 0x6D, 0xFA, 0x4A, 0x6C, 0x5B, 0x64, 0x23, 0x45, 0xDF, 0x93, 0x51, 0x06, 0x05, 0x3E,
    0x13, 0x83, 0x97, 0xC2, 0x5D, 0x48, 0x2F, 0xC1, 0x8C, 0x6A, 0xD1, 0xCF, 0xCB, 0x78, 0xF4, 0xF1,
    0x8E, 0xB3, 0xA1, 0xA2, 0x4B, 0xE3, 0x19, 0xD1, 0x31, 0xE7, 0x11, 0x66, 0x13, 0xB8, 0xCA, 0x73,
    0xD3, 0xA9, 0x25, 0xAF, 0xCC, 0x83, 0x45, 0x97, 0x3F, 0x8B, 0x12, 0xC3, 0x1A, 0x25, 0x29, 0xAD,
    0xBF, 0xB8, 0x1E, 0x4B, 0xD3, 0x8C, 0x40, 0x29, 0xA1, 0xF4, 0xDE, 0x67, 0x64, 0x8B, 0x54, 0x73,
    0xAA, 0x02, 0x49, 0xDB, 0x8B, 0x02, 0xF5, 0x22, 0x9D, 0x0D, 0x78, 0xBB, 0xD1, 0xCC, 0xDA, 0x83,
    0x72, 0x7C, 0x25, 0xC0, 0x3A, 0xC2, 0x12, 0x62, 0xED, 0xD6, 0xB5, 0x45, 0xB8, 0x15, 0xE9, 0x05,
    0x61, 0x97, 0xB8, 0x4B, 0x7A, 0x61, 0xF7, 0x3E, 0xFB, 0x08, 0x6A, 0x4E, 0x2F, 0x56, 0x09, 0xFF,
    0xDA, 0x9C, 0x5E, 0x9C, 0xC7, 0xC9, 0x82, 0xDC, 0xEB, 0xFC, 0x16, 0x71, 0x56, 0xA0, 0xF5, 0x93,
    0xF6, 0x90, 0xD7, 0xE9, 0xB7, 0xBA, 0xF4, 0xD2, 0xCA, 0x69, 0x73, 0xD2, 0x8B, 0xFC, 0xEE, 0x55,
    0x16, 0xBD, 0x70, 0xEC, 0x42, 0xD9, 0x87, 0x89, 0xDC, 0xC4, 0x1D, 0xED, 0x12, 0xC9, 0xFE, 0x0B,
    0x1A, 0x0F, 0x72, 0xBD, 0x53, 0xE2, 0xC5, 0x93, 0x9D, 0x8F, 0x0B, 0x05, 0x43, 0x12, 0x9F, 0x58,
    0x91, 0x8E, 0xC6, 0x63, 0xBD, 0xAE, 0x0F, 0x44, 0xD7, 0x1F, 0x78, 0x83, 0xE4, 0xE4, 0x20, 0x0D,
    0x54, 0xEC, 0x0C, 0x29, 0x08, 0xED, 0x0C, 0xEB, 0x95, 0xC4, 0x19, 0x6D, 0x93, 0x16, 0x55, 0xD7,
    0xFD, 0xAA, 0x6B, 0xDE, 0xD8, 0xAC, 0xE9, 0x7A, 0xDE, 0xA6, 0x4C, 0x93, 0xCE, 0x07, 0xA3, 0xCE,
    0xEB, 0xFE, 0xA9, 0x70, 0x67, 0xEA, 0x9F, 0x0A, 0xCB, 0x23, 0x17, 0xD9, 0x29, 0x5C, 0x84, 0x95,
    0x95, 0x5F, 0x6D, 0xA4, 0x1D, 0x13, 0x4F, 0x92, 0x9A, 0xB8, 0xC8, 0x2C, 0x91, 0xF0, 0x69, 0xD9,
    0x95, 0x09, 0x12, 0xEF, 0x2D, 0xB7, 0xF6, 0x12, 0x6D, 0x6F, 0xC8, 0xB6, 0xB4, 0x71, 0x96, 0xCF,
    0x04, 0x8D, 0xB7, 0xA8, 0x98, 0x09, 0x44, 0xA1, 0xD9, 0x22, 0x68, 0x78, 0x87, 0xFA, 0x8A, 0x64,
    0xD5, 0xDF, 0x0E, 0xE4, 0x5F, 0x7D, 0x50, 0x31, 0x4E, 0xC4, 0x30, 0x10, 0x9C, 0x4B, 0x22, 0x52,
    0xA4, 0xF0, 0x13, 0xFC, 0x02, 0xCE, 0x2F, 0x38, 0xEC, 0x9E, 0x8F, 0xD0, 0xDD, 0x0B, 0x20, 0x91,
    0x78, 0x00, 0xA2, 0xA6, 0xB9, 0x12, 0x85, 0x82, 0x86, 0xF2, 0x74, 0xB6, 0xC4, 0x03, 0xC8, 0x0F,
    0xF0, 0x13, 0x5C, 0xA4, 0x88, 0x90, 0x2F, 0x66, 0xD7, 0x27, 0x41, 0x00, 0x89, 0xF5, 0x58, 0x63,
    0xEF, 0xEE, 0xAC, 0xBD, 0xDB, 0xF7, 0xFD, 0x2E, 0xA5, 0x14, 0x78, 0xF7, 0x7D, 0x9F, 0xB2, 0x2D,
    0x0F, 0x8F, 0x44, 0x91, 0xF7, 0xF2, 0x5C, 0x61, 0x0D, 0x6D, 0x0E, 0x88, 0x79, 0x09, 0x47, 0xAB,
    0x53, 0xA6, 0xC5, 0x06, 0xD5, 0xAF, 0x5B, 0x45, 0xA9, 0x12, 0xBA, 0x35, 0x07, 0xCA, 0xDE, 0x23,
    0x46, 0x86, 0x78, 0x73, 0x8C, 0x3B, 0xA7, 0xB6, 0x5D, 0x4B, 0x79, 0x6B, 0x4E, 0x13, 0xAF, 0x81,
    0x71, 0xEB, 0xD5, 0xE5, 0xD0, 0x4A, 0xB7, 0x11, 0xA6, 0x5A, 0xA1, 0x0C, 0xDF, 0xC8, 0xBF, 0x0C,
    0x4F, 0x1F, 0xBB, 0xA5, 0xF3, 0x0B, 0x45, 0x00, 0x3A, 0x90, 0xFD, 0x23, 0xF9, 0x5B, 0x01, 0x03,
    0x4B, 0x54, 0x67, 0x3D, 0x85, 0x82, 0xF5, 0xAA, 0x7B, 0x39, 0x6F, 0x4C, 0xD4, 0xC2, 0x31, 0xCB,
    0x11, 0x07, 0x8E, 0xB7, 0x47, 0xEA, 0x92, 0x6C, 0xB6, 0xC5, 0xC4, 0x1C, 0x35, 0x4B, 0x99, 0x9B,
    0xE1, 0xC4, 0xF2, 0x7D, 0xAA, 0x67, 0x62, 0x6D, 0x93, 0x4C, 0xCE, 0xCE, 0x37, 0xF3, 0xD6, 0x3E,
    0x78, 0x1D, 0x63, 0x14, 0xA9, 0x0C, 0x67, 0xF7, 0x53, 0x66, 0x7A, 0xF1, 0xC4, 0xB5, 0x3F, 0xB1,
    0x70, 0xB3, 0xB5, 0xCF, 0x1E, 0x34, 0x2D, 0xD6, 0x41, 0x43, 0x46, 0xAA, 0x83, 0x2B, 0x64, 0x8B,
    0x3F, 0x8D, 0x3C, 0x35, 0x14, 0x6C, 0x39, 0xC9, 0x41, 0xB9, 0x7A, 0x5C, 0x1D, 0x49, 0xD0, 0xA0,
    0xE0, 0x2E, 0x26, 0xCC, 0x60, 0x1F, 0xC7, 0x5A, 0x13, 0xE1, 0xF3, 0x30, 0x26, 0x1E, 0x4B, 0xE9,
    0xD1, 0x38, 0x88, 0x8E, 0xA4, 0xB8, 0x00, 0xF6, 0xD9, 0x3D, 0x72, 0xF7, 0xF5, 0x40, 0x3F, 0x80,
    0x34, 0x54, 0x06, 0xD7, 0xC0, 0x27, 0x5D, 0x8F, 0xB1, 0x69, 0x04, 0x31, 0x10, 0x45, 0xE7, 0x56,
    0xC1, 0x05, 0x0E, 0x54, 0x81, 0x51, 0x03, 0xE6, 0xA6, 0x81, 0xBD, 0x95, 0x8A, 0x70, 0x09, 0x0E,
    0x5C, 0x80, 0x03, 0x07, 0x02, 0xBB, 0xAC, 0x0D, 0x0C, 0xDA, 0x12, 0xAE, 0x03, 0xAB, 0x04, 0x05,
    0x3F, 0x10, 0xDC, 0x98, 0xB1, 0x6E, 0x39, 0x2D, 0xC7, 0xEA, 0x83, 0x10, 0xC3, 0x7C, 0xF1, 0x1E,
    0xE7, 0x54, 0x11, 0x7B, 0x52, 0xE5, 0x7C, 0x80, 0x81, 0xC5, 0x0B, 0x3E, 0xA0, 0xA2, 0x7F, 0x04,
    0x82, 0x17, 0x2F, 0x67, 0xF2, 0xD9, 0x0B, 0x8D, 0xEF, 0xA3, 0x17, 0x57, 0x38, 0x27, 0xE0, 0xED,
    0x9A, 0xB5, 0xF6, 0x96, 0x16, 0x2D, 0x87, 0x3C, 0x5C, 0xCC, 0xF2, 0xF4, 0x6D, 0x83, 0x25, 0x4B,
    0x7C, 0xFF, 0xF9, 0x0B, 0x49, 0x30, 0xAA, 0x30, 0xFA, 0x24, 0x09, 0xFF, 0xBC, 0xAE, 0xAD, 0x29,
    0xCE, 0x68, 0x67, 0x8E, 0xA7, 0x48, 0x27, 0x72, 0x64, 0xEF, 0x71, 0x34, 0x51, 0xA4, 0x6B, 0x51,
    0xA9, 0x1B, 0x1B, 0x3F, 0x90, 0xDE, 0xBA, 0x1C, 0x34, 0xFC, 0x06, 0xBB, 0x85, 0x2F, 0xA9, 0x94,
    0x32, 0x14, 0x0E, 0x33, 0x35, 0x1A, 0xB8, 0xC6, 0xFD, 0x39, 0x9A, 0x6A, 0xDA, 0xDD, 0x98, 0x31,
    0xE0, 0x88, 0xE7, 0x9D, 0xD5, 0xDE, 0x49, 0xEB, 0xDE, 0xC8, 0x2C, 0xC7, 0xA5, 0xFB, 0xA8, 0xAC,
    0x36, 0xB5, 0xDB, 0xDC, 0x76, 0x75, 0x73, 0x39, 0xAF, 0x2E, 0x73, 0x9C, 0x1E, 0x55, 0x5C, 0x7B,
    0x47, 0xFA, 0x07, 0x85, 0x92, 0x3D, 0x4F, 0xE4, 0x30, 0x10, 0x86, 0xDF, 0x65, 0xC5, 0x46, 0x10,
    0xA1, 0xE9, 0x69, 0xB6, 0x4F, 0x43, 0x41, 0x71, 0x1D, 0xF6, 0x8F, 0x39, 0xD1, 0x52, 0xD2, 0xE6,
    0x27, 0x50, 0xD2, 0x41, 0x41, 0xB1, 0xCA, 0x16, 0xFE, 0x05, 0x47, 0xAC, 0x6B, 0xAE, 0xC4, 0xFD,
    0x35, 0x91, 0xEE, 0x0A, 0x64, 0x0A, 0x5C, 0x6C, 0xB1, 0x8A, 0x9C, 0x0C, 0x63, 0xB3, 0xBB, 0x7C,
    0x08, 0x89, 0xC8, 0x8F, 0x94, 0xF9, 0x7A, 0x33, 0xE3, 0x0C, 0x2E, 0x81, 0x73, 0x94, 0xAC, 0x15,
    0xBB, 0x5F, 0x0F, 0x21, 0x3E, 0x84, 0xE1, 0x1A, 0xE3, 0x02, 0xE3, 0x4F, 0xF0, 0x69, 0x68, 0x7F,
    0x74, 0x8A, 0x2D, 0x8D, 0x38, 0xB8, 0xC2, 0x91, 0x03, 0xDA, 0x35, 0xA6, 0xCC, 0x28, 0xFB, 0x56,
    0x93, 0xA5, 0x9A, 0x2C, 0xC0, 0x6C, 0x33, 0xC6, 0xD7, 0xF8, 0x6C, 0x1B, 0xDF, 0x68, 0x16, 0x23,
    0x41, 0x76, 0x1A, 0xA8, 0x13, 0x56, 0x42, 0x9C, 0x06, 0xDE, 0x3C, 0xE6, 0xF9, 0xA9, 0xA7, 0x3F,
    0xFF, 0xDE, 0x6C, 0xDF, 0xF6, 0x64, 0x55, 0x10, 0x7D, 0xA1, 0x0C, 0xB9, 0x8E, 0x07, 0x10, 0x73,
    0x4D, 0xDE, 0x88, 0x4E, 0xE1, 0x24, 0x2D, 0x26, 0x8C, 0x5F, 0x3E, 0x66, 0x5F, 0x8A, 0xA5, 0x1C,
    0xF9, 0xFE, 0x67, 0x80, 0x08, 0xC5, 0xE9, 0x54, 0x63, 0x39, 0x44, 0xC5, 0xB1, 0x5D, 0xC6, 0x38,
    0x89, 0x11, 0xDB, 0x33, 0x49, 0x1E, 0xF1, 0x4B, 0x54, 0xB2, 0x15, 0x07, 0x39, 0x55, 0x73, 0x8B,
    0x8B, 0x51, 0xEF, 0x31, 0x77, 0x45, 0xBF, 0x5C, 0x91, 0x9B, 0xAC, 0x65, 0x86, 0xF5, 0x17, 0x83,
    0x2E, 0xC4, 0x5E, 0x97, 0x6E, 0x6F, 0x55, 0xF4, 0x26, 0x48, 0xBE, 0x93, 0x3A, 0xBC, 0x6F, 0x78,
    0xDB, 0xEC, 0x96, 0x6F, 0x1B, 0x3E, 0x4E, 0x5D, 0xBC, 0x32, 0xE3, 0x15, 0xE6, 0x3C, 0x42, 0xF9,
    0x56, 0xDF, 0x63, 0x6E, 0xA3, 0x64, 0xA4, 0x26, 0xE3, 0xAC, 0xA9, 0x23, 0xB1, 0xCD, 0x64, 0x1F,
    0x59, 0x89, 0xD7, 0xAA, 0x69, 0x75, 0xCA, 0x4F, 0x75, 0x5B, 0x8D, 0x8F, 0x7A, 0xFF, 0x45, 0x6F,
    0x10, 0x3D, 0xC6, 0x3D, 0x4E, 0x6A, 0xA9, 0x13, 0xF6, 0x75, 0xD6, 0xDC, 0x71, 0x98, 0xFD, 0x12,
    0xD7, 0xAA, 0xE1, 0x9C, 0x3F, 0xE3, 0x6E, 0xA7, 0x51, 0x35, 0x8D, 0x5C, 0x52, 0x5A, 0x98, 0x1E,
    0x28, 0xC2, 0xE6, 0x9D, 0x35, 0x8A, 0x0E, 0x55, 0x6B, 0xD3, 0x4D, 0x67, 0xA4, 0xDD, 0xD7, 0x81,
    0xC4, 0x8F, 0x69, 0xC8, 0x88, 0x49, 0x56, 0xD3, 0x5F, 0x27, 0x7D, 0xCB, 0x2E, 0xF1, 0x6F, 0x77,
    0xC3, 0x6E, 0x3E, 0x6A, 0x76, 0x15, 0x5B, 0x45, 0xF6, 0x8C, 0xEC, 0x40, 0xCF, 0x32, 0x55, 0xA0,
    0x51, 0x13, 0xA7, 0x8B, 0x94, 0xCD, 0xF1, 0xC6, 0xC9, 0x16, 0x74, 0x79, 0x13, 0x76, 0x94, 0xDD,
    0x66, 0xB3, 0xB4, 0xF1, 0x77, 0xF2, 0x23, 0x42, 0xC6, 0xF8, 0xDB, 0xFC, 0xCD, 0x17, 0x63, 0x74,
    0x60, 0x60, 0xE0, 0x6F, 0x60, 0x60, 0xB0, 0x67, 0x60, 0x60, 0xD8, 0xFF, 0xFF, 0xFF, 0x81, 0xFF,
    0x40, 0x0C, 0xA2, 0xF5, 0x19, 0x20, 0xE2, 0x20, 0xC0, 0xF4, 0x80, 0x81, 0xFB, 0x0F, 0x83, 0xFD,
    0x7F, 0x20, 0x72, 0x50, 0xFE, 0xE4, 0xC0, 0xFC, 0x81, 0x01, 0x2B, 0x62, 0x60, 0x08, 0x00, 0xE2,
    0x3D, 0x40, 0x6C, 0xC7, 0x00, 0x34, 0xA6, 0xE1, 0x3F, 0xC4, 0x38, 0x07, 0x10, 0x9F, 0x81, 0xE1,
    0x0F, 0xD8, 0x28, 0x5C, 0x7A, 0x8D, 0x3F, 0x39, 0x00, 0x0D, 0x07, 0x5A, 0xC1, 0xFD, 0x83, 0x81,
    0xF1, 0x01, 0x03, 0x00, 0x95, 0x52, 0x31, 0x4E, 0xC4, 0x30, 0x10, 0x9C, 0x5C, 0x0E, 0x82, 0xE4,
    0x22, 0xD5, 0x15, 0x48, 0x48, 0xAE, 0xA1, 0xC9, 0x0B, 0x38, 0x1B, 0x09, 0x51, 0x5F, 0x71, 0x79,
    0xC7, 0x7D, 0x00, 0x91, 0xF0, 0x08, 0xF8, 0x03, 0xF7, 0x06, 0x4E, 0xB6, 0x78, 0x41, 0x24, 0x3E,
    0xE0, 0x82, 0x07, 0xB8, 0x88, 0x44, 0x4E, 0x72, 0xB2, 0xAC, 0x1D, 0x40, 0xB4, 0x44, 0xBB, 0x89,
    0xBD, 0xBB, 0xB3, 0x33, 0x5E, 0x07, 0x80, 0x38, 0x42, 0x50, 0x9B, 0xED, 0x3C, 0x16, 0x03, 0xF0,
    0x5A, 0xD0, 0x41, 0xD1, 0x64, 0x9E, 0x29, 0xA0, 0x09, 0x50, 0x3F, 0xF6, 0x60, 0xEA, 0x51, 0xD1,
    0x20, 0xA8, 0x03, 0xB0, 0xDF, 0xEF, 0x5F, 0x88, 0x68, 0x8A, 0x5E, 0xDA, 0xDC, 0xFF, 0xDB, 0xDB,
    0xDC, 0x71, 0x1B, 0x30, 0xDE, 0x45, 0x57, 0x75, 0xAD, 0xA5, 0x05, 0x0A, 0x8F, 0x24, 0x02, 0x23,
    0xBB, 0xD2, 0x80, 0x6C, 0xF9, 0x3B, 0xEF, 0x63, 0x3C, 0xE6, 0x4B, 0x3B, 0xA7, 0x0C, 0x51, 0xC7,
    0xD8, 0xAE, 0x66, 0xAC, 0xA2, 0xC0, 0xB6, 0xAA, 0xB7, 0xC0, 0x25, 0x1F, 0x01, 0xE8, 0x91, 0x7B,
    0x14, 0x16, 0x65, 0x8B, 0x0A, 0xB8, 0x06, 0x02, 0x32, 0x0F, 0x26, 0x15, 0x16, 0x52, 0x63, 0x9D,
    0x8A, 0xCE, 0xD1, 0x58, 0xEE, 0xE1, 0x4C, 0x57, 0x71, 0xBF, 0x93, 0x6F, 0xBA, 0xB8, 0x8E, 0x94,
    0x0F, 0x88, 0xA8, 0x2B, 0xCD, 0xA7, 0x7F, 0xEB, 0xA1, 0xDE, 0x19, 0xFE, 0xE9, 0xB0, 0x20, 0x8B,
    0x8C, 0x1D, 0x14, 0x25, 0x70, 0x09, 0xB7, 0xC2, 0x12, 0xC8, 0x36, 0xD8, 0xA2, 0x0A, 0x05, 0xE9,
    0x86, 0x24, 0x75, 0xA3, 0xA4, 0xC2, 0x85, 0x22, 0xE4, 0x3E, 0xE4, 0xFC, 0x4A, 0xDB, 0x94, 0xA8,
    0x46, 0x2E, 0x49, 0xC5, 0xC0, 0x8A, 0x3B, 0x21, 0x27, 0x08, 0x17, 0x0F, 0xC5, 0xC6, 0xF4, 0xCC,
    0xAE, 0x12, 0x3F, 0xD3, 0x1F, 0xA2, 0x80, 0xA8, 0x7C, 0xC0, 0x82, 0x15, 0x78, 0x28, 0xCB, 0x98,
    0xF4, 0x14, 0x43, 0xA9, 0x25, 0x49, 0xAD, 0x1A, 0xC2, 0x5A, 0xC4, 0x69, 0x6D, 0x7E, 0x63, 0xD5,
    0x9F, 0x58, 0x1C, 0x80, 0xD4, 0x75, 0xA3, 0xD3, 0xA0, 0xDD, 0xC2, 0x63, 0x5E, 0xEC, 0x9E, 0x74,
    0x35, 0x6B, 0xC7, 0x19, 0xB2, 0xC0, 0xCA, 0x4F, 0xA9, 0x6D, 0x3E, 0x60, 0x58, 0xC1, 0x11, 0x37,
    0xD4, 0x1D, 0x44, 0x30, 0xEE, 0x5E, 0x4C, 0xB7, 0x68, 0x98, 0x9D, 0x65, 0x5C, 0xB4, 0xE9, 0x16,
    0x88, 0x47, 0x38, 0x69, 0xEC, 0x7A, 0x88, 0x21, 0x33, 0x4E, 0x8E, 0x4B, 0x7A, 0x1C, 0xFA, 0x6A,
    0xB8, 0xA3, 0xD6, 0xF4, 0x98, 0x00, 0xFE, 0x3D, 0xBE, 0x00, 0x63, 0xFC, 0x7F, 0x81, 0xFD, 0xFF,
    0x05, 0xFE, 0x57, 0x0D, 0xFC, 0x07, 0x18, 0xFE, 0xFF, 0xFF, 0x03, 0x44, 0xEB, 0x5F, 0xFD, 0xE1,
    0x3F, 0x80, 0x1D, 0x31, 0xFE, 0xF9, 0xC3, 0xC0, 0x0E, 0xC4, 0xFC, 0x2F, 0x80, 0xF8, 0xC0, 0x1F,
    0x90, 0x06, 0x30, 0x06, 0x6A, 0x01, 0xF3, 0x31, 0xF1, 0xBE, 0x09, 0xFC, 0x07, 0xEA, 0x1F, 0xF0,
    0x1F, 0x90, 0x7F, 0x00, 0x00,
};

static const EpdGlyph baijamjuree_10_boldGlyphs[] = {
    { 0, 0, 0, 0, 0, 0, 0 }, // U+0000
    { 0, 0, 96, 0, 0, 0, 0 }, // U+000D
    { 0, 0, 96, 0, 0, 0, 0 }, // U+0020
    { 3, 15, 97, 1, 15, 12, 0 }, // !
    { 7, 5, 135, 1, 15, 9, 12 }, // "
    { 13, 15, 236, 1, 15, 49, 21 }, // #
    { 12, 20, 219, 1, 18, 60, 70 }, // $
    { 21, 16, 350, 1, 15, 84, 130 }, // %
    { 14, 15, 232, 1, 15, 53, 214 }, // &
    { 3, 5, 71, 1, 15, 4, 267 }, // '
    { 6, 19, 114, 1, 15, 29, 271 }, // (
    { 7, 19, 114, -1, 15, 34, 300 }, // )
    { 8, 8, 151, 1, 17, 16, 334 }, // *
    { 10, 10, 192, 1, 12, 25, 350 }, // +
    { 5, 7, 84, 0, 3, 9, 375 }, // ,
    { 7, 3, 135, 1, 7, 6, 384 }, // -
    { 3, 3, 80, 1, 3, 3, 390 }, // .
    { 12, 16, 183, 0, 15, 48, 393 }, // /
    { 12, 15, 225, 1, 15, 45, 441 }, // 0
    { 7, 15, 128, 0, 15, 27, 486 }, // 1
    { 11, 15, 194, 1, 15, 42, 513 }, // 2
    { 12, 15, 206, 1, 15, 45, 555 }, // 3
    { 13, 15, 207, 1, 15, 49, 600 }, // 4
    { 12, 15, 208, 1, 15, 45, 649 }, // 5
    { 12, 15, 211, 1, 15, 45, 694 }, // 6
    { 11, 15, 173, 1, 15, 42, 739 }, // 7
    { 12, 15, 216, 1, 15, 45, 781 }, // 8
    { 12, 15, 213, 1, 15, 45, 826 }, // 9
    { 3, 11, 80, 1, 11, 9, 871 }, // :
    { 5, 16, 86, -1, 11, 20, 880 }, // ;
    { 11, 14, 189, 1, 14, 39, 900 }, // <
    { 10, 7, 178, 1, 10, 18, 939 }, // =
    { 11, 14, 189, 1, 14, 39, 957 }, // >
    { 11, 15, 197, 1, 15, 42, 996 }, // ?
    { 17, 17, 300, 1, 15, 73, 1038 }, // @
    { 15, 15, 227, 0, 15, 57, 1111 }, // A
    { 13, 15, 230, 1, 15, 49, 1168 }, // B
    { 13, 15, 229, 1, 15, 49, 1217 }, // C
    { 13, 15, 234, 1, 15, 49, 1266 }, // D
    { 11, 15, 209, 1, 15, 42, 1315 }, // E
    { 11, 15, 201, 1, 15, 42, 1357 }, // F
    { 13, 15, 237, 1, 15, 49, 1399 }, // G
    { 13, 15, 242, 1, 15, 49, 1448 }, // H
    { 3, 15, 94, 1, 15, 12, 1497 }, // I
    { 11, 15, 202, 1, 15, 42, 1509 }, // J
    { 13, 15, 225, 1, 15, 49, 1551 }, // K
    { 11, 15, 196, 1, 15, 42, 1600 }, // L
    { 15, 15, 274, 1, 15, 57, 1642 }, // M
    { 12, 15, 239, 1, 15, 45, 1699 }, // N
    { 13, 15, 241, 1, 15, 49, 1744 }, // O
    { 12, 15, 217, 1, 15, 45, 1793 }, // P
    { 14, 16, 243, 1, 15, 56, 1838 }, // Q
    { 13, 15, 226, 1, 15, 49, 1894 }, // R
    { 12, 15, 219, 1, 15, 45, 1943 }, // S
    { 12, 15, 202, 1, 15, 45, 1988 }, // T
    { 13, 15, 240, 1, 15, 49, 2033 }, // U
    { 14, 15, 222, 0, 15, 53, 2082 }, // V
    { 18, 15, 292, 0, 15, 68, 2135 }, // W
    { 15, 15, 214, -1, 15, 57, 2203 }, // X
    { 15, 15, 217, -1, 15, 57, 2260 }, // Y
    { 12, 15, 202, 1, 15, 45, 2317 }, // Z
    { 6, 21, 116, 1, 17, 32, 2362 }, // [
    { 12, 16, 183, 0, 15, 48, 2394 }, // <backslash>
    { 6, 21, 116, 0, 17, 32, 2442 }, // ]
    { 12, 8, 203, 0, 15, 24, 2474 }, // ^
    { 12, 3, 198, 0, 0, 9, 2498 }, // _
    { 6, 4, 104, 0, 16, 6, 2507 }, // `
    { 10, 11, 195, 1, 11, 28, 2513 }, // a
    { 11, 15, 201, 1, 15, 42, 2541 }, // b
    { 10, 11, 187, 1, 11, 28, 2583 }, // c
    { 11, 15, 201, 1, 15, 42, 2611 }, // d
    { 11, 11, 193, 1, 11, 31, 2653 }, // e
    { 7, 15, 126, 1, 15, 27, 2684 }, // f
    { 11, 15, 202, 1, 11, 42, 2711 }, // g
    { 10, 15, 201, 1, 15, 38, 2753 }, // h
    { 4, 15, 96, 1, 15, 15, 2791 }, // i
    { 7, 19, 100, -1, 15, 34, 2806 }, // j
    { 11, 15, 185, 1, 15, 42, 2840 }, // k
    { 5, 15, 99, 1, 15, 19, 2882 }, // l
    { 16, 11, 283, 1, 11, 44, 2901 }, // m
    { 10, 11, 200, 1, 11, 28, 2945 }, // n
    { 11, 11, 198, 1, 11, 31, 2973 }, // o
    { 11, 15, 201, 1, 11, 42, 3004 }, // p
    { 11, 15, 201, 1, 11, 42, 3046 }, // q
    { 7, 11, 128, 1, 11, 20, 3088 }, // r
    { 10, 11, 183, 1, 11, 28, 3108 }, // s
    { 7, 14, 137, 1, 14, 25, 3136 }, // t
    { 10, 11, 199, 1, 11, 28, 3161 }, // u
    { 12, 11, 174, -1, 11, 33, 3189 }, // v
    { 16, 11, 250, 0, 11, 44, 3222 }, // w
    { 13, 11, 177, -1, 11, 36, 3266 }, // x
    { 10, 15, 199, 1, 11, 38, 3302 }, // y
    { 9, 11, 167, 1, 11, 25, 3340 }, // z
    { 8, 21, 133, 0, 16, 42, 3365 }, // {
    { 3, 22, 91, 1, 19, 17, 3407 }, // |
    { 8, 21, 133, 0, 16, 42, 3424 }, // }
    { 12, 5, 209, 1, 10, 15, 0 }, // ~
    { 0, 0, 96, 0, 0, 0, 0 }, // U+00A0
    { 3, 15, 97, 1, 11, 12, 0 }, // U+00A1
    { 10, 16, 187, 1, 14, 40, 12 }, // U+00A2
    { 13, 15, 226, 1, 15, 49, 52 }, // U+00A3
    { 14, 14, 226, 0, 15, 49, 101 }, // U+00A4
    { 14, 15, 217, 0, 15, 53, 150 }, // U+00A5
    { 3, 22, 91, 1, 19, 17, 203 }, // U+00A6
    { 11, 17, 195, 1, 15, 47, 220 }, // U+00A7
    { 8, 3, 152, 1, 15, 6, 267 }, // U+00A8
    { 14, 14, 240, 1, 14, 49, 273 }, // U+00A9
    { 8, 8, 147, 1, 15, 16, 322 }, // U+00AA
    { 14, 12, 227, -1, 12, 42, 338 }, // U+00AB
    { 13, 8, 222, 0, 10, 26, 380 }, // U+00AC
    { 7, 3, 135, 1, 7, 6, 406 }, // U+00AD
    { 14, 14, 240, 1, 14, 49, 412 }, // U+00AE
    { 7, 3, 128, 1, 16, 6, 461 }, // U+00AF
    { 6, 6, 124, 1, 15, 9, 467 }, // U+00B0
    { 10, 13, 192, 1, 13, 33, 476 }, // U+00B1
    { 7, 9, 123, 1, 15, 16, 509 }, // U+00B2
    { 8, 9, 129, 0, 15, 18, 525 }, // U+00B3
    { 6, 4, 104, 0, 16, 6, 543 }, // U+00B4
    { 11, 15, 202, 1, 15, 42, 549 }, // U+00B6
    { 3, 4, 80, 1, 8, 3, 591 }, // U+00B7
    { 5, 6, 97, 1, 1, 8, 594 }, // U+00B8
    { 5, 9, 86, 1, 15, 12, 602 }, // U+00B9
    { 8, 8, 151, 1, 15, 16, 614 }, // U+00BA
    { 14, 12, 227, 1, 12, 42, 630 }, // U+00BB
    { 16, 16, 274, 1, 16, 64, 672 }, // U+00BC
    { 17, 17, 283, 1, 16, 73, 736 }, // U+00BD
    { 19, 16, 303, 0, 16, 76, 809 }, // U+00BE
    { 11, 15, 197, 1, 11, 42, 885 }, // U+00BF
    { 15, 21, 227, 0, 21, 79, 927 }, // U+00C0
    { 15, 21, 227, 0, 21, 79, 1006 }, // U+00C1
    { 15, 21, 227, 0, 21, 79, 1085 }, // U+00C2
    { 16, 20, 227, -1, 20, 80, 1164 }, // U+00C3
    { 14, 20, 227, 0, 20, 70, 1244 }, // U+00C4
    { 15, 22, 227, 0, 22, 83, 1314 }, // U+00C5
    { 20, 15, 320, 0, 15, 75, 1397 }, // U+00C6
    { 13, 20, 229, 1, 15, 65, 1472 }, // U+00C7
    { 11, 21, 209, 1, 21, 58, 1537 }, // U+00C8
    { 11, 21, 209, 1, 21, 58, 1595 }, // U+00C9
    { 11, 21, 209, 1, 21, 58, 1653 }, // U+00CA
    { 11, 20, 209, 1, 20, 55, 1711 }, // U+00CB
    { 6, 21, 94, -2, 21, 32, 1766 }, // U+00CC
    { 6, 21, 94, 1, 21, 32, 1798 }, // U+00CD
    { 9, 21, 94, -2, 21, 48, 1830 }, // U+00CE
    { 8, 20, 94, -1, 20, 40, 1878 }, // U+00CF
    { 15, 15, 251, 1, 15, 57, 1918 }, // U+00D0
    { 12, 20, 239, 1, 20, 60, 1975 }, // U+00D1
    { 13, 21, 241, 1, 21, 69, 2035 }, // U+00D2
    { 13, 21, 241, 1, 21, 69, 2104 }, // U+00D3
    { 13, 21, 241, 1, 21, 69, 2173 }, // U+00D4
    { 13, 21, 241, 1, 21, 69, 2242 }, // U+00D5
    { 13, 20, 241, 1, 20, 65, 2311 }, // U+00D6
    { 11, 11, 176, 0, 12, 31, 2376 }, // U+00D7
    { 15, 18, 241, 0, 17, 68, 2407 }, // U+00D8
    { 13, 21, 240, 1, 21, 69, 2475 }, // U+00D9
    { 13, 21, 240, 1, 21, 69, 2544 }, // U+00DA
    { 13, 21, 240, 1, 21, 69, 2613 }, // U+00DB
    { 13, 20, 240, 1, 20, 65, 2682 }, // U+00DC
    { 15, 21, 217, -1, 21, 79, 2747 }, // U+00DD
    { 12, 15, 222, 1, 15, 45, 2826 }, // U+00DE
    { 15, 15, 236, 0, 15, 57, 2871 }, // U+00DF
    { 10, 16, 195, 1, 16, 40, 2928 }, // U+00E0
    { 10, 16, 195, 1, 16, 40, 2968 }, // U+00E1
    { 10, 17, 195, 1, 17, 43, 3008 }, // U+00E2
    { 10, 15, 195, 1, 15, 38, 3051 }, // U+00E3
    { 10, 15, 195, 1, 15, 38, 3089 }, // U+00E4
    { 10, 17, 195, 1, 17, 43, 3127 }, // U+00E5
    { 18, 11, 310, 1, 11, 50, 3170 }, // U+00E6
    { 10, 16, 187, 1, 11, 40, 3220 }, // U+00E7
    { 11, 16, 193, 1, 16, 44, 3260 }, // U+00E8
    { 11, 16, 193, 1, 16, 44, 3304 }, // U+00E9
    { 11, 17, 193, 1, 17, 47, 3348 }, // U+00EA
    { 11, 15, 193, 1, 15, 42, 3395 }, // U+00EB
    { 6, 16, 88, -2, 16, 24, 3437 }, // U+00EC
    { 6, 16, 88, 1, 16, 24, 3461 }, // U+00ED
    { 9, 17, 88, -2, 17, 39, 3485 }, // U+00EE
    { 8, 15, 88, -1, 15, 30, 3524 }, // U+00EF
    { 11, 18, 205, 1, 18, 50, 3554 }, // U+00F0
    { 10, 15, 200, 1, 15, 38, 3604 }, // U+00F1
    { 11, 16, 198, 1, 16, 44, 3642 }, // U+00F2
    { 11, 16, 198, 1, 16, 44, 3686 }, // U+00F3
    { 11, 17, 198, 1, 17, 47, 3730 }, // U+00F4
    { 11, 15, 198, 1, 15, 42, 3777 }, // U+00F5
    { 11, 15, 198, 1, 15, 42, 3819 }, // U+00F6
    { 10, 11, 192, 1, 13, 28, 3861 }, // U+00F7
    { 11, 13, 198, 1, 12, 36, 3889 }, // U+00F8
    { 10, 16, 199, 1, 16, 40, 3925 }, // U+00F9
    { 10, 16, 199, 1, 16, 40, 3965 }, // U+00FA
    { 10, 17, 199, 1, 17, 43, 4005 }, // U+00FB
    { 10, 15, 199, 1, 15, 38, 4048 }, // U+00FC
    { 10, 21, 199, 1, 17, 53, 4086 }, // U+00FD
    { 11, 19, 201, 1, 15, 53, 4139 }, // U+00FE
    { 10, 19, 199, 1, 15, 48, 4192 }, // U+00FF
    { 15, 20, 227, 0, 20, 75, 0 }, // U+0100
    { 10, 15, 195, 1, 15, 38, 75 }, // U+0101
    { 15, 20, 227, -1, 20, 75, 113 }, // U+0102
    { 10, 16, 195, 1, 16, 40, 188 }, // U+0103
    { 16, 20, 227, -1, 15, 80, 228 }, // U+0104
    { 12, 16, 195, 1, 11, 48, 308 }, // U+0105
    { 13, 21, 229, 1, 21, 69, 356 }, // U+0106
    { 10, 16, 187, 1, 16, 40, 425 }, // U+0107
    { 13, 21, 229, 1, 21, 69, 465 }, // U+0108
    { 10, 17, 187, 1, 17, 43, 534 }, // U+0109
    { 13, 20, 229, 1, 20, 65, 577 }, // U+010A
    { 10, 15, 187, 1, 15, 38, 642 }, // U+010B
    { 13, 21, 229, 1, 21, 69, 680 }, // U+010C
    { 10, 17, 187, 1, 17, 43, 749 }, // U+010D
    { 13, 21, 234, 1, 21, 69, 792 }, // U+010E
    { 16, 15, 269, 1, 15, 60, 861 }, // U+010F
    { 15, 15, 251, 1, 15, 57, 921 }, // U+0110
    { 12, 15, 208, 1, 15, 45, 978 }, // U+0111
    { 11, 20, 209, 1, 20, 55, 1023 }, // U+0112
    { 11, 15, 193, 1, 15, 42, 1078 }, // U+0113
    { 11, 20, 209, 1, 20, 55, 1120 }, // U+0114
    { 11, 16, 193, 1, 16, 44, 1175 }, // U+0115
    { 11, 20, 209, 1, 20, 55, 1219 }, // U+0116
    { 11, 15, 193, 1, 15, 42, 1274 }, // U+0117
    { 12, 20, 209, 1, 15, 60, 1316 }, // U+0118
    { 11, 16, 193, 1, 11, 44, 1376 }, // U+0119
    { 11, 21, 209, 1, 21, 58, 1420 }, // U+011A
    { 11, 17, 193, 1, 17, 47, 1478 }, // U+011B
    { 13, 21, 237, 1, 21, 69, 1525 }, // U+011C
    { 11, 21, 202, 1, 17, 58, 1594 }, // U+011D
    { 13, 21, 237, 1, 21, 69, 1652 }, // U+011E
    { 11, 21, 202, 1, 17, 58, 1721 }, // U+011F
    { 13, 20, 237, 1, 20, 65, 1779 }, // U+0120
    { 11, 19, 202, 1, 15, 53, 1844 }, // U+0121
    { 13, 23, 237, 1, 15, 75, 1897 }, // U+0122
    { 11, 24, 202, 1, 20, 66, 1972 }, // U+0123
    { 13, 21, 242, 1, 21, 69, 2038 }, // U+0124
    { 10, 21, 201, 1, 21, 53, 2107 }, // U+0125
    { 16, 15, 259, 1, 15, 60, 2160 }, // U+0126
    { 12, 15, 209, 1, 15, 45, 2220 }, // U+0127
    { 9, 20, 94, -1, 20, 45, 2265 }, // U+0128
    { 9, 15, 88, -2, 15, 34, 2310 }, // U+0129
    { 7, 20, 94, 0, 20, 35, 2344 }, // U+012A
    { 7, 15, 88, 0, 15, 27, 2379 }, // U+012B
    { 8, 20, 94, -1, 20, 40, 2406 }, // U+012C
    { 8, 16, 88, -1, 16, 32, 2446 }, // U+012D
    { 5, 20, 94, 1, 15, 25, 2478 }, // U+012E
    { 5, 20, 96, 1, 15, 25, 2503 }, // U+012F
    { 3, 20, 94, 1, 20, 15, 2528 }, // U+0130
    { 3, 11, 88, 1, 11, 9, 2543 }, // U+0131
    { 16, 15, 296, 1, 15, 60, 2552 }, // U+0132
    { 10, 19, 196, 1, 15, 48, 2612 }, // U+0133
    { 14, 21, 202, 1, 21, 74, 2660 }, // U+0134
    { 9, 21, 96, -1, 17, 48, 2734 }, // U+0135
    { 13, 23, 225, 1, 15, 75, 2782 }, // U+0136
    { 11, 23, 185, 1, 15, 64, 2857 }, // U+0137
    { 11, 11, 192, 1, 11, 31, 2921 }, // U+0138
    { 11, 21, 196, 1, 21, 58, 2952 }, // U+0139
    { 6, 21, 99, 1, 21, 32, 3010 }, // U+013A
    { 11, 23, 196, 1, 15, 64, 3042 }, // U+013B
    { 6, 23, 99, 0, 15, 35, 3106 }, // U+013C
    { 11, 15, 202, 1, 15, 42, 3141 }, // U+013D
    { 9, 15, 161, 1, 15, 34, 3183 }, // U+013E
    { 11, 15, 196, 1, 15, 42, 3217 }, // U+013F
    { 8, 15, 142, 1, 15, 30, 3259 }, // U+0140
    { 13, 15, 203, 0, 15, 49, 3289 }, // U+0141
    { 7, 15, 111, 1, 15, 27, 3338 }, // U+0142
    { 12, 21, 239, 1, 21, 63, 3365 }, // U+0143
    { 10, 16, 200, 1, 16, 40, 3428 }, // U+0144
    { 13, 23, 239, 1, 15, 75, 3468 }, // U+0145
    { 11, 19, 200, 1, 11, 53, 3543 }, // U+0146
    { 12, 21, 239, 1, 21, 63, 3596 }, // U+0147
    { 10, 17, 200, 1, 17, 43, 3659 }, // U+0148
    { 16, 15, 262, 0, 15, 60, 3702 }, // U+0149
    { 13, 19, 240, 1, 15, 62, 3762 }, // U+014A
    { 10, 15, 200, 1, 11, 38, 3824 }, // U+014B
    { 13, 20, 241, 1, 20, 65, 3862 }, // U+014C
    { 11, 15, 198, 1, 15, 42, 3927 }, // U+014D
    { 13, 21, 241, 1, 21, 69, 3969 }, // U+014E
    { 11, 16, 198, 1, 16, 44, 4038 }, // U+014F
    { 13, 21, 241, 1, 21, 69, 4082 }, // U+0150
    { 12, 16, 198, 1, 16, 48, 4151 }, // U+0151
    { 21, 15, 366, 1, 15, 79, 4199 }, // U+0152
    { 19, 11, 320, 1, 11, 53, 4278 }, // U+0153
    { 13, 21, 226, 1, 21, 69, 4331 }, // U+0154
    { 7, 16, 128, 1, 16, 28, 4400 }, // U+0155
    { 14, 23, 226, 1, 15, 81, 4428 }, // U+0156
    { 9, 19, 128, -1, 11, 43, 4509 }, // U+0157
    { 13, 21, 226, 1, 21, 69, 4552 }, // U+0158
    { 9, 17, 128, 0, 17, 39, 4621 }, // U+0159
    { 12, 21, 219, 1, 21, 63, 4660 }, // U+015A
    { 10, 16, 183, 1, 16, 40, 4723 }, // U+015B
    { 12, 21, 219, 1, 21, 63, 4763 }, // U+015C
    { 10, 17, 183, 1, 17, 43, 4826 }, // U+015D
    { 12, 20, 219, 1, 15, 60, 4869 }, // U+015E
    { 10, 16, 183, 1, 11, 40, 4929 }, // U+015F
    { 12, 21, 219, 1, 21, 63, 0 }, // U+0160
    { 10, 17, 183, 1, 17, 43, 63 }, // U+0161
    { 12, 21, 202, 1, 15, 63, 106 }, // U+0162
    { 8, 20, 137, 1, 14, 40, 169 }, // U+0163
    { 12, 21, 202, 1, 21, 63, 209 }, // U+0164
    { 13, 15, 208, 1, 15, 49, 272 }, // U+0165
    { 12, 15, 202, 1, 15, 45, 321 }, // U+0166
    { 7, 14, 132, 1, 14, 25, 366 }, // U+0167
    { 13, 21, 240, 1, 21, 69, 391 }, // U+0168
    { 10, 15, 199, 1, 15, 38, 460 }, // U+0169
    { 13, 20, 240, 1, 20, 65, 498 }, // U+016A
    { 10, 15, 199, 1, 15, 38, 563 }, // U+016B
    { 13, 21, 240, 1, 21, 69, 601 }, // U+016C
    { 10, 16, 199, 1, 16, 40, 670 }, // U+016D
    { 13, 22, 240, 1, 22, 72, 710 }, // U+016E
    { 10, 17, 199, 1, 17, 43, 782 }, // U+016F
    { 13, 21, 240, 1, 21, 69, 825 }, // U+0170
    { 11, 16, 199, 1, 16, 44, 894 }, // U+0171
    { 13, 20, 240, 1, 15, 65, 938 }, // U+0172
    { 12, 16, 199, 1, 11, 48, 1003 }, // U+0173
    { 18, 21, 292, 0, 21, 95, 1051 }, // U+0174
    { 16, 17, 250, 0, 17, 68, 1146 }, // U+0175
    { 15, 21, 217, -1, 21, 79, 1214 }, // U+0176
    { 10, 21, 199, 1, 17, 53, 1293 }, // U+0177
    { 14, 20, 217, 0, 20, 70, 1346 }, // U+0178
    { 12, 21, 202, 1, 21, 63, 1416 }, // U+0179
    { 9, 16, 167, 1, 16, 36, 1479 }, // U+017A
    { 12, 20, 202, 1, 20, 60, 1515 }, // U+017B
    { 9, 15, 167, 1, 15, 34, 1575 }, // U+017C
    { 12, 21, 202, 1, 21, 63, 1609 }, // U+017D
    { 9, 17, 167, 1, 17, 39, 1672 }, // U+017E
    { 17, 15, 278, 1, 15, 64, 0 }, // U+01A0
    { 14, 11, 242, 1, 11, 39, 64 }, // U+01A1
    { 17, 15, 281, 1, 15, 64, 103 }, // U+01AF
    { 15, 11, 242, 1, 11, 42, 167 }, // U+01B0
    { 15, 21, 227, 0, 21, 79, 209 }, // U+01CD
    { 10, 17, 195, 1, 17, 43, 288 }, // U+01CE
    { 9, 21, 94, -2, 21, 48, 331 }, // U+01CF
    { 9, 17, 88, -2, 17, 39, 379 }, // U+01D0
    { 13, 21, 241, 1, 21, 69, 418 }, // U+01D1
    { 11, 17, 198, 1, 17, 47, 487 }, // U+01D2
    { 13, 21, 240, 1, 21, 69, 534 }, // U+01D3
    { 10, 17, 199, 1, 17, 43, 603 }, // U+01D4
    { 13, 24, 240, 1, 24, 78, 646 }, // U+01D5
    { 10, 19, 199, 1, 19, 48, 724 }, // U+01D6
    { 13, 24, 240, 1, 24, 78, 772 }, // U+01D7
    { 10, 20, 199, 1, 20, 50, 850 }, // U+01D8
    { 13, 25, 240, 1, 25, 82, 900 }, // U+01D9
    { 10, 20, 199, 1, 20, 50, 982 }, // U+01DA
    { 13, 24, 240, 1, 24, 78, 1032 }, // U+01DB
    { 10, 20, 199, 1, 20, 50, 1110 }, // U+01DC
    { 13, 21, 237, 1, 21, 69, 1160 }, // U+01E6
    { 11, 21, 202, 1, 17, 58, 1229 }, // U+01E7
    { 15, 27, 227, 0, 27, 102, 1287 }, // U+01FA
    { 10, 22, 195, 1, 22, 55, 1389 }, // U+01FB
    { 20, 21, 320, 0, 21, 105, 1444 }, // U+01FC
    { 18, 16, 310, 1, 16, 72, 1549 }, // U+01FD
    { 15, 22, 241, 0, 21, 83, 1621 }, // U+01FE
    { 11, 17, 198, 1, 16, 47, 1704 }, // U+01FF
    { 12, 23, 219, 1, 15, 69, 1751 }, // U+0218
    { 10, 19, 183, 1, 11, 48, 1820 }, // U+0219
    { 12, 23, 202, 1, 15, 69, 1868 }, // U+021A
    { 7, 22, 137, 1, 14, 39, 1937 }, // U+021B
    { 6, 4, 0, -4, 16, 6, 0 }, // U+0300
    { 6, 4, 0, -2, 16, 6, 6 }, // U+0301
    { 10, 4, 0, -5, 16, 10, 12 }, // U+0302
    { 8, 4, 0, -4, 16, 8, 22 }, // U+0303
    { 7, 3, 0, -3, 16, 6, 30 }, // U+0304
    { 8, 4, 0, -4, 16, 8, 36 }, // U+0306
    { 3, 4, 0, -2, 16, 3, 44 }, // U+0307
    { 8, 3, 0, -4, 15, 6, 47 }, // U+0308
    { 6, 6, 0, -3, 18, 9, 53 }, // U+0309
    { 5, 5, 0, -2, 17, 7, 62 }, // U+030A
    { 10, 4, 0, -4, 16, 10, 69 }, // U+030B
    { 10, 4, 0, -5, 16, 10, 79 }, // U+030C
    { 5, 6, 0, -2, 14, 8, 89 }, // U+031B
    { 3, 4, 0, -2, -1, 3, 97 }, // U+0323
    { 8, 3, 0, -4, -1, 6, 100 }, // U+0324
    { 5, 7, 0, -8, -1, 9, 106 }, // U+0326
    { 5, 6, 0, -2, 1, 8, 115 }, // U+0327
    { 5, 5, 0, -2, 0, 7, 123 }, // U+0328
    { 8, 4, 0, -4, -1, 8, 130 }, // U+032E
    { 7, 3, 0, -3, -1, 6, 138 }, // U+0331
    { 12, 12, 212, 0, 12, 36, 0 }, // U+0E01
    { 12, 12, 206, 0, 12, 36, 36 }, // U+0E02
    { 12, 12, 210, 0, 12, 36, 72 }, // U+0E03
    { 11, 12, 218, 1, 12, 33, 108 }, // U+0E04
    { 11, 12, 220, 1, 12, 33, 141 }, // U+0E05
    { 13, 12, 225, 0, 12, 39, 174 }, // U+0E06
    { 10, 12, 181, 0, 12, 30, 213 }, // U+0E07
    { 11, 12, 202, 1, 12, 33, 243 }, // U+0E08
    { 12, 12, 211, 1, 12, 36, 276 }, // U+0E09
    { 13, 13, 206, 0, 13, 43, 312 }, // U+0E0A
    { 13, 13, 210, 0, 13, 43, 355 }, // U+0E0B
    { 18, 12, 311, 0, 12, 54, 398 }, // U+0E0C
    { 18, 18, 312, 0, 12, 81, 452 }, // U+0E0D
    { 12, 18, 217, 1, 12, 54, 533 }, // U+0E0E
    { 12, 18, 217, 1, 12, 54, 587 }, // U+0E0F
    { 10, 18, 189, 1, 12, 45, 641 }, // U+0E10
    { 14, 12, 228, 0, 12, 42, 686 }, // U+0E11
    { 17, 12, 316, 1, 12, 51, 728 }, // U+0E12
    { 19, 12, 309, 0, 12, 57, 779 }, // U+0E13
    { 11, 12, 219, 1, 12, 33, 836 }, // U+0E14
    { 11, 12, 221, 1, 12, 33, 869 }, // U+0E15
    { 12, 12, 212, 0, 12, 36, 902 }, // U+0E16
    { 13, 12, 227, 1, 12, 39, 938 }, // U+0E17
    { 11, 12, 197, 1, 12, 33, 977 }, // U+0E18
    { 13, 12, 221, 1, 12, 39, 1010 }, // U+0E19
    { 12, 12, 225, 1, 12, 36, 1049 }, // U+0E1A
    { 12, 16, 226, 1, 16, 48, 1085 }, // U+0E1B
    { 11, 12, 216, 1, 12, 33, 1133 }, // U+0E1C
    { 11, 16, 217, 1, 16, 44, 1166 }, // U+0E1D
    { 14, 12, 244, 1, 12, 42, 1210 }, // U+0E1E
    { 14, 16, 245, 1, 16, 56, 1252 }, // U+0E1F
    { 12, 12, 216, 1, 12, 36, 1308 }, // U+0E20
    { 12, 12, 215, 1, 12, 36, 1344 }, // U+0E21
    { 11, 12, 208, 1, 12, 33, 1380 }, // U+0E22
    { 11, 12, 176, 0, 12, 33, 1413 }, // U+0E23
    { 12, 16, 213, 0, 12, 48, 1446 }, // U+0E24
    { 11, 12, 204, 0, 12, 33, 1494 }, // U+0E25
    { 12, 16, 217, 1, 12, 48, 1527 }, // U+0E26
    { 10, 12, 186, 1, 12, 30, 1575 }, // U+0E27
    { 12, 13, 219, 1, 13, 39, 1605 }, // U+0E28
    { 16, 12, 243, 1, 12, 48, 1644 }, // U+0E29
    { 12, 13, 204, 0, 13, 39, 1692 }, // U+0E2A
    { 13, 12, 223, 1, 12, 39, 1731 }, // U+0E2B
    { 16, 16, 245, 1, 16, 64, 1770 }, // U+0E2C
    { 11, 12, 207, 1, 12, 33, 1834 }, // U+0E2D
    { 11, 13, 206, 0, 13, 36, 1867 }, // U+0E2E
    { 10, 12, 191, 1, 12, 30, 1903 }, // U+0E2F
    { 10, 12, 172, 1, 12, 30, 1933 }, // U+0E30
    { 11, 5, 0, -9, 18, 14, 1963 }, // U+0E31
    { 10, 12, 181, 1, 12, 30, 1977 }, // U+0E32
    { 16, 19, 181, -5, 19, 76, 2007 }, // U+0E33
    { 11, 7, 0, -12, 19, 20, 2083 }, // U+0E34
    { 11, 7, 0, -12, 19, 20, 2103 }, // U+0E35
    { 11, 7, 0, -12, 19, 20, 2123 }, // U+0E36
    { 11, 7, 0, -11, 19, 20, 2143 }, // U+0E37
    { 5, 7, 0, -6, -1, 9, 2163 }, // U+0E38
    { 9, 6, 0, -10, -2, 14, 2172 }, // U+0E39
    { 3, 3, 0, -4, -2, 3, 2186 }, // U+0E3A
    { 13, 19, 230, 1, 17, 62, 2189 }, // U+0E3F
    { 5, 12, 113, 1, 12, 15, 2251 }, // U+0E40
    { 12, 12, 213, 1, 12, 36, 2266 }, // U+0E41
    { 10, 20, 142, -1, 20, 50, 2302 }, // U+0E42
    { 10, 20, 147, -1, 20, 50, 2352 }, // U+0E43
    { 12, 20, 152, -2, 20, 60, 2402 }, // U+0E44
    { 10, 17, 181, 1, 12, 43, 2462 }, // U+0E45
    { 10, 18, 192, 1, 12, 45, 2505 }, // U+0E46
    { 10, 7, 0, -11, 20, 18, 2550 }, // U+0E47
    { 3, 5, 0, -4, 18, 4, 2568 }, // U+0E48
    { 10, 6, 0, -9, 19, 15, 2572 }, // U+0E49
    { 11, 7, 0, -10, 20, 20, 2587 }, // U+0E4A
    { 7, 5, 0, -6, 18, 9, 2607 }, // U+0E4B
    { 8, 7, 0, -8, 20, 14, 2616 }, // U+0E4C
    { 6, 5, 0, -5, 18, 8, 2630 }, // U+0E4D
    { 7, 8, 0, -8, 21, 14, 2638 }, // U+0E4E
    { 12, 12, 215, 1, 12, 36, 2652 }, // U+0E4F
    { 12, 11, 219, 1, 11, 33, 2688 }, // U+0E50
    { 12, 13, 218, 1, 11, 39, 2721 }, // U+0E51
    { 16, 16, 253, -2, 16, 64, 2760 }, // U+0E52
    { 12, 11, 227, 1, 11, 33, 2824 }, // U+0E53
    { 13, 15, 218, 1, 15, 49, 2857 }, // U+0E54
    { 13, 15, 218, 1, 15, 49, 2906 }, // U+0E55
    { 15, 16, 224, -2, 16, 60, 2955 }, // U+0E56
    { 16, 15, 285, 1, 15, 60, 3015 }, // U+0E57
    { 13, 15, 237, 1, 15, 49, 3075 }, // U+0E58
    { 15, 15, 255, 1, 15, 57, 3124 }, // U+0E59
    { 15, 12, 267, 1, 12, 45, 3181 }, // U+0E5A
    { 25, 13, 410, 1, 13, 82, 3226 }, // U+0E5B
    { 15, 20, 227, -1, 15, 75, 0 }, // U+1EA0
    { 10, 16, 195, 1, 11, 40, 75 }, // U+1EA1
    { 15, 22, 227, 0, 22, 83, 115 }, // U+1EA2
    { 10, 18, 195, 1, 18, 45, 198 }, // U+1EA3
    { 15, 23, 227, 0, 23, 87, 243 }, // U+1EA4
    { 12, 19, 195, 1, 19, 57, 330 }, // U+1EA5
    { 15, 23, 227, 0, 23, 87, 387 }, // U+1EA6
    { 11, 19, 195, 1, 19, 53, 474 }, // U+1EA7
    { 15, 25, 227, 0, 25, 94, 527 }, // U+1EA8
    { 12, 20, 195, 1, 20, 60, 621 }, // U+1EA9
    { 15, 24, 227, -1, 24, 90, 681 }, // U+1EAA
    { 10, 20, 195, 1, 20, 50, 771 }, // U+1EAB
    { 15, 26, 227, -1, 21, 98, 821 }, // U+1EAC
    { 10, 22, 195, 1, 17, 55, 919 }, // U+1EAD
    { 15, 24, 227, -1, 24, 90, 974 }, // U+1EAE
    { 10, 20, 195, 1, 20, 50, 1064 }, // U+1EAF
    { 15, 24, 227, -1, 24, 90, 1114 }, // U+1EB0
    { 10, 20, 195, 1, 20, 50, 1204 }, // U+1EB1
    { 15, 26, 227, -1, 26, 98, 1254 }, // U+1EB2
    { 10, 22, 195, 1, 22, 55, 1352 }, // U+1EB3
    { 16, 25, 227, 0, 25, 100, 1407 }, // U+1EB4
    { 10, 20, 195, 1, 20, 50, 1507 }, // U+1EB5
    { 15, 25, 227, -1, 20, 94, 1557 }, // U+1EB6
    { 10, 21, 195, 1, 16, 53, 1651 }, // U+1EB7
    { 11, 20, 209, 1, 15, 55, 1704 }, // U+1EB8
    { 11, 16, 193, 1, 11, 44, 1759 }, // U+1EB9
    { 11, 22, 209, 1, 22, 61, 1803 }, // U+1EBA
    { 11, 18, 193, 1, 18, 50, 1864 }, // U+1EBB
    { 11, 20, 209, 1, 20, 55, 1914 }, // U+1EBC
    { 11, 15, 193, 1, 15, 42, 1969 }, // U+1EBD
    { 13, 23, 209, 1, 23, 75, 2011 }, // U+1EBE
    { 13, 19, 193, 1, 19, 62, 2086 }, // U+1EBF
    { 11, 23, 209, 1, 23, 64, 2148 }, // U+1EC0
    { 11, 19, 193, 1, 19, 53, 2212 }, // U+1EC1
    { 12, 25, 209, 1, 25, 75, 2265 }, // U+1EC2
    { 12, 20, 193, 1, 20, 60, 2340 }, // U+1EC3
    { 11, 24, 209, 1, 24, 66, 2400 }, // U+1EC4
    { 11, 20, 193, 1, 20, 55, 2466 }, // U+1EC5
    { 11, 26, 209, 1, 21, 72, 2521 }, // U+1EC6
    { 11, 22, 193, 1, 17, 61, 2593 }, // U+1EC7
    { 6, 22, 94, 0, 22, 33, 2654 }, // U+1EC8
    { 6, 18, 88, -1, 18, 27, 2687 }, // U+1EC9
    { 3, 20, 94, 1, 15, 15, 2714 }, // U+1ECA
    { 4, 20, 96, 1, 15, 20, 2729 }, // U+1ECB
    { 13, 20, 241, 1, 15, 65, 2749 }, // U+1ECC
    { 11, 16, 198, 1, 11, 44, 2814 }, // U+1ECD
    { 13, 22, 241, 1, 22, 72, 2858 }, // U+1ECE
    { 11, 18, 198, 1, 18, 50, 2930 }, // U+1ECF
    { 13, 24, 241, 1, 24, 78, 2980 }, // U+1ED0
    { 13, 19, 198, 1, 19, 62, 3058 }, // U+1ED1
    { 13, 24, 241, 1, 24, 78, 3120 }, // U+1ED2
    { 11, 19, 198, 1, 19, 53, 3198 }, // U+1ED3
    { 13, 25, 241, 1, 25, 82, 3251 }, // U+1ED4
    { 12, 20, 198, 1, 20, 60, 3333 }, // U+1ED5
    { 13, 25, 241, 1, 25, 82, 3393 }, // U+1ED6
    { 11, 20, 198, 1, 20, 55, 3475 }, // U+1ED7
    { 13, 26, 241, 1, 21, 85, 3530 }, // U+1ED8
    { 11, 22, 198, 1, 17, 61, 3615 }, // U+1ED9
    { 17, 21, 278, 1, 21, 90, 3676 }, // U+1EDA
    { 14, 16, 242, 1, 16, 56, 3766 }, // U+1EDB
    { 17, 21, 278, 1, 21, 90, 3822 }, // U+1EDC
    { 14, 16, 242, 1, 16, 56, 3912 }, // U+1EDD
    { 17, 22, 278, 1, 22, 94, 3968 }, // U+1EDE
    { 14, 18, 242, 1, 18, 63, 4062 }, // U+1EDF
    { 17, 21, 278, 1, 21, 90, 4125 }, // U+1EE0
    { 14, 15, 242, 1, 15, 53, 4215 }, // U+1EE1
    { 17, 20, 278, 1, 15, 85, 4268 }, // U+1EE2
    { 14, 16, 242, 1, 11, 56, 4353 }, // U+1EE3
    { 13, 20, 240, 1, 15, 65, 4409 }, // U+1EE4
    { 10, 16, 199, 1, 11, 40, 4474 }, // U+1EE5
    { 13, 22, 240, 1, 22, 72, 4514 }, // U+1EE6
    { 10, 18, 199, 1, 18, 45, 4586 }, // U+1EE7
    { 17, 21, 281, 1, 21, 90, 4631 }, // U+1EE8
    { 15, 16, 242, 1, 16, 60, 4721 }, // U+1EE9
    { 17, 21, 281, 1, 21, 90, 4781 }, // U+1EEA
    { 15, 16, 242, 1, 16, 60, 4871 }, // U+1EEB
    { 17, 22, 281, 1, 22, 94, 4931 }, // U+1EEC
    { 15, 18, 242, 1, 18, 68, 5025 }, // U+1EED
    { 17, 21, 281, 1, 21, 90, 5093 }, // U+1EEE
    { 15, 15, 242, 1, 15, 57, 5183 }, // U+1EEF
    { 17, 20, 281, 1, 15, 85, 5240 }, // U+1EF0
    { 15, 16, 242, 1, 11, 60, 5325 }, // U+1EF1
    { 15, 21, 217, -1, 21, 79, 5385 }, // U+1EF2
    { 10, 21, 199, 1, 17, 53, 5464 }, // U+1EF3
    { 15, 20, 217, -1, 15, 75, 5517 }, // U+1EF4
    { 10, 20, 199, 1, 11, 50, 5592 }, // U+1EF5
    { 14, 22, 217, -1, 22, 77, 5642 }, // U+1EF6
    { 10, 22, 199, 1, 18, 55, 5719 }, // U+1EF7
    { 15, 20, 217, -1, 20, 75, 5774 }, // U+1EF8
    { 10, 19, 199, 1, 15, 48, 5849 }, // U+1EF9
    { 0, 0, 225, 0, 0, 0, 0 }, // U+2007
    { 14, 3, 245, 1, 7, 11, 0 }, // U+2010
    { 12, 3, 218, 1, 7, 9, 11 }, // U+2012
    { 12, 3, 223, 1, 7, 9, 20 }, // U+2013
    { 15, 3, 258, 1, 7, 12, 29 }, // U+2014
    { 15, 3, 258, 1, 7, 12, 41 }, // U+2015
    { 5, 7, 91, 1, 16, 9, 53 }, // U+2018
    { 5, 7, 91, 0, 15, 9, 62 }, // U+2019
    { 5, 7, 84, 0, 2, 9, 71 }, // U+201A
    { 9, 7, 163, 1, 16, 16, 80 }, // U+201C
    { 9, 7, 163, 0, 15, 16, 96 }, // U+201D
    { 10, 7, 160, 0, 2, 18, 112 }, // U+201E
    { 10, 17, 183, 1, 15, 43, 130 }, // U+2020
    { 10, 17, 183, 1, 15, 43, 173 }, // U+2021
    { 6, 6, 115, 1, 9, 9, 216 }, // U+2022
    { 13, 3, 225, 1, 3, 10, 225 }, // U+2026
    { 30, 16, 495, 1, 15, 120, 235 }, // U+2030
    { 3, 5, 71, 1, 15, 4, 355 }, // U+2032
    { 7, 5, 132, 1, 15, 9, 359 }, // U+2033
    { 8, 12, 131, -1, 12, 24, 368 }, // U+2039
    { 8, 12, 131, 1, 12, 24, 392 }, // U+203A
    { 11, 16, 52, -4, 15, 44, 416 }, // U+2044
    { 7, 9, 135, 1, 15, 16, 0 }, // U+2070
    { 8, 9, 126, 1, 15, 18, 16 }, // U+2074
    { 8, 9, 127, 0, 15, 18, 34 }, // U+2075
    { 7, 9, 128, 1, 15, 16, 52 }, // U+2076
    { 6, 9, 111, 1, 15, 14, 68 }, // U+2077
    { 8, 9, 135, 1, 15, 18, 82 }, // U+2078
    { 7, 9, 128, 1, 15, 16, 100 }, // U+2079
    { 4, 10, 77, 1, 15, 10, 116 }, // U+207D
    { 5, 10, 77, 0, 15, 13, 126 }, // U+207E
    { 7, 7, 148, 1, 15, 13, 139 }, // U+207F
    { 7, 8, 135, 1, 5, 14, 152 }, // U+2080
    { 5, 8, 86, 1, 5, 10, 166 }, // U+2081
    { 7, 8, 123, 1, 5, 14, 176 }, // U+2082
    { 8, 8, 129, 0, 5, 16, 190 }, // U+2083
    { 8, 8, 126, 1, 5, 16, 206 }, // U+2084
    { 8, 8, 127, 0, 5, 16, 222 }, // U+2085
    { 7, 8, 128, 1, 5, 14, 238 }, // U+2086
    { 6, 8, 111, 1, 5, 12, 252 }, // U+2087
    { 8, 8, 135, 1, 5, 16, 264 }, // U+2088
    { 7, 8, 128, 1, 5, 14, 280 }, // U+2089
    { 4, 9, 77, 1, 5, 9, 294 }, // U+208D
    { 5, 9, 77, 0, 5, 12, 303 }, // U+208E
    { 10, 15, 187, 1, 13, 38, 0 }, // U+20A1
    { 13, 15, 226, 1, 15, 49, 38 }, // U+20A4
    { 16, 15, 283, 1, 15, 60, 87 }, // U+20A6
    { 15, 15, 264, 1, 15, 57, 147 }, // U+20A7
    { 12, 19, 208, 1, 15, 57, 204 }, // U+20AB
    { 15, 15, 248, 1, 15, 57, 261 }, // U+20AC
    { 15, 15, 266, 1, 15, 57, 318 }, // U+20B1
    { 13, 20, 237, 1, 18, 65, 375 }, // U+20B2
    { 13, 20, 229, 1, 18, 65, 440 }, // U+20B5
    { 13, 15, 211, 0, 15, 49, 505 }, // U+20B9
    { 12, 15, 212, 1, 15, 45, 554 }, // U+20BA
    { 14, 15, 240, 1, 15, 53, 599 }, // U+20BD
    { 13, 9, 232, 1, 10, 30, 0 }, // U+2190
    { 9, 13, 145, 0, 12, 30, 30 }, // U+2191
    { 13, 9, 232, 1, 10, 30, 60 }, // U+2192
    { 9, 13, 145, 0, 12, 30, 90 }, // U+2193
    { 12, 18, 209, 1, 17, 54, 0 }, // U+2202
    { 16, 17, 277, 1, 15, 68, 54 }, // U+220F
    { 14, 19, 242, 1, 17, 67, 122 }, // U+2211
    { 12, 3, 192, 0, 8, 9, 189 }, // U+2212
    { 12, 15, 190, 0, 15, 45, 198 }, // U+2215
    { 6, 6, 115, 1, 9, 9, 243 }, // U+2219
    { 14, 16, 221, 0, 15, 56, 252 }, // U+221A
    { 18, 10, 309, 1, 12, 45, 308 }, // U+221E
    { 12, 19, 203, 0, 15, 57, 353 }, // U+222B
    { 13, 11, 207, 0, 12, 36, 410 }, // U+2248
    { 10, 11, 178, 1, 12, 28, 446 }, // U+2260
    { 11, 14, 189, 0, 14, 39, 474 }, // U+2264
    { 11, 14, 189, 1, 14, 39, 513 }, // U+2265
    { 11, 15, 198, 1, 15, 42, 0 }, // U+FB01
    { 14, 15, 216, 1, 15, 53, 42 }, // U+FB02
};

static const EpdUnicodeInterval baijamjuree_10_boldIntervals[] = {
    { 0x0, 0x0, 0x0 },
    { 0xD, 0xD, 0x1 },
    { 0x20, 0x7E, 0x2 },
    { 0xA0, 0xB4, 0x61 },
    { 0xB6, 0xFF, 0x76 },
    { 0x100, 0x17E, 0xC0 },
    { 0x1A0, 0x1A1, 0x13F },
    { 0x1AF, 0x1B0, 0x141 },
    { 0x1CD, 0x1DC, 0x143 },
    { 0x1E6, 0x1E7, 0x153 },
    { 0x1FA, 0x1FF, 0x155 },
    { 0x218, 0x21B, 0x15B },
    { 0x300, 0x304, 0x15F },
    { 0x306, 0x30C, 0x164 },
    { 0x31B, 0x31B, 0x16B },
    { 0x323, 0x324, 0x16C },
    { 0x326, 0x328, 0x16E },
    { 0x32E, 0x32E, 0x171 },
    { 0x331, 0x331, 0x172 },
    { 0xE01, 0xE3A, 0x173 },
    { 0xE3F, 0xE5B, 0x1AD },
    { 0x1EA0, 0x1EF9, 0x1CA },
    { 0x2007, 0x2007, 0x224 },
    { 0x2010, 0x2010, 0x225 },
    { 0x2012, 0x2015, 0x226 },
    { 0x2018, 0x201A, 0x22A },
    { 0x201C, 0x201E, 0x22D },
    { 0x2020, 0x2022, 0x230 },
    { 0x2026, 0x2026, 0x233 },
    { 0x2030, 0x2030, 0x234 },
    { 0x2032, 0x2033, 0x235 },
    { 0x2039, 0x203A, 0x237 },
    { 0x2044, 0x2044, 0x239 },
    { 0x2070, 0x2070, 0x23A },
    { 0x2074, 0x2079, 0x23B },
    { 0x207D, 0x2089, 0x241 },
    { 0x208D, 0x208E, 0x24E },
    { 0x20A1, 0x20A1, 0x250 },
    { 0x20A4, 0x20A4, 0x251 },
    { 0x20A6, 0x20A7, 0x252 },
    { 0x20AB, 0x20AC, 0x254 },
    { 0x20B1, 0x20B2, 0x256 },
    { 0x20B5, 0x20B5, 0x258 },
    { 0x20B9, 0x20BA, 0x259 },
    { 0x20BD, 0x20BD, 0x25B },
    { 0x2190, 0x2193, 0x25C },
    { 0x2202, 0x2202, 0x260 },
    { 0x220F, 0x220F, 0x261 },
    { 0x2211, 0x2212, 0x262 },
    { 0x2215, 0x2215, 0x264 },
    { 0x2219, 0x221A, 0x265 },
    { 0x221E, 0x221E, 0x267 },
    { 0x222B, 0x222B, 0x268 },
    { 0x2248, 0x2248, 0x269 },
    { 0x2260, 0x2260, 0x26A },
    { 0x2264, 0x2265, 0x26B },
    { 0xFB01, 0xFB02, 0x26D },
};

static const EpdFontGroup baijamjuree_10_boldGroups[] = {
    { 0, 1738, 3857, 96, 0 },
    { 1738, 18, 15, 1, 96 },
    { 1756, 1866, 4808, 95, 97 },
    { 3622, 1877, 5657, 96, 192 },
    { 5499, 738, 1928, 31, 288 },
    { 6237, 935, 2266, 32, 319 },
    { 7172, 155, 178, 20, 351 },
    { 7327, 2029, 3627, 87, 371 },
    { 9356, 1673, 6648, 90, 458 },
    { 11029, 289, 524, 22, 548 },
    { 11318, 205, 357, 22, 570 },
    { 11523, 395, 727, 12, 592 },
    { 11918, 86, 150, 4, 604 },
    { 12004, 358, 596, 13, 608 },
    { 12362, 59, 105, 2, 621 },
};

static const EpdKernClassEntry baijamjuree_10_boldKernLeftClasses[] = {
    { 0x002C, 1 }, // ,
    { 0x002D, 2 }, // -
    { 0x002E, 3 }, // .
    { 0x002F, 4 }, // /
    { 0x0030, 5 }, // 0
    { 0x0032, 6 }, // 2
    { 0x0033, 7 }, // 3
    { 0x0034, 8 }, // 4
    { 0x0035, 9 }, // 5
    { 0x0036, 10 }, // 6
    { 0x0037, 11 }, // 7
    { 0x0038, 12 }, // 8
    { 0x0039, 13 }, // 9
    { 0x0041, 14 }, // A
    { 0x0042, 15 }, // B
    { 0x0043, 16 }, // C
    { 0x0044, 17 }, // D
    { 0x0045, 18 }, // E
    { 0x0046, 19 }, // F
    { 0x0047, 20 }, // G
    { 0x004A, 21 }, // J
    { 0x004B, 22 }, // K
    { 0x004C, 23 }, // L
    { 0x004F, 24 }, // O
    { 0x0050, 25 }, // P
    { 0x0051, 26 }, // Q
    { 0x0052, 27 }, // R
    { 0x0053, 28 }, // S
    { 0x0054, 29 }, // T
    { 0x0055, 30 }, // U
    { 0x0056, 31 }, // V
    { 0x0057, 32 }, // W
    { 0x0058, 33 }, // X
    { 0x0059, 34 }, // Y
    { 0x005A, 35 }, // Z
    { 0x0061, 36 }, // a
    { 0x0062, 37 }, // b
    { 0x0063, 38 }, // c
    { 0x0064, 39 }, // d
    { 0x0065, 40 }, // e
    { 0x0066, 41 }, // f
    { 0x0067, 42 }, // g
    { 0x0068, 36 }, // h
    { 0x0069, 43 }, // i
    { 0x006A, 43 }, // j
    { 0x006B, 44 }, // k
    { 0x006C, 45 }, // l
    { 0x006D, 36 }, // m
    { 0x006E, 36 }, // n
    { 0x006F, 37 }, // o
    { 0x0070, 37 }, // p
    { 0x0071, 42 }, // q
    { 0x0072, 46 }, // r
    { 0x0073, 47 }, // s
    { 0x0074, 48 }, // t
    { 0x0075, 42 }, // u
    { 0x0076, 49 }, // v
    { 0x0077, 50 }, // w
    { 0x0078, 51 }, // x
    { 0x0079, 42 }, // y
    { 0x007A, 52 }, // z
    { 0x00AD, 2 }, // U+00AD
    { 0x00BF, 53 }, // U+00BF
    { 0x00C0, 14 }, // U+00C0
    { 0x00C1, 14 }, // U+00C1
    { 0x00C2, 14 }, // U+00C2
    { 0x00C3, 14 }, // U+00C3
    { 0x00C4, 14 }, // U+00C4
    { 0x00C5, 14 }, // U+00C5
    { 0x00C6, 14 }, // U+00C6
    { 0x00C7, 16 }, // U+00C7
    { 0x00C8, 18 }, // U+00C8
    { 0x00C9, 18 }, // U+00C9
    { 0x00CA, 18 }, // U+00CA
    { 0x00CB, 18 }, // U+00CB
    { 0x00D2, 24 }, // U+00D2
    { 0x00D3, 24 }, // U+00D3
    { 0x00D4, 24 }, // U+00D4
    { 0x00D5, 24 }, // U+00D5
    { 0x00D6, 24 }, // U+00D6
    { 0x00D8, 24 }, // U+00D8
    { 0x00D9, 30 }, // U+00D9
    { 0x00DA, 30 }, // U+00DA
    { 0x00DB, 30 }, // U+00DB
    { 0x00DC, 30 }, // U+00DC
    { 0x00DD, 34 }, // U+00DD
    { 0x00E0, 36 }, // U+00E0
    { 0x00E1, 36 }, // U+00E1
    { 0x00E2, 36 }, // U+00E2
    { 0x00E3, 36 }, // U+00E3
    { 0x00E4, 36 }, // U+00E4
    { 0x00E5, 36 }, // U+00E5
    { 0x00E6, 40 }, // U+00E6
    { 0x00E7, 38 }, // U+00E7
    { 0x00E8, 40 }, // U+00E8
    { 0x00E9, 40 }, // U+00E9
    { 0x00EA, 40 }, // U+00EA
    { 0x00EB, 40 }, // U+00EB
    { 0x00F1, 36 }, // U+00F1
    { 0x00F2, 37 }, // U+00F2
    { 0x00F3, 37 }, // U+00F3
    { 0x00F4, 37 }, // U+00F4
    { 0x00F5, 37 }, // U+00F5
    { 0x00F6, 37 }, // U+00F6
    { 0x00F8, 37 }, // U+00F8
    { 0x00F9, 42 }, // U+00F9
    { 0x00FA, 42 }, // U+00FA
    { 0x00FB, 42 }, // U+00FB
    { 0x00FC, 42 }, // U+00FC
    { 0x00FD, 42 }, // U+00FD
    { 0x00FE, 37 }, // U+00FE
    { 0x00FF, 42 }, // U+00FF
    { 0x0100, 14 }, // U+0100
    { 0x0101, 36 }, // U+0101
    { 0x0102, 14 }, // U+0102
    { 0x0103, 36 }, // U+0103
    { 0x0104, 14 }, // U+0104
    { 0x0105, 36 }, // U+0105
    { 0x0106, 16 }, // U+0106
    { 0x0107, 38 }, // U+0107
    { 0x0108, 16 }, // U+0108
    { 0x0109, 38 }, // U+0109
    { 0x010A, 16 }, // U+010A
    { 0x010B, 38 }, // U+010B
    { 0x010C, 16 }, // U+010C
    { 0x010D, 38 }, // U+010D
    { 0x010E, 17 }, // U+010E
    { 0x010F, 54 }, // U+010F
    { 0x0110, 17 }, // U+0110
    { 0x0112, 18 }, // U+0112
    { 0x0113, 40 }, // U+0113
    { 0x0114, 18 }, // U+0114
    { 0x0115, 40 }, // U+0115
    { 0x0116, 18 }, // U+0116
    { 0x0117, 40 }, // U+0117
    { 0x0118, 18 }, // U+0118
    { 0x0119, 40 }, // U+0119
    { 0x011A, 18 }, // U+011A
    { 0x011B, 40 }, // U+011B
    { 0x011C, 20 }, // U+011C
    { 0x011D, 42 }, // U+011D
    { 0x011E, 20 }, // U+011E
    { 0x011F, 42 }, // U+011F
    { 0x0120, 20 }, // U+0120
    { 0x0121, 42 }, // U+0121
    { 0x0122, 20 }, // U+0122
    { 0x0123, 42 }, // U+0123
    { 0x0125, 36 }, // U+0125
    { 0x0127, 36 }, // U+0127
    { 0x0132, 21 }, // U+0132
    { 0x0134, 21 }, // U+0134
    { 0x0136, 22 }, // U+0136
    { 0x0137, 44 }, // U+0137
    { 0x0138, 44 }, // U+0138
    { 0x0139, 23 }, // U+0139
    { 0x013A, 45 }, // U+013A
    { 0x013B, 23 }, // U+013B
    { 0x013C, 45 }, // U+013C
    { 0x013D, 23 }, // U+013D
    { 0x013E, 54 }, // U+013E
    { 0x013F, 23 }, // U+013F
    { 0x0140, 45 }, // U+0140
    { 0x0141, 23 }, // U+0141
    { 0x0144, 36 }, // U+0144
    { 0x0146, 36 }, // U+0146
    { 0x0148, 36 }, // U+0148
    { 0x0149, 36 }, // U+0149
    { 0x014B, 36 }, // U+014B
    { 0x014C, 24 }, // U+014C
    { 0x014D, 37 }, // U+014D
    { 0x014E, 24 }, // U+014E
    { 0x014F, 37 }, // U+014F
    { 0x0150, 24 }, // U+0150
    { 0x0151, 37 }, // U+0151
    { 0x0152, 18 }, // U+0152
    { 0x0153, 40 }, // U+0153
    { 0x0154, 27 }, // U+0154
    { 0x0155, 46 }, // U+0155
    { 0x0156, 27 }, // U+0156
    { 0x0157, 46 }, // U+0157
    { 0x0158, 27 }, // U+0158
    { 0x0159, 46 }, // U+0159
    { 0x015A, 28 }, // U+015A
    { 0x015B, 47 }, // U+015B
    { 0x015C, 28 }, // U+015C
    { 0x015D, 47 }, // U+015D
    { 0x015E, 28 }, // U+015E
    { 0x015F, 47 }, // U+015F
    { 0x0160, 28 }, // U+0160
    { 0x0161, 47 }, // U+0161
    { 0x0162, 29 }, // U+0162
    { 0x0163, 48 }, // U+0163
    { 0x0164, 29 }, // U+0164
    { 0x0165, 54 }, // U+0165
    { 0x0166, 29 }, // U+0166
    { 0x0167, 48 }, // U+0167
    { 0x0168, 30 }, // U+0168
    { 0x0169, 42 }, // U+0169
    { 0x016A, 30 }, // U+016A
    { 0x016B, 42 }, // U+016B
    { 0x016C, 30 }, // U+016C
    { 0x016D, 42 }, // U+016D
    { 0x016E, 30 }, // U+016E
    { 0x016F, 42 }, // U+016F
    { 0x0170, 30 }, // U+0170
    { 0x0171, 42 }, // U+0171
    { 0x0172, 30 }, // U+0172
    { 0x0173, 42 }, // U+0173
    { 0x0174, 32 }, // U+0174
    { 0x0175, 50 }, // U+0175
    { 0x0176, 34 }, // U+0176
    { 0x0177, 42 }, // U+0177
    { 0x0178, 34 }, // U+0178
    { 0x0179, 35 }, // U+0179
    { 0x017A, 52 }, // U+017A
    { 0x017B, 35 }, // U+017B
    { 0x017C, 52 }, // U+017C
    { 0x017D, 35 }, // U+017D
    { 0x017E, 52 }, // U+017E
    { 0x01AF, 30 }, // U+01AF
    { 0x01CD, 14 }, // U+01CD
    { 0x01CE, 36 }, // U+01CE
    { 0x01D1, 24 }, // U+01D1
    { 0x01D2, 37 }, // U+01D2
    { 0x01D3, 30 }, // U+01D3
    { 0x01D4, 42 }, // U+01D4
    { 0x01D5, 30 }, // U+01D5
    { 0x01D6, 42 }, // U+01D6
    { 0x01D7, 30 }, // U+01D7
    { 0x01D8, 42 }, // U+01D8
    { 0x01D9, 30 }, // U+01D9
    { 0x01DA, 42 }, // U+01DA
    { 0x01DB, 30 }, // U+01DB
    { 0x01DC, 42 }, // U+01DC
    { 0x01E6, 20 }, // U+01E6
    { 0x01E7, 42 }, // U+01E7
    { 0x01FA, 14 }, // U+01FA
    { 0x01FB, 36 }, // U+01FB
    { 0x01FD, 40 }, // U+01FD
    { 0x01FE, 24 }, // U+01FE
    { 0x01FF, 37 }, // U+01FF
    { 0x0218, 28 }, // U+0218
    { 0x0219, 47 }, // U+0219
    { 0x021A, 29 }, // U+021A
    { 0x021B, 48 }, // U+021B
    { 0x0E40, 55 }, // U+0E40
    { 0x0E41, 55 }, // U+0E41
    { 0x0E42, 56 }, // U+0E42
    { 0x0E43, 57 }, // U+0E43
    { 0x0E44, 56 }, // U+0E44
    { 0x1EA0, 14 }, // U+1EA0
    { 0x1EA1, 36 }, // U+1EA1
    { 0x1EA2, 14 }, // U+1EA2
    { 0x1EA3, 36 }, // U+1EA3
    { 0x1EA4, 14 }, // U+1EA4
    { 0x1EA5, 36 }, // U+1EA5
    { 0x1EA6, 14 }, // U+1EA6
    { 0x1EA7, 36 }, // U+1EA7
    { 0x1EA8, 14 }, // U+1EA8
    { 0x1EA9, 36 }, // U+1EA9
    { 0x1EAA, 14 }, // U+1EAA
    { 0x1EAB, 36 }, // U+1EAB
    { 0x1EAC, 14 }, // U+1EAC
    { 0x1EAD, 36 }, // U+1EAD
    { 0x1EAE, 14 }, // U+1EAE
    { 0x1EAF, 36 }, // U+1EAF
    { 0x1EB0, 14 }, // U+1EB0
    { 0x1EB1, 36 }, // U+1EB1
    { 0x1EB2, 14 }, // U+1EB2
    { 0x1EB3, 36 }, // U+1EB3
    { 0x1EB4, 14 }, // U+1EB4
    { 0x1EB5, 36 }, // U+1EB5
    { 0x1EB6, 14 }, // U+1EB6
    { 0x1EB7, 36 }, // U+1EB7
    { 0x1EB8, 18 }, // U+1EB8
    { 0x1EB9, 40 }, // U+1EB9
    { 0x1EBA, 18 }, // U+1EBA
    { 0x1EBB, 40 }, // U+1EBB
    { 0x1EBC, 18 }, // U+1EBC
    { 0x1EBD, 40 }, // U+1EBD
    { 0x1EBE, 18 }, // U+1EBE
    { 0x1EBF, 40 }, // U+1EBF
    { 0x1EC0, 18 }, // U+1EC0
    { 0x1EC1, 40 }, // U+1EC1
    { 0x1EC2, 18 }, // U+1EC2
    { 0x1EC3, 40 }, // U+1EC3
    { 0x1EC4, 18 }, // U+1EC4
    { 0x1EC5, 40 }, // U+1EC5
    { 0x1EC6, 18 }, // U+1EC6
    { 0x1EC7, 40 }, // U+1EC7
    { 0x1ECC, 24 }, // U+1ECC
    { 0x1ECD, 37 }, // U+1ECD
    { 0x1ECE, 24 }, // U+1ECE
    { 0x1ECF, 37 }, // U+1ECF
    { 0x1ED0, 24 }, // U+1ED0
    { 0x1ED1, 37 }, // U+1ED1
    { 0x1ED2, 24 }, // U+1ED2
    { 0x1ED3, 37 }, // U+1ED3
    { 0x1ED4, 24 }, // U+1ED4
    { 0x1ED5, 37 }, // U+1ED5
    { 0x1ED6, 24 }, // U+1ED6
    { 0x1ED7, 37 }, // U+1ED7
    { 0x1ED8, 24 }, // U+1ED8
    { 0x1ED9, 37 }, // U+1ED9
    { 0x1EDA, 24 }, // U+1EDA
    { 0x1EDB, 37 }, // U+1EDB
    { 0x1EDC, 24 }, // U+1EDC
    { 0x1EDD, 37 }, // U+1EDD
    { 0x1EDE, 24 }, // U+1EDE
    { 0x1EDF, 37 }, // U+1EDF
    { 0x1EE0, 24 }, // U+1EE0
    { 0x1EE1, 37 }, // U+1EE1
    { 0x1EE2, 24 }, // U+1EE2
    { 0x1EE3, 37 }, // U+1EE3
    { 0x1EE4, 30 }, // U+1EE4
    { 0x1EE5, 42 }, // U+1EE5
    { 0x1EE6, 30 }, // U+1EE6
    { 0x1EE7, 42 }, // U+1EE7
    { 0x1EE8, 30 }, // U+1EE8
    { 0x1EEA, 30 }, // U+1EEA
    { 0x1EEC, 30 }, // U+1EEC
    { 0x1EEE, 30 }, // U+1EEE
    { 0x1EF0, 30 }, // U+1EF0
    { 0x1EF2, 34 }, // U+1EF2
    { 0x1EF3, 42 }, // U+1EF3
    { 0x1EF4, 34 }, // U+1EF4
    { 0x1EF5, 42 }, // U+1EF5
    { 0x1EF6, 34 }, // U+1EF6
    { 0x1EF7, 42 }, // U+1EF7
    { 0x1EF8, 34 }, // U+1EF8
    { 0x1EF9, 42 }, // U+1EF9
    { 0x2010, 2 }, // U+2010
    { 0x2012, 2 }, // U+2012
    { 0x2013, 2 }, // U+2013
    { 0x2014, 2 }, // U+2014
    { 0x2015, 2 }, // U+2015
    { 0x2018, 58 }, // U+2018
    { 0x2019, 54 }, // U+2019
    { 0x201A, 1 }, // U+201A
    { 0x201C, 58 }, // U+201C
    { 0x201D, 54 }, // U+201D
    { 0x201E, 1 }, // U+201E
    { 0x2026, 3 }, // U+2026
};

static const EpdKernClassEntry baijamjuree_10_boldKernRightClasses[] = {
    { 0x002C, 1 }, // ,
    { 0x002D, 2 }, // -
    { 0x002E, 3 }, // .
    { 0x002F, 4 }, // /
    { 0x0030, 5 }, // 0
    { 0x0031, 6 }, // 1
    { 0x0032, 7 }, // 2
    { 0x0033, 8 }, // 3
    { 0x0034, 9 }, // 4
    { 0x0035, 10 }, // 5
    { 0x0036, 11 }, // 6
    { 0x0037, 12 }, // 7
    { 0x0038, 13 }, // 8
    { 0x0039, 14 }, // 9
    { 0x0041, 15 }, // A
    { 0x0042, 16 }, // B
    { 0x0043, 17 }, // C
    { 0x0044, 18 }, // D
    { 0x0045, 18 }, // E
    { 0x0047, 17 }, // G
    { 0x004A, 19 }, // J
    { 0x004C, 16 }, // L
    { 0x004F, 17 }, // O
    { 0x0051, 17 }, // Q
    { 0x0053, 20 }, // S
    { 0x0054, 21 }, // T
    { 0x0055, 22 }, // U
    { 0x0056, 23 }, // V
    { 0x0057, 24 }, // W
    { 0x0058, 25 }, // X
    { 0x0059, 26 }, // Y
    { 0x005A, 27 }, // Z
    { 0x0061, 28 }, // a
    { 0x0062, 29 }, // b
    { 0x0063, 30 }, // c
    { 0x0064, 30 }, // d
    { 0x0065, 30 }, // e
    { 0x0066, 31 }, // f
    { 0x0067, 30 }, // g
    { 0x0068, 32 }, // h
    { 0x0069, 33 }, // i
    { 0x006A, 33 }, // j
    { 0x006B, 32 }, // k
    { 0x006C, 34 }, // l
    { 0x006D, 35 }, // m
    { 0x006E, 35 }, // n
    { 0x006F, 30 }, // o
    { 0x0070, 35 }, // p
    { 0x0071, 30 }, // q
    { 0x0072, 35 }, // r
    { 0x0073, 36 }, // s
    { 0x0074, 37 }, // t
    { 0x0075, 38 }, // u
    { 0x0076, 39 }, // v
    { 0x0077, 40 }, // w
    { 0x0078, 41 }, // x
    { 0x0079, 38 }, // y
    { 0x007A, 42 }, // z
    { 0x00AD, 2 }, // U+00AD
    { 0x00C0, 15 }, // U+00C0
    { 0x00C1, 15 }, // U+00C1
    { 0x00C2, 15 }, // U+00C2
    { 0x00C3, 15 }, // U+00C3
    { 0x00C4, 15 }, // U+00C4
    { 0x00C5, 15 }, // U+00C5
    { 0x00C6, 15 }, // U+00C6
    { 0x00C7, 17 }, // U+00C7
    { 0x00C8, 18 }, // U+00C8
    { 0x00C9, 18 }, // U+00C9
    { 0x00CA, 18 }, // U+00CA
    { 0x00CB, 18 }, // U+00CB
    { 0x00D2, 17 }, // U+00D2
    { 0x00D3, 17 }, // U+00D3
    { 0x00D4, 17 }, // U+00D4
    { 0x00D5, 17 }, // U+00D5
    { 0x00D6, 17 }, // U+00D6
    { 0x00D8, 17 }, // U+00D8
    { 0x00D9, 22 }, // U+00D9
    { 0x00DA, 22 }, // U+00DA
    { 0x00DB, 22 }, // U+00DB
    { 0x00DC, 22 }, // U+00DC
    { 0x00DD, 26 }, // U+00DD
    { 0x00E0, 28 }, // U+00E0
    { 0x00E1, 28 }, // U+00E1
    { 0x00E2, 28 }, // U+00E2
    { 0x00E3, 28 }, // U+00E3
    { 0x00E4, 28 }, // U+00E4
    { 0x00E5, 28 }, // U+00E5
    { 0x00E6, 28 }, // U+00E6
    { 0x00E7, 30 }, // U+00E7
    { 0x00E8, 30 }, // U+00E8
    { 0x00E9, 30 }, // U+00E9
    { 0x00EA, 30 }, // U+00EA
    { 0x00EB, 30 }, // U+00EB
    { 0x00F1, 35 }, // U+00F1
    { 0x00F2, 30 }, // U+00F2
    { 0x00F3, 30 }, // U+00F3
    { 0x00F4, 30 }, // U+00F4
    { 0x00F5, 30 }, // U+00F5
    { 0x00F6, 30 }, // U+00F6
    { 0x00F8, 30 }, // U+00F8
    { 0x00F9, 38 }, // U+00F9
    { 0x00FA, 38 }, // U+00FA
    { 0x00FB, 38 }, // U+00FB
    { 0x00FC, 38 }, // U+00FC
    { 0x00FD, 38 }, // U+00FD
    { 0x00FF, 38 }, // U+00FF
    { 0x0100, 15 }, // U+0100
    { 0x0101, 28 }, // U+0101
    { 0x0102, 15 }, // U+0102
    { 0x0103, 28 }, // U+0103
    { 0x0104, 15 }, // U+0104
    { 0x0105, 28 }, // U+0105
    { 0x0106, 17 }, // U+0106
    { 0x0107, 30 }, // U+0107
    { 0x0108, 17 }, // U+0108
    { 0x0109, 30 }, // U+0109
    { 0x010A, 17 }, // U+010A
    { 0x010B, 30 }, // U+010B
    { 0x010C, 17 }, // U+010C
    { 0x010D, 30 }, // U+010D
    { 0x010F, 30 }, // U+010F
    { 0x0111, 30 }, // U+0111
    { 0x0112, 18 }, // U+0112
    { 0x0113, 30 }, // U+0113
    { 0x0114, 18 }, // U+0114
    { 0x0115, 30 }, // U+0115
    { 0x0116, 18 }, // U+0116
    { 0x0117, 30 }, // U+0117
    { 0x0118, 18 }, // U+0118
    { 0x0119, 30 }, // U+0119
    { 0x011A, 18 }, // U+011A
    { 0x011B, 30 }, // U+011B
    { 0x011C, 17 }, // U+011C
    { 0x011D, 30 }, // U+011D
    { 0x011E, 17 }, // U+011E
    { 0x011F, 30 }, // U+011F
    { 0x0120, 17 }, // U+0120
    { 0x0121, 30 }, // U+0121
    { 0x0122, 17 }, // U+0122
    { 0x0123, 30 }, // U+0123
    { 0x0139, 18 }, // U+0139
    { 0x013A, 34 }, // U+013A
    { 0x013B, 18 }, // U+013B
    { 0x013C, 34 }, // U+013C
    { 0x013D, 18 }, // U+013D
    { 0x013E, 34 }, // U+013E
    { 0x013F, 18 }, // U+013F
    { 0x0140, 34 }, // U+0140
    { 0x0144, 35 }, // U+0144
    { 0x0146, 35 }, // U+0146
    { 0x0148, 35 }, // U+0148
    { 0x0149, 35 }, // U+0149
    { 0x014B, 35 }, // U+014B
    { 0x014C, 17 }, // U+014C
    { 0x014D, 30 }, // U+014D
    { 0x014E, 17 }, // U+014E
    { 0x014F, 30 }, // U+014F
    { 0x0150, 17 }, // U+0150
    { 0x0151, 30 }, // U+0151
    { 0x0152, 17 }, // U+0152
    { 0x0153, 30 }, // U+0153
    { 0x0155, 35 }, // U+0155
    { 0x0157, 35 }, // U+0157
    { 0x0159, 35 }, // U+0159
    { 0x015A, 20 }, // U+015A
    { 0x015B, 36 }, // U+015B
    { 0x015C, 20 }, // U+015C
    { 0x015D, 36 }, // U+015D
    { 0x015E, 20 }, // U+015E
    { 0x015F, 36 }, // U+015F
    { 0x0160, 20 }, // U+0160
    { 0x0161, 36 }, // U+0161
    { 0x0162, 21 }, // U+0162
    { 0x0163, 37 }, // U+0163
    { 0x0164, 21 }, // U+0164
    { 0x0165, 37 }, // U+0165
    { 0x0166, 21 }, // U+0166
    { 0x0167, 37 }, // U+0167
    { 0x0168, 22 }, // U+0168
    { 0x0169, 38 }, // U+0169
    { 0x016A, 22 }, // U+016A
    { 0x016B, 38 }, // U+016B
    { 0x016C, 22 }, // U+016C
    { 0x016D, 38 }, // U+016D
    { 0x016E, 22 }, // U+016E
    { 0x016F, 38 }, // U+016F
    { 0x0170, 22 }, // U+0170
    { 0x0171, 38 }, // U+0171
    { 0x0172, 22 }, // U+0172
    { 0x0173, 38 }, // U+0173
    { 0x0174, 24 }, // U+0174
    { 0x0175, 40 }, // U+0175
    { 0x0176, 26 }, // U+0176
    { 0x0177, 38 }, // U+0177
    { 0x0178, 26 }, // U+0178
    { 0x0179, 27 }, // U+0179
    { 0x017A, 42 }, // U+017A
    { 0x017B, 27 }, // U+017B
    { 0x017C, 42 }, // U+017C
    { 0x017D, 27 }, // U+017D
    { 0x017E, 42 }, // U+017E
    { 0x01A0, 17 }, // U+01A0
    { 0x01A1, 30 }, // U+01A1
    { 0x01AF, 22 }, // U+01AF
    { 0x01B0, 38 }, // U+01B0
    { 0x01CD, 15 }, // U+01CD
    { 0x01CE, 28 }, // U+01CE
    { 0x01D1, 17 }, // U+01D1
    { 0x01D2, 30 }, // U+01D2
    { 0x01D3, 22 }, // U+01D3
    { 0x01D4, 38 }, // U+01D4
    { 0x01D5, 22 }, // U+01D5
    { 0x01D6, 38 }, // U+01D6
    { 0x01D7, 22 }, // U+01D7
    { 0x01D8, 38 }, // U+01D8
    { 0x01D9, 22 }, // U+01D9
    { 0x01DA, 38 }, // U+01DA
    { 0x01DB, 22 }, // U+01DB
    { 0x01DC, 38 }, // U+01DC
    { 0x01E6, 17 }, // U+01E6
    { 0x01E7, 30 }, // U+01E7
    { 0x01FA, 15 }, // U+01FA
    { 0x01FB, 28 }, // U+01FB
    { 0x01FC, 15 }, // U+01FC
    { 0x01FD, 28 }, // U+01FD
    { 0x01FE, 17 }, // U+01FE
    { 0x01FF, 30 }, // U+01FF
    { 0x0218, 20 }, // U+0218
    { 0x0219, 36 }, // U+0219
    { 0x021A, 21 }, // U+021A
    { 0x021B, 37 }, // U+021B
    { 0x0E01, 43 }, // U+0E01
    { 0x0E02, 44 }, // U+0E02
    { 0x0E03, 45 }, // U+0E03
    { 0x0E06, 46 }, // U+0E06
    { 0x0E07, 47 }, // U+0E07
    { 0x0E08, 48 }, // U+0E08
    { 0x0E09, 49 }, // U+0E09
    { 0x0E0A, 44 }, // U+0E0A
    { 0x0E0B, 45 }, // U+0E0B
    { 0x0E0C, 43 }, // U+0E0C
    { 0x0E0D, 43 }, // U+0E0D
    { 0x0E10, 50 }, // U+0E10
    { 0x0E11, 51 }, // U+0E11
    { 0x0E13, 43 }, // U+0E13
    { 0x0E16, 43 }, // U+0E16
    { 0x0E17, 52 }, // U+0E17
    { 0x0E18, 53 }, // U+0E18
    { 0x0E19, 52 }, // U+0E19
    { 0x0E1A, 52 }, // U+0E1A
    { 0x0E1B, 52 }, // U+0E1B
    { 0x0E1E, 52 }, // U+0E1E
    { 0x0E1F, 52 }, // U+0E1F
    { 0x0E23, 54 }, // U+0E23
    { 0x0E24, 43 }, // U+0E24
    { 0x0E27, 55 }, // U+0E27
    { 0x0E29, 52 }, // U+0E29
    { 0x0E2B, 52 }, // U+0E2B
    { 0x0E2C, 52 }, // U+0E2C
    { 0x0E2D, 56 }, // U+0E2D
    { 0x0E2E, 57 }, // U+0E2E
    { 0x1EA0, 15 }, // U+1EA0
    { 0x1EA1, 28 }, // U+1EA1
    { 0x1EA2, 15 }, // U+1EA2
    { 0x1EA3, 28 }, // U+1EA3
    { 0x1EA4, 15 }, // U+1EA4
    { 0x1EA5, 28 }, // U+1EA5
    { 0x1EA6, 15 }, // U+1EA6
    { 0x1EA7, 28 }, // U+1EA7
    { 0x1EA8, 15 }, // U+1EA8
    { 0x1EA9, 28 }, // U+1EA9
    { 0x1EAA, 15 }, // U+1EAA
    { 0x1EAB, 28 }, // U+1EAB
    { 0x1EAC, 15 }, // U+1EAC
    { 0x1EAD, 28 }, // U+1EAD
    { 0x1EAE, 15 }, // U+1EAE
    { 0x1EAF, 28 }, // U+1EAF
    { 0x1EB0, 15 }, // U+1EB0
    { 0x1EB1, 28 }, // U+1EB1
    { 0x1EB2, 15 }, // U+1EB2
    { 0x1EB3, 28 }, // U+1EB3
    { 0x1EB4, 15 }, // U+1EB4
    { 0x1EB5, 28 }, // U+1EB5
    { 0x1EB6, 15 }, // U+1EB6
    { 0x1EB7, 28 }, // U+1EB7
    { 0x1EB8, 18 }, // U+1EB8
    { 0x1EB9, 30 }, // U+1EB9
    { 0x1EBA, 18 }, // U+1EBA
    { 0x1EBB, 30 }, // U+1EBB
    { 0x1EBC, 18 }, // U+1EBC
    { 0x1EBD, 30 }, // U+1EBD
    { 0x1EBE, 18 }, // U+1EBE
    { 0x1EBF, 30 }, // U+1EBF
    { 0x1EC0, 18 }, // U+1EC0
    { 0x1EC1, 30 }, // U+1EC1
    { 0x1EC2, 18 }, // U+1EC2
    { 0x1EC3, 30 }, // U+1EC3
    { 0x1EC4, 18 }, // U+1EC4
    { 0x1EC5, 30 }, // U+1EC5
    { 0x1EC6, 18 }, // U+1EC6
    { 0x1EC7, 30 }, // U+1EC7
    { 0x1ECC, 17 }, // U+1ECC
    { 0x1ECD, 30 }, // U+1ECD
    { 0x1ECE, 17 }, // U+1ECE
    { 0x1ECF, 30 }, // U+1ECF
    { 0x1ED0, 17 }, // U+1ED0
    { 0x1ED1, 30 }, // U+1ED1
    { 0x1ED2, 17 }, // U+1ED2
    { 0x1ED3, 30 }, // U+1ED3
    { 0x1ED4, 17 }, // U+1ED4
    { 0x1ED5, 30 }, // U+1ED5
    { 0x1ED6, 17 }, // U+1ED6
    { 0x1ED7, 30 }, // U+1ED7
    { 0x1ED8, 17 }, // U+1ED8
    { 0x1ED9, 30 }, // U+1ED9
    { 0x1EDA, 17 }, // U+1EDA
    { 0x1EDB, 30 }, // U+1EDB
    { 0x1EDC, 17 }, // U+1EDC
    { 0x1EDD, 30 }, // U+1EDD
    { 0x1EDE, 17 }, // U+1EDE
    { 0x1EDF, 30 }, // U+1EDF
    { 0x1EE0, 17 }, // U+1EE0
    { 0x1EE1, 30 }, // U+1EE1
    { 0x1EE2, 17 }, // U+1EE2
    { 0x1EE3, 30 }, // U+1EE3
    { 0x1EE4, 22 }, // U+1EE4
    { 0x1EE5, 38 }, // U+1EE5
    { 0x1EE6, 22 }, // U+1EE6
    { 0x1EE7, 38 }, // U+1EE7
    { 0x1EE8, 22 }, // U+1EE8
    { 0x1EE9, 38 }, // U+1EE9
    { 0x1EEA, 22 }, // U+1EEA
    { 0x1EEB, 38 }, // U+1EEB
    { 0x1EEC, 22 }, // U+1EEC
    { 0x1EED, 38 }, // U+1EED
    { 0x1EEE, 22 }, // U+1EEE
    { 0x1EEF, 38 }, // U+1EEF
    { 0x1EF0, 22 }, // U+1EF0
    { 0x1EF1, 38 }, // U+1EF1
    { 0x1EF2, 26 }, // U+1EF2
    { 0x1EF3, 38 }, // U+1EF3
    { 0x1EF4, 26 }, // U+1EF4
    { 0x1EF5, 38 }, // U+1EF5
    { 0x1EF6, 26 }, // U+1EF6
    { 0x1EF7, 38 }, // U+1EF7
    { 0x1EF8, 26 }, // U+1EF8
    { 0x1EF9, 38 }, // U+1EF9
    { 0x2010, 2 }, // U+2010
    { 0x2012, 2 }, // U+2012
    { 0x2013, 2 }, // U+2013
    { 0x2014, 2 }, // U+2014
    { 0x2015, 2 }, // U+2015
    { 0x2018, 58 }, // U+2018
    { 0x2019, 59 }, // U+2019
    { 0x201A, 1 }, // U+201A
    { 0x201C, 58 }, // U+201C
    { 0x201D, 59 }, // U+201D
    { 0x201E, 1 }, // U+201E
    { 0x2026, 3 }, // U+2026
};

static const int8_t baijamjuree_10_boldKernMatrix[] = {
       0,    0,    0,    0,   -5,  -19,    0,    0,   -5,    0,   -5,  -15,   -2,   -2,    0,    0,   -5,    0,    0,   -5,  -29,    0,  -29,   -5,    0,  -35,    0,    0,    0,    0,   -9,    0,    0,   -2,    0,    0,  -15,   -7,  -19,   -9,    0,    0,    0,    0,    0,    0,    0,    0,    0,    0,    0,    0,    0,    0,    0,    0,    0,    0,    0,
       0,    0,    0,    0,    0,    0,    0,    0,    0,    0,    0,  -19,    0,    0,    0,    0,    0,    0,    0,    0,  -21,    0,  -15,    0,  -12,  -21,   -9,    0,    0,    0,   -2,    0,    0,    0,    0,    0,    0,    0,    0,    0,   -5,   -5,    0,    0,    0,    0,    0,    0,    0,    0,    0,    0,    0,    0,    0,    0,    0,    0,    0,
       0,    0,    0,    0,   -9,  -19,    0,   -5,   -5,   -5,   -9,  -12,   -5,   -9,    0,   -2,   -9,   -2,    0,    0,  -35,    0,  -32,   -9,    0,  -39,    0,   -4,    0,   -5,  -14,    0,    0,   -5,    0,    0,  -17,  -12,  -22,  -11,    0,    0,    0,    0,    0,    0,    0,    0,    0,    0,    0,    0,    0,    0,    0,    0,    0,    0,    0,
       0,    0,    0,    0,    0,    0,    0,    0,    0,    0,    0,    0,    0,    0,  -42,    0,  -15,    0,  -25,    0,    0,    0,    0,    0,    0,    0,    0,  -24,    0,  -24,   -5,    0,    0,    0,   -9,  -21,   -9,  -17,    0,    0,    0,  -11,    0,    0,    0,    0,    0,    0,    0,    0,    0,    0,    0,    0,    0,    0,    0,    0,    0,
      -5,    0,   -9,    0,    0,    0,    0,    0,    0,    0,    0,   -7,    0,    0,    0,    0,    0,    0,    0,    0,    0,    0,    0,    0,    0,    0,    0,    0,    0,    0,    0,    0,    0,    0,    0,    0,    0,    0,    0,    0,    0,    0,    0,    0,    0,    0,    0,    0,    0,    0,    0,    0,    0,    0,    0,    0,    0,    0,    0,
       0,    0,    0,    0,    0,    0,    0,    0,  -12,    0,    0,    0,    0,    0,    0,    0,    0,    0,    0,    0,    0,    0,    0,    0,    0,    0,    0,    0,    0,    0,    0,    0,    0,    0,    0,    0,    0,    0,    0,    0,    0,    0,    0,    0,    0,    0,    0,    0,    0,    0,    0,    0,    0,    0,    0,    0,    0,    0,    0,
      -9,    0,   -5,    0,    0,    0,    0,    0,    0,    0,    0,    0,    0,    0,    0,    0,    0,    0,    0,    0,    0,    0,    0,    0,    0,    0,    0,    0,    0,    0,    0,    0,    0,    0,    0,    0,    0,    0,    0,    0,    0,    0,    0,    0,    0,    0,    0,    0,    0,    0,    0,    0,    0,    0,    0,    0,    0,    0,    0,
       0,    0,   -5,    0,    0,    0,    0,    0,    0,    0,    0,    0,    0,    0,    0,    0,    0,    0,    0,    0,    0,    0,    0,    0,    0,    0,    0,    0,    0,    0,    0,    0,    0,    0,    0,    0,    0,    0,    0,    0,    0,    0,    0,    0,    0,    0,    0,    0,    0,    0,    0,    0,    0,    0,    0,    0,    0,    0,    0,
      -9,    0,   -5,    0,    0,   -5,    0,    0,    0,    0,    0,    0,    0,    0,    0,    0,    0,    0,    0,    0,    0,    0,    0,    0,    0,    0,    0,    0,    0,    0,    0,    0,    0,    0,    0,    0,    0,    0,    0,    0,    0,    0,    0,    0,    0,    0,    0,    0,    0,    0,    0,    0,    0,    0,    0,    0,    0,    0,    0,
      -9,    0,   -9,    0,    0,    0,    0,    0,    0,    0,    0,   -6,    0,    0,    0,    0,    0,    0,    0,    0,    0,    0,    0,    0,    0,    0,    0,    0,    0,    0,    0,    0,    0,    0,    0,    0,    0,    0,    0,    0,    0,    0,    0,    0,    0,    0,    0,    0,    0,    0,    0,    0,    0,    0,    0,    0,    0,    0,    0,
     -29,  -12,  -19,    0,   -5,    0,    0,    0,  -22,    0,   -5,    0,   -5,    0,    0,    0,    0,    0,    0,    0,    0,    0,    0,    0,    0,    0,    0,    0,    0,    0,    0,    0,    0,    0,    0,    0,    0,    0,    0,    0,    0,    0,    0,    0,    0,    0,    0,    0,    0,    0,    0,    0,    0,    0,    0,    0,    0,    0,    0,
      -9,    0,   -5,    0,    0,   -4,    0,    0,    0,    0,    0,   -7,    0,    0,    0,    0,    0,    0,    0,    0,    0,    0,    0,    0,    0,    0,    0,    0,    0,    0,    0,    0,    0,    0,    0,    0,    0,    0,    0,    0,    0,    0,    0,    0,    0,    0,    0,    0,    0,    0,    0,    0,    0,    0,    0,    0,    0,    0,    0,
      -9,    0,   -9,    0,    0,   -4,    0,    0,    0,    0,    0,   -9,    0,    0,    0,    0,    0,    0,    0,    0,    0,    0,    0,    0,    0,    0,    0,    0,    0,    0,    0,    0,    0,    0,    0,    0,    0,    0,    0,    0,    0,    0,    0,    0,    0,    0,    0,    0,    0,    0,    0,    0,    0,    0,    0,    0,    0,    0,    0,
       0,    0,    0,    0,    0,  -11,    0,    0,    0,    0,    0,    0,    0,    0,    0,   -4,   -7,   -2,    0,   -6,  -33,   -9,  -31,  -17,    0,  -34,    0,    0,    0,   -5,  -11,    0,    0,   -9,    0,    0,  -14,   -3,  -15,  -12,    0,    0,    0,    0,    0,    0,    0,    0,    0,    0,    0,    0,    0,    0,    0,    0,    0,  -25,  -25,
       0,    0,    0,    0,    0,    0,    0,    0,    0,    0,    0,    0,    0,    0,   -4,    0,    0,    0,    0,    0,   -7,    0,   -7,   -3,   -4,  -11,   -4,    0,    0,    0,    0,    0,    0,    0,    0,    0,    0,    0,    0,    0,    0,    0,    0,    0,    0,    0,    0,    0,    0,    0,    0,    0,    0,    0,    0,    0,    0,    0,    0,
      -5,    0,   -5,    0,    0,    0,    0,    0,    0,    0,    0,    0,    0,    0,   -7,    0,    0,    0,    0,    0,   -4,    0,    0,    0,   -4,   -5,   -4,    0,    0,    0,    0,    0,    0,    0,    0,    0,    0,    0,    0,    0,    0,    0,    0,    0,    0,    0,    0,    0,    0,    0,    0,    0,    0,    0,    0,    0,    0,    0,    7,
      -5,    0,   -7,   -9,    0,    0,    0,    0,    0,    0,    0,    0,    0,    0,   -5,    0,    0,    0,    0,    0,  -11,    0,   -7,   -4,  -10,  -10,   -5,    0,    0,    0,    0,    0,    0,    0,    0,    0,    0,    0,    0,    0,    0,    0,    0,    0,    0,    0,    0,    0,    0,    0,    0,    0,    0,    0,    0,    0,    0,    0,    0,
       0,    0,    0,    0,    0,    0,    0,    0,    0,    0,    0,    0,    0,    0,    0,    0,   -2,    0,    0,    0,    0,    0,    0,    0,    0,    0,    0,   -3,    0,    0,    0,    0,    0,    0,    0,    0,    0,    0,    0,    0,    0,    0,    0,    0,    0,    0,    0,    0,    0,    0,    0,    0,    0,    0,    0,    0,    0,    0,    7,
     -35,    0,  -32,  -29,    0,    0,    0,    0,    0,    0,    0,    0,    0,    0,  -25,    0,   -7,    0,  -29,   -5,    0,    0,    0,    0,    0,    0,    0,  -13,    0,  -13,    0,    0,    0,    0,  -13,    0,   -7,  -12,   -6,   -7,  -11,  -11,    0,    0,    0,    0,    0,    0,    0,    0,    0,    0,    0,    0,    0,    0,    0,    0,    0,
      -5,    0,   -9,   -9,    0,    0,    0,    0,    0,    0,    0,    0,    0,    0,   -9,    0,    0,    0,    0,    0,   -9,    0,   -5,    0,   -9,  -10,   -7,    0,    0,    0,   -2,    0,    0,    0,    0,    0,    0,    0,    0,    0,   -4,    0,    0,    0,    0,    0,    0,    0,    0,    0,    0,    0,    0,    0,    0,    0,    0,    0,    0,
       0,    0,   -9,    0,    0,    0,    0,    0,    0,    0,    0,    0,    0,    0,  -10,    0,    0,    0,    0,    0,    0,    0,    0,    0,    0,    0,    0,    0,    0,    0,    0,    0,    0,    0,    0,    0,    0,    0,    0,    0,    0,    0,    0,    0,    0,    0,    0,    0,    0,    0,    0,    0,    0,    0,    0,    0,    0,    0,    0,
       0,  -19,    0,    0,    0,    0,    0,    0,    0,    0,    0,    0,    0,    0,    0,   -4,  -14,   -4,   -9,  -12,   -4,    0,    0,    0,    0,   -4,    0,  -12,    0,  -12,  -15,    0,    0,   -9,   -5,   -9,  -14,   -9,  -21,  -15,    0,    0,    0,    0,    0,    0,    0,    0,    0,    0,    0,    0,    0,    0,    0,    0,    0,    0,    0,
       0,   -9,    0,    0,    0,    0,    0,    0,    0,    0,    0,    0,    0,    0,    0,    0,   -9,    0,    0,   -5,  -32,   -7,  -29,  -14,    0,  -32,    0,    0,    0,   -4,  -12,    0,    0,    0,    0,   -2,  -12,    0,  -17,  -12,    0,    0,    0,    0,    0,    0,    0,    0,    0,    0,    0,    0,    0,    0,    0,    0,    0,    0,   -9,
      -5,    0,   -9,   -9,    0,    0,    0,    0,    0,    0,    0,    0,    0,    0,   -7,    0,    0,    0,    0,    0,  -11,    0,   -7,   -2,   -9,  -10,   -9,    0,    0,    0,    0,    0,    0,    0,    0,    0,    0,    0,    0,    0,    0,    0,    0,    0,    0,    0,    0,    0,    0,    0,    0,    0,    0,    0,    0,    0,    0,    0,    0,
     -25,    0,  -32,    0,    0,    0,    0,    0,    0,    0,    0,    0,    0,    0,  -22,    0,    0,    0,  -25,    0,   -4,    0,    0,    0,   -7,    0,   -7,   -4,    0,   -2,    0,    0,    0,    0,    0,    0,    0,    0,    0,    0,    0,    0,    0,    0,    0,    0,    0,    0,    0,    0,    0,    0,    0,    0,    0,    0,    0,    0,    9,
       0,    0,    0,    0,    0,    0,    0,    0,    0,    0,    0,    0,    0,    0,   -4,    0,    0,    0,    0,    0,  -11,    0,   -7,   -2,   -4,  -10,   -5,    0,    0,    0,   -2,    0,    0,    0,    0,    0,    0,    0,    0,    0,    0,    0,    0,    0,    0,    0,    0,    0,    0,    0,    0,    0,    0,    0,    0,    0,    0,    0,   -2,
       0,    0,    0,    0,    0,    0,    0,    0,    0,    0,    0,    0,    0,    0,    0,    0,   -1,    0,    0,    0,   -4,    0,    0,    0,    0,   -3,    0,    0,    0,    0,    0,    0,    0,    0,    0,    0,    0,    0,    0,    0,    0,    0,    0,    0,    0,    0,    0,    0,    0,    0,    0,    0,    0,    0,    0,    0,    0,    0,    0,
      -5,    0,    0,    0,    0,    0,    0,    0,    0,    0,    0,    0,    0,    0,   -6,    0,    0,    0,    0,    0,   -5,    0,   -2,    0,   -4,   -7,   -5,    0,    0,    0,    0,    0,    0,    0,    0,    0,    0,    0,   -2,    0,   -2,   -2,    0,    0,    0,    0,    0,    0,    0,    0,    0,    0,    0,    0,    0,    0,    0,    0,    0,
     -29,  -21,  -35,  -25,    0,    0,    0,   -2,  -12,    0,   -2,    0,   -2,   -2,  -33,    0,  -11,    0,  -31,   -5,    0,    0,    0,    0,    0,    0,    0,  -39,    0,  -39,  -25,    0,   -9,    0,  -35,  -35,  -22,  -35,  -31,  -31,  -29,  -35,    0,    0,    0,    0,    0,    0,    0,    0,    0,    0,    0,    0,    0,    0,    0,    0,    0,
       0,    0,    0,   -5,    0,    0,    0,    0,    0,    0,    0,    0,    0,    0,   -9,    0,    0,    0,    0,    0,    0,    0,    0,    0,    0,    0,   -4,    0,    0,    0,    0,    0,    0,    0,    0,    0,    0,    0,    0,    0,    0,    0,    0,    0,    0,    0,    0,    0,    0,    0,    0,    0,    0,    0,    0,    0,    0,    0,    0,
     -32,  -15,  -32,  -21,    0,    0,    0,    0,    0,    0,    0,    0,    0,    0,  -31,    0,   -7,    0,  -29,   -4,    0,    0,    0,    0,    0,    0,   -4,  -25,    0,  -25,  -12,    0,    0,    0,  -19,  -24,  -12,  -19,   -9,   -9,   -9,  -14,    0,    0,    0,    0,    0,    0,    0,    0,    0,    0,    0,    0,    0,    0,    0,    0,    0,
      -9,    0,   -9,  -19,    0,    0,    0,    0,    0,    0,    0,    0,    0,    0,  -17,    0,   -2,    0,  -12,    0,    0,    0,    0,    0,    0,    0,   -2,  -11,    0,  -12,   -5,    0,    0,    0,   -9,  -12,   -5,   -7,   -5,   -4,   -5,   -9,    0,    0,    0,    0,    0,    0,    0,    0,    0,    0,    0,    0,    0,    0,    0,    0,    0,
       0,  -12,    0,    0,    0,    0,    0,    0,    0,    0,    0,    0,    0,    0,    0,   -2,   -9,   -2,   -9,   -4,    0,    0,    0,    0,    0,    0,    0,  -12,    0,  -14,  -15,    0,    0,   -9,   -7,    0,  -15,  -12,  -15,  -12,    0,    0,    0,    0,    0,    0,    0,    0,    0,    0,    0,    0,    0,    0,    0,    0,    0,    0,    0,
     -39,  -21,  -39,  -35,    0,    0,    0,    0,    0,    0,    0,    0,    0,    0,  -34,    0,  -10,    0,  -32,   -7,    0,    0,    0,    0,    0,    0,   -4,  -35,   -5,  -35,  -25,   -2,   -9,    0,  -29,  -33,  -22,  -29,  -24,  -22,  -25,  -25,    0,    0,    0,    0,    0,    0,    0,    0,    0,    0,    0,    0,    0,    0,    0,    0,    0,
       0,   -9,    0,    0,    0,    0,    0,    0,    0,    0,    0,    0,    0,    0,    0,    0,   -9,    0,    0,   -5,    0,   -4,    0,   -2,    0,   -4,    0,  -14,   -2,  -14,  -15,   -2,    0,   -5,   -5,  -12,  -12,  -12,  -15,  -12,    0,    0,    0,    0,    0,    0,    0,    0,    0,    0,    0,    0,    0,    0,    0,    0,    0,    0,    0,
       0,    0,    0,    0,    0,    0,    0,    0,    0,    0,    0,    0,    0,    0,    0,    0,    0,    0,    0,    0,  -39,    0,  -23,  -11,   -9,  -35,   -9,    0,    0,    0,   -2,    0,    0,    0,    0,    0,    0,    0,   -1,    0,    0,   -2,    0,    0,    0,    0,    0,    0,    0,    0,    0,    0,    0,    0,    0,    0,    0,   -5,   -2,
      -5,    0,   -5,    0,    0,    0,    0,    0,    0,    0,    0,    0,    0,    0,   -5,    0,    0,    0,    0,    0,  -39,    0,  -25,  -12,  -15,  -35,  -14,    0,    0,    0,   -2,    0,    0,    0,    0,    0,   -2,    0,   -4,   -4,   -8,   -6,    0,    0,    0,    0,    0,    0,    0,    0,    0,    0,    0,    0,    0,    0,    0,    0,   -5,
       0,    0,   -5,    0,    0,    0,    0,    0,    0,    0,    0,    0,    0,    0,    0,    0,    0,    0,    0,    0,  -34,    0,  -22,  -10,  -12,  -34,  -12,    0,    0,    0,    0,    0,    0,    0,    0,    0,   -1,    0,    0,   -1,   -4,   -2,    0,    0,    0,    0,    0,    0,    0,    0,    0,    0,    0,    0,    0,    0,    0,    0,    0,
       0,    0,    0,    0,    0,    0,    0,    0,    0,    0,    0,    0,    0,    0,    0,    0,    0,    0,    0,    0,    0,    0,    0,    0,    0,   -5,   -2,    0,    0,    0,    0,    0,    0,    0,    0,    0,    0,    0,    0,    0,    0,    0,    0,    0,    0,    0,    0,    0,    0,    0,    0,    0,    0,    0,    0,    0,    0,    0,    0,
       0,    0,   -5,    0,    0,    0,    0,    0,    0,    0,    0,    0,    0,    0,    0,    0,    0,    0,    0,    0,  -35,    0,  -25,  -10,  -14,  -34,  -12,    0,    0,    0,   -2,    0,    0,    0,    0,    0,   -2,    0,    0,    0,   -5,   -5,    0,    0,    0,    0,    0,    0,    0,    0,    0,    0,    0,    0,    0,    0,    0,    0,    0,
     -19,   -9,  -19,    0,    0,    0,    0,    0,    0,    0,    0,    0,    0,    0,  -17,    0,   -2,    0,  -12,    0,    0,    0,    0,   -2,    0,    0,    0,   -9,    0,   -9,    0,    0,    0,    0,    0,   -4,    0,    0,    0,    0,    0,   -2,    0,    0,    0,    0,    0,    0,    0,    0,    0,    0,    0,    0,    0,    0,    0,    0,    0,
       0,    0,    0,    0,    0,    0,    0,    0,    0,    0,    0,    0,    0,    0,    0,    0,    0,    0,    0,    0,  -35,    0,  -19,  -11,   -9,  -31,   -9,    0,    0,    0,    0,    0,    0,    0,    0,    0,    0,    0,    0,    0,    0,    0,    0,    0,    0,    0,    0,    0,    0,    0,    0,    0,    0,    0,    0,    0,    0,    0,    0,
       0,    0,    0,    0,    0,    0,    0,    0,    0,    0,    0,    0,    0,    0,    0,    0,    0,    0,    0,    0,   -9,    0,    0,    0,    0,   -9,    0,    0,    0,    0,    0,    0,    0,    0,    0,    0,    0,    0,    0,    0,    0,    0,    0,    0,    0,    0,    0,    0,    0,    0,    0,    0,    0,    0,    0,    0,    0,    0,    0,
       0,  -15,    0,    0,    0,    0,    0,    0,    0,    0,    0,    0,    0,    0,    0,   -2,   -7,   -2,   -5,   -3,  -31,   -7,  -19,   -9,    0,  -19,    0,   -7,    0,   -9,    0,    0,    0,   -3,    0,   -5,    0,   -3,    0,    0,    0,    0,    0,    0,    0,    0,    0,    0,    0,    0,    0,    0,    0,    0,    0,    0,    0,    0,    0,
       0,    0,    0,    0,    0,    0,    0,    0,    0,    0,    0,    0,    0,    0,    0,    0,    0,    0,    0,    0,   -5,    0,   -7,    0,    0,   -9,    0,    0,    0,    0,    0,    0,    0,   -2,    0,    0,    0,    0,    0,    0,    0,    0,    0,    0,    0,    0,    0,    0,    0,    0,    0,    0,    0,    0,    0,    0,    0,    0,    0,
     -12,    0,  -12,   -9,    0,    0,    0,    0,    0,    0,    0,    0,    0,    0,  -15,    0,    0,    0,  -12,    0,  -25,    0,   -5,   -2,  -11,  -19,   -9,   -5,    0,   -5,    0,    0,    0,    0,    0,    0,    0,    0,    7,    4,    0,    0,    0,    0,    0,    0,    0,    0,    0,    0,    0,    0,    0,    0,    0,    0,    0,    0,    0,
       0,    0,    0,    0,    0,    0,    0,    0,    0,    0,    0,    0,    0,    0,    0,    0,    0,    0,    0,    0,  -35,    0,  -24,  -12,    0,  -33,  -11,    0,    0,    0,   -2,    0,    0,    0,    0,    0,   -2,    0,    0,    0,   -2,    0,    0,    0,    0,    0,    0,    0,    0,    0,    0,    0,    0,    0,    0,    0,    0,    0,    0,
       0,    0,    0,    0,    0,    0,    0,    0,    0,    0,    0,    0,    0,    0,    0,    0,   -5,    0,    0,    0,  -29,   -4,  -19,  -12,    0,  -22,   -5,   -4,    0,   -5,    0,    0,    0,    0,    0,   -2,    0,   -2,    0,    0,    0,    0,    0,    0,    0,    0,    0,    0,    0,    0,    0,    0,    0,    0,    0,    0,    0,    0,    0,
     -24,    0,  -22,  -11,    0,    0,    0,    0,    0,    0,    0,    0,    0,    0,  -15,    0,    0,    0,  -12,    0,  -31,    0,   -9,   -5,  -15,  -24,  -15,   -6,    0,   -4,    0,    0,    0,    0,    0,    0,    0,    0,    0,    0,    0,    0,    0,    0,    0,    0,    0,    0,    0,    0,    0,    0,    0,    0,    0,    0,    0,    0,    0,
     -14,    0,  -11,    0,    0,    0,    0,    0,    0,    0,    0,    0,    0,    0,  -12,    0,    0,    0,   -9,    0,  -31,    0,   -9,   -4,  -12,  -22,  -12,   -4,    0,   -4,    0,    0,    0,    0,    0,    0,    0,    0,    0,    0,    0,    0,    0,    0,    0,    0,    0,    0,    0,    0,    0,    0,    0,    0,    0,    0,    0,    0,    0,
       0,   -5,    0,    0,    0,    0,    0,    0,    0,    0,    0,    0,    0,    0,    0,    0,   -5,    0,    0,   -2,  -29,    0,   -9,   -5,    0,  -25,    0,   -5,    0,   -8,    0,    0,    0,    0,    0,   -3,   -4,   -2,    0,    0,    0,    0,    0,    0,    0,    0,    0,    0,    0,    0,    0,    0,    0,    0,    0,    0,    0,    0,    0,
       0,   -5,    0,    0,    0,    0,    0,    0,    0,    0,    0,    0,    0,    0,    0,    0,    0,    0,    0,    0,  -35,    0,  -14,   -9,    0,  -25,    0,   -4,    0,   -6,    0,    0,    0,    0,    0,    0,    0,   -2,    0,    0,    0,    0,    0,    0,    0,    0,    0,    0,    0,    0,    0,    0,    0,    0,    0,    0,    0,    0,    0,
       0,    0,    0,    0,    0,    0,    0,    0,    0,    0,    0,    0,    0,    0,    0,   -2,  -19,   -2,  -19,   -9,  -29,    0,  -32,  -19,    0,  -35,    0,   -9,    0,   -7,   -9,    0,    0,    0,    0,   -5,  -12,   -5,  -19,  -12,    0,    0,    0,    0,    0,    0,    0,    0,    0,    0,    0,    0,    0,    0,    0,    0,    0,    0,    0,
       0,    0,    0,    0,  -11,    0,   -7,   -7,  -21,   -5,  -11,    0,  -11,   -7,  -25,    0,   -9,    0,  -32,    0,    0,    0,    0,    0,    0,    0,    0,  -19,    0,  -15,    0,    0,    0,    0,   -5,   -5,    0,   -5,    0,    0,    0,   -2,    0,    0,    0,    0,    0,    0,    0,    0,    0,    0,    0,    0,    0,    0,    0,    0,    0,
       0,    0,    0,    0,    0,    0,    0,    0,    0,    0,    0,    0,    0,    0,    0,    0,    0,    0,    0,    0,    0,    0,    0,    0,    0,    0,    0,    0,    0,    0,    0,    0,    0,    0,    0,    0,    0,    0,    0,    0,    0,    0,   -7,  -13,  -15,   -7,   -9,  -12,   -5,   -9,  -11,  -13,   -8,  -14,  -14,   -4,   -3,    0,    0,
       0,    0,    0,    0,    0,    0,    0,    0,    0,    0,    0,    0,    0,    0,    0,    0,    0,    0,    0,    0,    0,    0,    0,    0,    0,    0,    0,    0,    0,    0,    0,    0,    0,    0,    0,    0,    0,    0,    0,    0,    0,    0,   -4,  -13,  -13,   -5,   -6,  -10,   -3,   -5,   -9,  -11,   -5,  -12,  -13,   -1,    0,    0,    0,
       0,    0,    0,    0,    0,    0,    0,    0,    0,    0,    0,    0,    0,    0,    0,    0,    0,    0,    0,    0,    0,    0,    0,    0,    0,    0,    0,    0,    0,    0,    0,    0,    0,    0,    0,    0,    0,    0,    0,    0,    0,    0,   -4,  -11,  -13,   -5,   -6,  -10,   -3,   -5,   -9,  -10,   -3,  -10,  -10,    0,    0,    0,    0,
       0,    0,    0,    0,    0,    0,    0,    0,  -15,    0,    0,    0,    0,    0,  -25,    0,   -9,    0,  -32,    0,    0,    0,    0,    0,    0,    0,    0,  -12,    0,  -15,   -9,    0,    0,    0,   -2,   -9,    0,    0,    0,    0,    0,    0,    0,    0,    0,    0,    0,    0,    0,    0,    0,    0,    0,    0,    0,    0,    0,    0,    0,
};

static const EpdLigaturePair baijamjuree_10_boldLigaturePairs[] = {
    { 0x00660069, 0xFB01 }, // f i -> U+FB01
    { 0x0066006C, 0xFB02 }, // f l -> U+FB02
};

static const EpdFontData baijamjuree_10_bold = {
    baijamjuree_10_boldBitmaps,
    baijamjuree_10_boldGlyphs,
    baijamjuree_10_boldIntervals,
    57,
    26,
    21,
    -6,
    true,
    baijamjuree_10_boldGroups,
    15,
    nullptr,
    baijamjuree_10_boldKernLeftClasses,
    baijamjuree_10_boldKernRightClasses,
    baijamjuree_10_boldKernMatrix,
    343,
    360,
    58,
    59,
    baijamjuree_10_boldLigaturePairs,
    2,
};
