/**
 * generated by fontconvert.py
 * name: baijamjuree_36_regular
 * size: 36
 * mode: 2-bit  compressed: true
 * Command used: ../scripts/fontconvert.py baijamjuree_36_regular 36 /Users/nakarinkochapond/Downloads/Books/Books/Bai_Jamjuree,Itim,Mali/Bai_Jamjuree/BaiJamjuree-Regular.ttf --additional-intervals 0x0E00,0x0E7F --2bit --compress
 */
#pragma once
#include "EpdFontData.h"

static const uint8_t baijamjuree_36_regularBitmaps[58404] = {
    0xE5, 0x19, 0x3B, 0x8E, 0xDD, 0x54, 0xD4, 0x7E, 0x56, 0x62, 0x09, 0x17, 0xAE, 0xA8, 0xA6, 0x70,
    0x4F, 0xE3, 0x25, 0xD8, 0x4B, 0xA0, 0x49, 0xC5, 0x0E, 0xA0, 0xC8, 0x12, 0xFC, 0x96, 0x90, 0x22,
    0x0B, 0xA0, 0x48, 0x01, 0x34, 0xB3, 0x04, 0x5B, 0x62, 0x03, 0x16, 0x94, 0x34, 0x96, 0x48, 0x03,
    0x0D, 0x2E, 0x2C, 0x61, 0xA2, 0xF7, 0x7C, 0x38, 0xFF, 0xEB, 0xCF, 0x64, 0xC8, 0x84, 0x41, 0x09,
    0xE0, 0x99, 0xF1, 0x9C, 0xEB, 0xCF, 0xF9, 0xDF, 0xF3, 0x73, 0x71, 0x29, 0x1E, 0xED, 0x27, 0xDA,
    0x1C, 0xD9, 0x50, 0x5D, 0xDA, 0x05, 0xF0, 0x68, 0x97, 0xEA, 0x92, 0x0D, 0xD0, 0xC7, 0xD0, 0x3D,
    0xE2, 0x29, 0x8A, 0x3E, 0xF9, 0x06, 0xC9, 0x7C, 0xF6, 0x35, 0x11, 0x63, 0xE2, 0xCD, 0xF8, 0x71,
    0x80, 0xE0, 0xC7, 0xE5, 0x21, 0xE0, 0x47, 0x26, 0xC5, 0xFF, 0x46, 0x36, 0xF4, 0xA1, 0x57, 0xE6,
    0xB4, 0xD5, 0xF4, 0xF7, 0xA1, 0xA7, 0x28, 0xF0, 0x52, 0x23, 0x10, 0xB3, 0xEC, 0x33, 0x42, 0xB9,
    0xA8, 0xE1, 0x1C, 0x45, 0xAD, 0x40, 0x43, 0x74, 0x52, 0xD5, 0xCC, 0x51, 0x0A, 0x7F, 0xF0, 0xC3,
    0x0B, 0x3E, 0xD6, 0x11, 0x82, 0x12, 0xA2, 0x72, 0x91, 0x3D, 0x04, 0xE7, 0x4A, 0xB6, 0x55, 0x02,
    0x9D, 0xE2, 0x8F, 0xA1, 0x37, 0xBE, 0x61, 0x30, 0xA8, 0x1D, 0x8F, 0x50, 0xE3, 0x50, 0x90, 0xF4,
    0x6E, 0xA8, 0x9A, 0x1D, 0xF2, 0x4D, 0x8C, 0x4C, 0xE8, 0x91, 0x43, 0xAF, 0x50, 0x2A, 0x72, 0xE1,
    0x41, 0xDC, 0xBF, 0x54, 0x82, 0x08, 0xFE, 0xC2, 0x50, 0x01, 0x5B, 0xC9, 0xAF, 0xA6, 0x0D, 0x10,
    0x0C, 0x4F, 0x5A, 0x71, 0x05, 0x3A, 0xBE, 0x40, 0x30, 0x72, 0x7D, 0x75, 0x4E, 0x6A, 0x88, 0x8C,
    0x80, 0x73, 0xD7, 0x4E, 0x77, 0x70, 0xE7, 0x50, 0xB1, 0x82, 0xBE, 0x3B, 0x1B, 0x64, 0x2C, 0x23,
    0x34, 0x18, 0xD4, 0x8E, 0x47, 0xA8, 0x99, 0x0C, 0x9F, 0xE1, 0xAE, 0x66, 0xD5, 0x3D, 0xD2, 0xCD,
    0xE1, 0xAC, 0xBC, 0xA4, 0xC2, 0x4E, 0x06, 0xFD, 0x89, 0x25, 0x8C, 0xC9, 0x98, 0xE6, 0xDD, 0xA4,
    0x2C, 0x33, 0x75, 0x0A, 0x2E, 0x6F, 0xE3, 0x3A, 0x88, 0x6F, 0x01, 0x7E, 0xAD, 0x1F, 0xCF, 0xC3,
    0xA2, 0xE8, 0xD3, 0xCF, 0xB7, 0xC1, 0x36, 0x16, 0xD1, 0x51, 0x95, 0xAF, 0xD5, 0x5D, 0x98, 0x1C,
    0xB1, 0x50, 0x8B, 0xE5, 0x22, 0x33, 0x0B, 0x6B, 0x26, 0xBF, 0xCA, 0x55, 0x3C, 0xA6, 0xA0, 0xC5,
    0x1C, 0xCC, 0x40, 0x42, 0xA9, 0x42, 0x4D, 0x88, 0x36, 0xC4, 0x57, 0xC8, 0x4F, 0x32, 0xC6, 0x24,
    0x58, 0x48, 0x8F, 0x09, 0xE9, 0x28, 0x16, 0x0B, 0xD2, 0xD5, 0x98, 0xD6, 0x4A, 0x9E, 0xAF, 0xD2,
    0x49, 0xC8, 0x87, 0xB5, 0x90, 0x0F, 0x6B, 0x35, 0xA2, 0xAF, 0x55, 0x50, 0x5F, 0xAB, 0xAB, 0xFA,
    0x5A, 0xCD, 0x6B, 0xEB, 0x93, 0x3A, 0x90, 0xAD, 0x95, 0xBC, 0xAF, 0x33, 0x75, 0x35, 0x5B, 0x2B,
    0x79, 0x5F, 0x9B, 0x37, 0xD9, 0x1A, 0xC9, 0x3F, 0x6D, 0xDF, 0xD4, 0xBE, 0x46, 0x39, 0x5B, 0xB2,
    0xAE, 0xAD, 0xA1, 0x67, 0xCD, 0xD5, 0xBA, 0x46, 0xF2, 0xEC, 0xFA, 0xBD, 0xAE, 0x91, 0x7C, 0x45,
    0xEB, 0x51, 0xF5, 0x81, 0xE4, 0xDB, 0x2B, 0x02, 0xB3, 0xEA, 0x0B, 0xC9, 0x93, 0x3B, 0x55, 0x17,
    0xD5, 0x67, 0x79, 0x89, 0x45, 0x29, 0xAC, 0x6F, 0x40, 0xF2, 0x27, 0x52, 0x62, 0xB6, 0xA8, 0x3D,
    0xDA, 0x91, 0x05, 0x4A, 0x41, 0xED, 0x05, 0x7D, 0x02, 0x6C, 0x63, 0xB1, 0xE7, 0x89, 0x28, 0xF2,
    0x5A, 0xEC, 0x9D, 0xD0, 0xAF, 0xAC, 0xD9, 0x1F, 0x90, 0x82, 0xAD, 0x23, 0xB5, 0xFD, 0x66, 0x8D,
    0xD2, 0x6F, 0xD6, 0x28, 0xFD, 0x66, 0x8D, 0x5C, 0x6F, 0xD6, 0x28, 0xD5, 0x7A, 0x7D, 0x62, 0x85,
    0x87, 0x35, 0xF1, 0xBA, 0x5E, 0x93, 0xF2, 0xD7, 0x6B, 0x52, 0xFE, 0x7A, 0x5D, 0xCE, 0xDB, 0x75,
    0x35, 0x6E, 0xD7, 0xED, 0xA0, 0xFE, 0xB4, 0x72, 0x22, 0xD5, 0x8F, 0x90, 0x37, 0xFF, 0x13, 0xAB,
    0xCA, 0x5B, 0xA2, 0x5F, 0x26, 0xCF, 0x4F, 0x89, 0xFE, 0x99, 0xBC, 0xF8, 0x37, 0xDB, 0xC7, 0xC8,
    0x6B, 0xE8, 0xEA, 0x8D, 0xBC, 0xEE, 0x8C, 0xDA, 0xC8, 0x4B, 0x94, 0x9B, 0x83, 0x8F, 0x44, 0xE2,
    0x1F, 0x74, 0x3C, 0xAB, 0x37, 0x1B, 0x11, 0x35, 0xFE, 0x42, 0xB7, 0x24, 0x05, 0x43, 0x2D, 0x85,
    0x08, 0x5B, 0xA7, 0x61, 0xD5, 0x08, 0x4B, 0x2A, 0x50, 0xA4, 0x57, 0x66, 0x91, 0xC5, 0x41, 0x7A,
    0xC5, 0xA2, 0x21, 0xDF, 0xB6, 0xDB, 0x4A, 0xFE, 0x14, 0x7C, 0x7B, 0x3F, 0x04, 0xE4, 0xB3, 0x21,
    0x3B, 0xD3, 0x56, 0x17, 0x1E, 0x69, 0xB3, 0xE9, 0x66, 0x1C, 0x4C, 0x45, 0x11, 0x46, 0xC5, 0x4C,
    0x99, 0x44, 0x25, 0x36, 0xCA, 0x7A, 0x0E, 0x27, 0x13, 0x28, 0x85, 0x5B, 0x98, 0x42, 0x26, 0xD0,
    0xB0, 0x1B, 0x79, 0x74, 0xA7, 0xAB, 0xBD, 0x27, 0x12, 0x0B, 0xF4, 0x71, 0x78, 0x34, 0xE3, 0x1C,
    0x28, 0x14, 0x60, 0x30, 0x5C, 0xF8, 0xA4, 0xA7, 0xBB, 0x09, 0x6D, 0x82, 0x9A, 0x98, 0x38, 0x29,
    0xA6, 0xF8, 0x57, 0xC8, 0x15, 0x52, 0x50, 0x39, 0xC9, 0x73, 0xF8, 0x10, 0x82, 0x1C, 0xC3, 0x51,
    0x08, 0xB4, 0x1C, 0x07, 0x76, 0x14, 0x0D, 0x41, 0x46, 0x8F, 0xEF, 0x61, 0xE8, 0x60, 0x56, 0xF0,
    0x3D, 0xBC, 0x24, 0x5C, 0xC1, 0xCC, 0x9B, 0x58, 0x1D, 0xC1, 0xC0, 0x9C, 0x63, 0x7A, 0xAF, 0xE6,
    0xB7, 0x20, 0xC3, 0x32, 0x2B, 0xAF, 0x24, 0x9E, 0xE6, 0x0E, 0xBA, 0xDA, 0xCC, 0xC2, 0x2A, 0xAA,
    0x56, 0x74, 0x58, 0x90, 0xD4, 0x05, 0xCB, 0xD8, 0x92, 0x95, 0x73, 0xCA, 0xEC, 0x05, 0x5C, 0x1B,
    0xDA, 0x61, 0x7C, 0x8C, 0x94, 0x56, 0xB5, 0x18, 0xA0, 0xEC, 0x52, 0x4A, 0x8E, 0x48, 0xAC, 0x20,
    0x78, 0xC1, 0x42, 0x45, 0x4F, 0x6F, 0x97, 0x57, 0xBA, 0xD7, 0xEE, 0xFF, 0xC1, 0x47, 0xBF, 0x25,
    0xC2, 0x57, 0xCB, 0xE2, 0x64, 0xB6, 0x98, 0xAE, 0xAB, 0xF7, 0xD4, 0x6A, 0x6A, 0x0E, 0x71, 0xAC,
    0x34, 0x56, 0x97, 0x3F, 0xC6, 0xA1, 0x93, 0x3D, 0x22, 0x75, 0x0F, 0xC9, 0x17, 0xCB, 0x10, 0x1C,
    0x97, 0xE5, 0xD5, 0xD9, 0xB2, 0x02, 0x9F, 0x38, 0x20, 0xB7, 0xE1, 0x34, 0x44, 0xAA, 0xA4, 0xD5,
    0xA9, 0xBF, 0xF7, 0xB4, 0x7D, 0x98, 0x11, 0x04, 0x7C, 0x8C, 0xBE, 0x71, 0x6A, 0x4C, 0xBC, 0x74,
    0x5E, 0x98, 0x35, 0x66, 0x92, 0xD9, 0x65, 0xC6, 0x59, 0x04, 0x16, 0x26, 0x16, 0xFC, 0xA3, 0x55,
    0x0E, 0xE1, 0xE5, 0xF0, 0x4A, 0x22, 0x41, 0xC4, 0x1F, 0x6C, 0xD6, 0xCF, 0x70, 0x47, 0xC1, 0xAA,
    0x2A, 0xB6, 0x2F, 0xAC, 0x30, 0x0B, 0x6F, 0x17, 0x53, 0x7D, 0x7E, 0x07, 0x1F, 0xD1, 0x8A, 0x8F,
    0xF1, 0x28, 0x49, 0x11, 0x24, 0xD9, 0x8A, 0xA3, 0x32, 0x85, 0xED, 0x6B, 0xBB, 0xF7, 0x81, 0xA7,
    0x0D, 0x96, 0x80, 0x39, 0x18, 0xF7, 0xAD, 0x16, 0x66, 0x76, 0x99, 0xF1, 0x95, 0x87, 0x74, 0x2A,
    0x20, 0x8B, 0x2A, 0xFE, 0x76, 0x31, 0xCD, 0x89, 0x37, 0x0D, 0x87, 0xC7, 0x4A, 0x7F, 0x62, 0x95,
    0x1D, 0x0E, 0xFF, 0xB2, 0x33, 0xFE, 0xCB, 0xCE, 0xF9, 0x44, 0x09, 0xAC, 0x2B, 0x97, 0x04, 0xE3,
    0xCC, 0x50, 0xC2, 0x8F, 0x50, 0xC0, 0xC0, 0x9B, 0x62, 0x91, 0xB0, 0xC9, 0xF8, 0x25, 0x98, 0x34,
    0x12, 0x31, 0xE4, 0x5F, 0x2A, 0xA1, 0xBA, 0x0C, 0x65, 0xF5, 0x12, 0xE9, 0xEB, 0x8A, 0x4C, 0x51,
    0x2B, 0xA1, 0xFB, 0x78, 0xF1, 0x52, 0xE9, 0x83, 0x00, 0x56, 0x50, 0x8E, 0xEF, 0x02, 0x7C, 0x58,
    0x56, 0xC9, 0x7B, 0x76, 0xBF, 0xE8, 0x4A, 0x68, 0x70, 0x74, 0x23, 0x40, 0x75, 0x8F, 0xD8, 0x35,
    0x34, 0xD8, 0xBD, 0x40, 0x94, 0x63, 0x87, 0xD3, 0x47, 0xF1, 0xBA, 0x75, 0xDC, 0x1D, 0xFB, 0x49,
    0xC1, 0xBE, 0x3F, 0xB1, 0x4C, 0x11, 0x5B, 0x9F, 0x90, 0x58, 0x1A, 0x71, 0xA6, 0xF2, 0x65, 0xDF,
    0x0E, 0x78, 0x4F, 0xF3, 0x20, 0x34, 0xD7, 0x03, 0x9A, 0xE9, 0x80, 0xA6, 0x3F, 0xA0, 0xA9, 0xFF,
    0x33, 0x68, 0x4E, 0x07, 0x34, 0xD9, 0x01, 0x4D, 0x79, 0x40, 0xD3, 0x3E, 0x0E, 0x1A, 0xAA, 0xAA,
    0x80, 0x9B, 0x61, 0x6D, 0x9E, 0x06, 0xAB, 0xC4, 0xB8, 0xEE, 0xD0, 0x26, 0xAB, 0xF3, 0x26, 0x7A,
    0xA4, 0xA6, 0x99, 0x0B, 0x23, 0xCA, 0xAF, 0xCC, 0x43, 0xB3, 0x20, 0xA5, 0x4E, 0x72, 0x31, 0x97,
    0x0B, 0x8C, 0xE1, 0x5C, 0x86, 0x26, 0x7A, 0xF6, 0x26, 0xDA, 0x8A, 0x8E, 0xA1, 0xF5, 0xD6, 0x59,
    0x8B, 0x3D, 0xD4, 0x8B, 0x57, 0x27, 0x93, 0xC9, 0xF4, 0x1F, 0x87, 0x86, 0x23, 0xD4, 0xFA, 0x20,
    0x21, 0x68, 0x28, 0x68, 0x4D, 0x2B, 0x35, 0xD4, 0x64, 0x79, 0x35, 0xED, 0xE6, 0x56, 0xF2, 0x9F,
    0x33, 0x1F, 0x65, 0x24, 0x12, 0xAB, 0xB9, 0x02, 0x27, 0x6F, 0xB8, 0xA1, 0x22, 0xB3, 0xF1, 0x20,
    0x56, 0xF8, 0x68, 0x24, 0x09, 0x43, 0x83, 0xE7, 0x66, 0x7D, 0x6E, 0x9D, 0x75, 0x3A, 0xF3, 0x25,
    0x17, 0x29, 0x3D, 0xD5, 0x6C, 0xBD, 0x14, 0x98, 0x25, 0x77, 0x3F, 0x78, 0x2A, 0xB8, 0xFB, 0x82,
    0x89, 0x4E, 0x35, 0x9E, 0xA8, 0x47, 0x42, 0x5A, 0xD0, 0x4F, 0xE4, 0x93, 0xF5, 0x5F, 0x16, 0x23,
    0xFF, 0xAA, 0xD3, 0x8D, 0xD4, 0x89, 0x96, 0xEA, 0x4C, 0x85, 0x83, 0xED, 0x8B, 0x8B, 0xCF, 0x96,
    0x50, 0x5D, 0x33, 0xEF, 0xA5, 0xB3, 0x4C, 0x96, 0x32, 0x6A, 0x54, 0xB5, 0xCB, 0x50, 0xF3, 0xC1,
    0xA8, 0x3B, 0xC2, 0xA7, 0x45, 0x6E, 0x77, 0x77, 0x05, 0xF7, 0x93, 0x15, 0xF0, 0xD6, 0x48, 0x62,
    0xAE, 0x12, 0x9B, 0x1F, 0x25, 0xE6, 0x64, 0xB9, 0x05, 0x85, 0x06, 0xEC, 0x91, 0xAB, 0x05, 0x87,
    0xC9, 0x7A, 0x81, 0xDE, 0x3A, 0x05, 0xBB, 0x33, 0x1F, 0xEE, 0xD4, 0xFB, 0x3B, 0xC3, 0xF6, 0x4E,
    0x6A, 0x77, 0x4A, 0x63, 0x21, 0xDC, 0xB9, 0xEC, 0xEE, 0xB4, 0x7A, 0x27, 0xB6, 0x3B, 0x89, 0xDD,
    0xC9, 0x2C, 0x39, 0x78, 0x6A, 0x29, 0x0F, 0xA9, 0x25, 0xA8, 0x61, 0xDC, 0xAB, 0x21, 0x00, 0x6A,
    0x8B, 0xAB, 0x01, 0xCB, 0x3D, 0x80, 0x8C, 0xCB, 0x5E, 0x87, 0xF6, 0xB0, 0xF7, 0x08, 0x78, 0x09,
    0x11, 0xB0, 0xF6, 0x08, 0xD8, 0xA9, 0x0E, 0x6F, 0x60, 0x54, 0xCE, 0x63, 0x98, 0x8C, 0x75, 0xB4,
    0xB0, 0xEE, 0x47, 0x2C, 0xD7, 0x74, 0x8F, 0xA2, 0x30, 0x6A, 0xF8, 0x0C, 0x8C, 0xFD, 0x00, 0x61,
    0xCA, 0x50, 0xBE, 0x37, 0xD0, 0xBE, 0x02, 0x58, 0x41, 0x59, 0x98, 0x12, 0x2E, 0xD1, 0x3E, 0xC2,
    0xAF, 0xA6, 0x74, 0xCD, 0x7C, 0x98, 0xEB, 0x3D, 0xF7, 0xAE, 0x4B, 0xCD, 0x93, 0xFB, 0x74, 0x30,
    0xB7, 0xB1, 0x94, 0xDC, 0x0D, 0x50, 0xE7, 0x64, 0xC3, 0x74, 0x30, 0xCC, 0xFF, 0x96, 0x23, 0x57,
    0x9E, 0x7F, 0x42, 0xB2, 0x0F, 0xC9, 0x29, 0x24, 0x4D, 0x82, 0x9E, 0x99, 0x27, 0x74, 0xEE, 0x6A,
    0x9D, 0xBB, 0x96, 0x41, 0xF8, 0xAE, 0x3A, 0x38, 0x42, 0x1A, 0x0B, 0x13, 0x1F, 0xD2, 0x62, 0xE5,
    0x6B, 0x7A, 0xC6, 0xBA, 0x47, 0x48, 0x57, 0x94, 0x91, 0x06, 0x75, 0xB1, 0x84, 0xF3, 0x55, 0x41,
    0xC2, 0x81, 0x0F, 0x0A, 0x2B, 0xB7, 0x6A, 0xE6, 0x03, 0x63, 0x31, 0x30, 0x73, 0xFC, 0xE4, 0x16,
    0x96, 0x97, 0xAB, 0x41, 0x5F, 0x30, 0x42, 0xED, 0x53, 0x53, 0x83, 0x2A, 0x87, 0xCC, 0xB1, 0xC3,
    0xB6, 0x90, 0x46, 0xD5, 0x74, 0x59, 0x7B, 0x73, 0xAE, 0x50, 0xF3, 0xBB, 0x41, 0xF0, 0xB3, 0x42,
    0x09, 0x7C, 0xEF, 0x9B, 0xCD, 0x14, 0x59, 0x5C, 0x0D, 0xAA, 0x66, 0x1F, 0xB3, 0x8D, 0x0A, 0x9D,
    0x68, 0x32, 0xA5, 0xF3, 0xC6, 0x73, 0x62, 0x56, 0x35, 0x23, 0xF0, 0x9C, 0xA9, 0xD6, 0xF9, 0x82,
    0x4D, 0x08, 0x07, 0x9F, 0x4F, 0xD8, 0xD8, 0x4E, 0xE6, 0x45, 0xB5, 0x76, 0x19, 0x02, 0x55, 0xB3,
    0x41, 0x30, 0x2A, 0xA4, 0x6D, 0x49, 0xED, 0x7D, 0x57, 0xAD, 0x3E, 0xC8, 0x10, 0x1B, 0x84, 0x21,
    0xEE, 0x01, 0x09, 0x92, 0x80, 0x24, 0xD3, 0xA9, 0x4E, 0xA1, 0xDC, 0xA7, 0x2B, 0xE5, 0xD5, 0x20,
    0xEB, 0xEA, 0xEB, 0xE8, 0x8E, 0x2F, 0x19, 0x2B, 0xA8, 0x75, 0xA8, 0x5C, 0x7D, 0xE6, 0xD8, 0x3B,
    0xDD, 0x3F, 0x09, 0xE5, 0xFE, 0x09, 0xE1, 0xDD, 0xA0, 0x69, 0xB5, 0x35, 0x3F, 0x2A, 0x88, 0x98,
    0x7B, 0xF3, 0x22, 0x7C, 0x27, 0xA9, 0x1D, 0x9A, 0x1C, 0x5A, 0x1C, 0xF2, 0x8D, 0xDC, 0xF8, 0xD7,
    0x82, 0x04, 0xA6, 0x63, 0x3C, 0x28, 0x57, 0x04, 0x8E, 0x91, 0x21, 0xBD, 0x33, 0x46, 0xBC, 0x07,
    0xA4, 0xD1, 0x82, 0xA0, 0x61, 0x07, 0x21, 0x0D, 0x8D, 0x16, 0x48, 0x57, 0xA3, 0x45, 0x88, 0xC0,
    0xD5, 0xD5, 0x3E, 0xF3, 0xB4, 0x14, 0xA9, 0xCF, 0xBC, 0x81, 0x26, 0x7C, 0x69, 0xD2, 0x0C, 0x75,
    0x82, 0xDD, 0x67, 0xA3, 0x90, 0xEC, 0x27, 0xCB, 0xFF, 0xA2, 0x0C, 0x2A, 0x09, 0xA4, 0x4A, 0x8A,
    0x5B, 0xCB, 0x1F, 0x8D, 0xDD, 0x4D, 0x3D, 0xAA, 0x14, 0x8E, 0xA5, 0x35, 0xCC, 0xB1, 0x46, 0xA4,
    0x41, 0x2B, 0x68, 0x8A, 0xCF, 0x5A, 0xBB, 0xB5, 0xB3, 0x29, 0x0E, 0x19, 0x56, 0x65, 0xE2, 0x96,
    0x54, 0xEE, 0x51, 0x8E, 0xC6, 0xF3, 0x47, 0x90, 0xB2, 0xF5, 0xAC, 0xE1, 0xC6, 0x59, 0x43, 0xFD,
    0x3B, 0x43, 0x37, 0xD2, 0x09, 0xD0, 0xA7, 0x5E, 0x29, 0x6E, 0xA4, 0xCA, 0xA3, 0x74, 0x07, 0x7D,
    0xAB, 0xDC, 0xC3, 0x0F, 0xF6, 0x39, 0x0D, 0x7E, 0x22, 0xB1, 0x29, 0xF5, 0xC3, 0x6F, 0xA0, 0x3A,
    0xD5, 0x50, 0x8A, 0x4A, 0xD6, 0x62, 0x12, 0xC5, 0x51, 0x85, 0x61, 0xCC, 0x06, 0x1F, 0x5F, 0x6B,
    0x19, 0x42, 0x51, 0xDE, 0x3F, 0x04, 0xF8, 0x48, 0xB2, 0xB7, 0x54, 0xF3, 0x3E, 0x90, 0x6A, 0x23,
    0xE6, 0x31, 0xA4, 0x52, 0xAB, 0x66, 0xEF, 0x45, 0x2C, 0x6B, 0x9C, 0x8B, 0x55, 0xD6, 0x88, 0x94,
    0xE7, 0x54, 0xAD, 0x70, 0x51, 0xEF, 0x3E, 0x91, 0x34, 0x5C, 0xF9, 0x3D, 0x27, 0x69, 0x2A, 0xEF,
    0x86, 0x72, 0xB7, 0xEA, 0xC9, 0x7D, 0x43, 0x4A, 0x05, 0xF1, 0xD2, 0xAF, 0x64, 0x6F, 0xFD, 0x09,
    0xD5, 0x59, 0x3B, 0x8E, 0xE3, 0x46, 0x10, 0x6D, 0x49, 0xC0, 0x10, 0xB0, 0x02, 0x46, 0x4E, 0x76,
    0x03, 0xC6, 0x76, 0xC2, 0x23, 0x50, 0xF7, 0x71, 0x30, 0x47, 0x20, 0x01, 0x5F, 0x60, 0x83, 0x3D,
    0xC2, 0x06, 0x36, 0x1C, 0xF8, 0x06, 0x6E, 0x1E, 0x81, 0x3E, 0x81, 0x19, 0x6C, 0xB2, 0x19, 0x03,
    0x19, 0xA0, 0x0C, 0x92, 0xE5, 0xEA, 0xAE, 0x5F, 0x53, 0xD4, 0xEC, 0x68, 0xD6, 0x1F, 0xEC, 0x10,
    0x03, 0xCC, 0x6B, 0x69, 0x58, 0x5D, 0x9F, 0x57, 0x9F, 0xEE, 0x01, 0xA0, 0x67, 0x80, 0xE7, 0x41,
    0xE7, 0xE2, 0xB3, 0x87, 0x96, 0xC0, 0x01, 0x1A, 0x02, 0x47, 0xA0, 0xDF, 0x2E, 0x5F, 0x18, 0x94,
    0x13, 0x83, 0x6A, 0x64, 0x50, 0x9F, 0x19, 0xC0, 0x40, 0xBF, 0x77, 0x22, 0xEF, 0x20, 0xF2, 0x32,
    0x38, 0xB1, 0x98, 0x3B, 0xE4, 0xF9, 0x41, 0xE4, 0xF5, 0xF7, 0xCB, 0x2B, 0x66, 0x11, 0xF3, 0xBC,
    0xBC, 0xAD, 0x99, 0x99, 0xAA, 0xF5, 0xB4, 0x3C, 0x35, 0xD3, 0xE4, 0x29, 0xE8, 0x44, 0xD1, 0xF6,
    0xA9, 0x1D, 0x12, 0x70, 0xBA, 0x02, 0xBA, 0xF9, 0x3D, 0x60, 0xE7, 0x01, 0x2E, 0xF1, 0xC5, 0xC7,
    0x10, 0xB8, 0x31, 0x6E, 0x16, 0x1F, 0xFC, 0xB0, 0x20, 0x84, 0x66, 0xD6, 0x84, 0x50, 0xF7, 0xF8,
    0xC5, 0x1E, 0x16, 0xDC, 0x2F, 0x1A, 0x50, 0xC2, 0x29, 0x23, 0xED, 0x8E, 0xD0, 0x1E, 0x49, 0x87,
    0x3D, 0x74, 0x12, 0x0F, 0xE8, 0xF3, 0x59, 0xCC, 0x2C, 0xA6, 0x6B, 0x54, 0xBF, 0x18, 0xF9, 0x41,
    0xE4, 0xA1, 0x64, 0x90, 0x70, 0x66, 0xE4, 0x0D, 0x8C, 0xE7, 0x81, 0x7C, 0x97, 0x43, 0xB3, 0x8B,
    0xC6, 0xA0, 0xE6, 0xF8, 0x12, 0xBC, 0x0B, 0x26, 0x4F, 0x41, 0xDB, 0xF8, 0x9C, 0xC3, 0x32, 0x3E,
    0xED, 0x0D, 0x7B, 0x87, 0xF0, 0x06, 0xDB, 0x8B, 0x96, 0x9E, 0xC2, 0x16, 0x80, 0xE6, 0xC5, 0x70,
    0x17, 0xD0, 0xE6, 0x64, 0xE5, 0x01, 0xFA, 0x4A, 0x74, 0x19, 0x84, 0x1D, 0xF5, 0x28, 0xE1, 0x2C,
    0x27, 0x41, 0xC5, 0x24, 0x4C, 0xC9, 0x67, 0x09, 0xED, 0xB3, 0xA8, 0xBF, 0x46, 0xC5, 0x64, 0x92,
    0x85, 0x3B, 0xD5, 0x24, 0x74, 0xF2, 0xE7, 0x12, 0x98, 0x2A, 0x43, 0x2E, 0x9A, 0xA2, 0x5F, 0x82,
    0xF6, 0x0F, 0x10, 0xBC, 0x41, 0x0F, 0x86, 0xA5, 0x22, 0x34, 0x86, 0x88, 0x89, 0x0F, 0xC8, 0xE0,
    0x4B, 0x74, 0xE7, 0x2F, 0x00, 0x3F, 0x2B, 0x37, 0x3E, 0x90, 0x55, 0xE1, 0xDB, 0xC6, 0x89, 0xD7,
    0x46, 0xA7, 0x9E, 0x74, 0xEA, 0xAB, 0x96, 0x7D, 0x55, 0xA0, 0xFF, 0xB2, 0x48, 0xE5, 0x3D, 0xFA,
    0x39, 0xA7, 0xC8, 0xD4, 0x13, 0x7E, 0x4E, 0x66, 0x2C, 0x92, 0x02, 0x58, 0x0B, 0xEA, 0x51, 0xA8,
    0xCB, 0xB6, 0x21, 0xAD, 0x19, 0xED, 0xA1, 0x61, 0xCB, 0x91, 0xFC, 0xEC, 0x97, 0xDD, 0x17, 0x21,
    0x93, 0xD2, 0x4B, 0xD6, 0xF3, 0x1E, 0x48, 0x5C, 0xF6, 0x64, 0x0E, 0x2D, 0x47, 0xB0, 0x84, 0xB6,
    0xA4, 0xA8, 0x7A, 0x89, 0x34, 0x12, 0x04, 0x99, 0xDD, 0x45, 0x97, 0x06, 0x86, 0xCD, 0xC1, 0xA5,
    0x0B, 0x1A, 0x4C, 0x86, 0xFF, 0x89, 0x88, 0x7C, 0xFA, 0x3B, 0xA2, 0xE8, 0xD3, 0x25, 0x66, 0x6E,
    0x70, 0x4C, 0x1F, 0xD1, 0x83, 0x87, 0x4F, 0x96, 0xCD, 0x5F, 0x80, 0x50, 0x7B, 0xCE, 0x00, 0x43,
    0xE8, 0x2B, 0xCE, 0x05, 0xF4, 0x1F, 0xE7, 0x1B, 0xFA, 0x94, 0xB3, 0x02, 0x7F, 0x71, 0x55, 0x43,
    0x73, 0x38, 0x2B, 0xFC, 0x14, 0x63, 0x42, 0x91, 0x71, 0x31, 0xA2, 0x8F, 0xC1, 0x29, 0x95, 0xF2,
    0x20, 0xD7, 0xA8, 0xEE, 0x35, 0xD2, 0x14, 0xEA, 0x86, 0xB9, 0xB1, 0xBC, 0x0F, 0xDB, 0xF4, 0xD5,
    0xE4, 0x97, 0xF0, 0xB1, 0x5F, 0xAA, 0xE9, 0xC8, 0x0C, 0xFD, 0xFC, 0xB3, 0x79, 0x07, 0x7F, 0x90,
    0x09, 0x7E, 0x41, 0x45, 0xC2, 0x8F, 0x8F, 0xC4, 0xB8, 0x4F, 0xD6, 0x93, 0xCF, 0x37, 0x3F, 0x61,
    0x9E, 0xAC, 0x7E, 0xB0, 0x1F, 0x60, 0x64, 0x31, 0xCC, 0x30, 0x60, 0x6A, 0x60, 0x18, 0x2B, 0x68,
    0xB0, 0x26, 0xE0, 0xC7, 0x79, 0xEF, 0xB2, 0xD3, 0x6D, 0x55, 0x05, 0xD4, 0xD7, 0xE5, 0x92, 0x93,
    0x2C, 0x78, 0x47, 0x3E, 0x90, 0x22, 0x44, 0xE5, 0x30, 0x50, 0xE4, 0xC4, 0xF4, 0x19, 0x39, 0x24,
    0x5C, 0xAA, 0x6B, 0xFE, 0x20, 0x93, 0xFE, 0x58, 0xC3, 0x2C, 0xC2, 0x3A, 0x16, 0xB6, 0x88, 0xB0,
    0x5E, 0x84, 0x71, 0x81, 0x61, 0xE9, 0xC7, 0x6B, 0xE9, 0x4E, 0xA4, 0x3B, 0x90, 0xC6, 0x02, 0xD2,
    0x0A, 0xB5, 0x0F, 0x57, 0xBC, 0x51, 0xD8, 0x9A, 0x19, 0x25, 0xCA, 0x98, 0x7A, 0x28, 0xF2, 0x2C,
    0x4D, 0x8B, 0x37, 0x51, 0xA3, 0x50, 0x91, 0x45, 0x0D, 0xEF, 0xDD, 0x4A, 0x59, 0x24, 0x97, 0xEC,
    0x53, 0x6F, 0xF7, 0xF1, 0xC9, 0x3E, 0x42, 0x6A, 0xED, 0x89, 0xDA, 0x84, 0x04, 0xB8, 0xD2, 0x29,
    0xE1, 0xB9, 0x02, 0x3F, 0xF7, 0xDB, 0xFD, 0xC3, 0xE7, 0xC5, 0xFB, 0x28, 0x41, 0x67, 0x77, 0xD5,
    0xAE, 0x9D, 0xD8, 0x9A, 0x04, 0x45, 0x3E, 0x2A, 0xB6, 0x3E, 0x2D, 0x6F, 0xF9, 0xD4, 0x1C, 0x78,
    0xC3, 0xA7, 0xCD, 0xD6, 0xA7, 0xA7, 0x35, 0x3F, 0x8C, 0x31, 0xBB, 0x6D, 0xA0, 0x94, 0xB4, 0x48,
    0x08, 0x99, 0x3D, 0x40, 0x85, 0xCB, 0x76, 0xD3, 0x3A, 0xA8, 0xA5, 0x91, 0xB4, 0x5F, 0x51, 0x61,
    0x07, 0x3C, 0xAF, 0x24, 0x8C, 0x3F, 0xAF, 0x29, 0xE5, 0x8D, 0xF1, 0xED, 0xCA, 0x98, 0xC3, 0x35,
    0xE3, 0x9D, 0x6A, 0x6B, 0x26, 0xE9, 0x18, 0x28, 0x49, 0x2A, 0xDE, 0x75, 0x8D, 0x85, 0x0F, 0x7B,
    0x5B, 0x68, 0xEE, 0x6E, 0xB7, 0xEE, 0xE1, 0xDA, 0xC2, 0x27, 0x65, 0x12, 0x6A, 0x71, 0x89, 0x63,
    0x0E, 0x56, 0xF5, 0x36, 0x2A, 0xD5, 0x71, 0x36, 0x63, 0xF7, 0x9E, 0x78, 0x24, 0xE3, 0x76, 0x50,
    0x49, 0x17, 0x2F, 0xA5, 0x75, 0x17, 0x09, 0xE8, 0x18, 0x08, 0x8D, 0x37, 0xC0, 0x66, 0x50, 0x1D,
    0xF6, 0xC6, 0xAB, 0x19, 0xEF, 0xA0, 0x0D, 0x5E, 0x32, 0xA5, 0x52, 0x82, 0xCC, 0x12, 0x5D, 0x25,
    0x4A, 0xBB, 0xCE, 0xEC, 0x83, 0x10, 0x20, 0x17, 0x96, 0x48, 0x5D, 0x0A, 0x8D, 0x76, 0xED, 0xBE,
    0x9D, 0xEC, 0xB8, 0xDF, 0x4C, 0xBD, 0xF7, 0x0C, 0x93, 0x5B, 0xF0, 0xB2, 0xE7, 0x37, 0x77, 0xB5,
    0xE9, 0xD1, 0x0C, 0x1F, 0xAE, 0x80, 0x7E, 0xA5, 0x7F, 0xAC, 0xAF, 0xBB, 0x37, 0xBF, 0x62, 0x08,
    0xFF, 0x7A, 0xCF, 0xAB, 0xB7, 0x1C, 0xD3, 0x77, 0xC2, 0x44, 0x7A, 0x66, 0xE1, 0x63, 0x7A, 0x0C,
    0xF1, 0xBA, 0x1C, 0x89, 0x79, 0x1F, 0x1D, 0x8D, 0xBB, 0x4B, 0xDC, 0xFB, 0xA2, 0x99, 0xD0, 0x84,
    0x18, 0x74, 0x2E, 0xF1, 0xAC, 0x5F, 0xAC, 0x1C, 0x0D, 0xB8, 0xCD, 0xD9, 0xAA, 0xC6, 0x68, 0x11,
    0xA4, 0x38, 0x67, 0x60, 0xAC, 0xC4, 0x19, 0x47, 0x07, 0x7F, 0x6A, 0xC5, 0x45, 0x90, 0xF4, 0xE0,
    0x2F, 0xEE, 0xDB, 0x53, 0x68, 0xCB, 0x81, 0x20, 0x41, 0xEB, 0xDE, 0x77, 0xC1, 0xF9, 0x15, 0xCF,
    0x62, 0x13, 0x2D, 0x03, 0x09, 0x63, 0x4B, 0xC6, 0xE5, 0x9E, 0x86, 0x15, 0xCF, 0xF6, 0xD0, 0x32,
    0x50, 0x64, 0x17, 0x96, 0x34, 0xDE, 0x44, 0x4D, 0x0A, 0x5D, 0x46, 0x4D, 0x8E, 0xBC, 0xEC, 0x48,
    0x93, 0x83, 0x2D, 0x17, 0x3E, 0x01, 0xF1, 0x72, 0xE6, 0x0A, 0x46, 0x4B, 0xA2, 0xF0, 0xD7, 0xB3,
    0xDC, 0xDB, 0x72, 0xAF, 0xCB, 0xA8, 0xF3, 0x21, 0x1A, 0xDE, 0x88, 0x45, 0x61, 0xE2, 0x44, 0x8A,
    0x8A, 0xBD, 0x81, 0x53, 0x38, 0x0B, 0xE1, 0x32, 0x1E, 0x4E, 0x2A, 0xAC, 0x03, 0xE5, 0xE2, 0xE2,
    0x2B, 0x67, 0xDC, 0xE3, 0x8F, 0x48, 0x16, 0x5C, 0x12, 0x75, 0x7E, 0x8C, 0xE4, 0x10, 0x3F, 0x2F,
    0x31, 0x32, 0x78, 0xE6, 0x20, 0x2A, 0x8D, 0x61, 0xFA, 0x6D, 0x5C, 0xC5, 0x67, 0x86, 0x8E, 0xF2,
    0x32, 0x66, 0xF6, 0xA3, 0xB2, 0xA7, 0x9C, 0x57, 0xAC, 0x4F, 0xA3, 0x4F, 0x27, 0xA3, 0x74, 0x79,
    0xD0, 0x83, 0x1E, 0xD3, 0x57, 0x72, 0x76, 0xD7, 0x2B, 0x13, 0x23, 0x8D, 0x06, 0x4A, 0xED, 0x0B,
    0x73, 0x7E, 0xE2, 0xE2, 0x9A, 0xB2, 0x5D, 0xB9, 0xCF, 0xE4, 0x2C, 0x65, 0xD9, 0xAC, 0xDA, 0xE8,
    0xC7, 0xA4, 0x5C, 0xDA, 0x0A, 0x9F, 0xEF, 0x92, 0xAC, 0xF6, 0xC9, 0xEC, 0x95, 0x70, 0x7D, 0x97,
    0x34, 0xBF, 0x3D, 0xCC, 0x89, 0x19, 0x9A, 0x1E, 0xD6, 0x3F, 0xD2, 0xF1, 0x81, 0x8E, 0x2F, 0x6A,
    0x7A, 0x39, 0x6A, 0x76, 0xB9, 0x6A, 0xB0, 0xCD, 0xEA, 0xA1, 0x1E, 0xAC, 0x95, 0x56, 0xBA, 0x31,
    0x0E, 0xE2, 0x93, 0x6E, 0xDB, 0xE4, 0x93, 0x6E, 0x7B, 0xD2, 0xC3, 0x7E, 0x06, 0x36, 0x9A, 0x1D,
    0x17, 0xAB, 0x51, 0x79, 0x28, 0xFB, 0x8D, 0x56, 0x65, 0x9D, 0xA3, 0x83, 0x70, 0x1D, 0x8A, 0x06,
    0x3B, 0x7A, 0x07, 0x65, 0xAA, 0xC1, 0xBA, 0x39, 0x9F, 0x05, 0xE2, 0x7B, 0x36, 0x6D, 0x3B, 0x67,
    0xF3, 0x76, 0xDC, 0x4F, 0x6F, 0x34, 0x58, 0x89, 0xA8, 0x17, 0x17, 0x53, 0xE6, 0x6C, 0xAB, 0xFD,
    0x80, 0x6F, 0x1D, 0xC8, 0x3E, 0xAA, 0x1D, 0x64, 0x37, 0x29, 0x41, 0x9F, 0xF0, 0xB7, 0x36, 0x73,
    0xEC, 0x13, 0x7C, 0xB0, 0x33, 0x9C, 0x1C, 0x5F, 0x81, 0xC8, 0x0E, 0x7A, 0x84, 0x55, 0x0D, 0x1B,
    0x6D, 0x43, 0x51, 0x09, 0x39, 0x9F, 0x06, 0x25, 0xE4, 0xF4, 0x08, 0x89, 0x07, 0x82, 0x2A, 0x52,
    0xD0, 0xF0, 0x6F, 0xD5, 0x63, 0x28, 0x43, 0xAB, 0x71, 0x31, 0x27, 0x1E, 0x06, 0xBB, 0xCB, 0x09,
    0x87, 0x8E, 0x45, 0xA3, 0xD3, 0xE8, 0x55, 0x07, 0xBE, 0xA8, 0x0D, 0x10, 0xAD, 0xD7, 0x0B, 0x14,
    0xDC, 0x88, 0xF4, 0xBD, 0x24, 0xC6, 0x7E, 0x34, 0x08, 0x09, 0xEC, 0x0C, 0x6A, 0xEC, 0xE2, 0x49,
    0x5E, 0x67, 0x68, 0x85, 0xE1, 0xB0, 0xC6, 0x30, 0x98, 0xCF, 0x30, 0x58, 0xBF, 0x85, 0xBB, 0x2F,
    0x83, 0xB7, 0x85, 0x25, 0xBB, 0x65, 0x89, 0x3A, 0x8B, 0xC2, 0x4A, 0xF5, 0xE5, 0x83, 0xD7, 0xC6,
    0xB6, 0xC6, 0xE0, 0x68, 0x30, 0x18, 0x64, 0x7F, 0xCC, 0xC2, 0xDE, 0xA2, 0x08, 0xE1, 0x30, 0x3A,
    0x42, 0x27, 0x80, 0x59, 0x61, 0x0E, 0x0A, 0x33, 0x83, 0x54, 0x1D, 0xFF, 0x35, 0x78, 0x6B, 0x8B,
    0x64, 0x63, 0x6C, 0x78, 0x3A, 0xC1, 0x4E, 0xE6, 0xB3, 0x51, 0x60, 0xB8, 0x25, 0x50, 0xDB, 0xDA,
    0xD4, 0xE2, 0xDA, 0x18, 0x5F, 0x9A, 0xA3, 0xB2, 0x55, 0x1D, 0x7B, 0x54, 0x78, 0xB4, 0x62, 0xE7,
    0xB5, 0xC9, 0x67, 0xC6, 0xA3, 0xC2, 0x44, 0xD4, 0x7C, 0x84, 0x0F, 0x4C, 0x9F, 0xA5, 0xB0, 0x49,
    0x2D, 0xAE, 0x17, 0xC7, 0xD7, 0x58, 0xC1, 0x8A, 0x5C, 0xC7, 0x62, 0x65, 0x73, 0x42, 0xE6, 0x94,
    0xCB, 0xD0, 0xD7, 0x76, 0x1D, 0xA8, 0x37, 0x79, 0xDE, 0xCA, 0x9B, 0x1F, 0x74, 0x4E, 0xA8, 0xFB,
    0x64, 0x64, 0xB0, 0x5A, 0xF8, 0xAA, 0xA1, 0xDA, 0x66, 0x66, 0xAE, 0x8C, 0x4F, 0x2E, 0x4B, 0x13,
    0x47, 0x89, 0xFB, 0x82, 0x27, 0x27, 0xF5, 0x6F, 0xB1, 0xA8, 0xD7, 0x25, 0x00, 0xF1, 0x16, 0x83,
    0xC2, 0x52, 0x2E, 0x1A, 0x2C, 0x3F, 0x49, 0x08, 0xB3, 0x90, 0x4F, 0x75, 0xE4, 0x82, 0xA7, 0x29,
    0x48, 0xF3, 0xE9, 0x60, 0xC5, 0x92, 0xA9, 0x31, 0x28, 0x61, 0x16, 0xAA, 0x62, 0x6F, 0x70, 0xA4,
    0x7C, 0xA7, 0xC5, 0xE6, 0xD3, 0x13, 0xD5, 0xE8, 0x64, 0xB0, 0x37, 0xA8, 0x29, 0xFD, 0x16, 0x20,
    0xA9, 0x46, 0x5A, 0x14, 0xC2, 0x30, 0xAB, 0x05, 0xC4, 0x32, 0xD6, 0x5B, 0xC6, 0x56, 0xD3, 0xAD,
    0x6C, 0x49, 0x72, 0xE8, 0x98, 0x26, 0xEF, 0x7F, 0x95, 0xC7, 0x5F, 0x2F, 0xBC, 0x55, 0x61, 0x8E,
    0xCF, 0x15, 0x9B, 0x72, 0xBA, 0x51, 0x77, 0x9C, 0x05, 0x20, 0xCC, 0x89, 0x7A, 0xF6, 0x94, 0x60,
    0x3D, 0xA4, 0x95, 0x76, 0x5E, 0x75, 0x1C, 0x6F, 0x84, 0xB2, 0x7B, 0x53, 0xAE, 0x3A, 0xF1, 0xDE,
    0x5C, 0x5F, 0x13, 0xB0, 0x7C, 0x0E, 0x74, 0x9B, 0x2B, 0x83, 0xAF, 0x16, 0x48, 0x6D, 0xBE, 0x0B,
    0xBC, 0x3E, 0xBB, 0x2C, 0x5E, 0xD2, 0x70, 0x96, 0x4A, 0xC0, 0xF1, 0x3A, 0x70, 0xE3, 0x1D, 0xE0,
    0xFC, 0xFA, 0x9C, 0xB0, 0xDC, 0x01, 0x66, 0xF7, 0x9A, 0xEC, 0xBA, 0x03, 0xE0, 0xF3, 0xC3, 0xD5,
    0xF8, 0x90, 0xDC, 0x13, 0xA4, 0x73, 0xB6, 0xFD, 0x47, 0x88, 0xFE, 0x05, 0x46, 0xE3, 0xC3, 0x68,
    0xE3, 0xC3, 0xAC, 0x1D, 0xA9, 0x82, 0x64, 0x7C, 0xD0, 0xEE, 0x15, 0x7A, 0xDA, 0xBC, 0xE9, 0x74,
    0x49, 0xFF, 0xC3, 0x06, 0xA9, 0x5D, 0xB1, 0xB6, 0x5E, 0x59, 0x9D, 0xB5, 0x83, 0x56, 0x67, 0xED,
    0xAB, 0xDF, 0x7F, 0xF8, 0xBF, 0xC6, 0x87, 0xCC, 0xF8, 0xFC, 0x2C, 0x3C, 0xAC, 0xB9, 0x5F, 0xBD,
    0x0C, 0xF6, 0xB7, 0xA0, 0xEF, 0xB7, 0x2E, 0x49, 0x0E, 0x89, 0x7E, 0x48, 0xA6, 0x2F, 0x71, 0xEA,
    0x1E, 0xBA, 0x42, 0x6F, 0xC7, 0x5A, 0x09, 0xC0, 0x11, 0x1A, 0x1D, 0x1F, 0xC0, 0xC6, 0x87, 0xD9,
    0xC6, 0x87, 0x51, 0xC6, 0x87, 0x1A, 0x06, 0x0B, 0x77, 0xAB, 0x33, 0x64, 0x32, 0x3E, 0x9C, 0x9F,
    0x1A, 0x1F, 0xFE, 0x06, 0xED, 0x99, 0xBD, 0x8E, 0xE4, 0x44, 0x10, 0xC7, 0x7B, 0x6C, 0xB1, 0x96,
    0x70, 0xE0, 0xFC, 0x12, 0xE7, 0x24, 0x7E, 0x01, 0x24, 0xFB, 0x3D, 0x78, 0x04, 0x82, 0x7D, 0x04,
    0xFB, 0x0D, 0xD8, 0x80, 0x07, 0x20, 0x44, 0x93, 0xF0, 0x08, 0x76, 0x46, 0xC8, 0x70, 0x04, 0x17,
    0x10, 0xE0, 0x80, 0x84, 0x68, 0x2D, 0x34, 0x12, 0xBE, 0xC3, 0x9E, 0xA2, 0xBE, 0xBB, 0x8F, 0x1D,
    0x1D, 0x1F, 0x42, 0xAB, 0xDB, 0x63, 0x7D, 0xD2, 0xCD, 0xEF, 0x6E, 0x5C, 0xDD, 0xD5, 0xD5, 0xDD,
    0xFF, 0xAA, 0xEE, 0x39, 0x0E, 0x81, 0x9F, 0xEC, 0x08, 0x27, 0xA1, 0x02, 0x3E, 0x68, 0xFA, 0xE7,
    0xCF, 0xFF, 0x23, 0x2E, 0x4E, 0xC7, 0x01, 0x4E, 0x8F, 0xF3, 0x47, 0x7A, 0x0C, 0xD5, 0xFE, 0x0C,
    0xFF, 0x1A, 0x34, 0x8A, 0x29, 0xCC, 0x02, 0xDB, 0x28, 0x50, 0x6F, 0xE3, 0xC2, 0xD0, 0x6C, 0xBD,
    0x40, 0xBB, 0xB6, 0x2B, 0x43, 0x7F, 0x6E, 0x36, 0x86, 0x71, 0xA9, 0x2F, 0xF4, 0x79, 0x80, 0xB9,
    0x82, 0x0E, 0x21, 0x87, 0x53, 0xC1, 0x2D, 0x56, 0x30, 0x64, 0x40, 0xDD, 0x8D, 0x10, 0x82, 0xEC,
    0x07, 0xFC, 0x57, 0xCB, 0x70, 0x0E, 0xA1, 0xB4, 0x1D, 0x72, 0xA0, 0x4F, 0x6E, 0xE3, 0x63, 0x84,
    0xBB, 0x10, 0x8E, 0x83, 0xEA, 0xCA, 0x9D, 0x79, 0x06, 0x93, 0x52, 0x0B, 0x41, 0x09, 0x36, 0xA5,
    0x1C, 0x16, 0xA5, 0x12, 0x26, 0xA5, 0x86, 0x7A, 0x64, 0x1A, 0x37, 0xA5, 0x8C, 0xFA, 0x64, 0x62,
    0xEF, 0x98, 0x6A, 0x72, 0x98, 0xA9, 0x27, 0x3F, 0xC5, 0x99, 0x55, 0x29, 0xE7, 0x68, 0x10, 0xE1,
    0x40, 0x94, 0x5A, 0x76, 0x93, 0xED, 0x57, 0x25, 0xEA, 0x5E, 0x08, 0xBD, 0x54, 0xA2, 0xEE, 0x85,
    0xC6, 0x4D, 0x29, 0x93, 0xD7, 0x90, 0x4A, 0x79, 0x0D, 0xA9, 0x96, 0xD7, 0x90, 0x7A, 0x8E, 0x1C,
    0xD2, 0xF7, 0x60, 0xDF, 0xBE, 0x02, 0xB3, 0xB8, 0x07, 0xE9, 0x0C, 0x63, 0xB8, 0xF7, 0x17, 0xA5,
    0x73, 0x23, 0x26, 0x40, 0x61, 0x97, 0x7E, 0x61, 0x30, 0x5F, 0x2E, 0x3A, 0x0C, 0xF6, 0x52, 0x4C,
    0x68, 0x30, 0x62, 0x22, 0x23, 0x9A, 0x7C, 0x94, 0x8B, 0x52, 0xF0, 0x91, 0x8B, 0x09, 0x53, 0xE3,
    0x11, 0x62, 0x13, 0x26, 0x36, 0x91, 0xE8, 0x92, 0x89, 0x10, 0x99, 0x58, 0xEC, 0x3B, 0xA5, 0xCA,
    0xE7, 0x23, 0xCE, 0x11, 0x99, 0x28, 0xA1, 0x89, 0x12, 0x9A, 0x28, 0x95, 0x3E, 0xD3, 0x68, 0x62,
    0xDB, 0x1C, 0x56, 0x5D, 0x11, 0xD6, 0xC5, 0x33, 0xBC, 0xEF, 0xA0, 0xCF, 0xE2, 0x30, 0x1A, 0xB4,
    0x06, 0xA5, 0x81, 0x4F, 0x6E, 0xB8, 0xF9, 0x5A, 0xD7, 0x3C, 0xED, 0xCD, 0x9D, 0x36, 0xAC, 0x3C,
    0xED, 0x0E, 0x9B, 0x71, 0xBF, 0x83, 0x49, 0x58, 0x80, 0x1D, 0x74, 0x0B, 0xE1, 0x82, 0x47, 0x96,
    0x4D, 0x84, 0x4B, 0x67, 0xB7, 0x6D, 0x84, 0x9B, 0x1D, 0x79, 0x56, 0xC9, 0x23, 0xD6, 0x0E, 0x1A,
    0xE2, 0x55, 0x9B, 0x47, 0xBE, 0xD7, 0x0E, 0xC6, 0xFB, 0x1D, 0x7E, 0xBC, 0x68, 0xF3, 0xDF, 0xED,
    0xF0, 0x83, 0x74, 0x90, 0xC1, 0x17, 0x3B, 0xBC, 0x64, 0x1D, 0xC0, 0xE6, 0x49, 0x32, 0x55, 0x72,
    0x2E, 0xC4, 0xA2, 0x92, 0xD5, 0x46, 0xDC, 0xB2, 0xD7, 0xCD, 0x4A, 0x5C, 0x73, 0xA3, 0xED, 0x42,
    0x2C, 0xC2, 0x3B, 0xCE, 0xC4, 0x05, 0x37, 0x0A, 0x13, 0x71, 0x4E, 0x5E, 0x67, 0xD0, 0x11, 0x1F,
    0xC8, 0x6B, 0xFC, 0x92, 0x25, 0x99, 0xBC, 0x46, 0x23, 0x66, 0x52, 0x5F, 0x6C, 0x8C, 0xB9, 0x41,
    0xAF, 0xB1, 0x13, 0xE6, 0x0A, 0x3B, 0xC0, 0xEF, 0x98, 0x4B, 0xD9, 0x81, 0xCC, 0x39, 0x04, 0x6A,
    0x8B, 0x39, 0x23, 0x5D, 0xE8, 0x54, 0xE6, 0xA5, 0x6F, 0xE1, 0x7E, 0x21, 0x73, 0xE1, 0xF6, 0x5C,
    0xAF, 0xC6, 0xF5, 0xD6, 0x2E, 0xC6, 0xD5, 0xDE, 0xCF, 0xC6, 0x05, 0x07, 0x55, 0x38, 0x07, 0x8A,
    0x85, 0xA6, 0x0E, 0x9E, 0x04, 0xE5, 0xF1, 0x12, 0xB9, 0xDD, 0x22, 0x37, 0xE7, 0xC8, 0xD5, 0x12,
    0xF9, 0xA6, 0x4B, 0x53, 0xD0, 0xA3, 0xF3, 0x31, 0xD6, 0xB0, 0x8B, 0xD7, 0x33, 0xAB, 0xD3, 0x1E,
    0x6B, 0xBF, 0x48, 0x83, 0xD3, 0xC9, 0x69, 0x71, 0x5A, 0x9D, 0x76, 0xA3, 0x9F, 0xC0, 0xE8, 0x95,
    0x18, 0x23, 0xBD, 0x14, 0x63, 0xAA, 0x9E, 0xC4, 0x98, 0xA8, 0x5F, 0x8D, 0x9A, 0xDD, 0xA8, 0x02,
    0xA3, 0x82, 0x8D, 0x89, 0x32, 0xCD, 0x63, 0xB4, 0x4A, 0x16, 0x23, 0x4E, 0xCC, 0x4C, 0x6C, 0xCC,
    0xC4, 0xC6, 0x4C, 0x39, 0x19, 0x33, 0x65, 0x3A, 0x97, 0xB4, 0x1A, 0x16, 0x23, 0x32, 0x16, 0xAA,
    0x77, 0x23, 0x32, 0x16, 0x22, 0xE3, 0x42, 0x73, 0xF5, 0xC9, 0x2A, 0x3E, 0x34, 0x56, 0x42, 0x63,
    0x25, 0x34, 0x56, 0x2A, 0xC1, 0x08, 0x8D, 0x95, 0x0E, 0x34, 0x06, 0x4D, 0xCB, 0x8B, 0x51, 0xBB,
    0x1A, 0xD5, 0xBB, 0x51, 0x09, 0x46, 0x39, 0x7C, 0xAB, 0x74, 0xA0, 0x8C, 0x28, 0x01, 0x1F, 0x7F,
    0x07, 0x2F, 0x07, 0x8C, 0x6A, 0xA7, 0xD2, 0x29, 0x77, 0x3A, 0xC4, 0x5A, 0x7C, 0x74, 0x6A, 0x9D,
    0x6A, 0xA7, 0x92, 0x02, 0x76, 0x8B, 0x6F, 0xFF, 0xEC, 0x6D, 0xE9, 0x84, 0x8B, 0x80, 0xAD, 0xC9,
    0x49, 0xA0, 0x93, 0x5E, 0xB5, 0x8A, 0xE9, 0x59, 0x65, 0x1A, 0x14, 0xAD, 0x83, 0xCC, 0x3C, 0x7D,
    0x68, 0x42, 0xA6, 0xB2, 0xC5, 0xD2, 0x3E, 0x16, 0x13, 0x15, 0x98, 0x4E, 0x4D, 0xF5, 0x6E, 0xF2,
    0x75, 0x6A, 0x4D, 0xE2, 0x50, 0x23, 0x75, 0x05, 0x62, 0x98, 0x7A, 0x13, 0xC4, 0xF6, 0x3C, 0x3A,
    0xAE, 0xA6, 0x68, 0x58, 0x98, 0xA5, 0x78, 0x7A, 0x88, 0xF5, 0x93, 0xC6, 0xAB, 0xC3, 0x1C, 0x1D,
    0xD7, 0x24, 0x24, 0x49, 0xA0, 0x92, 0xF0, 0x25, 0x41, 0xAD, 0x55, 0xD5, 0x33, 0xDA, 0x53, 0x9D,
    0xEE, 0xC8, 0xA9, 0xF0, 0x69, 0xE9, 0x72, 0x4D, 0x38, 0x3D, 0x70, 0x09, 0xC5, 0xAF, 0x92, 0xBE,
    0xF2, 0x5A, 0xB8, 0xA5, 0x99, 0xB4, 0xE9, 0x9E, 0x64, 0x6D, 0x81, 0xCA, 0xC2, 0x68, 0x25, 0xAD,
    0x2D, 0x18, 0x69, 0xFD, 0xC5, 0x08, 0x6F, 0xEE, 0x62, 0x32, 0xBC, 0x8B, 0x69, 0xB1, 0x73, 0x9A,
    0x9D, 0x36, 0x27, 0x2F, 0x71, 0x6F, 0x61, 0x70, 0x89, 0x99, 0x7C, 0x25, 0xCF, 0xBE, 0x92, 0xBD,
    0x40, 0xEA, 0x9D, 0xDA, 0xF3, 0x63, 0x52, 0xEC, 0x37, 0xFA, 0xE2, 0xFE, 0xE5, 0x7E, 0x4E, 0x8B,
    0xE5, 0xFB, 0x88, 0x85, 0x1E, 0xD8, 0x51, 0xC0, 0x68, 0x0D, 0xF1, 0xB8, 0xEC, 0x5F, 0xA6, 0x51,
    0x73, 0xBD, 0x7E, 0xDA, 0x84, 0xCF, 0xE7, 0xAE, 0x2C, 0xA9, 0xB4, 0x24, 0xDA, 0x92, 0x8A, 0x4B,
    0xAA, 0x2E, 0x89, 0xBC, 0x50, 0xD9, 0x23, 0x2B, 0x61, 0x0B, 0xA9, 0xC0, 0xA4, 0x0A, 0x13, 0x12,
    0x89, 0x09, 0xB6, 0xF0, 0x49, 0xBB, 0x93, 0xFD, 0x10, 0x92, 0x6D, 0x12, 0x92, 0xDD, 0x13, 0x92,
    0x4D, 0x15, 0xE2, 0xB6, 0x4B, 0x79, 0x0B, 0x89, 0xD4, 0x84, 0x64, 0xC3, 0x7E, 0x28, 0x3C, 0x30,
    0xF3, 0x78, 0xF3, 0x39, 0x72, 0xB5, 0xD2, 0x78, 0x45, 0x7F, 0x9A, 0x0B, 0xC5, 0x47, 0x62, 0x55,
    0xC3, 0x80, 0x71, 0xEB, 0x35, 0x8F, 0xCF, 0xFD, 0x59, 0x63, 0x8B, 0xA7, 0x30, 0x8A, 0xF3, 0xA6,
    0xB2, 0x82, 0x8D, 0xE8, 0x5C, 0xD4, 0xA4, 0x21, 0x95, 0x97, 0x05, 0x94, 0x5D, 0x27, 0xCD, 0x53,
    0x71, 0x4E, 0xE9, 0xD8, 0xAC, 0x42, 0x24, 0xA5, 0x17, 0x2B, 0xD1, 0x61, 0x84, 0x54, 0x8A, 0x68,
    0x11, 0xE8, 0x9A, 0xB9, 0x90, 0x70, 0xE9, 0x5A, 0x5A, 0xF8, 0xB8, 0x56, 0xCA, 0xC9, 0x3A, 0xE7,
    0xC6, 0x5F, 0x00, 0xBC, 0xA1, 0xC3, 0x5C, 0xB2, 0x1C, 0x3F, 0x0D, 0xE9, 0xF3, 0x40, 0xA7, 0x2E,
    0xE1, 0x8A, 0x4E, 0xC5, 0xDD, 0xEA, 0xC7, 0xB7, 0xFE, 0xCA, 0xF1, 0x2D, 0x8B, 0xB7, 0x34, 0xEF,
    0x56, 0xAC, 0xFF, 0x86, 0xAE, 0xE8, 0x4F, 0x70, 0x0F, 0x72, 0xF7, 0xAA, 0x74, 0x4F, 0xFD, 0x22,
    0xE1, 0x26, 0x51, 0xDE, 0xC5, 0x69, 0x08, 0x3E, 0xDC, 0x10, 0x77, 0xA1, 0x92, 0x5D, 0x24, 0x1C,
    0xC0, 0x0F, 0xBD, 0xB5, 0x1F, 0x7A, 0x0B, 0x3F, 0xF4, 0x1E, 0x28, 0x6A, 0x27, 0xDB, 0x61, 0xD6,
    0xAF, 0x1F, 0x7F, 0xE3, 0xCE, 0xC1, 0x2A, 0xDF, 0xC8, 0x63, 0x5A, 0x7A, 0x16, 0x28, 0xDC, 0xE7,
    0xDC, 0xF3, 0x41, 0x96, 0xE4, 0x83, 0xE9, 0xC1, 0x78, 0x03, 0x5C, 0x89, 0x4B, 0x1F, 0xF5, 0x7B,
    0x35, 0x8A, 0x75, 0x42, 0x4C, 0xBB, 0xE8, 0x02, 0xC6, 0x04, 0x67, 0xB7, 0xD3, 0xBA, 0x49, 0x84,
    0xA9, 0x76, 0x59, 0x1A, 0x6D, 0x45, 0x64, 0x1E, 0xA2, 0x02, 0x5E, 0x6B, 0xC1, 0xA3, 0x77, 0x11,
    0x0D, 0xD0, 0xFE, 0x90, 0x71, 0x0C, 0xBA, 0xFE, 0x71, 0x16, 0xE4, 0x6C, 0x44, 0x42, 0x64, 0x7A,
    0x83, 0x9B, 0x65, 0xF9, 0x73, 0xA9, 0x13, 0xA9, 0x8F, 0xE5, 0x4F, 0x78, 0x37, 0xB9, 0x96, 0x45,
    0x85, 0xB3, 0x5B, 0x18, 0x56, 0x44, 0xDB, 0xE2, 0x85, 0x8C, 0x8B, 0x43, 0x08, 0xF0, 0xA5, 0x97,
    0x84, 0xF0, 0x8B, 0x57, 0x91, 0xE9, 0xC8, 0x77, 0x59, 0x21, 0x7E, 0x95, 0xFB, 0xD1, 0x28, 0x3B,
    0x8E, 0x9E, 0xCF, 0xFC, 0x50, 0x40, 0x6F, 0x4C, 0xDE, 0x95, 0xA9, 0x64, 0x16, 0xCF, 0xB2, 0xE3,
    0xF9, 0x8A, 0x77, 0x4E, 0x75, 0x42, 0x76, 0x1E, 0xA9, 0xD3, 0x99, 0x99, 0xC3, 0xDB, 0xB7, 0x71,
    0x6F, 0x51, 0x7F, 0xB6, 0xF6, 0xAC, 0xED, 0x76, 0xD5, 0xD8, 0x63, 0xBF, 0x72, 0x75, 0x45, 0xBE,
    0x14, 0xE2, 0x4E, 0x49, 0xA7, 0x07, 0x1A, 0xE1, 0x21, 0x59, 0xE4, 0x40, 0xC1, 0xB2, 0xA9, 0x2E,
    0xD2, 0xA4, 0x83, 0xCF, 0x6B, 0x9E, 0xB2, 0x6F, 0x30, 0x44, 0x5D, 0xD4, 0x03, 0xD8, 0xFE, 0x2E,
    0xFD, 0xF5, 0xDC, 0x3D, 0xD3, 0x53, 0x26, 0x5B, 0xA7, 0xB9, 0xCB, 0xD4, 0x33, 0xBE, 0x0F, 0x38,
    0x5F, 0x41, 0x2F, 0xED, 0x8A, 0x88, 0x98, 0x68, 0x54, 0x96, 0x49, 0xFA, 0x4D, 0x43, 0xF0, 0x5C,
    0xDA, 0xEC, 0x2E, 0x59, 0x56, 0x4D, 0x8E, 0xAB, 0x15, 0x99, 0x24, 0x6E, 0xB9, 0x1D, 0x79, 0x38,
    0x33, 0x76, 0x5C, 0x9A, 0x0C, 0x2A, 0x1A, 0x72, 0xA1, 0x5F, 0xBB, 0xA8, 0x58, 0xB2, 0x38, 0x05,
    0x3D, 0x5F, 0xEB, 0xED, 0x08, 0x55, 0x33, 0x17, 0x92, 0xA8, 0x4F, 0xBE, 0xB2, 0x8B, 0xBC, 0x63,
    0xE7, 0x62, 0x8E, 0x09, 0xCF, 0x65, 0x12, 0xFD, 0xAC, 0xFD, 0xB7, 0x0B, 0x70, 0x97, 0x28, 0x79,
    0x96, 0x10, 0x35, 0x35, 0xB7, 0x4B, 0x40, 0x6C, 0x24, 0x37, 0x55, 0xEE, 0xCF, 0x7C, 0x1D, 0x66,
    0xA9, 0xD8, 0x2B, 0x59, 0xFA, 0xD4, 0x38, 0xF0, 0xF7, 0xAA, 0xA5, 0x19, 0xB1, 0x3A, 0xC1, 0xED,
    0xA9, 0x13, 0x05, 0xC4, 0x1F, 0x50, 0xAA, 0x8B, 0xFD, 0xA5, 0xFF, 0xA5, 0x4E, 0xF0, 0xAB, 0xEA,
    0x04, 0x37, 0xA1, 0x4E, 0xF0, 0x66, 0x51, 0x27, 0xC6, 0x64, 0xE3, 0xD8, 0x75, 0x48, 0xFC, 0x96,
    0xDF, 0xCC, 0x44, 0xB7, 0xB5, 0x85, 0xCE, 0x5B, 0x96, 0x9B, 0x43, 0xE9, 0xD1, 0x7A, 0x67, 0x4F,
    0x12, 0x0F, 0xEB, 0x2D, 0x7A, 0xEE, 0xA3, 0x18, 0xE8, 0x1E, 0x32, 0x8E, 0xD4, 0x66, 0xDF, 0x7F,
    0x0A, 0x11, 0x27, 0x3C, 0x4A, 0xE8, 0x84, 0xBA, 0xC0, 0x47, 0x02, 0x8F, 0x2A, 0x3A, 0x51, 0x78,
    0xE4, 0x37, 0xBE, 0x73, 0x34, 0x27, 0xAA, 0xCD, 0x73, 0x6C, 0x4C, 0x69, 0x68, 0x68, 0xAB, 0x8B,
    0x1A, 0x6C, 0x17, 0xBF, 0xAE, 0x9D, 0xFA, 0x39, 0x1E, 0x91, 0xE2, 0x21, 0x69, 0x9C, 0x3D, 0x95,
    0x86, 0xFE, 0x57, 0xF0, 0xAB, 0xE1, 0xF6, 0xB7, 0x58, 0xB8, 0x36, 0x10, 0xB9, 0x8A, 0xB7, 0xC1,
    0xC8, 0x9E, 0x49, 0xD1, 0x09, 0xAF, 0x08, 0x6C, 0xA1, 0x6A, 0xC7, 0x4B, 0xAC, 0x78, 0xD5, 0x85,
    0x3F, 0x00, 0xE5, 0x59, 0x3B, 0x8E, 0xDC, 0x46, 0x10, 0xE5, 0x70, 0x00, 0x11, 0x30, 0x03, 0xE6,
    0xAB, 0x80, 0xB9, 0x1C, 0xCC, 0x11, 0x48, 0x28, 0xF1, 0x09, 0x14, 0x3B, 0x97, 0x02, 0x1F, 0x81,
    0x03, 0xE8, 0x02, 0x0E, 0x7C, 0x00, 0x07, 0x1B, 0xC8, 0x4A, 0x7C, 0x84, 0x26, 0xE0, 0xC0, 0x29,
    0x6D, 0x07, 0x0E, 0x94, 0x10, 0x82, 0x01, 0x43, 0x91, 0x06, 0xF6, 0x00, 0xE6, 0x5A, 0x24, 0xCB,
    0xF5, 0xEA, 0xD3, 0xE4, 0x7E, 0x30, 0x5E, 0x01, 0xB2, 0x56, 0x92, 0x67, 0xB1, 0xEC, 0x2E, 0x0E,
    0xBB, 0xBE, 0xAF, 0xAA, 0xAB, 0x39, 0x0F, 0xBE, 0x4D, 0x96, 0xCF, 0xD9, 0x79, 0x73, 0x58, 0x91,
    0xD5, 0x50, 0x1D, 0xD7, 0xE4, 0xB1, 0x1A, 0x30, 0x6E, 0xBE, 0x11, 0xB2, 0x39, 0xEC, 0x46, 0x8C,
    0x5B, 0xBA, 0x42, 0xB6, 0x18, 0xC2, 0xA1, 0x14, 0x32, 0x53, 0x92, 0xFA, 0x62, 0xC2, 0x58, 0x50,
    0x2F, 0x64, 0xE7, 0xE4, 0xC1, 0xC8, 0x19, 0x63, 0x29, 0xE4, 0x86, 0xDA, 0x5C, 0x78, 0xEE, 0x08,
    0xE2, 0x53, 0x6A, 0x33, 0x21, 0xAB, 0xD7, 0xA3, 0x90, 0x7B, 0x95, 0xD8, 0xBC, 0x18, 0x45, 0x1C,
    0x93, 0x35, 0x04, 0xFE, 0x38, 0x09, 0x59, 0xF3, 0x1D, 0xB0, 0x7C, 0x3A, 0x8B, 0x74, 0x3C, 0x0F,
    0x96, 0x0F, 0x49, 0xC9, 0x0D, 0xF4, 0x49, 0x69, 0x83, 0x35, 0xB9, 0x91, 0xDB, 0x39, 0xC1, 0x43,
    0xD0, 0x81, 0x3A, 0x26, 0xA7, 0x04, 0x77, 0xA1, 0x21, 0xC8, 0x7C, 0x4C, 0x02, 0x48, 0x96, 0x16,
    0x7A, 0x19, 0x2B, 0xBE, 0x0B, 0xEB, 0x02, 0x6B, 0x5B, 0x1C, 0x93, 0x8A, 0x07, 0xD8, 0x0E, 0xDF,
    0x95, 0x87, 0x64, 0x07, 0x92, 0x1D, 0x85, 0xDB, 0xFC, 0x5F, 0x1E, 0xE1, 0x39, 0xFB, 0xEF, 0x93,
    0x62, 0xB0, 0x29, 0x8F, 0x4D, 0x0B, 0xE6, 0xBA, 0x9E, 0x49, 0x96, 0x92, 0x39, 0x1B, 0x1E, 0x59,
    0x25, 0x56, 0xCC, 0x65, 0x42, 0x61, 0xD8, 0x0D, 0xFF, 0xB1, 0x66, 0x29, 0xC1, 0x28, 0x55, 0x90,
    0x49, 0x3C, 0x98, 0xF0, 0x13, 0xD0, 0x3B, 0x9F, 0x93, 0x0C, 0xAE, 0xA0, 0xBD, 0x18, 0xC7, 0x36,
    0x43, 0x08, 0x73, 0x4F, 0x8D, 0x84, 0x0A, 0x49, 0xD3, 0x89, 0x63, 0x98, 0x65, 0x01, 0x27, 0x57,
    0xBD, 0x78, 0x91, 0x2F, 0x50, 0x9F, 0x6D, 0x10, 0x1F, 0xF3, 0x23, 0x50, 0x8E, 0xAD, 0x8A, 0x24,
    0xC2, 0x57, 0x0C, 0x12, 0x10, 0x66, 0xDF, 0x20, 0xB8, 0xC5, 0x98, 0x4B, 0xF4, 0xA8, 0x95, 0x58,
    0x67, 0xA3, 0xC6, 0x96, 0x49, 0x04, 0x62, 0x3B, 0x19, 0xF9, 0x93, 0x84, 0x69, 0x3B, 0x17, 0x82,
    0x8B, 0xF0, 0x52, 0x82, 0x98, 0x92, 0xC2, 0xA4, 0xF9, 0x53, 0x58, 0x6C, 0xE8, 0x4B, 0x81, 0x58,
    0xF5, 0x97, 0xAC, 0x49, 0xE8, 0x7B, 0x25, 0x49, 0x1E, 0x4A, 0x82, 0x00, 0x82, 0xC9, 0x41, 0x21,
    0xA7, 0xE8, 0x51, 0x98, 0xE0, 0xF6, 0x61, 0x01, 0x11, 0x6E, 0xF7, 0x2B, 0x88, 0xF1, 0xED, 0x4E,
    0x49, 0x19, 0x78, 0x6C, 0x57, 0x68, 0x65, 0xB2, 0x56, 0x09, 0x4A, 0xE6, 0x10, 0x7F, 0xF6, 0xCC,
    0x80, 0xFF, 0xE0, 0xBC, 0x24, 0x9B, 0xD2, 0x21, 0x17, 0xAB, 0xA0, 0x79, 0xB7, 0x35, 0x5E, 0x8C,
    0xF1, 0x8D, 0x49, 0x29, 0xF8, 0xC1, 0xA0, 0xDA, 0x55, 0x93, 0xFE, 0x43, 0xD1, 0x41, 0xBF, 0x11,
    0x06, 0x9E, 0x13, 0xB2, 0x5A, 0x59, 0x28, 0x4F, 0x61, 0xA1, 0x92, 0x9A, 0x31, 0xF1, 0xC5, 0x3B,
    0x38, 0x46, 0x59, 0x42, 0x49, 0x13, 0x04, 0x16, 0xA6, 0x7B, 0xCA, 0x76, 0xE6, 0xA6, 0x3E, 0x7B,
    0xC2, 0x55, 0x65, 0x16, 0x95, 0x7A, 0x0D, 0x2C, 0xCC, 0x45, 0xCC, 0xE2, 0xA1, 0xBA, 0x05, 0xA2,
    0x7F, 0x30, 0xE3, 0x99, 0x29, 0x19, 0x03, 0x66, 0x41, 0x73, 0x4C, 0x78, 0x73, 0xFB, 0xCA, 0xA9,
    0xA2, 0x6C, 0xEF, 0xD3, 0xCC, 0x1C, 0xB0, 0x72, 0xF3, 0x2A, 0x3C, 0x12, 0xA1, 0x29, 0x89, 0x7C,
    0xDD, 0x87, 0x5B, 0x7A, 0x61, 0x3E, 0x64, 0x5E, 0x4F, 0x9D, 0x05, 0xEB, 0xED, 0x2C, 0xD8, 0xF0,
    0xC6, 0x24, 0xB3, 0xE1, 0xBB, 0xC9, 0x74, 0x3C, 0xB8, 0x0F, 0x61, 0xB8, 0xD5, 0x15, 0x78, 0x2E,
    0x55, 0x85, 0xC4, 0x70, 0x03, 0xC8, 0xE8, 0x3E, 0xD4, 0x1B, 0xE2, 0x43, 0x7D, 0xAC, 0x50, 0x98,
    0xB7, 0x1E, 0x7B, 0x0D, 0xFC, 0x06, 0xDF, 0xED, 0x66, 0xF7, 0xA1, 0x8B, 0x07, 0x1F, 0xF3, 0x5C,
    0x49, 0x2E, 0x07, 0x32, 0x4D, 0x3A, 0x58, 0x98, 0x4E, 0xD0, 0x6F, 0xE7, 0xC6, 0x86, 0xC1, 0xF5,
    0x67, 0x5B, 0x1E, 0x9C, 0xDB, 0x34, 0x7D, 0x5E, 0xEF, 0xC6, 0xE8, 0x2E, 0x37, 0x86, 0x59, 0xCF,
    0x31, 0x7E, 0x90, 0xE8, 0x90, 0x4C, 0xC2, 0x51, 0xF5, 0x72, 0xD8, 0x98, 0x7B, 0xE4, 0x7B, 0x0B,
    0x6D, 0x06, 0x47, 0x9A, 0x58, 0xE1, 0x67, 0x4C, 0xE5, 0x56, 0xA6, 0x5E, 0xAE, 0xC6, 0x75, 0x55,
    0xD6, 0x62, 0xEC, 0x26, 0x8B, 0x90, 0xF8, 0xAD, 0x3C, 0x99, 0xA9, 0x2A, 0xE5, 0xB4, 0x70, 0x93,
    0xC1, 0x54, 0x97, 0xEA, 0xAA, 0xFB, 0x40, 0x22, 0x05, 0xC5, 0x83, 0xC6, 0xE3, 0xC6, 0x63, 0xD9,
    0x1C, 0x17, 0x2B, 0x98, 0x69, 0xEE, 0x96, 0x72, 0x85, 0x2D, 0xE6, 0x08, 0xA3, 0x88, 0x4F, 0x3C,
    0xDC, 0xF8, 0x4E, 0xC3, 0x4C, 0x16, 0x28, 0xD1, 0x1F, 0xCE, 0x86, 0x19, 0xBD, 0x71, 0xD4, 0x20,
    0xB7, 0x29, 0x59, 0x90, 0x17, 0x31, 0xC6, 0xCA, 0x47, 0xC4, 0x32, 0xD3, 0xD5, 0x5E, 0xB6, 0x60,
    0x56, 0x6B, 0xE6, 0xFF, 0x64, 0x5E, 0x91, 0x7D, 0xDA, 0x93, 0xB3, 0x3A, 0xCE, 0x62, 0xBE, 0x8F,
    0x4B, 0x13, 0xE0, 0xB3, 0x70, 0x88, 0x21, 0x6A, 0xA3, 0x8F, 0xF7, 0x4B, 0x38, 0x7D, 0xE9, 0x74,
    0x72, 0x69, 0xF7, 0x2E, 0x96, 0xB6, 0xD7, 0x96, 0x16, 0xCB, 0xD2, 0xF1, 0xDA, 0xD2, 0x25, 0xFC,
    0x37, 0x2E, 0x9D, 0x6F, 0x58, 0x7A, 0x3C, 0xB1, 0x34, 0x8B, 0xC5, 0xF2, 0xA6, 0xA5, 0xCD, 0x2D,
    0x97, 0x46, 0xF9, 0xBB, 0x9B, 0x96, 0xBA, 0xEA, 0xE9, 0x6A, 0xE9, 0xFE, 0xFA, 0xD2, 0x18, 0xCB,
    0x26, 0xCE, 0xE8, 0xE4, 0x2C, 0x49, 0x1E, 0x23, 0x21, 0x47, 0x2E, 0xCD, 0x63, 0x4A, 0x34, 0xE6,
    0xFC, 0x8F, 0xAD, 0xB1, 0x9A, 0xD5, 0x06, 0x74, 0x1F, 0xF0, 0x1B, 0x74, 0x87, 0xC3, 0x3F, 0xFA,
    0xFF, 0x5E, 0x9D, 0x09, 0x9B, 0xB0, 0x0D, 0xC3, 0x4E, 0xD8, 0x0B, 0xBB, 0xB7, 0xFC, 0xCF, 0x3D,
    0xC5, 0xC8, 0x37, 0xB8, 0xC1, 0x0A, 0x63, 0xEC, 0x76, 0x97, 0x32, 0x3D, 0x5D, 0x45, 0xCB, 0xD6,
    0x03, 0xB8, 0x04, 0x26, 0xE2, 0x32, 0xE2, 0xED, 0xAE, 0x18, 0x39, 0x40, 0x22, 0xC7, 0xE0, 0x08,
    0xAC, 0x9C, 0xE3, 0xCE, 0x13, 0xAB, 0x70, 0x8E, 0xF9, 0x1C, 0x19, 0x25, 0x1F, 0x2A, 0xA3, 0x58,
    0x2C, 0x96, 0xD2, 0x13, 0x93, 0x2B, 0x1E, 0x59, 0x62, 0xCD, 0x88, 0xC5, 0x2B, 0xA6, 0x67, 0x76,
    0x92, 0x51, 0x73, 0x8E, 0xD6, 0xB2, 0x13, 0x28, 0x04, 0xAE, 0x81, 0x01, 0x79, 0x52, 0xB2, 0x00,
    0x69, 0xB6, 0x04, 0x35, 0xA3, 0x72, 0x85, 0xF7, 0x3F, 0x95, 0x7F, 0xD8, 0x23, 0xC7, 0x96, 0x41,
    0x9A, 0x9C, 0x9C, 0x0E, 0x5C, 0x43, 0x5A, 0xB6, 0xBD, 0x0E, 0xBC, 0xA3, 0x06, 0x36, 0x3F, 0x5C,
    0x58, 0x91, 0x89, 0x8D, 0x9D, 0x21, 0x2D, 0x98, 0xF3, 0xB8, 0x6F, 0xEC, 0xCC, 0xAD, 0x56, 0xB0,
    0x32, 0xB2, 0x28, 0x14, 0xB3, 0x45, 0xA1, 0x1C, 0x2D, 0x0A, 0xD5, 0x90, 0xF9, 0x49, 0xD1, 0xA2,
    0x40, 0xBD, 0x46, 0x01, 0x19, 0x20, 0xEB, 0x01, 0x65, 0xA9, 0x81, 0x00, 0xB7, 0x40, 0xDE, 0x95,
    0x15, 0x4A, 0x20, 0x8F, 0x94, 0x10, 0xC8, 0x63, 0x05, 0x56, 0xEA, 0xBE, 0xC0, 0x17, 0xAD, 0xB2,
    0x9C, 0x3B, 0x5A, 0x64, 0x59, 0x11, 0x95, 0xCC, 0x4B, 0x55, 0x17, 0x26, 0x55, 0x3B, 0x66, 0xA4,
    0x29, 0xC6, 0x8A, 0xD0, 0x5B, 0x7F, 0xCE, 0xCE, 0xB5, 0xC1, 0x42, 0x19, 0xCE, 0xA4, 0xFF, 0x6C,
    0x15, 0x8E, 0x8D, 0x1D, 0xE4, 0x00, 0x64, 0xD8, 0xAA, 0x6A, 0xF2, 0x97, 0x4F, 0x88, 0x2E, 0xC4,
    0x39, 0xFC, 0x39, 0xDA, 0xAE, 0x3C, 0x4B, 0xD7, 0xCD, 0x1F, 0x3E, 0xBF, 0xCA, 0xA7, 0x97, 0xB3,
    0x71, 0x46, 0x47, 0xED, 0xE0, 0xC3, 0xA8, 0x39, 0x5F, 0x4D, 0xAA, 0x73, 0x31, 0x6B, 0x31, 0xF0,
    0xE2, 0xEF, 0xF9, 0x9F, 0x9D, 0x18, 0x1F, 0xD3, 0xDF, 0x35, 0x8F, 0xF7, 0x21, 0x2E, 0x13, 0x5C,
    0x13, 0xFD, 0x4E, 0x26, 0x8F, 0x0A, 0x1B, 0x77, 0x70, 0xE0, 0x57, 0x44, 0x72, 0xDE, 0xD8, 0x04,
    0xD2, 0x5D, 0xA8, 0x24, 0x3F, 0x69, 0x68, 0xA6, 0x65, 0x16, 0x6B, 0x1F, 0x73, 0xF2, 0x03, 0x95,
    0x8E, 0xA5, 0x3D, 0x57, 0xD9, 0x3A, 0x22, 0x6B, 0x2D, 0x95, 0x6F, 0x09, 0x39, 0x5F, 0xB3, 0xCD,
    0x6F, 0x4C, 0xEE, 0xAF, 0xA6, 0xC7, 0x17, 0x84, 0xA3, 0x01, 0x4D, 0xAC, 0x5F, 0x09, 0x2F, 0x40,
    0xEF, 0x27, 0xF4, 0x8A, 0x97, 0x3C, 0xDF, 0x5F, 0xAD, 0x8B, 0x77, 0x34, 0x61, 0x9F, 0xCC, 0x88,
    0x64, 0x87, 0xED, 0x16, 0xD9, 0xD2, 0x59, 0xAF, 0xC4, 0x46, 0xE0, 0xD3, 0x25, 0xF4, 0x5A, 0x26,
    0x07, 0x3D, 0x3D, 0xA5, 0x5C, 0x47, 0xD4, 0x0B, 0xBC, 0xDB, 0x90, 0x60, 0xBD, 0x80, 0x95, 0xD6,
    0x00, 0x90, 0xBF, 0x27, 0xD1, 0x73, 0x12, 0xC3, 0x47, 0xCF, 0x18, 0x9C, 0x0C, 0x96, 0x45, 0xB1,
    0x05, 0x5E, 0x4F, 0xFA, 0xFF, 0x6C, 0x72, 0x59, 0x56, 0x54, 0x63, 0xE3, 0x1A, 0x42, 0xD5, 0x31,
    0xA6, 0x4B, 0xE2, 0xE6, 0xB4, 0x5A, 0x1B, 0x04, 0xD2, 0x0C, 0x57, 0xD8, 0x5E, 0xB3, 0x7D, 0x43,
    0xC2, 0xE7, 0x3B, 0xF3, 0xC6, 0xCF, 0xD6, 0x74, 0x50, 0x17, 0x04, 0xF2, 0x3C, 0xC9, 0xC9, 0x80,
    0xC2, 0x90, 0x7B, 0x25, 0xE3, 0x7D, 0x59, 0x08, 0x47, 0x68, 0x7A, 0x58, 0x57, 0x23, 0x75, 0x46,
    0x97, 0xA7, 0x64, 0x0C, 0x33, 0x7C, 0x7F, 0x8F, 0x45, 0x14, 0xE2, 0xD5, 0x66, 0xB2, 0x43, 0x1B,
    0x1F, 0xA1, 0xB4, 0x01, 0x63, 0xC5, 0x14, 0xBE, 0xD9, 0x92, 0xE2, 0xB5, 0xCA, 0x8B, 0x93, 0x3B,
    0x01, 0x12, 0x9C, 0xD9, 0x7B, 0xB8, 0x7D, 0x12, 0x8B, 0x90, 0xEB, 0x5C, 0x47, 0x2B, 0xD4, 0x2E,
    0xBE, 0xAA, 0xA5, 0x01, 0x4D, 0xDB, 0x85, 0x94, 0x07, 0xF7, 0x46, 0xEF, 0xFE, 0xD9, 0x4B, 0x76,
    0xE9, 0xB9, 0x3D, 0x25, 0x77, 0xEF, 0xBD, 0x40, 0xDF, 0x2D, 0xE7, 0x81, 0xBB, 0xCF, 0xA5, 0xFB,
    0x88, 0x2D, 0x4F, 0x44, 0xC3, 0x3D, 0x4F, 0x44, 0xE7, 0x03, 0x4F, 0xA4, 0x75, 0x1D, 0x39, 0xCD,
    0xAC, 0x1E, 0x75, 0x5B, 0xC0, 0x0E, 0xF5, 0x45, 0x5F, 0xD2, 0xF0, 0x44, 0x4B, 0x62, 0x45, 0x5D,
    0x65, 0xAF, 0x0D, 0x3B, 0x2D, 0x8A, 0x19, 0x75, 0x8D, 0xF9, 0xB0, 0x53, 0x67, 0xA6, 0x0E, 0xEC,
    0xCD, 0x1A, 0xE1, 0xDD, 0x7B, 0x9A, 0x44, 0xA1, 0xA9, 0xEB, 0x13, 0x15, 0xCB, 0x59, 0xD5, 0xA3,
    0x2B, 0x3F, 0x9A, 0x39, 0xBA, 0xB5, 0xBA, 0xA5, 0x28, 0xAD, 0xC8, 0x1F, 0xC6, 0x35, 0x75, 0x1A,
    0xE5, 0x41, 0xDA, 0x12, 0xC4, 0xD4, 0x3D, 0x56, 0x9B, 0x0F, 0x07, 0xF1, 0xEA, 0x99, 0xA6, 0xCE,
    0x0D, 0x49, 0x54, 0x5E, 0x4E, 0xA2, 0xEE, 0x4A, 0x12, 0xA1, 0x46, 0xA9, 0x7B, 0xB9, 0x46, 0x29,
    0xD8, 0x0A, 0x3F, 0x91, 0x67, 0x0E, 0xC8, 0xAD, 0x43, 0x34, 0x5D, 0xD7, 0x84, 0xDB, 0x78, 0xD5,
    0x43, 0x79, 0xAB, 0xC9, 0x5B, 0x41, 0xA9, 0x37, 0x3C, 0x47, 0x35, 0x82, 0x2B, 0xA6, 0x3A, 0xB3,
    0xAA, 0x95, 0x17, 0x58, 0xB7, 0xAB, 0x36, 0x4B, 0x89, 0x4D, 0xBB, 0x40, 0x01, 0x99, 0xDC, 0x1B,
    0xC7, 0xC5, 0x3F, 0x8B, 0xC7, 0x36, 0xEE, 0xC3, 0x55, 0x12, 0xDD, 0x13, 0x79, 0x41, 0xB7, 0x68,
    0x5C, 0x75, 0xBF, 0xAB, 0x64, 0xA5, 0xBC, 0x81, 0xD0, 0x37, 0x73, 0xA9, 0xBD, 0x5A, 0xDA, 0xC7,
    0xCE, 0x3C, 0xA3, 0xE4, 0xDF, 0xAE, 0xAB, 0x43, 0xDA, 0x0D, 0xD7, 0xDB, 0x70, 0xF8, 0xA0, 0xAF,
    0x00, 0xE7, 0x6F, 0xC9, 0xA3, 0x5A, 0x9D, 0x5E, 0x3B, 0x92, 0x7B, 0xC7, 0x76, 0xCC, 0xFD, 0xD9,
    0x72, 0x3F, 0x8B, 0xB9, 0x1F, 0x3C, 0xF7, 0x77, 0x9E, 0x35, 0xB9, 0xE7, 0xFE, 0xD6, 0x73, 0x3F,
    0x5D, 0x30, 0x70, 0xD3, 0xEE, 0xF6, 0x1E, 0x53, 0xDE, 0x37, 0x1A, 0xD3, 0x27, 0xBB, 0x96, 0xF2,
    0x7C, 0xF2, 0x54, 0x4C, 0x36, 0x30, 0x70, 0xAF, 0x1D, 0x74, 0x0E, 0xAC, 0x95, 0x52, 0xF7, 0xCC,
    0x09, 0x49, 0xCC, 0xFD, 0x9D, 0x67, 0x48, 0x26, 0x05, 0x1E, 0x22, 0x3F, 0x07, 0xF0, 0x6E, 0x91,
    0x2A, 0xF1, 0x84, 0xC3, 0x90, 0xFC, 0xEC, 0x99, 0xBF, 0xAD, 0x9C, 0x2D, 0xC1, 0x73, 0xDF, 0xC7,
    0x33, 0x2F, 0x02, 0x5B, 0x2F, 0x0B, 0x49, 0x4C, 0x8D, 0xE6, 0x72, 0x6A, 0xD4, 0x56, 0x5E, 0x86,
    0x55, 0xC1, 0xF1, 0x8D, 0xC5, 0xA5, 0xBE, 0xC7, 0x51, 0xBA, 0x32, 0xF8, 0x51, 0x77, 0x16, 0xED,
    0x30, 0xAC, 0xE5, 0xD8, 0x5B, 0x0F, 0xD2, 0x8B, 0xDA, 0x29, 0xEF, 0x33, 0xDA, 0xA5, 0x0C, 0xDA,
    0xB6, 0x54, 0xA3, 0xF5, 0x31, 0x93, 0xBE, 0x3C, 0x2C, 0x66, 0x32, 0x70, 0x91, 0xED, 0xC4, 0xA7,
    0x9B, 0xDF, 0x8F, 0x6F, 0xCC, 0xFB, 0x6A, 0x0C, 0x33, 0x5C, 0x12, 0xE6, 0x6A, 0xCC, 0x57, 0xAF,
    0x43, 0x71, 0x44, 0x7B, 0x57, 0x7F, 0x0C, 0x90, 0x21, 0xBE, 0x30, 0x96, 0x37, 0xC5, 0xF2, 0xB2,
    0x1A, 0x17, 0x21, 0xE5, 0x8B, 0x74, 0x48, 0x4E, 0x7C, 0x36, 0x8F, 0xBC, 0x6E, 0x7C, 0x02, 0x97,
    0x3C, 0x5E, 0x24, 0xF1, 0xE2, 0x49, 0x16, 0xFD, 0x9C, 0xEC, 0xC3, 0x0D, 0x80, 0x26, 0xEF, 0x1B,
    0xF0, 0xE2, 0x81, 0x2F, 0xF8, 0x1D, 0xF0, 0x8E, 0xF3, 0x6A, 0x19, 0x53, 0xE9, 0xCF, 0x60, 0x41,
    0x2B, 0x23, 0xBA, 0xFD, 0xCE, 0x9A, 0xFD, 0x4E, 0xBE, 0xD6, 0x5F, 0x48, 0xA5, 0xC3, 0xD7, 0x17,
    0x05, 0x18, 0x61, 0x9C, 0x34, 0x1C, 0x07, 0x19, 0x73, 0x39, 0x1F, 0x77, 0xD8, 0x7E, 0x65, 0x94,
    0x54, 0x43, 0xB5, 0xEB, 0xF5, 0xA7, 0x5F, 0xFD, 0xF1, 0xAB, 0xAB, 0x66, 0x2B, 0xAB, 0x02, 0x0F,
    0xFA, 0x45, 0x33, 0x92, 0x4F, 0x56, 0xB3, 0xFD, 0x7C, 0xA4, 0xCF, 0x69, 0x41, 0xE2, 0xF1, 0xA5,
    0xA4, 0x28, 0xDF, 0x0D, 0xC2, 0x6F, 0x36, 0xFE, 0x76, 0x36, 0x60, 0xE6, 0x5B, 0x7B, 0x07, 0xB8,
    0x41, 0x4E, 0xAF, 0xF4, 0x8A, 0x7A, 0xE2, 0x41, 0xFD, 0x11, 0xCE, 0x0A, 0xAA, 0x76, 0xA8, 0xF2,
    0xF3, 0x8F, 0x8C, 0xA5, 0xD9, 0xEB, 0xF6, 0x6F, 0x65, 0xCF, 0x92, 0x07, 0x75, 0xAC, 0xA6, 0x7F,
    0x00, 0xED, 0x58, 0x2D, 0x97, 0xE4, 0x54, 0x10, 0x7D, 0x49, 0xCE, 0xD9, 0x88, 0x16, 0xF1, 0xBB,
    0x22, 0x1E, 0x93, 0x9F, 0x90, 0x38, 0xC4, 0x0A, 0x14, 0x1A, 0x3F, 0x2B, 0xE6, 0x27, 0x24, 0x1E,
    0xC1, 0xFC, 0x03, 0x10, 0x6B, 0x18, 0xC3, 0x4F, 0xE8, 0x76, 0x48, 0x1E, 0x20, 0x10, 0x88, 0x8D,
    0x18, 0x01, 0x6A, 0x5A, 0xF4, 0x39, 0x34, 0x67, 0x93, 0x14, 0x55, 0xF7, 0xD6, 0x4B, 0xCF, 0x0C,
    0x83, 0x61, 0xA0, 0x97, 0xDD, 0xC3, 0xCE, 0xF6, 0xFB, 0x48, 0xDE, 0x47, 0xD5, 0xAD, 0xAA, 0xFB,
    0xEA, 0xE5, 0x7A, 0x08, 0x41, 0xE2, 0x7B, 0xF4, 0x1B, 0xF5, 0xB7, 0x0F, 0x61, 0x7B, 0x08, 0xA1,
    0x9F, 0x43, 0x68, 0x45, 0x76, 0xB5, 0xFE, 0x36, 0xFA, 0xCB, 0xF4, 0x17, 0x5E, 0xE8, 0x2F, 0xE4,
    0x22, 0x57, 0x21, 0x5C, 0xCA, 0xD2, 0xE9, 0xA4, 0x46, 0x64, 0x0E, 0x85, 0x88, 0x1C, 0xB4, 0xA3,
    0x95, 0x0C, 0x3A, 0x41, 0x96, 0x20, 0x3F, 0x5A, 0x27, 0xF6, 0x78, 0x24, 0x3F, 0x5B, 0xB5, 0x17,
    0x3C, 0x92, 0xDB, 0xA3, 0xEE, 0xF0, 0x56, 0xF7, 0xCB, 0xED, 0x91, 0x6E, 0xDB, 0xE8, 0x78, 0xDB,
    0x54, 0xA4, 0x0B, 0xA1, 0x12, 0x7D, 0x1D, 0xDA, 0x09, 0xCF, 0x36, 0x26, 0x4D, 0x68, 0x26, 0x99,
    0xB4, 0x2A, 0x6D, 0x6C, 0xA8, 0x27, 0x0C, 0x28, 0x4C, 0x92, 0x50, 0xCD, 0x18, 0x50, 0xC8, 0xF0,
    0x48, 0x67, 0x44, 0xA7, 0x63, 0x27, 0xFE, 0xDF, 0xF9, 0x3B, 0x1D, 0xB3, 0x0B, 0x0D, 0xBD, 0x71,
    0x1B, 0xF7, 0x34, 0xEF, 0xF7, 0x42, 0xCB, 0xFE, 0x84, 0x7A, 0x94, 0x5B, 0x9D, 0x50, 0x98, 0x3D,
    0x0F, 0x36, 0xE5, 0x28, 0x30, 0x8F, 0x5A, 0x31, 0x2D, 0x6A, 0x2B, 0x85, 0x6A, 0x81, 0x21, 0xD5,
    0xAC, 0x18, 0xA6, 0x16, 0x85, 0xC5, 0xAC, 0x1E, 0xBD, 0x8E, 0xEF, 0x77, 0x1D, 0x34, 0x44, 0x0C,
    0x2F, 0x44, 0x89, 0x40, 0xEB, 0x9A, 0x48, 0x19, 0x90, 0x88, 0x02, 0xBE, 0x11, 0x45, 0xA2, 0x34,
    0x4F, 0xD6, 0xB8, 0x52, 0x9F, 0xDF, 0x61, 0x60, 0xD7, 0x2C, 0x5C, 0x66, 0xD7, 0x02, 0xA7, 0x5C,
    0xE1, 0x06, 0x50, 0x1A, 0x99, 0x5B, 0x20, 0x15, 0xB6, 0x7B, 0x42, 0x15, 0xFA, 0xD4, 0x68, 0x0F,
    0xDC, 0xFC, 0xDC, 0x0D, 0xDF, 0x7D, 0x4F, 0x13, 0xAA, 0x3C, 0xAB, 0x84, 0xAB, 0xCC, 0xAB, 0x16,
    0xB5, 0xD0, 0xEC, 0x3B, 0x6A, 0xDA, 0x48, 0x57, 0xCA, 0xEF, 0x21, 0x3C, 0x53, 0x4F, 0xCA, 0x12,
    0x1A, 0xA1, 0xA7, 0x2B, 0x25, 0xC4, 0xBA, 0xC0, 0x77, 0x16, 0xED, 0xE1, 0xD9, 0x56, 0x7E, 0xD5,
    0xEA, 0xD3, 0x2E, 0x83, 0x3B, 0x06, 0x5B, 0x12, 0x4E, 0x24, 0x11, 0xB0, 0x06, 0x27, 0x1C, 0x15,
    0x8F, 0x64, 0xA3, 0x52, 0x01, 0xFE, 0x5C, 0x57, 0xA6, 0x97, 0xB5, 0xEA, 0xB5, 0xA4, 0x06, 0x09,
    0x22, 0xC4, 0x79, 0xA0, 0x3F, 0x2A, 0x99, 0x70, 0x9B, 0x5C, 0x1B, 0xD0, 0x22, 0xD3, 0x06, 0x15,
    0x54, 0xC2, 0x8A, 0x67, 0x6C, 0xF8, 0xA6, 0xBE, 0x7B, 0x96, 0xE4, 0x31, 0xC1, 0x0E, 0x14, 0xD5,
    0x65, 0x2E, 0xA5, 0x03, 0x45, 0x52, 0x1D, 0xD3, 0xAB, 0x31, 0x05, 0x6D, 0xDA, 0xD6, 0x54, 0x56,
    0x94, 0x5E, 0x58, 0xC0, 0xDE, 0x3A, 0xAA, 0x1E, 0xA9, 0x83, 0x87, 0xEE, 0x1C, 0x48, 0xDE, 0xA0,
    0xFC, 0x98, 0x7D, 0x03, 0x78, 0x5D, 0x8C, 0x77, 0xD4, 0x40, 0xEC, 0xDC, 0xA8, 0x8D, 0x19, 0x21,
    0x9D, 0xBE, 0xA8, 0x79, 0x6E, 0x44, 0xC6, 0xCE, 0x24, 0xD1, 0x63, 0x47, 0x62, 0x69, 0x70, 0x28,
    0x8F, 0xC4, 0x0A, 0xBA, 0x4B, 0xF2, 0xB1, 0x46, 0x22, 0xBD, 0xAE, 0xD2, 0xC6, 0x91, 0x40, 0xC5,
    0x7E, 0x4F, 0xE8, 0xE2, 0xD6, 0xC1, 0x8C, 0x09, 0xDE, 0x7F, 0xDD, 0xA6, 0xD9, 0xDD, 0xC6, 0x78,
    0xAF, 0x91, 0x27, 0x79, 0x8A, 0x14, 0xE6, 0x9B, 0x24, 0x7C, 0xAD, 0xB6, 0x01, 0x63, 0xB6, 0xA6,
    0x20, 0x23, 0x41, 0x19, 0xF8, 0x00, 0x88, 0x62, 0x01, 0x08, 0x16, 0xF3, 0x75, 0x04, 0x88, 0x36,
    0x1A, 0xB2, 0x70, 0x34, 0x2A, 0x52, 0xE7, 0xE6, 0xA9, 0x6A, 0x56, 0x7F, 0xA7, 0x16, 0xBD, 0xD3,
    0xD0, 0xE6, 0xE5, 0x62, 0x3A, 0x2C, 0x76, 0x84, 0x2C, 0xF2, 0x83, 0x29, 0xA0, 0x91, 0x3A, 0xC3,
    0x53, 0x11, 0xA1, 0xF0, 0x62, 0x44, 0x26, 0x3C, 0x1C, 0x11, 0x09, 0xEF, 0x67, 0x31, 0xAE, 0x45,
    0x3C, 0x67, 0x61, 0x99, 0x8E, 0x71, 0x15, 0x7D, 0x71, 0x74, 0x1A, 0x9F, 0x02, 0x8D, 0x60, 0xDC,
    0x8D, 0x7F, 0x9A, 0x27, 0x45, 0x33, 0xE0, 0xD8, 0xCE, 0xB0, 0xF1, 0x9E, 0xCE, 0xD7, 0x1F, 0xE8,
    0x7B, 0xED, 0xC4, 0xBA, 0xF1, 0xBA, 0xF6, 0xDA, 0x78, 0xD3, 0x6B, 0x92, 0x66, 0xC0, 0x7C, 0x38,
    0xF2, 0x55, 0xA0, 0x1F, 0xCB, 0x6B, 0x3A, 0x89, 0x8A, 0xD1, 0x05, 0xDF, 0xFF, 0x0A, 0x9E, 0xC0,
    0x03, 0xE6, 0x15, 0xF6, 0x27, 0x49, 0x3A, 0x19, 0x5F, 0x92, 0x23, 0x74, 0xB0, 0xAF, 0x56, 0x2F,
    0xAC, 0x37, 0xC2, 0xFA, 0xCE, 0xC9, 0x35, 0xDE, 0x3F, 0x89, 0xB7, 0xEE, 0x89, 0x29, 0x8A, 0x1A,
    0xCC, 0xE8, 0xE7, 0x4A, 0x43, 0x53, 0x5F, 0x4F, 0x25, 0xF5, 0x3D, 0x78, 0x24, 0x46, 0xA7, 0x6D,
    0x04, 0x23, 0x8F, 0xF5, 0xE7, 0x22, 0x5F, 0x9B, 0x7B, 0x5F, 0xA7, 0x23, 0xF1, 0x49, 0xA5, 0x9C,
    0x52, 0xC7, 0x47, 0xCA, 0xA7, 0xAF, 0xFF, 0x0F, 0x97, 0xCC, 0x3E, 0x99, 0x9D, 0xE6, 0xA4, 0x6C,
    0xC8, 0x19, 0x68, 0x9B, 0x06, 0xA5, 0xA3, 0xFD, 0x0A, 0xD4, 0xF6, 0x01, 0xE4, 0x3D, 0x1B, 0xAF,
    0x2B, 0xAF, 0x6B, 0xF7, 0xAA, 0x56, 0x48, 0x70, 0x5B, 0x81, 0x77, 0xAB, 0xCB, 0xC0, 0xAB, 0x74,
    0x38, 0x12, 0x1D, 0x05, 0x43, 0x59, 0x5A, 0xB3, 0x80, 0xDF, 0x84, 0x5E, 0xF5, 0xAD, 0xD0, 0xAB,
    0x14, 0x4A, 0xF3, 0xAA, 0xA3, 0xD6, 0x1B, 0x92, 0xBD, 0x81, 0xF5, 0x8B, 0x4E, 0xB9, 0x60, 0x50,
    0x3C, 0x7F, 0xED, 0xE1, 0xD2, 0x1F, 0x18, 0x67, 0x9A, 0x75, 0x34, 0x93, 0x67, 0x1D, 0xF5, 0xEC,
    0x47, 0x67, 0xB5, 0xF8, 0xE1, 0xBE, 0x71, 0xD3, 0x74, 0x4C, 0x6B, 0x75, 0xB9, 0x9C, 0xD7, 0x07,
    0x4B, 0x3F, 0x76, 0x9E, 0xE8, 0x42, 0x64, 0x5B, 0x04, 0x32, 0xDB, 0xB2, 0xED, 0xC1, 0xE3, 0x13,
    0x7B, 0x6C, 0x2D, 0x33, 0x99, 0x9C, 0x16, 0x6C, 0x02, 0xA6, 0xDA, 0xD2, 0xB0, 0x79, 0x89, 0x86,
    0xA7, 0xCE, 0xD8, 0xD0, 0xF6, 0x40, 0x06, 0x1D, 0xAC, 0x31, 0x51, 0xB8, 0xD0, 0x1C, 0x3D, 0xEA,
    0x5B, 0x12, 0xC3, 0xC1, 0x19, 0x40, 0x9F, 0x6F, 0x09, 0xE2, 0x14, 0x20, 0x93, 0xCE, 0xCD, 0xE0,
    0x4C, 0xBA, 0x34, 0xE5, 0xD6, 0xA5, 0x0B, 0xC6, 0x6F, 0x2E, 0x9F, 0x33, 0xA0, 0x33, 0xF9, 0xCE,
    0x23, 0x1D, 0xD7, 0x2A, 0x82, 0x9D, 0x98, 0xC4, 0xC9, 0x40, 0x71, 0x66, 0x56, 0xE1, 0x79, 0x26,
    0x33, 0xB1, 0xE0, 0xF3, 0x6D, 0xE1, 0x8B, 0xAF, 0xD6, 0x23, 0xF8, 0xE2, 0x0A, 0xC8, 0x66, 0x57,
    0x9E, 0xC1, 0xE1, 0xAE, 0x45, 0x4A, 0xE3, 0xD9, 0x54, 0xBA, 0x6A, 0x80, 0x1B, 0x67, 0x93, 0x02,
    0x5C, 0xB3, 0x33, 0x00, 0x8B, 0x8A, 0x59, 0xEF, 0x0E, 0x50, 0xC0, 0x06, 0xAD, 0x41, 0x06, 0x63,
    0xA2, 0x33, 0x02, 0x36, 0x2C, 0xD4, 0x9B, 0x8C, 0x3A, 0x06, 0x0A, 0xCA, 0x9B, 0x3D, 0x90, 0x05,
    0x9E, 0xF2, 0xC5, 0x11, 0x78, 0x1B, 0x8A, 0x99, 0x7C, 0x32, 0xC1, 0x36, 0x06, 0x79, 0x21, 0xE5,
    0x44, 0x93, 0x58, 0x67, 0x29, 0x16, 0x1A, 0xCA, 0xCE, 0xBE, 0xD9, 0xE0, 0x31, 0x5C, 0xD5, 0x56,
    0xD5, 0x94, 0x09, 0xAD, 0xA7, 0xBF, 0xEA, 0x18, 0x74, 0x4D, 0xB3, 0xA0, 0xBE, 0xAD, 0x0F, 0x36,
    0xD3, 0x44, 0xD2, 0x79, 0xDA, 0xEF, 0x77, 0x00, 0x5C, 0x0D, 0xD0, 0x8E, 0xFA, 0x1F, 0x66, 0xD5,
    0x8D, 0xF5, 0x71, 0xBB, 0xCF, 0x4D, 0x14, 0x5A, 0xA4, 0xD6, 0x4E, 0xC7, 0xCE, 0xA0, 0x0B, 0xC2,
    0x12, 0x9B, 0xD9, 0x36, 0xA9, 0x26, 0x74, 0xCA, 0xC5, 0xAA, 0x72, 0x2A, 0x17, 0x9A, 0x6A, 0x31,
    0xE4, 0x36, 0x33, 0x3A, 0x26, 0x72, 0x21, 0x70, 0x82, 0x1C, 0xCA, 0x64, 0xEC, 0x64, 0x50, 0x33,
    0xC8, 0x67, 0x30, 0x9E, 0x7C, 0x89, 0x93, 0xEE, 0xD6, 0x69, 0x63, 0x9F, 0x00, 0x32, 0xA3, 0xC6,
    0x93, 0x45, 0x7B, 0x5E, 0xAE, 0x52, 0x8C, 0xF1, 0xEE, 0x10, 0xD9, 0xE9, 0x4E, 0x66, 0xAE, 0x24,
    0x24, 0x13, 0xD9, 0xAE, 0xF0, 0xA4, 0x79, 0x3D, 0x61, 0x72, 0x19, 0x2B, 0xE7, 0xAD, 0x5D, 0xC9,
    0x20, 0xB0, 0xB0, 0x18, 0x7D, 0x80, 0xDF, 0xE3, 0xEC, 0xE4, 0xC2, 0x71, 0x66, 0x5B, 0x38, 0xAF,
    0x6D, 0x4C, 0x7F, 0x1A, 0x3E, 0x06, 0xDE, 0x58, 0xF4, 0x7D, 0x0F, 0x3F, 0xD4, 0x92, 0x32, 0x36,
    0x4B, 0x91, 0x38, 0xE1, 0x25, 0xBD, 0xB8, 0x90, 0x37, 0xE2, 0x3E, 0xB7, 0x9E, 0x4E, 0x27, 0x57,
    0x7D, 0xE8, 0xA1, 0x6B, 0xA3, 0x49, 0x49, 0x44, 0xEF, 0x83, 0xD7, 0xE9, 0x85, 0xDC, 0x2E, 0xEE,
    0xCD, 0x2F, 0xA9, 0x64, 0xBD, 0x90, 0x78, 0x4D, 0x68, 0x8A, 0x61, 0x82, 0x1D, 0x99, 0x6B, 0x05,
    0x64, 0x54, 0x25, 0x84, 0x77, 0x74, 0x30, 0x9A, 0x0A, 0x8E, 0xFC, 0xEA, 0x61, 0x45, 0x46, 0x10,
    0xA6, 0xF4, 0x8D, 0x41, 0x42, 0x02, 0x6A, 0x68, 0xE6, 0x74, 0x2D, 0x63, 0xB0, 0xC9, 0xFE, 0x1A,
    0xBA, 0xE5, 0xD7, 0x1F, 0x3C, 0x81, 0xEF, 0x09, 0xBD, 0x73, 0xC0, 0x1D, 0x02, 0xB7, 0xF0, 0x7C,
    0xFB, 0x80, 0xC0, 0x3F, 0x16, 0xA4, 0x29, 0x9A, 0x2C, 0x20, 0x6D, 0x1A, 0xB5, 0xD6, 0x8B, 0xDB,
    0xEC, 0x67, 0x64, 0xF8, 0x53, 0xBD, 0x79, 0x50, 0x57, 0xCB, 0x47, 0xA0, 0xA4, 0x7A, 0x06, 0x07,
    0xAB, 0x31, 0x98, 0x8E, 0xF4, 0x47, 0x64, 0xF9, 0xEA, 0x8F, 0x76, 0x70, 0xE8, 0xDA, 0xA3, 0xA7,
    0x23, 0x3B, 0xBF, 0x46, 0xFA, 0x2D, 0xF2, 0xE8, 0xE9, 0x48, 0x64, 0xFA, 0x76, 0x83, 0x4F, 0x59,
    0x48, 0x18, 0xFE, 0xA2, 0x8E, 0x5E, 0x0F, 0xE1, 0x14, 0x39, 0x81, 0x1E, 0x83, 0x6D, 0x9D, 0x63,
    0xF7, 0xEE, 0x78, 0x3B, 0x97, 0xB6, 0xBB, 0x97, 0x5C, 0xB5, 0xD3, 0xBD, 0x61, 0xB9, 0x7B, 0x6E,
    0xE9, 0xC3, 0x9F, 0xBA, 0xEA, 0xC1, 0x57, 0x1D, 0x1F, 0x5D, 0x35, 0xE5, 0x8D, 0xDB, 0xA3, 0x47,
    0xC9, 0xFD, 0x55, 0x9D, 0x06, 0x78, 0x51, 0x50, 0xBD, 0x7B, 0xB9, 0x93, 0x46, 0x3D, 0x52, 0xE3,
    0x36, 0x36, 0xE0, 0xCC, 0x1E, 0xE0, 0x17, 0x03, 0x30, 0x44, 0x86, 0x2E, 0x76, 0x43, 0x23, 0xAF,
    0x8D, 0x1E, 0x52, 0xC9, 0x74, 0xCE, 0x39, 0xBC, 0x98, 0xCE, 0xE7, 0x28, 0x71, 0xF4, 0x04, 0x1E,
    0xFE, 0xCC, 0x05, 0xFC, 0x2B, 0x20, 0x8E, 0x73, 0x68, 0xCF, 0x7B, 0xB2, 0x27, 0x63, 0x2C, 0x97,
    0xB0, 0xBE, 0xE5, 0x48, 0xB7, 0x02, 0x57, 0xE0, 0x6A, 0x5C, 0xF9, 0x3C, 0x5A, 0x54, 0xCB, 0x09,
    0xBD, 0x4D, 0x62, 0x9B, 0x55, 0x38, 0xA2, 0x4D, 0xE4, 0xDD, 0x0A, 0xB4, 0x08, 0xAD, 0x63, 0x96,
    0xBA, 0x1E, 0xEC, 0x8E, 0xF5, 0x9F, 0xFB, 0xBB, 0xA1, 0xDC, 0xB8, 0x4D, 0xF1, 0x42, 0x07, 0xE8,
    0xA9, 0xC9, 0x6A, 0x80, 0x78, 0x72, 0x58, 0xF2, 0x4D, 0x9F, 0x72, 0xA3, 0x73, 0x94, 0xC7, 0x87,
    0x86, 0xA7, 0x31, 0x18, 0x87, 0x49, 0xB8, 0x99, 0x47, 0x10, 0x3D, 0xFD, 0x54, 0xE2, 0x49, 0xE6,
    0xC1, 0x10, 0xD7, 0x59, 0x5C, 0xE1, 0xAE, 0x53, 0x7A, 0x79, 0x16, 0x8D, 0xFA, 0x13, 0x92, 0x99,
    0x07, 0x43, 0x4C, 0x68, 0x13, 0xF9, 0x64, 0x85, 0xE3, 0xC9, 0x3A, 0x37, 0x64, 0x97, 0xED, 0x55,
    0x48, 0xE7, 0xEE, 0xE2, 0xC9, 0x2C, 0x6F, 0x97, 0xC8, 0x9E, 0x41, 0x0C, 0x96, 0xD5, 0xF1, 0x8B,
    0x1D, 0xE8, 0xBD, 0xEB, 0x71, 0xF9, 0x33, 0x9E, 0x42, 0x66, 0xB0, 0x98, 0xAE, 0xC6, 0x52, 0xCA,
    0x73, 0x26, 0x89, 0x6E, 0xB2, 0x9D, 0x20, 0x4D, 0xCB, 0x4F, 0xC8, 0x23, 0xBC, 0xD7, 0x3F, 0x4E,
    0x14, 0xFC, 0x26, 0x15, 0x57, 0xD7, 0xE0, 0x77, 0x20, 0xED, 0xFF, 0x01, 0xDD, 0x59, 0x31, 0x8E,
    0xDD, 0x46, 0x0C, 0x1D, 0x7D, 0x21, 0x2B, 0xC0, 0x0A, 0xA0, 0x3E, 0x5B, 0xE8, 0x08, 0xBA, 0x40,
    0x00, 0x29, 0x75, 0x8A, 0x34, 0x39, 0x85, 0x53, 0xEC, 0x11, 0xA4, 0x23, 0xEC, 0x11, 0x52, 0xA4,
    0xB0, 0xB7, 0xC9, 0x11, 0xE6, 0xE7, 0x04, 0xF9, 0x7D, 0x1A, 0x01, 0x36, 0x10, 0x20, 0x95, 0x8A,
    0x5F, 0xC8, 0xB0, 0x24, 0x86, 0x7C, 0xE4, 0xCC, 0x9F, 0xFF, 0x6D, 0x23, 0xBB, 0xDE, 0x45, 0xBC,
    0x89, 0xEC, 0x9D, 0x4F, 0x4A, 0xA3, 0x19, 0x92, 0x43, 0x3E, 0x72, 0x46, 0xE5, 0xD8, 0x2E, 0x7E,
    0x23, 0xBE, 0xFC, 0xD6, 0x2E, 0xE5, 0xE8, 0xCE, 0xAE, 0x7A, 0x79, 0xBA, 0x7F, 0x3C, 0xDC, 0x37,
    0xAF, 0xE2, 0xB8, 0x8F, 0x21, 0xAE, 0x89, 0xB6, 0x8E, 0x7F, 0x77, 0x22, 0xF6, 0x91, 0x89, 0x46,
    0x08, 0x62, 0xC2, 0x83, 0xD8, 0xEB, 0x13, 0xA2, 0xC9, 0x15, 0xF2, 0xFC, 0x8A, 0x66, 0x57, 0xD1,
    0xC0, 0xCF, 0xFB, 0xD5, 0x35, 0x1B, 0x86, 0xDA, 0x5C, 0x8B, 0xD1, 0x2A, 0x72, 0xBD, 0x0C, 0xC1,
    0x3D, 0x9D, 0x9F, 0x84, 0xC8, 0xA9, 0xA3, 0xF1, 0x8C, 0xE0, 0x8B, 0x0E, 0xFF, 0x36, 0x91, 0xD1,
    0x5E, 0x67, 0xDF, 0x25, 0x44, 0x90, 0x70, 0x08, 0x32, 0x77, 0x51, 0x0B, 0xD5, 0x8B, 0x5B, 0xD5,
    0xD4, 0x2F, 0xAE, 0xA4, 0x77, 0x0E, 0x06, 0x30, 0x6B, 0x8C, 0xC1, 0x3E, 0xFC, 0xBC, 0x96, 0xDF,
    0x2D, 0xD8, 0x10, 0xC3, 0xBF, 0xF0, 0xF4, 0xFA, 0x29, 0x56, 0xC7, 0x7D, 0xF5, 0x63, 0x70, 0x9F,
    0x1B, 0x12, 0x11, 0x54, 0xD2, 0x30, 0x8D, 0x6B, 0x85, 0x5C, 0x54, 0x45, 0x5C, 0x1D, 0x54, 0xC2,
    0x75, 0x80, 0x2E, 0xDC, 0xAF, 0xA4, 0x09, 0xEB, 0x0A, 0x7B, 0xCC, 0xF2, 0x16, 0xDE, 0x40, 0xEB,
    0x8F, 0xB6, 0x82, 0xFC, 0x68, 0x34, 0xED, 0x79, 0x2C, 0x58, 0xAD, 0x24, 0xD8, 0xC9, 0x16, 0x34,
    0x90, 0xBC, 0x92, 0x62, 0xB4, 0x13, 0xD9, 0x05, 0x09, 0x9F, 0x01, 0xD9, 0x92, 0x39, 0xED, 0xC3,
    0xC8, 0x67, 0xA6, 0xC5, 0x3F, 0x92, 0x14, 0xAF, 0xEE, 0x21, 0x64, 0x16, 0x46, 0xCA, 0x5C, 0x31,
    0x18, 0x59, 0x0C, 0xF5, 0x28, 0xCE, 0xF5, 0x96, 0xBD, 0x60, 0xEC, 0x67, 0x84, 0xFF, 0xE8, 0xFA,
    0xB9, 0xDF, 0xE0, 0x66, 0x94, 0xD1, 0x5C, 0xD3, 0xAF, 0x20, 0xFF, 0xA4, 0xB1, 0x88, 0x83, 0x0D,
    0x19, 0x80, 0xE3, 0x0A, 0x9E, 0xDF, 0xC3, 0x77, 0x1A, 0x71, 0xAE, 0x96, 0x54, 0x54, 0x76, 0x39,
    0x3F, 0x63, 0x06, 0x8E, 0x9E, 0x0C, 0x1E, 0xC8, 0x0F, 0x57, 0x7E, 0x02, 0x83, 0x8B, 0x9F, 0x05,
    0x7D, 0x38, 0xF2, 0x4A, 0x0A, 0x2A, 0xEE, 0xAB, 0xD5, 0x64, 0xA4, 0x7D, 0x8C, 0x02, 0x3A, 0x34,
    0x91, 0x1C, 0x9B, 0xD9, 0x48, 0x3F, 0xB6, 0x91, 0x9C, 0x52, 0xF2, 0x68, 0x64, 0x7F, 0x46, 0x7E,
    0xB4, 0x6F, 0x32, 0x58, 0x32, 0x45, 0x32, 0x71, 0x22, 0x4E, 0x22, 0x64, 0x71, 0x12, 0x3D, 0x51,
    0x28, 0x51, 0x33, 0x51, 0x3E, 0x35, 0xC9, 0xC9, 0x50, 0x89, 0xF9, 0x12, 0xA3, 0x26, 0xA6, 0xEE,
    0x37, 0x85, 0x9A, 0xEF, 0x68, 0x4E, 0x96, 0x25, 0x59, 0xAC, 0xA2, 0x8B, 0x4B, 0x98, 0x64, 0x99,
    0x97, 0x3F, 0x1B, 0xB1, 0xBB, 0x33, 0x3C, 0x83, 0x6C, 0x5D, 0xB3, 0x06, 0x68, 0xD9, 0x10, 0xE3,
    0xCE, 0x20, 0xA0, 0x20, 0x7B, 0xDB, 0x1F, 0x43, 0x84, 0xB3, 0xDA, 0x93, 0xFE, 0xA9, 0xB2, 0xCE,
    0x50, 0x5D, 0xFB, 0xDA, 0xA0, 0x18, 0x03, 0xB8, 0xC1, 0xFA, 0xAC, 0x86, 0x16, 0x62, 0xE8, 0x39,
    0xBC, 0x64, 0x43, 0x28, 0x98, 0x18, 0xA4, 0xE0, 0x8E, 0x3D, 0x45, 0x4F, 0x7B, 0x0B, 0xB6, 0xB7,
    0xD1, 0xAA, 0x2D, 0x42, 0x94, 0x83, 0x9D, 0x15, 0xA3, 0xF4, 0x35, 0xC3, 0xBD, 0x8C, 0x7F, 0x83,
    0xE1, 0x25, 0xD5, 0x84, 0xF5, 0x70, 0xED, 0x7C, 0xD2, 0xAE, 0x5E, 0x5D, 0xD4, 0x9A, 0x6F, 0xC6,
    0x55, 0xE7, 0xCE, 0xA6, 0x9C, 0x80, 0xDA, 0x6F, 0x31, 0x57, 0x38, 0x7A, 0x13, 0x86, 0x94, 0x95,
    0xA2, 0xF0, 0xA6, 0x5D, 0x9F, 0x41, 0xAB, 0xDF, 0xC4, 0xB5, 0xF9, 0x6C, 0xFA, 0x39, 0xC8, 0x70,
    0x0F, 0x9A, 0x0E, 0x8F, 0xF9, 0xE7, 0x3E, 0x79, 0x3D, 0x76, 0xDC, 0x9F, 0x2C, 0x75, 0xC6, 0xC4,
    0x09, 0xE8, 0x5F, 0x23, 0x90, 0x0E, 0xA7, 0x94, 0x59, 0x48, 0x6C, 0x15, 0xEC, 0x1E, 0x15, 0x3C,
    0x4A, 0x8A, 0x9D, 0xCD, 0x22, 0x45, 0x41, 0xA1, 0x0E, 0x04, 0x03, 0xC3, 0x05, 0x91, 0xE6, 0x6D,
    0x7D, 0x0B, 0x4B, 0x31, 0x04, 0xAF, 0x3B, 0x06, 0x6B, 0xD1, 0x6D, 0xF4, 0x31, 0xA5, 0x24, 0xBA,
    0x6F, 0x63, 0x12, 0xBF, 0x95, 0xB0, 0x78, 0xAF, 0x35, 0x05, 0xD7, 0x20, 0xD7, 0x10, 0x5A, 0xBC,
    0xF7, 0x5A, 0x72, 0x3D, 0xCA, 0x96, 0x1B, 0x7E, 0xA6, 0xA1, 0xD0, 0xB3, 0x33, 0x5B, 0xB6, 0xDE,
    0x2B, 0xB1, 0x0B, 0x84, 0xD8, 0x6D, 0x34, 0x42, 0x8B, 0x1D, 0x26, 0xFA, 0xD9, 0x88, 0x16, 0x0A,
    0x0A, 0xCA, 0xA2, 0x00, 0x04, 0xA8, 0x89, 0x4D, 0x1A, 0x82, 0x18, 0xEF, 0xAE, 0x84, 0x41, 0x69,
    0x03, 0xC1, 0xBD, 0x15, 0x3B, 0x2E, 0xF3, 0x5A, 0xEC, 0x28, 0x75, 0x08, 0x54, 0x54, 0x2E, 0x58,
    0xA0, 0x4D, 0x42, 0x4F, 0xAF, 0x80, 0x9F, 0x52, 0x4D, 0xA8, 0xA1, 0x52, 0x42, 0x81, 0x96, 0xFB,
    0x68, 0x7F, 0x6E, 0x4B, 0xCC, 0xD7, 0x48, 0xCE, 0x38, 0xEA, 0xC8, 0x56, 0xE4, 0x1C, 0x43, 0xF1,
    0x35, 0x86, 0x72, 0xB5, 0xB3, 0xC5, 0x9D, 0x93, 0x92, 0xB6, 0x66, 0xD9, 0xFA, 0x8E, 0xA1, 0x8B,
    0xB1, 0x87, 0xDF, 0x65, 0xFC, 0x4D, 0x5B, 0xBD, 0xAF, 0x7D, 0x20, 0xF8, 0xDD, 0x5F, 0xB7, 0xD1,
    0x9F, 0x3D, 0xC5, 0x35, 0xD2, 0x09, 0xB6, 0x80, 0x16, 0x74, 0xAA, 0xBD, 0xD4, 0x36, 0xB4, 0xDA,
    0x52, 0xF2, 0x94, 0x37, 0x5A, 0x7F, 0xED, 0xF4, 0x47, 0xB1, 0xBE, 0x24, 0xAB, 0x2E, 0x67, 0xBC,
    0xA2, 0xCE, 0xE0, 0xE5, 0xA5, 0x7E, 0x0B, 0x13, 0x70, 0xEF, 0x60, 0xBF, 0x02, 0x05, 0xF7, 0x28,
    0x89, 0xE1, 0x2D, 0x08, 0x29, 0xB5, 0x3C, 0x22, 0x99, 0x97, 0xB0, 0x24, 0xF5, 0xD4, 0x03, 0x70,
    0x6E, 0x63, 0x1E, 0x85, 0x79, 0x03, 0x9F, 0xAC, 0x59, 0x82, 0x7E, 0x11, 0x3B, 0x72, 0x52, 0x13,
    0x77, 0x61, 0xAA, 0xE4, 0xD2, 0x7C, 0xE2, 0xE4, 0xE7, 0x84, 0xCA, 0x49, 0x28, 0x7F, 0x90, 0xC5,
    0x96, 0xE4, 0xDB, 0x8F, 0x4E, 0x02, 0x97, 0x99, 0x1D, 0x75, 0x7C, 0xDB, 0xA2, 0x38, 0xA3, 0x81,
    0x12, 0x66, 0xCF, 0x54, 0xCC, 0x0B, 0x4F, 0xCC, 0x9C, 0x4D, 0xEA, 0x4D, 0x9C, 0x4D, 0xC4, 0x61,
    0x41, 0x4D, 0x36, 0x16, 0xB4, 0x55, 0xA9, 0x0B, 0x61, 0x1C, 0xA7, 0x74, 0xD3, 0x47, 0xBD, 0x47,
    0x52, 0x7C, 0x0D, 0xB5, 0x2B, 0xDD, 0x90, 0x70, 0xE6, 0xAD, 0x17, 0x75, 0x24, 0x58, 0x87, 0x4D,
    0xC1, 0x46, 0xCC, 0xB5, 0xD6, 0x63, 0x23, 0xEE, 0x58, 0x3B, 0xF8, 0xB0, 0x24, 0x11, 0x87, 0x7D,
    0x0D, 0x13, 0x05, 0xF2, 0x9C, 0xF9, 0x6C, 0x2D, 0x4B, 0xD2, 0x58, 0x4E, 0xC1, 0x3A, 0x55, 0x64,
    0xBB, 0x85, 0x05, 0xED, 0xA6, 0x15, 0x39, 0xEE, 0x79, 0x01, 0x97, 0x6B, 0x0D, 0x8E, 0x73, 0xA7,
    0xC8, 0xC3, 0xCE, 0x29, 0x44, 0xBB, 0x15, 0xE8, 0x67, 0x5B, 0x05, 0xB9, 0xAE, 0x3C, 0xFD, 0x12,
    0x62, 0x44, 0x1C, 0xCF, 0xCB, 0x08, 0x78, 0x7B, 0x80, 0x12, 0x07, 0x5E, 0x5B, 0x2E, 0x2E, 0x44,
    0xD5, 0xF6, 0xC8, 0xD6, 0x70, 0x35, 0x1C, 0xBD, 0xD2, 0x76, 0x39, 0x6B, 0xD9, 0x13, 0x7F, 0x58,
    0x10, 0x0C, 0x0B, 0x84, 0x59, 0x74, 0x8F, 0xC0, 0x56, 0xB9, 0xA2, 0x45, 0xE2, 0xB5, 0x5E, 0x44,
    0xD5, 0x2A, 0x69, 0xF5, 0x4E, 0x8B, 0xA7, 0xB4, 0x30, 0x42, 0x94, 0xE1, 0x2D, 0x19, 0xE1, 0x77,
    0x8C, 0x86, 0x91, 0x8F, 0x2F, 0x5E, 0x7D, 0x04, 0x9E, 0x73, 0xFE, 0xFB, 0x1A, 0xB3, 0xF3, 0xDF,
    0xB7, 0x88, 0x7D, 0xFE, 0x83, 0x3C, 0xEC, 0xB6, 0xB9, 0x5A, 0xCC, 0x24, 0x94, 0xE0, 0x46, 0x6E,
    0x6F, 0x37, 0xDB, 0x8C, 0xB0, 0xE7, 0xE7, 0x84, 0xD5, 0x3D, 0xA8, 0xDD, 0xA5, 0xC1, 0x42, 0x70,
    0x93, 0x69, 0xE4, 0x1F, 0xF1, 0xF4, 0x71, 0x5D, 0x4E, 0x84, 0x40, 0x3B, 0xD0, 0x49, 0xE6, 0x35,
    0x9C, 0x37, 0x21, 0x70, 0xFF, 0x21, 0x9D, 0x06, 0x28, 0xC2, 0xF7, 0x47, 0x43, 0x7A, 0x9A, 0xC1,
    0x24, 0x0A, 0x46, 0x95, 0xA3, 0x11, 0xA2, 0x59, 0x4E, 0x86, 0x8A, 0xA6, 0x8B, 0xC6, 0x4C, 0x7C,
    0x06, 0x2E, 0xE0, 0x1F, 0x40, 0x26, 0x99, 0xF3, 0x3F, 0x40, 0xDE, 0x0D, 0xF4, 0xA9, 0xEB, 0xF9,
    0x21, 0xB3, 0xC4, 0x63, 0x44, 0xE6, 0x4A, 0x23, 0x5A, 0x91, 0xB9, 0x4A, 0x91, 0xB9, 0x4A, 0x91,
    0x59, 0x16, 0x9D, 0xA3, 0x4A, 0x91, 0x59, 0x18, 0xC1, 0x27, 0x20, 0xB3, 0x30, 0xD5, 0x62, 0xC8,
    0x1C, 0x19, 0x41, 0x66, 0x63, 0x14, 0x99, 0x8D, 0x51, 0x64, 0x8E, 0x8C, 0x60, 0xA9, 0x30, 0xB2,
    0x87, 0x09, 0x0C, 0xB6, 0x20, 0xCA, 0xD8, 0xE6, 0x36, 0x32, 0x9B, 0x4B, 0x98, 0x29, 0x65, 0x16,
    0x77, 0x1A, 0x40, 0x76, 0xFA, 0x8A, 0xCC, 0x3A, 0xA1, 0x21, 0xB3, 0xCC, 0xE3, 0xF7, 0x86, 0xCC,
    0xD0, 0xE7, 0x60, 0xC8, 0x2C, 0x0C, 0xFF, 0x28, 0x32, 0x43, 0x9C, 0xC9, 0x90, 0x19, 0x9A, 0x1E,
    0x0D, 0x99, 0x21, 0x75, 0x44, 0x66, 0x55, 0x41, 0x91, 0x59, 0x98, 0x72, 0x35, 0x64, 0x16, 0xA6,
    0xD8, 0x02, 0x32, 0x47, 0xC3, 0x7F, 0x79, 0x64, 0x06, 0x1C, 0x5E, 0x34, 0x8C, 0xA8, 0x00, 0xEB,
    0x0D, 0xE3, 0xED, 0x61, 0x57, 0x2E, 0x57, 0xFA, 0x19, 0x66, 0xE9, 0xF7, 0x2E, 0x5F, 0x7D, 0xE7,
    0xB2, 0x0D, 0x26, 0xBD, 0x68, 0xF0, 0x00, 0x5D, 0xD0, 0x19, 0xAF, 0x61, 0x80, 0x5C, 0xF3, 0x94,
    0x28, 0x72, 0xA5, 0xAE, 0x5E, 0x24, 0x75, 0xD3, 0x97, 0x22, 0x42, 0x40, 0x4E, 0xF7, 0x21, 0xBE,
    0xB8, 0xCC, 0xF7, 0xBF, 0x1E, 0xA6, 0xD7, 0x8D, 0x38, 0xD4, 0x0E, 0x61, 0x5E, 0xA1, 0x0E, 0x6D,
    0xE0, 0x06, 0xED, 0x3B, 0x77, 0xB3, 0x39, 0x2F, 0x45, 0x84, 0x54, 0x2D, 0x79, 0x68, 0xEF, 0x06,
    0x60, 0xBE, 0x3B, 0x6B, 0xB5, 0xCE, 0xD5, 0xFD, 0x2D, 0xB0, 0x05, 0x79, 0xCB, 0x7C, 0x1A, 0x58,
    0x54, 0xD8, 0x21, 0x01, 0x6E, 0x2C, 0x96, 0x5D, 0x9C, 0x25, 0x21, 0x7D, 0xB1, 0x57, 0xFF, 0xD6,
    0x3D, 0xF5, 0x3E, 0x69, 0x51, 0x33, 0x7C, 0xD8, 0x72, 0x14, 0x30, 0x0A, 0x66, 0x50, 0xA2, 0x44,
    0x14, 0x20, 0x1C, 0x24, 0x93, 0x5D, 0x23, 0xA4, 0x33, 0x84, 0xBC, 0x04, 0x3E, 0x20, 0xE3, 0xE5,
    0x70, 0x31, 0xEE, 0x1E, 0x91, 0x31, 0xA0, 0xBA, 0xC6, 0x3C, 0xBA, 0x7B, 0x3A, 0xA2, 0x5D, 0x74,
    0xE6, 0x18, 0xAC, 0x01, 0xDD, 0x7B, 0x84, 0x51, 0xAB, 0xED, 0x84, 0xC3, 0x83, 0x09, 0x95, 0xC6,
    0x28, 0x73, 0xF5, 0xA3, 0x68, 0xC1, 0x1B, 0x91, 0x55, 0xDE, 0x82, 0x3C, 0x5D, 0x49, 0x5A, 0x98,
    0x61, 0x64, 0xDD, 0x98, 0xEC, 0xEE, 0x3A, 0x16, 0xB9, 0x43, 0x1A, 0x95, 0x63, 0x02, 0xA9, 0x6C,
    0xFD, 0x84, 0x03, 0x05, 0xA9, 0x8D, 0x65, 0xCD, 0xC5, 0xA4, 0x52, 0x11, 0xB5, 0x53, 0x48, 0x11,
    0x2C, 0x4C, 0x63, 0x19, 0xC4, 0x16, 0xCF, 0x22, 0x9E, 0xC2, 0xD6, 0xD8, 0x1E, 0x93, 0x9D, 0x02,
    0x52, 0xC8, 0xB4, 0x9E, 0x9E, 0xF6, 0xF2, 0x17, 0xE3, 0xB7, 0x17, 0xF3, 0x57, 0x17, 0xF2, 0x05,
    0x79, 0xA3, 0xFC, 0x41, 0x1F, 0x9C, 0xFF, 0x15, 0xFF, 0x9B, 0xDF, 0xF2, 0xE2, 0x5B, 0x49, 0xCE,
    0x5E, 0xC0, 0xB9, 0x81, 0xD3, 0x05, 0x67, 0xCD, 0x91, 0xB5, 0x1F, 0x1A, 0x06, 0x53, 0x76, 0xAD,
    0x42, 0xFC, 0x01, 0x25, 0x93, 0x6C, 0x4C, 0x99, 0xF5, 0xB4, 0x7A, 0x9A, 0x3D, 0x8D, 0x7E, 0x43,
    0xC8, 0xF7, 0x54, 0x44, 0x73, 0xBE, 0xA1, 0x2D, 0x17, 0x08, 0xED, 0xB0, 0x71, 0x78, 0xEC, 0xFF,
    0x02, 0xA5, 0x14, 0xF6, 0x0A, 0xBA, 0x7D, 0xD0, 0xAC, 0xCE, 0x91, 0x99, 0xD1, 0xAC, 0xFB, 0x0E,
    0x71, 0xF1, 0x72, 0xF5, 0xD8, 0xB7, 0xE8, 0x86, 0xE5, 0xF1, 0xAD, 0x97, 0x31, 0x37, 0x1D, 0x5F,
    0x37, 0x34, 0x3A, 0x6F, 0xA1, 0x05, 0x86, 0x7A, 0xC3, 0xB5, 0x94, 0x21, 0x17, 0xD7, 0x5E, 0xCB,
    0x47, 0xE7, 0x38, 0x0E, 0x72, 0xC4, 0x21, 0xC7, 0x4B, 0x3E, 0x9D, 0x55, 0x9C, 0x8A, 0x4C, 0x7A,
    0x14, 0xA7, 0x27, 0x68, 0x5E, 0xAA, 0x8C, 0x09, 0x19, 0xD2, 0xC9, 0x06, 0x32, 0x29, 0xA2, 0x63,
    0x59, 0x7D, 0x2A, 0x9E, 0x63, 0x5D, 0xFD, 0xE8, 0x4E, 0xA7, 0xDA, 0x7D, 0x52, 0xD8, 0x90, 0xA6,
    0xA6, 0x54, 0x90, 0xDE, 0x0A, 0x9A, 0x7B, 0x74, 0xD9, 0x01, 0xD9, 0xF6, 0x38, 0x07, 0xD1, 0x6F,
    0x1D, 0xD2, 0xF8, 0x25, 0x55, 0x30, 0xAA, 0x7C, 0x32, 0x42, 0x30, 0x4B, 0x34, 0x54, 0x34, 0x5D,
    0x34, 0xE6, 0x07, 0x57, 0x76, 0x97, 0x6E, 0x7E, 0x28, 0x9E, 0x53, 0xA2, 0x8C, 0xD1, 0x23, 0x99,
    0xB8, 0x23, 0x2B, 0xAC, 0xAE, 0x68, 0xEC, 0xD3, 0x5A, 0xA7, 0x58, 0xA8, 0x80, 0xD9, 0x45, 0x10,
    0x67, 0xC7, 0xED, 0x22, 0xCE, 0x6E, 0xB9, 0x15, 0xAB, 0xD2, 0x4E, 0xB9, 0x7D, 0xD3, 0x91, 0xC7,
    0x9D, 0x32, 0xE5, 0x9A, 0x7C, 0x0F, 0xD0, 0x1D, 0x85, 0x31, 0xCD, 0x31, 0x61, 0xDA, 0x29, 0x61,
    0x34, 0x57, 0x18, 0x63, 0x9B, 0x6E, 0x30, 0x3B, 0x2B, 0x7C, 0xC0, 0xE4, 0x94, 0x7C, 0x6A, 0x08,
    0x47, 0xDF, 0x60, 0xC2, 0xC9, 0x16, 0x98, 0x70, 0xAC, 0x0E, 0xA6, 0x9F, 0x12, 0x26, 0x94, 0xF5,
    0xC2, 0xC4, 0x23, 0xC2, 0xF8, 0x9D, 0xA8, 0x5E, 0x95, 0x01, 0x0C, 0xB4, 0xC6, 0x60, 0x1A, 0x32,
    0x46, 0xA6, 0xD9, 0x05, 0x46, 0xA6, 0x29, 0x02, 0x23, 0xD3, 0x54, 0x81, 0x91, 0x84, 0xD8, 0xBE,
    0x57, 0x06, 0xD3, 0xF8, 0x3F, 0x94, 0xC9, 0x51, 0xB1, 0x7E, 0xBF, 0xC6, 0x7A, 0x20, 0xDF, 0xCC,
    0x5A, 0x72, 0x22, 0x57, 0x2D, 0xC6, 0xD4, 0xA8, 0x53, 0x8D, 0x91, 0x8C, 0xD2, 0x1F, 0x8C, 0x41,
    0x4E, 0x1A, 0x8C, 0x41, 0x95, 0x6F, 0xE6, 0x96, 0x69, 0xCA, 0xC5, 0x18, 0x99, 0x86, 0x4B, 0x5B,
    0x65, 0x64, 0x1A, 0x4E, 0x72, 0xCA, 0xC8, 0x34, 0x0C, 0x07, 0xCA, 0x34, 0x0B, 0xB0, 0x4B, 0x19,
    0x54, 0xBB, 0xA1, 0x3E, 0xF2, 0x53, 0xC2, 0x60, 0x1A, 0x63, 0x76, 0xF0, 0x4D, 0x63, 0x54, 0x1B,
    0x63, 0xC2, 0xF1, 0x19, 0xEC, 0x15, 0xCE, 0x17, 0xC1, 0x84, 0x2F, 0x17, 0x60, 0xC2, 0x31, 0x37,
    0x18, 0x3B, 0xF6, 0x33, 0x1B, 0x5B, 0x55, 0xFB, 0xE2, 0xB5, 0x3B, 0x1D, 0xF5, 0xAB, 0x43, 0xC7,
    0x6F, 0x4C, 0xEE, 0x6F, 0xED, 0x59, 0x4D, 0xCE, 0x9C, 0x46, 0x10, 0x65, 0x40, 0xF2, 0x48, 0x66,
    0xC1, 0x2A, 0x1B, 0x67, 0xC1, 0x3A, 0xD9, 0x70, 0x04, 0x90, 0x72, 0x81, 0x6C, 0x72, 0x88, 0xE4,
    0x12, 0x8C, 0x94, 0x0B, 0xE4, 0x08, 0x59, 0x64, 0x11, 0xE5, 0x10, 0x61, 0x24, 0x5F, 0x60, 0x8E,
    0x80, 0x94, 0xAC, 0xB2, 0x42, 0x32, 0x89, 0xB0, 0x03, 0x54, 0xBA, 0xBA, 0x7E, 0xE1, 0x03, 0xCB,
    0x76, 0xBC, 0xB1, 0x64, 0xA4, 0xEF, 0x9B, 0x7E, 0x35, 0x4D, 0xBF, 0xEA, 0xEA, 0x7A, 0xD5, 0x0D,
    0x93, 0x24, 0x74, 0xA5, 0x70, 0xC7, 0x8F, 0x2B, 0x34, 0xF8, 0x91, 0xD1, 0x47, 0x4B, 0x1F, 0xF9,
    0x4A, 0x5F, 0x11, 0x2A, 0x66, 0xFC, 0x5F, 0x33, 0xAA, 0x27, 0xFC, 0x0F, 0x8C, 0xDA, 0x21, 0xA2,
    0x3F, 0x08, 0x41, 0x8F, 0xFF, 0x57, 0x1A, 0xEC, 0x42, 0x04, 0x3D, 0xA1, 0x0C, 0x6E, 0x89, 0x11,
    0x5D, 0x21, 0x71, 0xA8, 0x58, 0x3D, 0x2A, 0x67, 0x8F, 0x88, 0x4E, 0x10, 0xD1, 0x09, 0x22, 0x3A,
    0x46, 0x4C, 0xC7, 0x48, 0xE8, 0x08, 0x09, 0x1D, 0x21, 0xA1, 0x23, 0x24, 0x74, 0x84, 0x84, 0x8E,
    0x90, 0xD0, 0x11, 0x0A, 0x74, 0xCF, 0xBA, 0xF5, 0x46, 0x08, 0xE9, 0x5A, 0x80, 0x99, 0x50, 0xA0,
    0xBB, 0x40, 0x8C, 0x09, 0xA2, 0x1C, 0x30, 0x76, 0x10, 0x7A, 0x20, 0x0A, 0x74, 0x05, 0xA2, 0x21,
    0xA2, 0x6A, 0x4E, 0xCA, 0x35, 0xDC, 0x4D, 0x28, 0xD0, 0x05, 0x43, 0xD2, 0x8E, 0x11, 0x75, 0x43,
    0x52, 0x8F, 0x09, 0xFE, 0x21, 0x0A, 0x74, 0xF5, 0x20, 0x08, 0x57, 0xEB, 0x8B, 0x6F, 0x23, 0xB2,
    0xD5, 0x62, 0x94, 0xF3, 0xEC, 0xC8, 0xDB, 0x62, 0x21, 0x44, 0xC1, 0xA9, 0x68, 0x76, 0x57, 0x0A,
    0x0E, 0xF5, 0x4F, 0x2A, 0xBA, 0xBD, 0xA3, 0xD9, 0x01, 0xDD, 0x00, 0x0F, 0xEA, 0x38, 0xB8, 0xE4,
    0xA8, 0x28, 0x8A, 0x4C, 0xC7, 0x1D, 0x89, 0x8E, 0x3B, 0x32, 0x1D, 0x77, 0x64, 0x3A, 0xEE, 0x48,
    0x74, 0x19, 0x77, 0x4C, 0xE2, 0x67, 0xCE, 0x1D, 0x2F, 0x91, 0xCE, 0x16, 0xFE, 0x6E, 0xBE, 0x72,
    0x4A, 0xCA, 0x4A, 0x14, 0xE0, 0x3C, 0x4F, 0xCA, 0x85, 0x73, 0x11, 0xE3, 0x99, 0xD4, 0xB3, 0x47,
    0xED, 0xE8, 0x11, 0xD1, 0x32, 0x22, 0xBA, 0x24, 0xF1, 0x74, 0x4F, 0xAE, 0xE7, 0x3F, 0x7B, 0x84,
    0xB1, 0x4F, 0xBE, 0x84, 0x95, 0x22, 0xDD, 0xF6, 0xE8, 0x33, 0x00, 0xB9, 0x81, 0xF7, 0xE7, 0x01,
    0xAD, 0x34, 0x95, 0x30, 0xA5, 0x12, 0x58, 0x11, 0x19, 0x08, 0x2B, 0x72, 0x5C, 0xB1, 0x47, 0x3B,
    0x31, 0x63, 0x14, 0x52, 0xD7, 0xB3, 0x37, 0xE5, 0xC8, 0x23, 0x45, 0x14, 0xE9, 0x14, 0xB5, 0xE2,
    0x6E, 0x44, 0xEA, 0x2E, 0x36, 0x52, 0x5E, 0x7B, 0x5A, 0xA3, 0x4C, 0x32, 0x3B, 0x47, 0x73, 0x2E,
    0x6B, 0x1F, 0x3D, 0x2B, 0x66, 0x41, 0xC8, 0x54, 0x8D, 0x82, 0x26, 0xA1, 0x23, 0x1D, 0xA3, 0x4F,
    0x42, 0x77, 0xC5, 0xB9, 0x28, 0x1D, 0xFA, 0xA9, 0x74, 0xD1, 0x73, 0xA5, 0x8B, 0xD9, 0x26, 0x74,
    0x84, 0x90, 0xEE, 0xF2, 0x5D, 0xD2, 0xDD, 0x23, 0x42, 0xBA, 0xB0, 0x74, 0x40, 0xA8, 0xEE, 0x31,
    0x47, 0xE2, 0x6C, 0x42, 0xD6, 0x45, 0x23, 0xC4, 0xFC, 0x83, 0x21, 0x86, 0x2F, 0x78, 0x51, 0x2F,
    0x81, 0xFD, 0x81, 0x04, 0x69, 0x40, 0x55, 0x8C, 0x20, 0x86, 0x2F, 0x28, 0x89, 0xF4, 0xD3, 0x20,
    0x41, 0xF1, 0x2F, 0x04, 0x27, 0x20, 0x64, 0x58, 0x19, 0xA6, 0x51, 0xBF, 0x0A, 0xDD, 0x3B, 0x9C,
    0x1F, 0xCE, 0xA7, 0x7B, 0x19, 0xD0, 0x73, 0x78, 0xD3, 0xE0, 0x6A, 0x5D, 0xE0, 0x1B, 0xB0, 0xA8,
    0x65, 0xAB, 0x78, 0x8E, 0x74, 0xC5, 0x9C, 0x69, 0xFD, 0x09, 0xEB, 0x30, 0x08, 0x42, 0xBA, 0xFA,
    0x21, 0x08, 0xE9, 0xE0, 0x26, 0x28, 0xD0, 0xA5, 0xA0, 0xF3, 0x0F, 0x74, 0xD7, 0x59, 0x51, 0x08,
    0x4C, 0x31, 0x2A, 0x0A, 0x74, 0xB5, 0x46, 0x0A, 0xC3, 0xD7, 0xDE, 0x05, 0xE1, 0x07, 0x4E, 0x05,
    0xE2, 0xCA, 0x60, 0xF8, 0x0C, 0x45, 0x3A, 0x45, 0x18, 0x3E, 0x43, 0x38, 0xBB, 0x56, 0x11, 0xAF,
    0x16, 0x17, 0x35, 0x5E, 0x2D, 0x42, 0xB2, 0x5A, 0x84, 0x74, 0x5E, 0x20, 0x74, 0x86, 0x24, 0x39,
    0x9E, 0xFD, 0xE6, 0xE5, 0x45, 0xD7, 0xD7, 0x3F, 0x79, 0x94, 0x4A, 0x49, 0x2C, 0x24, 0xA0, 0xA2,
    0xF6, 0x90, 0xE7, 0xF7, 0x5D, 0x43, 0xBF, 0xD2, 0xCE, 0x7A, 0xFB, 0x7B, 0x5D, 0x5A, 0xB1, 0xDF,
    0xD2, 0xC8, 0x9F, 0x34, 0x94, 0xB4, 0x94, 0x12, 0x5F, 0x4B, 0x75, 0x6F, 0x67, 0x59, 0xFF, 0x41,
    0x86, 0xE1, 0xDD, 0xA3, 0x14, 0xDF, 0x3B, 0x4D, 0x8A, 0x59, 0x86, 0xE3, 0x2E, 0xBC, 0x2D, 0x86,
    0x9B, 0x35, 0x86, 0x83, 0x74, 0xE1, 0xF9, 0x56, 0x4F, 0x18, 0x3B, 0xD9, 0x3C, 0x40, 0x1B, 0xBD,
    0x57, 0xF5, 0x51, 0xA3, 0x9C, 0xB9, 0x51, 0xCD, 0xDC, 0xB9, 0xD6, 0xC6, 0xC4, 0x03, 0x76, 0x63,
    0x3B, 0xF1, 0xB8, 0xF5, 0x42, 0xFE, 0x3E, 0xCA, 0xE8, 0x46, 0x98, 0x49, 0x01, 0xAF, 0x63, 0xA1,
    0x8A, 0x22, 0x89, 0x3A, 0xA1, 0x34, 0xC2, 0x12, 0x10, 0x35, 0x45, 0x25, 0x24, 0x5C, 0xAF, 0xE3,
    0xEA, 0x77, 0xF0, 0x57, 0xB3, 0x0D, 0x9D, 0xD4, 0x92, 0x83, 0x5A, 0x79, 0xD1, 0x09, 0xF8, 0xE9,
    0xB9, 0x5A, 0x9D, 0xB8, 0xED, 0xDB, 0xCE, 0x11, 0x26, 0x35, 0x1B, 0xC8, 0x15, 0xE0, 0xEE, 0x71,
    0x96, 0x79, 0x1F, 0x7E, 0x7D, 0xD5, 0xB8, 0xF1, 0x9D, 0xD3, 0x30, 0x3A, 0x1F, 0xCC, 0xD1, 0x14,
    0x16, 0xE7, 0xE7, 0xEA, 0xB2, 0xD0, 0x9C, 0x2E, 0xC0, 0xA2, 0x52, 0x2C, 0x36, 0x81, 0x6A, 0xB2,
    0xBD, 0xA5, 0x1E, 0x8C, 0xAC, 0x1D, 0xF4, 0xF4, 0x10, 0x56, 0xD7, 0x04, 0x06, 0x77, 0xD9, 0xE7,
    0x02, 0xED, 0xAD, 0x70, 0xA7, 0x0F, 0x3D, 0x97, 0x5C, 0xC1, 0x25, 0xF9, 0xAA, 0xBB, 0x3D, 0x6A,
    0x36, 0x95, 0x7C, 0x0B, 0x61, 0xD6, 0x28, 0xE2, 0xE0, 0xE2, 0x44, 0x2C, 0x84, 0x83, 0xCD, 0x5C,
    0x0B, 0xFD, 0x43, 0x97, 0x29, 0xDE, 0xC7, 0xCB, 0x14, 0xCF, 0x49, 0x7C, 0x64, 0x88, 0x3C, 0xBC,
    0x64, 0x51, 0x52, 0xEC, 0x44, 0xF4, 0x8B, 0x0F, 0x54, 0xF1, 0x36, 0x39, 0x1D, 0xCC, 0xBA, 0x91,
    0x73, 0x01, 0xA1, 0xFC, 0xA0, 0x79, 0x93, 0x13, 0x64, 0xE1, 0x6F, 0x41, 0x2B, 0x5A, 0xEA, 0xDA,
    0x9C, 0xA9, 0x31, 0xEC, 0x57, 0x6E, 0x03, 0x05, 0x9C, 0xAE, 0xC6, 0x79, 0x78, 0xD3, 0x63, 0x42,
    0x74, 0x42, 0x12, 0x0F, 0x9D, 0x68, 0x47, 0x93, 0x9B, 0x44, 0x00, 0x5D, 0x91, 0xA4, 0x0D, 0x7D,
    0x35, 0x62, 0xD5, 0x6C, 0x89, 0x1D, 0x8E, 0x14, 0x16, 0x61, 0xD8, 0x54, 0x15, 0x77, 0x52, 0xBC,
    0x95, 0x8B, 0x29, 0x42, 0x35, 0x1E, 0x66, 0x6F, 0xB9, 0x6F, 0xC7, 0xD1, 0xFB, 0xA1, 0x94, 0x0A,
    0xA7, 0x86, 0xCA, 0xA9, 0xC4, 0x17, 0x5F, 0x18, 0x0E, 0x45, 0xA2, 0xC7, 0x59, 0x5F, 0xFF, 0x5C,
    0x15, 0xE7, 0x1D, 0x4A, 0xAF, 0x17, 0x9F, 0x75, 0xF4, 0x59, 0x47, 0x9F, 0xB8, 0x8E, 0x7C, 0x0E,
    0x77, 0xC3, 0x61, 0xBE, 0xF9, 0x1C, 0x2B, 0x56, 0xCB, 0xAB, 0x6A, 0xEC, 0x34, 0xAF, 0xDA, 0xBE,
    0xB6, 0xFC, 0xB9, 0xBB, 0x3C, 0xA1, 0xC3, 0x39, 0x3F, 0xC3, 0xE8, 0x31, 0xB7, 0x9A, 0xEC, 0x00,
    0xDC, 0xBA, 0x75, 0xFF, 0x21, 0x44, 0xEC, 0xC5, 0x2F, 0x9F, 0x35, 0xF5, 0x59, 0x53, 0x9F, 0xAE,
    0xA6, 0x52, 0xF7, 0x14, 0x5C, 0x86, 0xF9, 0xA5, 0xBF, 0xCA, 0xF1, 0x36, 0x9C, 0x17, 0xF5, 0x61,
    0x11, 0xEE, 0xB9, 0xAC, 0x45, 0x03, 0x63, 0x49, 0x9E, 0xA7, 0x2B, 0x1E, 0x1F, 0xC9, 0xF3, 0xD0,
    0x35, 0x3C, 0xFC, 0xD2, 0x50, 0x61, 0x88, 0xD4, 0x25, 0x5F, 0x94, 0xCF, 0x47, 0xB8, 0xBE, 0x77,
    0x6D, 0xE7, 0xF4, 0xC5, 0x6D, 0x8F, 0x29, 0x4C, 0x4E, 0x17, 0xB3, 0xD3, 0xC5, 0xE2, 0x75, 0x71,
    0xD8, 0xAE, 0xDE, 0xD8, 0x7E, 0x5A, 0xFF, 0x6D, 0x7A, 0x69, 0x07, 0x23, 0xEB, 0x7A, 0xD3, 0x4B,
    0x88, 0xEA, 0x60, 0xBB, 0xB2, 0xEA, 0x25, 0x2C, 0x8D, 0x7B, 0x7B, 0x64, 0x9B, 0x71, 0xC8, 0xD3,
    0xDC, 0xD5, 0x16, 0xD5, 0x4B, 0x39, 0xDB, 0x6A, 0xD6, 0x93, 0xE9, 0xA5, 0x1E, 0x6C, 0xF5, 0xE3,
    0x43, 0xF1, 0xC3, 0x66, 0xCE, 0xD9, 0x12, 0xBF, 0x67, 0x27, 0xE2, 0x7D, 0xBC, 0xB4, 0xFE, 0x15,
    0x56, 0xE4, 0xE1, 0x6C, 0x8C, 0xD9, 0xC1, 0xE9, 0x12, 0xFD, 0x62, 0x27, 0xAA, 0xD9, 0xF4, 0x12,
    0xE7, 0xC1, 0x7A, 0xE1, 0xF7, 0x78, 0x0F, 0x2B, 0x4A, 0x94, 0x9A, 0x64, 0x89, 0xDF, 0x8A, 0x2E,
    0x46, 0xA7, 0x8B, 0xD9, 0xE9, 0x62, 0x4E, 0xE8, 0xA5, 0x88, 0xE8, 0xA5, 0x70, 0x7A, 0x51, 0x0F,
    0x1B, 0x7D, 0x40, 0x8A, 0x4E, 0x70, 0x28, 0xA3, 0x13, 0x9D, 0xAB, 0x06, 0xA2, 0x0B, 0xFF, 0xEA,
    0x26, 0x68, 0x28, 0xD5, 0xAA, 0x32, 0xD9, 0x91, 0x28, 0x4C, 0xC9, 0x22, 0xBC, 0xD8, 0x83, 0x4C,
    0x68, 0xC8, 0xBB, 0x30, 0x8C, 0x44, 0x65, 0x2B, 0x75, 0x73, 0x6F, 0xF9, 0xEE, 0x22, 0x4D, 0x79,
    0x2B, 0x83, 0x6A, 0x6D, 0x94, 0x51, 0xD9, 0x61, 0x76, 0x6F, 0xB2, 0x4E, 0xDA, 0xBE, 0xBF, 0x1F,
    0xE7, 0xE3, 0x5D, 0xBF, 0xBB, 0x11, 0xDD, 0xC3, 0x98, 0xD7, 0x45, 0x76, 0xA2, 0x8B, 0xFC, 0x44,
    0x17, 0xE5, 0x99, 0x2E, 0x86, 0x63, 0x5D, 0x40, 0xDF, 0x1E, 0xE9, 0x22, 0x3D, 0xD1, 0xC5, 0xF5,
    0xFF, 0xE9, 0x22, 0xD9, 0xE8, 0xA2, 0x77, 0x15, 0xD5, 0xEB, 0xC2, 0x65, 0x51, 0xF5, 0x1E, 0xBA,
    0x58, 0x4E, 0x74, 0x31, 0x1D, 0xEB, 0x02, 0x86, 0x8F, 0xAF, 0x8B, 0xE5, 0x44, 0x17, 0xD3, 0x89,
    0x2E, 0x86, 0x03, 0x5D, 0x0C, 0x6F, 0xD1, 0x45, 0x73, 0xAC, 0x8B, 0xF5, 0x44, 0x17, 0xF3, 0xA9,
    0x2E, 0x92, 0x4B, 0xF7, 0xE7, 0x61, 0xFE, 0xD4, 0x60, 0x79, 0x02, 0x00, 0x56, 0x27, 0x6F, 0x9A,
    0x0F, 0x61, 0xF3, 0x28, 0x54, 0x71, 0x33, 0xBE, 0x39, 0xD3, 0x76, 0x76, 0xD2, 0xD6, 0x3E, 0xFE,
    0xDE, 0x30, 0x66, 0x35, 0x1E, 0x70, 0x6D, 0x7C, 0xF0, 0xBE, 0x79, 0x9F, 0xDF, 0xE9, 0x6A, 0x6F,
    0x27, 0x8F, 0x62, 0xA3, 0xDB, 0x77, 0xFC, 0xF9, 0x73, 0x71, 0xFB, 0xCE, 0x7A, 0xB6, 0xEF, 0xD8,
    0xB9, 0xF4, 0x1F, 0xF3, 0x73, 0xA3, 0xAF, 0xDE, 0xC4, 0x0C, 0x0F, 0x77, 0x36, 0x33, 0x4D, 0x05,
    0x51, 0x54, 0x47, 0x7B, 0xCD, 0xD5, 0xAD, 0xA6, 0xD7, 0x54, 0xE1, 0x34, 0x55, 0x79, 0x4D, 0x8D,
    0xB6, 0xD7, 0xB4, 0x6E, 0xAF, 0xC1, 0xA2, 0xAF, 0x99, 0xF6, 0x7E, 0x7B, 0x4D, 0x7E, 0xB2, 0xD7,
    0x94, 0x1F, 0xBE, 0xD7, 0x5C, 0x4E, 0x34, 0x95, 0xBD, 0xFB, 0x5E, 0x93, 0x6D, 0x34, 0x65, 0x55,
    0xE2, 0xB2, 0xD1, 0x54, 0x6F, 0x55, 0xA5, 0x73, 0xBB, 0xF0, 0x93, 0xBD, 0xA6, 0x51, 0x4D, 0xD9,
    0xCB, 0xC6, 0xC5, 0x45, 0x1E, 0x12, 0x3D, 0x83, 0x05, 0xD1, 0x1D, 0xEE, 0x35, 0x61, 0xC0, 0x76,
    0xD8, 0x6A, 0x4A, 0x7E, 0x2A, 0xC0, 0x4B, 0x0C, 0x9D, 0x18, 0x7A, 0xE9, 0xBA, 0x33, 0x64, 0x7B,
    0xC3, 0x75, 0x6F, 0xF0, 0x29, 0x27, 0x35, 0x7E, 0x6B, 0xA8, 0xF7, 0x86, 0xEE, 0xD5, 0xCE, 0x20,
    0x3F, 0xE9, 0x59, 0xDA, 0xBF, 0xDC, 0x1A, 0x32, 0xF8, 0x71, 0x6B, 0xC8, 0x21, 0xDB, 0x1A, 0xCA,
    0x75, 0x67, 0xA8, 0xE7, 0x9D, 0xA1, 0x1D, 0x77, 0x06, 0x18, 0xB6, 0x86, 0x0B, 0xFE, 0x22, 0xD0,
    0x6C, 0x7F, 0xBA, 0xD9, 0x1A, 0x72, 0x68, 0xB6, 0x86, 0xC2, 0x3D, 0x94, 0xD8, 0x79, 0xDA, 0x1B,
    0xFC, 0x82, 0xCA, 0xCA, 0x6F, 0x0D, 0xD0, 0x6B, 0x94, 0x27, 0xC9, 0x9F, 0x8D, 0xE1, 0x1A, 0x7F,
    0xE9, 0x73, 0x06, 0xAC, 0xAE, 0x1B, 0x03, 0xA6, 0x43, 0xE6, 0xB2, 0x38, 0xA6, 0xE2, 0x86, 0xA5,
    0x1B, 0x77, 0x06, 0x2C, 0x38, 0xDE, 0x10, 0x8F, 0xEB, 0xD9, 0xE6, 0x5D, 0xEC, 0x6D, 0x6B, 0xC8,
    0xF5, 0x21, 0xC4, 0x8A, 0xCD, 0xD6, 0x50, 0xEF, 0x0D, 0xED, 0xDE, 0x00, 0x3B, 0x03, 0xBD, 0xE4,
    0x75, 0x2C, 0xF4, 0x30, 0xE2, 0x0C, 0x57, 0xFE, 0xA1, 0xCB, 0x1E, 0x39, 0x21, 0xD9, 0x1A, 0xAA,
    0x65, 0x67, 0xA8, 0xA7, 0x9D, 0x81, 0x04, 0xE8, 0x0C, 0x94, 0xBB, 0x66, 0xE0, 0x47, 0x20, 0x33,
    0xE8, 0x0F, 0xD5, 0xA2, 0x97, 0x02, 0xB6, 0x72, 0xE8, 0x59, 0x81, 0xA9, 0x1A, 0xEA, 0x79, 0x33,
    0xC5, 0x70, 0x72, 0x19, 0xE4, 0x57, 0x0A, 0x36, 0xFC, 0x07, 0xED, 0x99, 0x31, 0x76, 0xD4, 0x30,
    0x10, 0x86, 0x65, 0xBB, 0xF0, 0x7B, 0xB8, 0x70, 0x0F, 0x85, 0xFB, 0x34, 0x3E, 0x82, 0xF6, 0x08,
    0x34, 0x5C, 0x82, 0x26, 0x47, 0xF0, 0x1E, 0x21, 0x47, 0xA0, 0xA0, 0x61, 0x2F, 0xE1, 0xED, 0xD2,
    0xFA, 0xD1, 0x50, 0xB2, 0x45, 0x7A, 0x5C, 0xB8, 0x30, 0xC1, 0xF6, 0x30, 0xA3, 0xD1, 0x8C, 0x94,
    0xCD, 0x06, 0x92, 0x00, 0xEF, 0x25, 0xC1, 0x7A, 0x60, 0x3E, 0xF6, 0x69, 0xE4, 0xD5, 0x68, 0x34,
    0x1A, 0xFD, 0x6B, 0x8C, 0x39, 0x07, 0x80, 0x2B, 0x43, 0xAD, 0x00, 0x6A, 0x5B, 0xC2, 0xD6, 0xE1,
    0x88, 0x94, 0x03, 0x37, 0xC4, 0xCA, 0x63, 0x67, 0x4C, 0x43, 0x0F, 0xFC, 0xA0, 0x37, 0x06, 0x66,
    0x32, 0x48, 0x60, 0x32, 0x19, 0xFD, 0x17, 0x5B, 0xB3, 0xA0, 0xD5, 0xDE, 0x61, 0x09, 0xF4, 0xC7,
    0xB5, 0x1C, 0xB6, 0xD5, 0xCC, 0x98, 0xC1, 0xDE, 0x4E, 0x8C, 0x09, 0x74, 0x76, 0x64, 0x34, 0x70,
    0x68, 0x7A, 0xC5, 0x56, 0xB0, 0xED, 0xDB, 0x83, 0x22, 0x08, 0x36, 0x07, 0x45, 0xEC, 0xDD, 0xBD,
    0x08, 0xD4, 0xB9, 0x85, 0x69, 0xDE, 0x98, 0x7C, 0xDB, 0x9F, 0x72, 0x94, 0xB8, 0x8F, 0x3C, 0x39,
    0xA9, 0x7F, 0xAB, 0x45, 0xBD, 0x2E, 0x0B, 0x80, 0xFF, 0xCA, 0xB2, 0xD4, 0x8B, 0x2E, 0x56, 0x3B,
    0xC9, 0x12, 0xE6, 0x30, 0xD0, 0xC2, 0x5E, 0xB9, 0xE5, 0x3F, 0x84, 0xE5, 0xDE, 0xD2, 0x80, 0xAE,
    0xCD, 0x21, 0x34, 0x7A, 0x0D, 0x98, 0x65, 0xE3, 0xC6, 0x79, 0x0D, 0x70, 0xFD, 0xD6, 0x7F, 0xA9,
    0x72, 0xD4, 0x49, 0x55, 0xBD, 0xA2, 0x0D, 0x0B, 0x66, 0x39, 0xCA, 0x18, 0xFB, 0x80, 0x93, 0xF6,
    0xC8, 0x17, 0xC5, 0x04, 0x4C, 0xF0, 0xD1, 0x29, 0x8C, 0x3A, 0x14, 0x6A, 0xE6, 0xBF, 0x2D, 0xE3,
    0x18, 0x50, 0xBF, 0x04, 0x48, 0x57, 0x9A, 0x36, 0xBF, 0x5F, 0x5E, 0x2F, 0x71, 0xAA, 0xB1, 0x8B,
    0x0E, 0xF0, 0x5F, 0x38, 0xF5, 0x1E, 0x8C, 0x96, 0xCB, 0xCA, 0x04, 0x6A, 0x79, 0x4D, 0x29, 0x03,
    0xE5, 0x62, 0x9F, 0xEC, 0xCC, 0x43, 0x9B, 0xF7, 0x3E, 0xCC, 0x02, 0xCB, 0xAF, 0xA0, 0x3B, 0x8E,
    0xA7, 0xA7, 0x0B, 0xBE, 0xED, 0xEF, 0x05, 0xCF, 0x6F, 0x5E, 0x61, 0xBD, 0x1A, 0x01, 0x2B, 0x50,
    0x08, 0xC8, 0x2E, 0x3C, 0x0A, 0xBC, 0x76, 0x38, 0x0A, 0xAE, 0x4C, 0xC2, 0x2D, 0x87, 0x8D, 0x8F,
    0x2D, 0x31, 0xAA, 0xC4, 0xC8, 0x0E, 0x9A, 0x13, 0xC5, 0x5A, 0x62, 0x74, 0xB7, 0x59, 0xA3, 0x6E,
    0x8D, 0xBA, 0x38, 0xEA, 0x92, 0x4F, 0xC7, 0x19, 0xAD, 0x94, 0xB1, 0x6A, 0xC9, 0xC4, 0xCD, 0xB7,
    0xC9, 0xE7, 0xD5, 0xCB, 0xC5, 0xF7, 0x4D, 0xB8, 0x77, 0x39, 0x9B, 0xD6, 0xF5, 0xAE, 0x07, 0x9F,
    0xF6, 0x30, 0xE6, 0x38, 0xDB, 0x61, 0xCC, 0xB9, 0x9C, 0x9D, 0x01, 0x25, 0x49, 0x8C, 0xBB, 0x94,
    0xDE, 0xF4, 0x7E, 0xB3, 0x86, 0xDF, 0x1A, 0x7E, 0x1A, 0x7E, 0xCD, 0xC6, 0x24, 0x33, 0xD7, 0x2A,
    0x9C, 0xD1, 0xA8, 0x0A, 0x29, 0x29, 0x5D, 0xDD, 0x06, 0xED, 0xA3, 0x56, 0x8F, 0x6A, 0x6B, 0x44,
    0xBD, 0xE0, 0x88, 0xAA, 0x67, 0xAE, 0xD1, 0x28, 0x4E, 0xDC, 0x51, 0x49, 0xC3, 0x50, 0x99, 0x4C,
    0x45, 0x31, 0xE5, 0x25, 0xAA, 0x07, 0x29, 0x23, 0xB9, 0xFC, 0x75, 0x57, 0x32, 0xDA, 0x6D, 0xD9,
    0xF0, 0x05, 0xFD, 0x2D, 0xD0, 0x21, 0x74, 0x05, 0xA0, 0xCA, 0xA2, 0xC1, 0xFA, 0x00, 0x37, 0x55,
    0x82, 0xFE, 0xC9, 0xF0, 0x63, 0xAA, 0x49, 0xC9, 0x35, 0x54, 0xAD, 0x52, 0x0E, 0x3F, 0xDB, 0xFE,
    0x37, 0x5E, 0xA1, 0x6B, 0xCA, 0x45, 0x28, 0x99, 0xDC, 0x75, 0x23, 0x75, 0x57, 0xDB, 0x7C, 0xA1,
    0xE8, 0x29, 0x47, 0x2A, 0xA1, 0x6C, 0x8F, 0xA7, 0x9B, 0x69, 0xF7, 0xE8, 0x24, 0x3C, 0xC8, 0x30,
    0x7A, 0xF0, 0x5C, 0xC3, 0xF8, 0x21, 0x9F, 0xB5, 0x1D, 0x79, 0xCC, 0x0E, 0x67, 0x38, 0xCA, 0xAB,
    0x8F, 0xBF, 0x4B, 0x3D, 0x67, 0x1F, 0xC2, 0xBB, 0xD6, 0xE7, 0xC3, 0x9E, 0x15, 0x89, 0x0C, 0x1B,
    0x0C, 0x5D, 0x3C, 0x06, 0x58, 0x5A, 0x88, 0x9F, 0xFC, 0x39, 0xF7, 0xB9, 0xDF, 0x31, 0xC0, 0x17,
    0xE6, 0xF5, 0xF9, 0xB8, 0x27, 0xA7, 0xDB, 0xAB, 0x38, 0x41, 0x1F, 0x22, 0x5E, 0xE2, 0xC4, 0xDD,
    0x45, 0x3C, 0x6A, 0x66, 0x7F, 0xE3, 0x3A, 0xF9, 0x2C, 0xDF, 0xC0, 0x56, 0xB9, 0x0C, 0x7B, 0x93,
    0x35, 0x09, 0x39, 0x09, 0xE8, 0x5A, 0x2E, 0x4C, 0x69, 0x4C, 0xCB, 0xD4, 0x88, 0xB1, 0x1E, 0x0D,
    0xBC, 0x04, 0x2E, 0xE0, 0x34, 0xE7, 0xFF, 0x84, 0xE5, 0x94, 0x7D, 0x0C, 0xFF, 0xFD, 0xEF, 0x73,
    0xD7, 0xDC, 0x63, 0xFF, 0xC4, 0x5C, 0xCD, 0xA7, 0x7D, 0x1B, 0xFB, 0x3C, 0x5A, 0x8B, 0x34, 0x5A,
    0xA3, 0x22, 0x5A, 0xBB, 0x46, 0x8E, 0x5F, 0x37, 0xC3, 0x28, 0x06, 0xA6, 0x88, 0x7B, 0xD5, 0x8F,
    0x58, 0x67, 0xF4, 0x27, 0xFA, 0x10, 0xD4, 0xC7, 0xEF, 0x47, 0x17, 0x61, 0x37, 0x96, 0x13, 0x4F,
    0x2A, 0xF2, 0x18, 0xB0, 0x4E, 0x04, 0x7D, 0xEA, 0x62, 0xAE, 0xE9, 0xEC, 0x9C, 0xB3, 0x2A, 0xB5,
    0x2D, 0xF8, 0x55, 0xD8, 0x25, 0xF5, 0x23, 0xEE, 0xE8, 0x65, 0xDD, 0x2D, 0x65, 0xE8, 0x41, 0x6D,
    0x27, 0xBA, 0xCF, 0x4E, 0x6E, 0x47, 0xB9, 0xCA, 0x49, 0xB9, 0x6A, 0x4C, 0x39, 0x0B, 0xA4, 0x9E,
    0xB6, 0x4A, 0x9D, 0x52, 0xAF, 0x34, 0x2A, 0xCD, 0x42, 0x5F, 0x41, 0xE8, 0x0B, 0x1B, 0x23, 0x7D,
    0x56, 0x5F, 0x76, 0x6C, 0x4C, 0xD4, 0x8C, 0x42, 0xF5, 0x2C, 0xC4, 0x1A, 0x15, 0x11, 0x5F, 0xE9,
    0x88, 0x52, 0x67, 0x4C, 0x64, 0x9C, 0xB1, 0x23, 0x3B, 0x0A, 0x39, 0x63, 0x47, 0xCE, 0xD8, 0x91,
    0x33, 0x76, 0x44, 0x85, 0x37, 0x93, 0x33, 0x66, 0x22, 0x63, 0x26, 0x8A, 0x17, 0x26, 0xAE, 0xBC,
    0x88, 0xC8, 0x98, 0x89, 0xAB, 0x76, 0x4E, 0x02, 0xBD, 0x10, 0x1A, 0x7B, 0x42, 0x63, 0x4F, 0x05,
    0x08, 0xA1, 0xB1, 0x27, 0x34, 0xF6, 0x84, 0x45, 0x9C, 0x90, 0x9D, 0x84, 0xAA, 0x59, 0xA8, 0x00,
    0xA1, 0x0C, 0x2E, 0x3D, 0x25, 0xE8, 0x3C, 0xEF, 0xF0, 0xF6, 0x87, 0x90, 0xD5, 0x45, 0xA8, 0x94,
    0x0A, 0xA5, 0x4C, 0x29, 0x51, 0xA2, 0xF8, 0x94, 0x1D, 0xA0, 0x54, 0x41, 0xBC, 0xA3, 0x6E, 0x5C,
    0x2F, 0x82, 0xBE, 0xD9, 0x04, 0xD5, 0xB3, 0x0E, 0xD7, 0x95, 0x32, 0x18, 0xA8, 0x86, 0x13, 0xCB,
    0x88, 0x37, 0x24, 0xE0, 0x26, 0x8C, 0x56, 0x87, 0xD1, 0xCA, 0xD3, 0xB2, 0xE8, 0x3B, 0xF3, 0x67,
    0xED, 0x9E, 0xC2, 0xFF, 0xE6, 0x48, 0xF8, 0x3F, 0x38, 0xA9, 0x80, 0x0E, 0x60, 0x2F, 0xFC, 0xCF,
    0xAA, 0x25, 0x5B, 0xC0, 0xA1, 0x44, 0xF8, 0x57, 0xDD, 0x99, 0xD4, 0xE8, 0xF9, 0x96, 0x46, 0x8D,
    0x9E, 0x53, 0xE1, 0xBF, 0xED, 0x75, 0xE2, 0x76, 0x50, 0x95, 0xDB, 0x8E, 0x2A, 0xB1, 0xD6, 0x53,
    0x8C, 0xDD, 0x6D, 0xAC, 0x9E, 0x35, 0x9E, 0x9C, 0xA6, 0x0A, 0xFF, 0xF5, 0x18, 0xB9, 0x24, 0x72,
    0x54, 0xE4, 0xBE, 0xC8, 0xA9, 0x22, 0xFC, 0xA7, 0x94, 0x19, 0x36, 0x3E, 0xEE, 0xF6, 0xE1, 0xF7,
    0x18, 0x2C, 0x68, 0x07, 0x9F, 0xB0, 0x45, 0x03, 0x4F, 0x29, 0x71, 0xB2, 0xF0, 0x7F, 0x4E, 0x2B,
    0x59, 0x85, 0x03, 0x2A, 0x0B, 0xBF, 0xFE, 0xF8, 0xD0, 0x88, 0x72, 0xB5, 0x17, 0xFE, 0x5B, 0xB8,
    0xBE, 0x38, 0x15, 0x5F, 0x36, 0x84, 0xAD, 0xA6, 0xF3, 0x78, 0xC3, 0x44, 0x7B, 0x20, 0x0B, 0xBF,
    0x07, 0x44, 0x1B, 0x2C, 0x8A, 0x7B, 0x3B, 0x9E, 0xDA, 0x23, 0x61, 0xE7, 0x24, 0x61, 0x00, 0xB3,
    0xEE, 0x8B, 0x75, 0x5F, 0x3C, 0xA1, 0x7D, 0xF1, 0x13, 0xED, 0x59, 0x3D, 0x8E, 0xDB, 0x46, 0x14,
    0x1E, 0x89, 0xC0, 0x12, 0x08, 0x0B, 0x56, 0x69, 0x9C, 0x82, 0xBD, 0x1B, 0x1E, 0x81, 0xEC, 0x7C,
    0x81, 0xE4, 0x12, 0x69, 0xF6, 0x08, 0xD4, 0x11, 0xF6, 0x08, 0x2E, 0xDC, 0x64, 0x9B, 0x1C, 0x61,
    0x78, 0x04, 0xDD, 0x20, 0x2A, 0xDC, 0x9B, 0x08, 0x58, 0xD0, 0x09, 0xC5, 0x97, 0xF7, 0x3F, 0x63,
    0xAC, 0x5C, 0x79, 0x1D, 0x28, 0x01, 0x07, 0x0B, 0xE9, 0x5B, 0x71, 0xE6, 0xFD, 0x7E, 0x6F, 0xE6,
    0x8D, 0x14, 0x42, 0x08, 0xC7, 0xE7, 0x60, 0xA3, 0x82, 0xDE, 0x60, 0x03, 0x67, 0x83, 0x1D, 0x4C,
    0x06, 0xE1, 0x8F, 0x55, 0xD1, 0x11, 0xDE, 0x6D, 0x0A, 0xCB, 0xED, 0x68, 0xEB, 0xEA, 0x35, 0xC0,
    0xA8, 0xAB, 0x26, 0xFA, 0xE3, 0x11, 0xCF, 0xA1, 0x59, 0x74, 0xD5, 0x29, 0x54, 0xB2, 0xAE, 0x84,
    0x10, 0x0A, 0x59, 0x77, 0xF8, 0x19, 0x5F, 0x7E, 0x09, 0xDF, 0x32, 0x1E, 0x01, 0xE0, 0xA3, 0xFA,
    0x40, 0xE3, 0xC4, 0x7A, 0x19, 0x2E, 0xAC, 0x4C, 0x46, 0x4F, 0x8E, 0xC9, 0x40, 0xF7, 0x06, 0xB8,
    0xE0, 0xB3, 0x16, 0xE6, 0x70, 0x80, 0x2B, 0x1B, 0x82, 0x6F, 0x85, 0x7A, 0xDB, 0x01, 0x8A, 0x12,
    0x5F, 0x6A, 0x38, 0xD5, 0x20, 0x7A, 0x0A, 0x18, 0x9B, 0xAB, 0xC0, 0x03, 0x9C, 0x3B, 0x8B, 0x06,
    0x4C, 0xDD, 0xA2, 0x30, 0x4E, 0x83, 0x85, 0xAB, 0x9B, 0xA3, 0xC3, 0x85, 0x75, 0xD1, 0x68, 0xD7,
    0x1C, 0x9E, 0x5F, 0xC2, 0xE6, 0x3F, 0x0D, 0x6F, 0xBA, 0x19, 0x1D, 0x2E, 0x59, 0x48, 0xB2, 0x40,
    0x65, 0xE1, 0xCB, 0x82, 0xDA, 0x6C, 0x46, 0xB6, 0x73, 0xAD, 0x14, 0x2B, 0x61, 0x2C, 0x3D, 0x2D,
    0x7D, 0x81, 0xB9, 0xA3, 0x31, 0x60, 0x7A, 0x60, 0x93, 0xA9, 0x2B, 0xFD, 0xFB, 0x91, 0x39, 0x31,
    0xA5, 0x74, 0x8F, 0x94, 0x3B, 0x19, 0x89, 0x1A, 0x73, 0x22, 0x8C, 0x48, 0x7F, 0x13, 0xE1, 0xAF,
    0xA7, 0x17, 0xB5, 0x30, 0xA0, 0xA0, 0x1F, 0xDE, 0x4B, 0xCE, 0x51, 0x7C, 0x3D, 0x09, 0x13, 0x50,
    0x52, 0xCB, 0x7E, 0x95, 0xD7, 0x02, 0xCE, 0x03, 0xC7, 0xA0, 0x5A, 0x48, 0x34, 0xDB, 0x87, 0xD3,
    0x5A, 0x95, 0x8B, 0x8B, 0x2B, 0xB8, 0x3A, 0x59, 0x3D, 0x1A, 0x3B, 0xD7, 0x77, 0xAE, 0xDF, 0x03,
    0xD7, 0x87, 0x3E, 0x1C, 0xAE, 0x96, 0x68, 0x54, 0xDB, 0x4B, 0xFA, 0x27, 0x54, 0x3B, 0x7E, 0x1D,
    0x66, 0x73, 0x33, 0x09, 0xAF, 0x30, 0x76, 0x82, 0xEF, 0x04, 0x7F, 0x5D, 0x82, 0x4B, 0xBA, 0xE5,
    0xB5, 0xAF, 0x65, 0x7B, 0x3E, 0x4B, 0x7B, 0xD2, 0xCE, 0x03, 0xDB, 0x18, 0x97, 0x06, 0x58, 0xE5,
    0x85, 0x4D, 0xAA, 0xE0, 0x74, 0x20, 0x95, 0x2D, 0x1A, 0x42, 0x13, 0xE2, 0x42, 0xEA, 0xE9, 0x31,
    0x9B, 0x5D, 0x11, 0x29, 0x71, 0x42, 0xCB, 0x76, 0xC6, 0x35, 0xB2, 0xCB, 0xB8, 0xDF, 0x4F, 0x6A,
    0xC5, 0x28, 0xF6, 0x2B, 0xD3, 0x60, 0x0D, 0xF9, 0xFF, 0xF6, 0xDC, 0xE6, 0xC7, 0x85, 0x6D, 0x40,
    0xE1, 0x6C, 0x03, 0x0A, 0x67, 0x1B, 0x50, 0x38, 0xDB, 0x40, 0xC2, 0x71, 0x02, 0xEB, 0x6E, 0x88,
    0xC9, 0x27, 0xB6, 0x81, 0x75, 0xE3, 0x84, 0x81, 0x75, 0x0F, 0xAB, 0x1C, 0x46, 0xCD, 0x54, 0x71,
    0xBD, 0x94, 0xE3, 0x51, 0x98, 0x7D, 0xBB, 0xC6, 0x0A, 0x48, 0xB8, 0xE2, 0x22, 0x78, 0x83, 0x81,
    0xFB, 0x2C, 0x8D, 0xDA, 0x51, 0x02, 0xCA, 0x01, 0x6A, 0x25, 0xCE, 0xD8, 0xC3, 0xD1, 0xE9, 0x07,
    0x56, 0x90, 0x56, 0x84, 0xC0, 0xBD, 0xE2, 0xC2, 0x56, 0x6F, 0x5C, 0x69, 0xBD, 0xE4, 0xB0, 0x77,
    0xAF, 0x3B, 0xF4, 0xE5, 0xA8, 0x85, 0x18, 0xD1, 0x87, 0xC2, 0xB6, 0x0F, 0xFC, 0xCC, 0xF7, 0x1A,
    0xF4, 0x51, 0xCB, 0xB2, 0xBA, 0x22, 0x69, 0xEA, 0x4D, 0x29, 0xD8, 0xAE, 0xF8, 0xA2, 0x0D, 0x65,
    0x7D, 0x45, 0xF6, 0x69, 0x47, 0x89, 0x13, 0x84, 0x66, 0x07, 0x4A, 0x86, 0xE2, 0x82, 0x82, 0x83,
    0x04, 0x54, 0xA7, 0x4A, 0xC3, 0x28, 0xC1, 0x71, 0x37, 0x25, 0x1C, 0xCF, 0x8E, 0x51, 0x8C, 0x63,
    0x8A, 0x8D, 0x61, 0x8A, 0x8D, 0x61, 0xEC, 0x6E, 0x1D, 0x53, 0x6C, 0x0C, 0xC7, 0x4B, 0xC2, 0xE4,
    0x9B, 0x62, 0x0E, 0xB1, 0x62, 0x6E, 0x7A, 0x15, 0x93, 0x18, 0xC3, 0x1C, 0x62, 0xC5, 0x5C, 0x57,
    0x8A, 0x39, 0x44, 0x82, 0x25, 0x53, 0x82, 0xCB, 0x2D, 0x61, 0x16, 0x13, 0xC4, 0x77, 0x75, 0x99,
    0xF1, 0xC0, 0x34, 0x40, 0x85, 0xAD, 0x35, 0xE3, 0x18, 0xAB, 0x66, 0xD5, 0x5E, 0x1B, 0x63, 0x58,
    0x6F, 0x22, 0x86, 0x26, 0xD4, 0x50, 0x6B, 0x74, 0x29, 0x44, 0x51, 0x0A, 0x30, 0x92, 0x52, 0x29,
    0x78, 0xE2, 0xDF, 0x11, 0x6C, 0xEB, 0x47, 0x0E, 0x68, 0x71, 0x35, 0xF4, 0xD1, 0x60, 0x3B, 0x33,
    0xD3, 0xE4, 0x33, 0xBE, 0xFE, 0xC4, 0x29, 0xEF, 0x94, 0x1A, 0x13, 0x13, 0xC1, 0x4B, 0x36, 0xC0,
    0x27, 0x86, 0x57, 0x96, 0x75, 0xB4, 0x8D, 0x9B, 0x42, 0xFC, 0xF0, 0x3B, 0x6C, 0x1F, 0xD8, 0xBC,
    0x25, 0xD1, 0xB2, 0x9B, 0x12, 0xFE, 0xB1, 0xCF, 0xC9, 0xFB, 0xF0, 0xDC, 0x27, 0x1E, 0x8F, 0x06,
    0x0F, 0x90, 0xFA, 0xAA, 0x98, 0xD6, 0x76, 0x49, 0x64, 0xB3, 0x3A, 0xAC, 0x21, 0x2B, 0x85, 0x3E,
    0x89, 0x70, 0x69, 0x21, 0x5D, 0x80, 0x72, 0x4B, 0xDA, 0xF9, 0x95, 0x0E, 0x39, 0x13, 0x8F, 0xDA,
    0x77, 0x78, 0x47, 0xF0, 0x72, 0x03, 0x3A, 0x9D, 0xCA, 0x04, 0x7D, 0xA3, 0xE1, 0xFA, 0xB2, 0x73,
    0x0E, 0xFB, 0x89, 0x56, 0x5B, 0x0A, 0xDA, 0xC5, 0x94, 0x64, 0xB8, 0xB9, 0x55, 0x76, 0x22, 0x4C,
    0xA1, 0xB0, 0xA3, 0xCA, 0xCA, 0xE9, 0x10, 0xA9, 0x90, 0xB4, 0x52, 0xB6, 0xE0, 0xE7, 0x5C, 0xDA,
    0x8A, 0xC5, 0xC0, 0x47, 0xAB, 0x1E, 0x5E, 0x02, 0xDB, 0xC9, 0xC9, 0xF4, 0xEB, 0xD3, 0x8D, 0x22,
    0xC8, 0x4A, 0x23, 0xBB, 0xCC, 0xD4, 0x5B, 0xE2, 0x72, 0x2A, 0x87, 0x6E, 0xBE, 0x55, 0x3A, 0x49,
    0x40, 0x56, 0x23, 0x65, 0xAA, 0x9C, 0x7A, 0xDD, 0x8B, 0x61, 0x2F, 0x86, 0xFB, 0x2A, 0x86, 0x87,
    0xF7, 0xB7, 0xF8, 0x3D, 0x24, 0xD6, 0x83, 0x53, 0xB9, 0xE0, 0xAE, 0xC6, 0x9A, 0x0E, 0xA3, 0x7D,
    0xB3, 0x38, 0xAD, 0xBB, 0xA9, 0xDC, 0xBC, 0x14, 0xEC, 0x4B, 0x2E, 0x7A, 0xD7, 0xC2, 0xA0, 0xA7,
    0xDA, 0xF7, 0xD2, 0x9A, 0x76, 0xF1, 0xD3, 0xA2, 0xBE, 0xEE, 0x75, 0xB1, 0xD7, 0xC5, 0xFD, 0xD4,
    0x45, 0x89, 0xD2, 0x9A, 0xB3, 0x69, 0x0F, 0xC3, 0x6C, 0xD7, 0xE2, 0xD4, 0xA4, 0xDF, 0x82, 0xD9,
    0xDC, 0x4C, 0xC2, 0xCE, 0xEA, 0x9D, 0xD5, 0x77, 0xD3, 0xFA, 0x64, 0xAD, 0x4D, 0x68, 0xB6, 0xEC,
    0xF6, 0x90, 0xF5, 0x26, 0x43, 0xD6, 0xB4, 0xA7, 0x1F, 0x33, 0xBE, 0xE8, 0xF6, 0xB3, 0x06, 0x27,
    0xEF, 0x70, 0xBE, 0x68, 0x71, 0xDA, 0xAF, 0x5C, 0x4E, 0xDE, 0x9E, 0xBE, 0xB9, 0x24, 0xDE, 0x7E,
    0xB0, 0xDF, 0x55, 0x9E, 0x7B, 0x3F, 0xB6, 0x30, 0x86, 0x7E, 0x4D, 0x41, 0xD7, 0xDC, 0x53, 0x74,
    0xCD, 0x7B, 0xBB, 0x38, 0xA7, 0x96, 0x8F, 0x5C, 0x53, 0xF7, 0xF8, 0xB9, 0x86, 0xA0, 0xA4, 0x10,
    0x6B, 0x6A, 0x58, 0x9E, 0x0A, 0xE5, 0x8F, 0x4A, 0xB9, 0xC3, 0xF1, 0x54, 0x15, 0x2A, 0x69, 0x66,
    0xA1, 0x2A, 0x3A, 0xCE, 0xE9, 0x69, 0x27, 0xB7, 0xD7, 0xDE, 0xB6, 0x07, 0x93, 0xC6, 0x6F, 0x6A,
    0x7A, 0x41, 0x42, 0x3B, 0xFB, 0xC9, 0x67, 0x4C, 0x41, 0xC7, 0xF7, 0x83, 0x31, 0x6E, 0x98, 0x93,
    0x17, 0x28, 0xB4, 0x82, 0xD4, 0xA0, 0x7A, 0x8F, 0x4A, 0x4C, 0x5B, 0x53, 0x3B, 0xEB, 0x79, 0x44,
    0x21, 0xD9, 0x8F, 0x52, 0x7F, 0xA6, 0x3C, 0x76, 0x7F, 0x83, 0x27, 0xA3, 0x85, 0xAC, 0x53, 0xCD,
    0xBE, 0x7E, 0x2F, 0x61, 0xCD, 0xD2, 0x9E, 0xE5, 0x31, 0xBB, 0x3F, 0xE6, 0xB7, 0xBF, 0xFF, 0x3B,
    0x7E, 0x3E, 0xBD, 0x7C, 0xF8, 0xEA, 0x48, 0xC6, 0x93, 0x23, 0x6A, 0xA2, 0x74, 0x5C, 0x1C, 0xAD,
    0x8E, 0xC0, 0xD6, 0x3E, 0xC2, 0x49, 0x51, 0x09, 0xA3, 0x22, 0x64, 0xA5, 0x49, 0x8E, 0x93, 0xD3,
    0xC9, 0x51, 0x37, 0xFF, 0xAB, 0xE8, 0x86, 0x05, 0x60, 0xE8, 0xE8, 0x96, 0x26, 0xEB, 0x5B, 0xF3,
    0xE8, 0x81, 0xBC, 0x7C, 0xE1, 0xF9, 0x14, 0xD2, 0xB7, 0x6C, 0xE0, 0x9B, 0xA1, 0x80, 0xDF, 0xBE,
    0x6F, 0x8E, 0x1C, 0xFD, 0x03, 0xED, 0x59, 0xBD, 0x6E, 0xE3, 0x46, 0x10, 0x5E, 0x4A, 0x88, 0x09,
    0x44, 0x05, 0xFB, 0x73, 0xC1, 0xFE, 0x1A, 0x3E, 0x02, 0x99, 0x2A, 0x65, 0x52, 0xE4, 0x5E, 0xC2,
    0x2E, 0xF2, 0x08, 0x64, 0x97, 0x56, 0x6F, 0x90, 0xC6, 0x07, 0x24, 0x7E, 0x09, 0xEA, 0x11, 0x04,
    0xA4, 0x48, 0x2B, 0x20, 0x01, 0x0E, 0xE9, 0x54, 0xB0, 0xA0, 0xEF, 0x44, 0x4E, 0xE6, 0xE7, 0x9B,
    0x25, 0x65, 0xF9, 0x72, 0x67, 0x23, 0x3E, 0x18, 0x07, 0x11, 0x10, 0xF7, 0xA3, 0xB8, 0x3F, 0xB3,
    0xF3, 0xCD, 0x2C, 0x67, 0x76, 0x43, 0x08, 0xE1, 0x92, 0x68, 0x5C, 0x07, 0xBD, 0x16, 0xC4, 0xD7,
    0x60, 0xB8, 0x10, 0x4C, 0x5B, 0xC5, 0x0A, 0xA9, 0x17, 0xB8, 0x34, 0x3C, 0x0A, 0xCE, 0xA8, 0xE3,
    0x7B, 0x4B, 0x95, 0x56, 0x97, 0xFB, 0x8A, 0x36, 0x7C, 0xAF, 0x07, 0xEB, 0x6C, 0x27, 0x6F, 0x3B,
    0xEB, 0x61, 0x2F, 0xB7, 0x9D, 0xE2, 0x9A, 0xFF, 0x4A, 0xB4, 0x62, 0x08, 0x65, 0x2F, 0x15, 0x0D,
    0x17, 0x07, 0xE9, 0xBE, 0x39, 0xC1, 0xB9, 0x62, 0xE9, 0x9E, 0x65, 0x9D, 0x30, 0x4D, 0x78, 0x39,
    0xC3, 0x99, 0xE0, 0x96, 0x20, 0xD4, 0x3A, 0x38, 0x2E, 0x0F, 0x61, 0xC2, 0xDD, 0x84, 0x6B, 0x91,
    0xAC, 0x9E, 0x61, 0xF4, 0xF3, 0x31, 0xAC, 0x6D, 0x1D, 0x1F, 0x26, 0x5C, 0xD0, 0x84, 0x33, 0x9D,
    0x91, 0xCB, 0xD6, 0x85, 0x49, 0xE6, 0x71, 0xC2, 0xA5, 0x54, 0x02, 0x5E, 0x49, 0x25, 0xE0, 0x44,
    0x18, 0x00, 0xE6, 0x4A, 0x55, 0xC4, 0x2B, 0x66, 0xC3, 0x71, 0xC2, 0x0A, 0x75, 0x1C, 0xEA, 0x7E,
    0xC2, 0xAC, 0xB8, 0x88, 0xF3, 0x61, 0xC2, 0xD9, 0x29, 0x7E, 0x53, 0x45, 0x6C, 0x74, 0x9C, 0x62,
    0xA3, 0x2C, 0xB7, 0x3E, 0x95, 0xC3, 0xD2, 0x70, 0x2D, 0x33, 0x27, 0x1B, 0xB7, 0x64, 0x2D, 0x5F,
    0x42, 0x9E, 0x0C, 0x56, 0x23, 0x38, 0x55, 0xDC, 0xD8, 0xB8, 0xB0, 0x2C, 0xC5, 0x39, 0x63, 0x33,
    0x05, 0xBE, 0xAE, 0xE9, 0xAD, 0xEA, 0xC4, 0x2C, 0xCD, 0x06, 0x99, 0xEC, 0x06, 0x2A, 0xD6, 0xB9,
    0x40, 0x09, 0x56, 0x4E, 0x8A, 0xD8, 0xA0, 0x01, 0x7A, 0x2C, 0xD1, 0x41, 0xDE, 0x5B, 0x79, 0x71,
    0x13, 0x1E, 0x73, 0x5D, 0x13, 0xDD, 0x71, 0xA1, 0xB2, 0x77, 0xA2, 0x7F, 0x35, 0xF6, 0xC4, 0xAC,
    0xBE, 0x81, 0xF5, 0xEF, 0x32, 0x91, 0x3F, 0xA5, 0x2E, 0x57, 0x69, 0xDA, 0x43, 0xA1, 0x52, 0x96,
    0x43, 0xA9, 0x83, 0x66, 0xA3, 0x19, 0x49, 0x46, 0xC7, 0x32, 0xA7, 0xFF, 0x51, 0x5E, 0xD1, 0xFB,
    0x8A, 0xCB, 0x4B, 0x19, 0x8E, 0xCB, 0x56, 0x86, 0x79, 0x47, 0x18, 0x8F, 0x32, 0x94, 0x85, 0xA8,
    0xE9, 0x67, 0xA2, 0x52, 0xB4, 0x91, 0xB4, 0x54, 0xEB, 0x38, 0xAC, 0xCF, 0xBD, 0xF5, 0x63, 0x6A,
    0x4D, 0xE1, 0xB7, 0x5E, 0xAE, 0x50, 0x66, 0x28, 0x73, 0xD4, 0x2B, 0xD1, 0x8E, 0xA8, 0x35, 0x1B,
    0xB5, 0x7E, 0x73, 0x19, 0x67, 0xCD, 0x73, 0xFE, 0x80, 0x71, 0xFF, 0x84, 0x1C, 0xDF, 0x93, 0xD1,
    0xC8, 0xF2, 0x29, 0x85, 0x22, 0xF7, 0x35, 0xFD, 0xE3, 0xAA, 0x03, 0x65, 0x09, 0xB8, 0x5D, 0x82,
    0x99, 0x14, 0x4C, 0xB9, 0x36, 0x72, 0x30, 0x5A, 0x82, 0xE1, 0x16, 0x84, 0xA1, 0xFA, 0x02, 0x5E,
    0xBF, 0x44, 0xF5, 0x8B, 0xDF, 0xCE, 0xFC, 0x7D, 0x09, 0xFE, 0xDC, 0x4F, 0x32, 0x38, 0x5A, 0x09,
    0xDA, 0x5A, 0xE3, 0x65, 0x41, 0xC6, 0x53, 0x3A, 0x9A, 0x63, 0x65, 0x87, 0xD5, 0x60, 0xEE, 0x66,
    0x44, 0xB5, 0x5B, 0x25, 0x30, 0x61, 0xF6, 0xEA, 0x9D, 0xB1, 0x57, 0x74, 0x52, 0xCD, 0x7A, 0xFC,
    0x96, 0x7B, 0x5F, 0xFC, 0x7E, 0xE6, 0xF1, 0xD9, 0x79, 0x2C, 0x06, 0x38, 0x21, 0xB3, 0xF1, 0xBA,
    0x91, 0xA1, 0xF7, 0xA1, 0xDC, 0xE0, 0xAB, 0xD8, 0x84, 0xBC, 0xCB, 0xE8, 0x3B, 0x66, 0xB6, 0xD8,
    0xC9, 0xB7, 0x3E, 0xC8, 0xAB, 0x56, 0xD6, 0x65, 0xAE, 0x5A, 0x50, 0x77, 0xE4, 0x80, 0x67, 0x9E,
    0x9E, 0x91, 0xA7, 0x84, 0x1B, 0xA6, 0x9D, 0x2D, 0x8E, 0xF2, 0x69, 0x93, 0x88, 0xA1, 0xA4, 0xD3,
    0xD2, 0xDF, 0x7B, 0xFD, 0x47, 0x5F, 0x67, 0x7E, 0x9E, 0xB8, 0x1E, 0x5E, 0x8E, 0x15, 0x62, 0x5F,
    0x04, 0x7F, 0x74, 0xC0, 0x98, 0x64, 0xE1, 0x05, 0xC2, 0xBE, 0x5D, 0x50, 0x7F, 0x61, 0x47, 0xAA,
    0x37, 0x56, 0x96, 0xF7, 0x4A, 0xFD, 0xDF, 0xEB, 0xE5, 0xFD, 0xC2, 0xC3, 0x54, 0x9A, 0xF7, 0xEB,
    0xE3, 0xC4, 0x71, 0xCF, 0x3C, 0xFE, 0x2F, 0x3C, 0x5E, 0x9A, 0xDE, 0x0A, 0x4B, 0x5F, 0x54, 0x7D,
    0x3B, 0x2B, 0xB6, 0xD0, 0xE2, 0x60, 0x45, 0xEF, 0x69, 0x4E, 0x63, 0x85, 0x67, 0x3A, 0x7F, 0x58,
    0xB1, 0xC9, 0xE8, 0x6F, 0x4B, 0x90, 0xB6, 0xD2, 0xE9, 0x2E, 0xB7, 0xC4, 0x40, 0x03, 0x7A, 0x0E,
    0xC6, 0x6D, 0xD9, 0xCD, 0x2D, 0x47, 0xAA, 0x7B, 0xE8, 0xDB, 0xA6, 0x51, 0x1C, 0x4C, 0xED, 0x29,
    0x66, 0x39, 0x84, 0x79, 0x7C, 0x94, 0x8D, 0x47, 0x8F, 0x53, 0x7C, 0xDB, 0x3C, 0x10, 0xEE, 0xA6,
    0xA7, 0x8F, 0x42, 0xD0, 0xF4, 0xA8, 0x3C, 0x39, 0x3B, 0xA0, 0xEB, 0x2F, 0x7F, 0x8C, 0xFF, 0x1F,
    0x93, 0x77, 0x8F, 0x43, 0x5C, 0xAA, 0x72, 0x24, 0x77, 0x48, 0xDA, 0x64, 0x46, 0xD5, 0x3C, 0x4C,
    0x8F, 0x19, 0x85, 0xF1, 0x36, 0x3D, 0x6E, 0x3F, 0xFE, 0xB8, 0xB8, 0x75, 0x23, 0x68, 0xE6, 0xB6,
    0x90, 0xF9, 0xF4, 0xAD, 0xAB, 0x02, 0xFF, 0x8E, 0x36, 0x50, 0x6D, 0x45, 0x3E, 0xA8, 0x18, 0x09,
    0x72, 0xD1, 0xFA, 0xA0, 0x42, 0xAE, 0x08, 0x2C, 0x74, 0xD2, 0x8A, 0xAD, 0xEF, 0x07, 0xA1, 0x2A,
    0xA7, 0xBD, 0x4D, 0x70, 0x48, 0xC1, 0xA0, 0x4D, 0xBF, 0x83, 0xCF, 0x04, 0x53, 0x4E, 0x23, 0xB9,
    0x9F, 0xF6, 0x27, 0xA6, 0x73, 0x07, 0x13, 0x69, 0xD4, 0xE3, 0xDE, 0x8B, 0xC0, 0xAF, 0x68, 0xBC,
    0x81, 0x21, 0xA9, 0x67, 0x2E, 0xE0, 0x81, 0x48, 0x90, 0x03, 0xFA, 0x61, 0xF1, 0x17, 0xD6, 0xF1,
    0x5E, 0x1C, 0x90, 0xE3, 0x29, 0xEE, 0x33, 0xD3, 0x8E, 0x38, 0x1D, 0x2E, 0x94, 0xE4, 0x7C, 0x44,
    0x3A, 0xC3, 0x0E, 0x58, 0xC3, 0x24, 0x10, 0xFE, 0xB2, 0x72, 0xA2, 0x0E, 0x63, 0x6E, 0xE4, 0x39,
    0xD1, 0x97, 0x03, 0x9C, 0x4D, 0xD9, 0xE8, 0x8B, 0x19, 0x70, 0x09, 0x1B, 0x97, 0xB9, 0x8A, 0xB3,
    0xB0, 0x79, 0xF1, 0xDD, 0x66, 0xDA, 0x1E, 0xF8, 0xAD, 0xEA, 0xB0, 0x9F, 0xB4, 0x11, 0xF5, 0xA3,
    0x1A, 0x06, 0x55, 0xD0, 0x61, 0xB8, 0x68, 0x7D, 0xBD, 0xCD, 0xFC, 0xEB, 0x56, 0x20, 0x1F, 0x08,
    0xA5, 0xCB, 0xE6, 0xA1, 0x28, 0x83, 0xBD, 0x03, 0x24, 0x11, 0x1C, 0x8F, 0x02, 0x24, 0xE4, 0x4B,
    0xE5, 0x09, 0x88, 0xAF, 0x56, 0xA8, 0x1C, 0x37, 0x39, 0x60, 0x48, 0x02, 0x3C, 0xFF, 0xBC, 0xB3,
    0x20, 0xE8, 0x76, 0x1D, 0x8E, 0x13, 0x52, 0x30, 0x36, 0x4B, 0x49, 0xA3, 0xEB, 0x46, 0xB7, 0x8C,
    0x5B, 0x16, 0x33, 0xC5, 0xD6, 0x71, 0x3A, 0xDE, 0x3E, 0xF3, 0xF6, 0xC9, 0x4F, 0x4F, 0xF8, 0xA0,
    0x9F, 0xD8, 0x61, 0x7E, 0x6C, 0x87, 0xDB, 0x7B, 0x76, 0xB8, 0x60, 0x55, 0x99, 0x73, 0x95, 0x23,
    0xF8, 0x62, 0xE2, 0x6C, 0x0E, 0xA9, 0x73, 0xBA, 0x74, 0x96, 0x85, 0xF7, 0xFD, 0x91, 0x25, 0xF0,
    0x4C, 0x7C, 0x17, 0xE8, 0x21, 0x80, 0xEB, 0xF3, 0xC0, 0xA3, 0x0C, 0xD2, 0x46, 0xBF, 0x6D, 0xA2,
    0x18, 0xAD, 0x0B, 0x66, 0x32, 0xB3, 0xA8, 0xBE, 0xFF, 0xB2, 0xF1, 0x79, 0x55, 0x98, 0x29, 0x99,
    0x1D, 0x5E, 0x30, 0xCF, 0xD0, 0x46, 0x37, 0xE9, 0x67, 0xD2, 0xD8, 0x91, 0x1D, 0xC6, 0xEC, 0xE4,
    0xEA, 0xE6, 0x1E, 0xF5, 0x89, 0x0B, 0x15, 0xE9, 0xF5, 0x65, 0x39, 0x66, 0x4B, 0xA1, 0xEC, 0xEF,
    0xF3, 0xED, 0x8D, 0x12, 0x6F, 0xB4, 0xA4, 0x33, 0xEF, 0x2F, 0x97, 0xF7, 0xB8, 0xCF, 0xE0, 0xD1,
    0x11, 0xF7, 0x06, 0xE2, 0x5A, 0x08, 0x97, 0x10, 0xC8, 0x4D, 0x47, 0xF8, 0x70, 0x76, 0xC0, 0xFA,
    0x53, 0xEE, 0x13, 0x5B, 0xA4, 0x38, 0x0F, 0x6E, 0xB7, 0x60, 0x5D, 0xB7, 0xA2, 0x84, 0x75, 0xAD,
    0x2D, 0x37, 0xAD, 0xFD, 0xCD, 0x8F, 0xFC, 0xFA, 0xCD, 0xD9, 0x00, 0x5E, 0x94, 0x01, 0xC4, 0x04,
    0xCB, 0x33, 0xAE, 0x98, 0x82, 0x3D, 0x00, 0x62, 0x9D, 0x27, 0xA7, 0x65, 0x67, 0x4E, 0x9F, 0x9F,
    0x53, 0xE9, 0xB0, 0x18, 0xCC, 0xA1, 0x25, 0xDA, 0xD4, 0x73, 0x06, 0x11, 0x40, 0xBC, 0xB8, 0xE8,
    0xE1, 0x91, 0x24, 0x83, 0x33, 0x07, 0xB7, 0xD5, 0x27, 0xD9, 0x5A, 0x62, 0x33, 0xFE, 0x65, 0xFD,
    0x36, 0xFC, 0x35, 0xAA, 0x34, 0x16, 0x91, 0x6C, 0x4F, 0xD4, 0xC9, 0xA4, 0xCB, 0xB6, 0xB8, 0xED,
    0xC1, 0xDB, 0x34, 0x65, 0xBA, 0xAF, 0xD6, 0x9F, 0x36, 0x48, 0x09, 0x52, 0x5E, 0xDA, 0xCF, 0x25,
    0xB7, 0x4F, 0xAC, 0x86, 0x6E, 0x0B, 0x65, 0x7C, 0x35, 0x6A, 0x54, 0xD9, 0xCB, 0x86, 0x63, 0xB9,
    0x97, 0xED, 0x46, 0x4E, 0xD3, 0x0E, 0x42, 0x27, 0x2F, 0xBA, 0xA9, 0x64, 0xC7, 0x8D, 0xCC, 0xBD,
    0xDD, 0xC9, 0x42, 0x5C, 0x74, 0x57, 0xEB, 0xCF, 0x3F, 0x0D, 0xB0, 0x71, 0xBF, 0xCE, 0x7B, 0xCE,
    0x5E, 0x53, 0x57, 0x6C, 0x28, 0x1C, 0xD7, 0x90, 0x1C, 0xE7, 0xEC, 0xE7, 0x77, 0xFB, 0xDF, 0xEA,
    0x3C, 0x66, 0x29, 0xB3, 0x4F, 0xE3, 0xD7, 0x7A, 0x97, 0xEB, 0x75, 0xF4, 0x9F, 0x98, 0xA1, 0xE1,
    0xF4, 0xA9, 0x1C, 0xD7, 0x08, 0xEE, 0x4A, 0xA2, 0x5F, 0x07, 0x47, 0x48, 0x2E, 0x4A, 0xF2, 0xBD,
    0x9D, 0xE9, 0x3F, 0xCD, 0xB4, 0x3D, 0x2B, 0x21, 0x3F, 0xC3, 0x2A, 0xBC, 0x22, 0x8F, 0xEA, 0x19,
    0x0E, 0x6D, 0xB1, 0xA5, 0xCB, 0xEE, 0x8C, 0xB0, 0x93, 0xD3, 0x18, 0x44, 0xA2, 0x72, 0x96, 0xE2,
    0x8D, 0xA7, 0x23, 0xB0, 0xE9, 0x10, 0x6C, 0x96, 0x75, 0xC4, 0x03, 0xB1, 0x59, 0x02, 0x62, 0xE8,
    0x42, 0xF2, 0x5E, 0xDD, 0xCD, 0x97, 0x45, 0x75, 0x27, 0x49, 0xD2, 0xCA, 0x12, 0xE7, 0x11, 0x5B,
    0x24, 0xF4, 0x0B, 0xF9, 0xEE, 0xC8, 0x3B, 0x62, 0xFF, 0x92, 0x0D, 0x49, 0xFA, 0x20, 0xEB, 0xF2,
    0xCE, 0xBE, 0x59, 0xC8, 0xFF, 0x38, 0xC3, 0xAE, 0xF2, 0x11, 0x09, 0x15, 0xB2, 0x44, 0xCE, 0xAF,
    0x2B, 0x04, 0xC7, 0x05, 0x55, 0xD0, 0x26, 0x2F, 0xEE, 0x6D, 0x44, 0xD0, 0x66, 0x7A, 0x84, 0xB6,
    0x3E, 0xE7, 0x67, 0x44, 0x3E, 0x9A, 0xF3, 0xB9, 0xF2, 0x6C, 0x5C, 0x56, 0x53, 0xA4, 0x7B, 0xFC,
    0x99, 0xC7, 0x3C, 0xB8, 0x00, 0x13, 0x6D, 0x8F, 0x8D, 0x90, 0x05, 0xD3, 0xB5, 0xD2, 0xC6, 0x76,
    0x36, 0x6B, 0x3A, 0x6C, 0x5C, 0x57, 0x14, 0x5C, 0x7F, 0x7D, 0x80, 0x4E, 0x6D, 0xF4, 0xD6, 0x4F,
    0xD0, 0x45, 0xF7, 0x7A, 0xF8, 0xFE, 0x2F, 0xED, 0x59, 0xBD, 0x72, 0xDC, 0x46, 0x0C, 0x06, 0x79,
    0xE3, 0xE3, 0x4C, 0x58, 0xB0, 0x8F, 0x0B, 0xF6, 0x6A, 0xF8, 0x08, 0xBC, 0x54, 0x7E, 0x81, 0xF8,
    0x29, 0x52, 0xE4, 0x11, 0x78, 0x8F, 0xA0, 0x47, 0x50, 0x91, 0x22, 0x56, 0xA3, 0x47, 0x58, 0x76,
    0x69, 0xE9, 0x71, 0xE1, 0xD2, 0x2C, 0x5C, 0x38, 0x95, 0x59, 0x70, 0xC6, 0xB4, 0x43, 0x12, 0xC1,
    0x2F, 0x2D, 0xDE, 0x28, 0x13, 0xEB, 0x1C, 0xC9, 0x92, 0x73, 0xDB, 0x2C, 0xE6, 0xB8, 0xBB, 0x04,
    0xF0, 0x01, 0xD8, 0x0F, 0x3C, 0x80, 0xD0, 0x03, 0x8F, 0x04, 0x11, 0xE0, 0x12, 0x20, 0x47, 0xAC,
    0x81, 0xC4, 0x12, 0xB1, 0x8B, 0x67, 0x80, 0xAA, 0x29, 0xA7, 0x64, 0x02, 0x08, 0xFB, 0x14, 0x71,
    0x04, 0x7A, 0x14, 0x23, 0xF6, 0xB2, 0x34, 0x60, 0x23, 0x5B, 0xD3, 0x19, 0x6E, 0x33, 0x02, 0xCE,
    0x3B, 0xC0, 0x86, 0x8E, 0xA3, 0x73, 0xB0, 0xA9, 0x68, 0x9E, 0x01, 0x5F, 0x22, 0x8F, 0x3D, 0xBE,
    0x96, 0xB9, 0xC5, 0xF7, 0xB8, 0x83, 0x0D, 0x76, 0xF2, 0x2E, 0x08, 0x03, 0x6B, 0x45, 0x4A, 0x8D,
    0x48, 0x3F, 0x03, 0x64, 0x13, 0x4E, 0x7C, 0x54, 0x36, 0xB3, 0x4A, 0xA4, 0x81, 0x2E, 0x63, 0x23,
    0x3A, 0x9B, 0x5B, 0x9B, 0x9B, 0xC7, 0x3D, 0x43, 0x74, 0x79, 0x61, 0x7E, 0x53, 0xD3, 0xC4, 0x0B,
    0x26, 0xE4, 0x93, 0x09, 0x19, 0x9A, 0xB0, 0x11, 0xF7, 0xD0, 0x88, 0xC4, 0x5F, 0xB2, 0xAD, 0xF5,
    0x6D, 0xBE, 0x3F, 0x1F, 0x4C, 0x48, 0x7D, 0x7F, 0xF4, 0x33, 0xDC, 0x7E, 0x3C, 0x45, 0x06, 0x12,
    0x38, 0x1E, 0x50, 0xE0, 0xC8, 0x15, 0x42, 0x46, 0x98, 0x47, 0xA7, 0x4F, 0x38, 0x6A, 0x12, 0x1C,
    0x58, 0x25, 0x24, 0x45, 0x6B, 0x59, 0xB8, 0x2B, 0x66, 0xB5, 0xAF, 0x56, 0x63, 0x62, 0x8A, 0x83,
    0xDE, 0xD4, 0x0D, 0xAA, 0x67, 0xE8, 0x4C, 0xF3, 0xCA, 0x85, 0xB2, 0xB7, 0x80, 0xBB, 0x67, 0xC1,
    0xDE, 0xDE, 0x19, 0x00, 0x55, 0xB7, 0x68, 0xB8, 0xE8, 0xBC, 0x58, 0x91, 0xA3, 0xC6, 0x63, 0xAD,
    0x96, 0x16, 0xB8, 0x4B, 0xF0, 0x23, 0xC0, 0x96, 0x42, 0x3C, 0x72, 0x6F, 0x40, 0xA5, 0x31, 0xEE,
    0x1E, 0xDB, 0x81, 0x3E, 0x13, 0x58, 0xB6, 0x01, 0xFF, 0x74, 0x0F, 0x9F, 0xFD, 0xEE, 0x29, 0xD3,
    0x1F, 0xC4, 0x40, 0xEC, 0xF0, 0x26, 0x0E, 0x78, 0xE6, 0x49, 0x98, 0x7B, 0x74, 0x94, 0xBE, 0x29,
    0x78, 0x04, 0xF8, 0xA6, 0x78, 0x89, 0x92, 0xE7, 0x27, 0xDC, 0x1F, 0x1C, 0xEE, 0xF1, 0x8B, 0xC3,
    0xAC, 0x2E, 0x1C, 0xB8, 0xCA, 0x93, 0x19, 0xDF, 0x0C, 0x96, 0xEF, 0x96, 0xC3, 0xE9, 0xB4, 0x41,
    0x4F, 0x6E, 0x5D, 0x5D, 0x75, 0x50, 0xB5, 0x86, 0x7A, 0xD1, 0x5B, 0x6D, 0xC8, 0x46, 0x4B, 0x7B,
    0x59, 0xFD, 0x84, 0xD3, 0xFE, 0xF9, 0x29, 0x00, 0x1E, 0x56, 0x00, 0x14, 0x93, 0x97, 0x70, 0x3A,
    0xE9, 0x6C, 0x6F, 0xB7, 0x5A, 0x59, 0x73, 0x40, 0xD0, 0x21, 0x81, 0x7E, 0xC9, 0xFB, 0x0C, 0x7F,
    0xE2, 0xED, 0x45, 0xCB, 0xAE, 0x66, 0x25, 0x6B, 0x72, 0x3E, 0x6F, 0xA4, 0x0D, 0x05, 0xF6, 0x9E,
    0xE7, 0xFB, 0x13, 0xB8, 0x0F, 0x0A, 0xDC, 0x88, 0x3C, 0x9A, 0xF4, 0x56, 0xB7, 0xE5, 0xFA, 0xE6,
    0x13, 0x4B, 0xBC, 0x51, 0x58, 0xD6, 0x2C, 0xBB, 0x8E, 0x1C, 0x27, 0x4C, 0xEF, 0xB6, 0x62, 0xA7,
    0xED, 0x21, 0x33, 0x0B, 0x7E, 0x1B, 0x23, 0x1E, 0x0A, 0xCB, 0xA3, 0x65, 0xF1, 0xB2, 0xFD, 0x5F,
    0x07, 0xDA, 0xA8, 0xBF, 0x44, 0xB8, 0x6D, 0x94, 0xDC, 0x89, 0x15, 0x99, 0x53, 0xCC, 0x62, 0x60,
    0xDF, 0x22, 0x9E, 0xD3, 0xBD, 0x64, 0x61, 0x57, 0x73, 0x65, 0xD3, 0x40, 0x2C, 0x54, 0xF0, 0x27,
    0x44, 0x7B, 0x71, 0x96, 0xFB, 0xAE, 0xDE, 0x08, 0x96, 0x81, 0xFB, 0x85, 0xBD, 0x28, 0xD0, 0xC9,
    0xB5, 0xB8, 0x21, 0xC6, 0x2F, 0xB9, 0x91, 0xCE, 0xE5, 0x50, 0x8C, 0xC2, 0x7B, 0x8A, 0xB1, 0x1C,
    0x24, 0x0E, 0x72, 0x15, 0x42, 0x9B, 0x4D, 0x4C, 0x82, 0x88, 0x0B, 0xAB, 0x40, 0x97, 0x9E, 0x0A,
    0xD4, 0xB1, 0xA8, 0x40, 0x64, 0x49, 0x05, 0x22, 0xC7, 0x2A, 0x50, 0x30, 0x89, 0xC0, 0x0C, 0x4B,
    0x04, 0xBE, 0x29, 0x45, 0x60, 0x53, 0x44, 0x60, 0x53, 0x44, 0x60, 0x53, 0x44, 0xE0, 0x08, 0x64,
    0x41, 0x0A, 0x2E, 0x09, 0x43, 0x22, 0x89, 0x4C, 0x6A, 0x64, 0x2B, 0xD5, 0x8A, 0x31, 0x9F, 0x78,
    0x13, 0xD0, 0x03, 0x45, 0x28, 0xF4, 0x89, 0x84, 0x55, 0x8C, 0xDD, 0x46, 0x9C, 0x9B, 0x62, 0x13,
    0x71, 0xB6, 0x46, 0x81, 0xCE, 0x0A, 0x6B, 0xB7, 0x0C, 0x1E, 0x99, 0x0D, 0x69, 0x15, 0xA4, 0x6F,
    0xA2, 0xB7, 0x45, 0x57, 0xF8, 0x69, 0x77, 0x9D, 0xF7, 0x39, 0xCF, 0xE7, 0xA4, 0xB5, 0x7B, 0xA0,
    0x59, 0xD3, 0x47, 0xCB, 0x06, 0x28, 0xC6, 0x35, 0x79, 0x4C, 0xD0, 0xDB, 0x88, 0xFD, 0x9A, 0x31,
    0x56, 0xED, 0x9A, 0x53, 0xFE, 0xF0, 0xDB, 0x11, 0x65, 0xE8, 0xB1, 0xF7, 0x62, 0x3A, 0xA7, 0x36,
    0x67, 0x36, 0xE7, 0xD6, 0x6B, 0x96, 0xA8, 0xC5, 0x26, 0xA0, 0x78, 0x97, 0x2A, 0xAA, 0xA4, 0x06,
    0x2D, 0x97, 0x0A, 0x4A, 0x11, 0x9E, 0xD1, 0x86, 0x2D, 0x7E, 0x40, 0x8D, 0xFA, 0x3F, 0x50, 0x8B,
    0x2E, 0xF9, 0x9C, 0xAB, 0x0C, 0x87, 0x0C, 0xB7, 0xC4, 0x0D, 0x63, 0xF0, 0x0B, 0xBE, 0x83, 0x35,
    0xE3, 0x77, 0x08, 0x1D, 0x19, 0xE7, 0x86, 0xDE, 0x02, 0x7A, 0x1A, 0x56, 0xDD, 0x75, 0x5F, 0x2F,
    0x6D, 0xA0, 0x91, 0xC3, 0xA5, 0x55, 0xDF, 0x9E, 0xF0, 0xBB, 0x17, 0xFC, 0xB6, 0x17, 0xEB, 0x44,
    0xAB, 0xD0, 0xA9, 0xDD, 0x5E, 0x61, 0x09, 0xAA, 0xCB, 0xA4, 0x49, 0x5B, 0xF4, 0x52, 0x2F, 0x28,
    0xDD, 0x34, 0x13, 0xB1, 0x8E, 0x78, 0x21, 0xA3, 0xC7, 0x0B, 0x99, 0xB8, 0xF3, 0x42, 0x6E, 0xE0,
    0x79, 0xE1, 0x8F, 0xE7, 0xF4, 0x86, 0x17, 0x27, 0x1C, 0xEF, 0x1A, 0x47, 0xE6, 0x5E, 0x79, 0xA3,
    0xC9, 0xC6, 0x87, 0x32, 0x3B, 0x63, 0x76, 0x70, 0x38, 0xFB, 0x73, 0x5F, 0x7F, 0xE4, 0x38, 0xE1,
    0x73, 0x7C, 0x9D, 0xDC, 0x58, 0xE1, 0x4B, 0xFE, 0xA9, 0x4E, 0x0E, 0x37, 0xD6, 0x49, 0xEF, 0x94,
    0x96, 0x3A, 0x39, 0x1D, 0x51, 0x27, 0x2F, 0xE5, 0x8C, 0xF8, 0xF2, 0xBB, 0xC7, 0xAD, 0xD3, 0x12,
    0x26, 0xB8, 0x25, 0xD7, 0x71, 0xAB, 0xE9, 0xE7, 0xBF, 0x0E, 0x70, 0x7B, 0x86, 0xC2, 0x5E, 0x46,
    0xC2, 0x8B, 0x49, 0x34, 0x57, 0xB6, 0x88, 0x5B, 0x55, 0xE7, 0x1A, 0x87, 0x73, 0x7A, 0x30, 0x67,
    0xF3, 0xD9, 0x85, 0x22, 0xA8, 0xE4, 0xA3, 0x1C, 0xF5, 0xAE, 0xAB, 0x06, 0x61, 0xF0, 0x11, 0x13,
    0x42, 0xCE, 0x4D, 0x3E, 0x59, 0x69, 0x65, 0xE4, 0xAC, 0xA9, 0x32, 0xAE, 0x9E, 0x2A, 0x67, 0x02,
    0xF8, 0x15, 0xF1, 0xAD, 0xE3, 0xF4, 0x19, 0xFC, 0x6F, 0x26, 0x44, 0xF2, 0x29, 0x1C, 0xB8, 0x17,
    0x91, 0x0F, 0xD8, 0xD8, 0x04, 0x55, 0x1C, 0x5F, 0x19, 0xCD, 0xC3, 0x37, 0xD6, 0xA0, 0x49, 0xDF,
    0x16, 0x53, 0x91, 0x51, 0x34, 0xCA, 0x19, 0xF4, 0x0A, 0xA1, 0xF8, 0x56, 0x4E, 0x4E, 0x01, 0xAF,
    0xDF, 0xC2, 0x37, 0xD4, 0x02, 0x0C, 0xF6, 0x8D, 0x50, 0x93, 0x82, 0x48, 0x80, 0x75, 0x46, 0xD8,
    0xD8, 0xDB, 0xEF, 0x47, 0x68, 0x57, 0x42, 0xE4, 0xFA, 0xB0, 0x62, 0xBD, 0x91, 0x19, 0xD5, 0x99,
    0x3A, 0x5D, 0xE1, 0xFB, 0x6A, 0x0E, 0xDB, 0x55, 0xCC, 0x66, 0x69, 0x60, 0x93, 0xC9, 0x4B, 0x29,
    0xFF, 0x59, 0xF0, 0xDE, 0xDA, 0x31, 0xFB, 0x97, 0x60, 0x6F, 0x7F, 0x1B, 0x4C, 0xFC, 0x92, 0x42,
    0x1B, 0x35, 0xF2, 0xEA, 0x95, 0xF4, 0x65, 0xDF, 0x16, 0xDC, 0xFB, 0xBA, 0x33, 0xFE, 0x37, 0x77,
    0xC5, 0xD7, 0xD6, 0x1C, 0xF8, 0x8F, 0x6A, 0xCE, 0x7C, 0x5C, 0xCD, 0xF9, 0x1B, 0xED, 0x99, 0x3D,
    0x6E, 0xE3, 0x56, 0x10, 0x80, 0x9F, 0x28, 0xAC, 0x05, 0xAC, 0x0A, 0xF6, 0x59, 0x20, 0xAC, 0x53,
    0xF1, 0x08, 0x54, 0x97, 0x36, 0x45, 0xF6, 0x08, 0x69, 0xB2, 0x85, 0x8F, 0x40, 0x1D, 0x61, 0x8F,
    0xB0, 0xE5, 0xC6, 0x97, 0xA0, 0x8E, 0xA0, 0x2E, 0x65, 0x54, 0x2C, 0x10, 0xA4, 0x63, 0x00, 0x05,
    0xA0, 0xBD, 0x24, 0x5F, 0xE6, 0x7F, 0x46, 0xB6, 0x36, 0x3F, 0x5E, 0x7B, 0x91, 0x00, 0x22, 0x60,
    0x73, 0x44, 0x91, 0x6F, 0xFE, 0xBF, 0x37, 0xB4, 0x53, 0x4A, 0x65, 0x86, 0x63, 0x97, 0xE8, 0xF8,
    0x27, 0xF2, 0xF3, 0x1C, 0xED, 0xC1, 0xE5, 0xEE, 0xE8, 0x72, 0x1E, 0x4D, 0x5C, 0xE4, 0xC9, 0xE4,
    0x65, 0xCE, 0x67, 0xE5, 0x75, 0xCE, 0x5B, 0x95, 0xCB, 0xD9, 0x4D, 0xAE, 0xC6, 0xBC, 0x57, 0xB9,
    0x3E, 0x76, 0xA6, 0xAC, 0xE9, 0x9B, 0xDE, 0xD4, 0x1E, 0x1A, 0x53, 0x9C, 0xF7, 0xD5, 0x68, 0x6A,
    0x77, 0xA5, 0xCA, 0x45, 0xDE, 0xAE, 0x67, 0x53, 0x9B, 0x56, 0xAA, 0x18, 0x84, 0x65, 0xDE, 0x88,
    0xDA, 0x09, 0x6F, 0x13, 0x79, 0xC4, 0xC7, 0x45, 0xED, 0x00, 0xCB, 0x8A, 0x62, 0x54, 0xD4, 0x89,
    0xE2, 0xB6, 0xE7, 0xCF, 0xA4, 0x16, 0xBE, 0x6F, 0x06, 0x91, 0x77, 0x68, 0xB6, 0xA8, 0xDD, 0xD1,
    0xBA, 0xAC, 0x76, 0x83, 0x6E, 0xAA, 0xDA, 0xA4, 0x46, 0x90, 0x5D, 0x4B, 0x56, 0x4C, 0xB7, 0x16,
    0xAC, 0x98, 0x97, 0x60, 0xEF, 0x79, 0x69, 0x36, 0x82, 0xFD, 0x6E, 0xE9, 0x37, 0x9B, 0xC2, 0x46,
    0x64, 0x3E, 0x46, 0xF2, 0x9C, 0x8F, 0x89, 0x83, 0x4C, 0xC7, 0x1C, 0xE4, 0xCC, 0x01, 0xE7, 0x63,
    0x83, 0x01, 0x17, 0x0B, 0xD1, 0xF2, 0x49, 0x83, 0x07, 0x9E, 0x8F, 0x0F, 0xBD, 0x43, 0x95, 0xAD,
    0x46, 0x00, 0x14, 0x67, 0x91, 0xF1, 0x7B, 0x4D, 0x15, 0x3C, 0x57, 0x58, 0x05, 0x4E, 0xEA, 0x1C,
    0x56, 0x23, 0x38, 0xBD, 0xB1, 0xC8, 0x97, 0xD9, 0x32, 0xB2, 0x2D, 0x67, 0xCB, 0xD4, 0xAE, 0xF6,
    0x0C, 0xEE, 0x1B, 0x2B, 0x23, 0x50, 0x44, 0xF6, 0xF7, 0xE9, 0x93, 0xE7, 0x7F, 0x7D, 0xBC, 0xC9,
    0xF9, 0x96, 0x6C, 0x81, 0x03, 0x7C, 0x69, 0x38, 0x50, 0x12, 0xBE, 0xAD, 0x84, 0xEB, 0x50, 0xA2,
    0xFF, 0xAB, 0x7C, 0xAC, 0xC8, 0xDE, 0x6E, 0x64, 0xFB, 0x9A, 0x89, 0x43, 0x52, 0xCE, 0x1C, 0x7F,
    0xF5, 0x46, 0x52, 0x6C, 0x35, 0x76, 0xEE, 0xFC, 0x63, 0xBE, 0xDB, 0xC0, 0xF9, 0x15, 0xAA, 0x83,
    0x73, 0x87, 0x6A, 0x7E, 0xCD, 0x9A, 0x9E, 0x52, 0xCE, 0x35, 0xC6, 0xF3, 0x3A, 0xE7, 0x06, 0x53,
    0xB2, 0xE8, 0x72, 0x4B, 0x7A, 0x2A, 0x71, 0x15, 0x8C, 0x3E, 0xC8, 0x79, 0x1F, 0xCF, 0x6B, 0x39,
    0x97, 0x72, 0xAE, 0xE4, 0xBE, 0x46, 0x9E, 0xCB, 0x99, 0xDA, 0x74, 0x29, 0xEB, 0x56, 0xA8, 0xE7,
    0x2D, 0xF8, 0xFC, 0x51, 0xF4, 0xFE, 0x2C, 0x76, 0x7C, 0x9B, 0xA9, 0xA4, 0x26, 0xB0, 0xAF, 0xC2,
    0x28, 0xA0, 0xDD, 0x6F, 0xF2, 0x6F, 0xEC, 0xC4, 0x0D, 0xFC, 0xBC, 0x7C, 0x27, 0x89, 0x41, 0x65,
    0xFD, 0x43, 0xB9, 0x83, 0x4C, 0xD7, 0xD2, 0x37, 0x2D, 0x54, 0x43, 0xB3, 0xD7, 0xD6, 0xE5, 0x1E,
    0x21, 0xE3, 0x66, 0x08, 0xC2, 0xC6, 0x10, 0x90, 0xBD, 0x0A, 0x72, 0x1E, 0x0C, 0x31, 0xD9, 0x19,
    0x70, 0x45, 0x09, 0x7B, 0x82, 0xE3, 0x87, 0x20, 0xFB, 0xF2, 0x10, 0x87, 0x3E, 0xF0, 0x69, 0x08,
    0xF2, 0x18, 0x58, 0xE5, 0x3C, 0x2B, 0xCD, 0x64, 0x0A, 0xA5, 0xC9, 0xCD, 0x47, 0x75, 0x0B, 0xE4,
    0xDF, 0x9D, 0x67, 0x5D, 0xEF, 0x72, 0xDE, 0x1B, 0xCF, 0xA0, 0xDD, 0x8C, 0x67, 0x00, 0x21, 0xE3,
    0x19, 0x40, 0xC3, 0x78, 0x86, 0x1D, 0x33, 0x1A, 0x22, 0x93, 0xF1, 0x0C, 0x2E, 0x1A, 0xCF, 0xA0,
    0x34, 0x8D, 0x67, 0xB0, 0x88, 0xF1, 0xAC, 0x0D, 0x31, 0x47, 0xA5, 0xCA, 0x33, 0xF4, 0x5C, 0xBA,
    0x99, 0x3A, 0x5E, 0x14, 0x53, 0xC7, 0xD6, 0x83, 0xD7, 0xAD, 0x18, 0x41, 0xB5, 0x2D, 0x3C, 0xA3,
    0x93, 0x14, 0x3B, 0x7D, 0xBD, 0xCC, 0x06, 0x02, 0x6D, 0x79, 0x5A, 0x4E, 0x40, 0xCA, 0xAC, 0xE2,
    0x50, 0xB3, 0x7A, 0xBA, 0x22, 0xDF, 0x92, 0xF7, 0x85, 0x14, 0xFE, 0x10, 0x58, 0x35, 0x6A, 0x7F,
    0x0A, 0xCF, 0xCA, 0xC0, 0xB3, 0x32, 0xF0, 0x4C, 0xA0, 0x41, 0xDE, 0x0B, 0xAB, 0x88, 0x41, 0xDC,
    0x34, 0xAC, 0x46, 0x73, 0x9B, 0x43, 0x04, 0xC0, 0x08, 0x63, 0x15, 0x98, 0xBB, 0x34, 0x79, 0x74,
    0x56, 0x81, 0x7B, 0xDA, 0xD5, 0x18, 0x79, 0x63, 0x15, 0x5C, 0xAC, 0x26, 0xCB, 0xCE, 0xC6, 0x58,
    0xB5, 0x0C, 0x19, 0x84, 0xC5, 0x3B, 0x2B, 0x29, 0x50, 0x8A, 0x5D, 0x53, 0xBC, 0xE7, 0x2E, 0x59,
    0x8E, 0x7E, 0x5E, 0xC3, 0x03, 0x2B, 0xB0, 0x7B, 0x85, 0xD7, 0x8E, 0x1C, 0x4D, 0x0C, 0x4A, 0x91,
    0xF7, 0x0B, 0xB2, 0x55, 0x77, 0xF2, 0x86, 0xFD, 0xC5, 0x76, 0x61, 0x37, 0xAF, 0xE7, 0xCD, 0x85,
    0x79, 0x5F, 0x80, 0x79, 0x29, 0x7D, 0x93, 0xCE, 0x43, 0x03, 0x3E, 0x84, 0xC9, 0xA7, 0x08, 0xA8,
    0x38, 0xE1, 0x06, 0x98, 0xEB, 0xB0, 0x40, 0x9B, 0x53, 0xC0, 0x88, 0xE3, 0x22, 0x55, 0x77, 0x3E,
    0x0B, 0xA5, 0xE6, 0x8F, 0x30, 0xBF, 0x35, 0x7D, 0xD0, 0xDA, 0x1D, 0xBC, 0xB0, 0x52, 0xE0, 0x07,
    0xC1, 0x64, 0x70, 0x03, 0xB6, 0x46, 0x10, 0x2C, 0xAA, 0x72, 0x72, 0x03, 0x9C, 0x21, 0x78, 0xD9,
    0x20, 0x82, 0xF5, 0x6E, 0x14, 0x41, 0x0C, 0x58, 0x83, 0x50, 0x43, 0x9B, 0x09, 0x04, 0x95, 0x83,
    0x97, 0xB6, 0xCD, 0x05, 0x29, 0xA0, 0x84, 0x1F, 0xD6, 0x2D, 0x9D, 0x96, 0x55, 0x7B, 0x48, 0xA1,
    0x36, 0x13, 0x9D, 0xB5, 0x8E, 0xCA, 0x49, 0xEF, 0xD5, 0xCE, 0xD6, 0x19, 0x82, 0x1C, 0xD3, 0xD1,
    0xAC, 0x0D, 0x48, 0x11, 0xBE, 0x48, 0x48, 0xF8, 0x1A, 0x7F, 0xBF, 0x08, 0x54, 0x39, 0xC1, 0x8A,
    0x7D, 0x98, 0x52, 0x1C, 0x88, 0xD2, 0x3D, 0xB2, 0x68, 0x8F, 0xB3, 0x09, 0x75, 0x98, 0xEC, 0x14,
    0x34, 0x0B, 0x52, 0xD7, 0x05, 0xBA, 0x18, 0x6A, 0xF0, 0xE2, 0x42, 0x23, 0x86, 0x21, 0xB1, 0x58,
    0xE2, 0x42, 0x36, 0x19, 0x61, 0x48, 0x56, 0x01, 0x31, 0x3E, 0x1B, 0x61, 0x48, 0x2C, 0x67, 0x18,
    0x92, 0x3A, 0xCC, 0xB4, 0x36, 0x95, 0x51, 0x48, 0xDA, 0x63, 0xE0, 0x4C, 0x98, 0xCA, 0xC3, 0xFC,
    0xBF, 0x0C, 0x05, 0xE8, 0xBB, 0x09, 0x99, 0xD3, 0x7F, 0x62, 0xA8, 0x4F, 0xDD, 0x49, 0xA1, 0xEF,
    0x1E, 0xF1, 0xE1, 0x64, 0xB5, 0xA1, 0x08, 0xF5, 0x1C, 0x5F, 0x4E, 0xAA, 0xF8, 0x61, 0x75, 0xF2,
    0xDA, 0x72, 0x7D, 0xEB, 0xE0, 0x32, 0x72, 0x29, 0xBA, 0x8C, 0x5D, 0x9A, 0xCF, 0x43, 0x52, 0x7A,
    0x25, 0xC5, 0x57, 0x52, 0x7E, 0x25, 0x05, 0x58, 0x3A, 0x25, 0x98, 0x03, 0x7E, 0xF5, 0x37, 0x82,
    0x70, 0xCC, 0x40, 0xA6, 0x24, 0xB3, 0x6A, 0xB2, 0xE2, 0x49, 0x0A, 0xB3, 0xA4, 0x34, 0x4B, 0x8A,
    0xB3, 0xA4, 0x3C, 0x4B, 0x0A, 0xB4, 0xA4, 0x44, 0x4B, 0x8A, 0xB4, 0xA4, 0x4C, 0x4B, 0x0A, 0x35,
    0x7D, 0x03, 0xD0, 0xC7, 0x61, 0x65, 0xE5, 0x5A, 0x52, 0xB0, 0x25, 0x25, 0x5B, 0x52, 0xB4, 0x25,
    0x63, 0x9B, 0xC1, 0xCD, 0xE9, 0x46, 0x78, 0xB3, 0x0D, 0xAD, 0xE9, 0xEF, 0xE5, 0x6F, 0x19, 0xC6,
    0x75, 0x89, 0xD3, 0x74, 0xBF, 0x7A, 0xFE, 0x4A, 0xF0, 0x9D, 0x72, 0xFB, 0xB5, 0xBE, 0xF3, 0xCD,
    0x52, 0xB0, 0x0A, 0xC3, 0x56, 0xC7, 0xA9, 0xAB, 0x93, 0x42, 0xB1, 0x6D, 0xF8, 0xCC, 0xDB, 0xA5,
    0x0F, 0x69, 0x8E, 0x26, 0xDF, 0xAE, 0x43, 0x56, 0x1D, 0x36, 0xDE, 0xAD, 0x4E, 0x86, 0x7B, 0xA5,
    0x5A, 0x38, 0x76, 0x17, 0xAF, 0x3F, 0x73, 0xBC, 0x84, 0xAC, 0xE7, 0x0F, 0xC9, 0xB9, 0x42, 0x2B,
    0x77, 0xC6, 0xA1, 0x95, 0xE3, 0xA5, 0x12, 0x11, 0x27, 0x31, 0x4A, 0x74, 0x85, 0xDE, 0x71, 0x4C,
    0x16, 0x19, 0x49, 0xCC, 0xB6, 0xB6, 0x33, 0x3C, 0xB5, 0x53, 0xF7, 0x4A, 0xDB, 0x59, 0xB7, 0x3A,
    0x82, 0xC0, 0xE8, 0xA2, 0xD1, 0xC2, 0x17, 0xA7, 0xC1, 0xBA, 0xCF, 0xB1, 0xEC, 0x3B, 0x46, 0xD7,
    0xDB, 0xEC, 0x09, 0x23, 0xE9, 0xC1, 0xFA, 0x3E, 0xA4, 0x20, 0x6C, 0x35, 0xFF, 0x67, 0xD1, 0x7C,
    0x73, 0x37, 0x4F, 0x9C, 0xEF, 0xFA, 0x73, 0x81, 0xD2, 0xF0, 0x85, 0x57, 0x50, 0x88, 0x6F, 0x35,
    0x5B, 0xD4, 0x35, 0x01, 0xF4, 0x4E, 0xCB, 0x69, 0xA9, 0x67, 0x4B, 0x16, 0x10, 0x47, 0x52, 0x88,
    0x14, 0x82, 0xC4, 0x7E, 0xA0, 0xF4, 0x1F, 0x3C, 0xDD, 0x5B, 0xDB, 0x7E, 0x66, 0x2F, 0x8D, 0xDE,
    0x0A, 0x46, 0x66, 0xBA, 0xAF, 0x72, 0xBE, 0x7B, 0xAB, 0xAE, 0xDC, 0xBC, 0x53, 0x9B, 0x0E, 0xC9,
    0x5F, 0xD8, 0x4F, 0x4A, 0xDF, 0x1A, 0xCE, 0x76, 0x09, 0x1B, 0x44, 0xCD, 0xE5, 0x87, 0xBD, 0xAD,
    0x0F, 0x2D, 0xBE, 0x7F, 0x44, 0xA5, 0xBF, 0x12, 0x63, 0x0B, 0xC5, 0x72, 0xAD, 0x95, 0xCD, 0x3E,
    0xED, 0x74, 0xAC, 0xEF, 0x39, 0x16, 0x57, 0xD0, 0x00, 0x25, 0xF5, 0x43, 0x3B, 0x61, 0xC8, 0xF8,
    0x2D, 0x90, 0x83, 0x5C, 0x2A, 0x21, 0x71, 0x40, 0xEC, 0xC5, 0x48, 0xF6, 0xD6, 0x84, 0x98, 0xDE,
    0x2F, 0x26, 0xC0, 0xF6, 0xCA, 0xDA, 0x8B, 0x20, 0xA8, 0x85, 0x5B, 0xB5, 0x79, 0x63, 0x5E, 0xB0,
    0x5F, 0xF0, 0x9B, 0x3D, 0xED, 0xF0, 0x05, 0xE2, 0x96, 0x8B, 0xA1, 0xD0, 0x4D, 0x4A, 0xE2, 0xB3,
    0x95, 0x9A, 0x98, 0x35, 0x86, 0xB4, 0xFC, 0x55, 0x97, 0x7F, 0x52, 0x2C, 0xDD, 0x84, 0x99, 0x71,
    0xE3, 0xBB, 0xE5, 0xCE, 0xDF, 0x8F, 0xFD, 0x05, 0xE3, 0x97, 0xC1, 0x46, 0x05, 0x4B, 0xEB, 0x7A,
    0x2A, 0xEC, 0x4D, 0x66, 0xB0, 0xF4, 0x03, 0xEB, 0x15, 0xF7, 0x70, 0xA9, 0x1A, 0xAC, 0x26, 0x64,
    0x28, 0xC4, 0x93, 0x94, 0xC8, 0x0B, 0xAC, 0x8B, 0xD7, 0x17, 0x1E, 0x5E, 0x78, 0xF8, 0x1F, 0xE2,
    0xE1, 0xCB, 0xF7, 0x8A, 0xBA, 0xC9, 0xFA, 0x40, 0xAA, 0x5C, 0x67, 0xC7, 0x65, 0x16, 0x0F, 0xD6,
    0x93, 0xD4, 0x77, 0x35, 0xC8, 0xFC, 0xD2, 0xF4, 0xF2, 0xE7, 0x0A, 0xB8, 0x95, 0xEE, 0xC6, 0x16,
    0xA1, 0xBB, 0xB1, 0x6D, 0xE8, 0x4F, 0x1F, 0x38, 0xC5, 0xD0, 0xE4, 0xFD, 0xE2, 0xBB, 0x47, 0x0D,
    0x04, 0x17, 0x30, 0x3E, 0x37, 0x18, 0x87, 0x74, 0x66, 0xE0, 0xAB, 0x7D, 0x8A, 0x6B, 0x9C, 0x91,
    0x41, 0x0C, 0x37, 0x84, 0xC7, 0xC2, 0x62, 0x9F, 0x7D, 0x5C, 0x60, 0x77, 0x81, 0xDD, 0xD3, 0xC2,
    0xCE, 0xAA, 0xD3, 0x2A, 0xD6, 0xAA, 0xD8, 0x2A, 0xDB, 0x84, 0x3A, 0xFC, 0xBF, 0xE5, 0x29, 0x8A,
    0xFB, 0x02, 0xB2, 0x67, 0x04, 0xD9, 0x9F, 0xED, 0x59, 0x3B, 0x92, 0xDB, 0x46, 0x10, 0x6D, 0x80,
    0x55, 0x84, 0x4B, 0x08, 0x98, 0xEF, 0x06, 0xCC, 0x95, 0xF0, 0x08, 0xC0, 0x11, 0x1C, 0xE8, 0x14,
    0x2A, 0x57, 0xE9, 0x08, 0xC0, 0x0D, 0xBC, 0x47, 0x70, 0xA0, 0x40, 0xDE, 0x43, 0x18, 0x3C, 0x02,
    0x8E, 0x80, 0x60, 0x13, 0x47, 0x46, 0x80, 0x00, 0xEB, 0x02, 0xD0, 0x9E, 0x4F, 0xFF, 0xB0, 0xA2,
    0x56, 0xDC, 0xD5, 0xC7, 0x2B, 0x9B, 0x53, 0x12, 0xF5, 0x46, 0x20, 0x80, 0xEE, 0xD7, 0xDD, 0x6F,
    0xA6, 0x87, 0x00, 0xAF, 0x3E, 0x00, 0x24, 0xB7, 0x25, 0xB8, 0x91, 0x21, 0xC0, 0x06, 0x3D, 0x82,
    0x04, 0x6B, 0xD8, 0x4D, 0x01, 0x42, 0xD3, 0xC2, 0x61, 0x88, 0xB0, 0xE8, 0xA1, 0xEA, 0x22, 0xDC,
    0x4D, 0x09, 0x1E, 0x23, 0xCC, 0x16, 0xBA, 0x0B, 0x20, 0xC5, 0x5F, 0x67, 0x82, 0xD0, 0xFC, 0x35,
    0x30, 0x2C, 0xB0, 0x63, 0xB8, 0xE3, 0xBB, 0xE2, 0xFB, 0x68, 0x24, 0x6F, 0xE0, 0xCB, 0xC6, 0x3B,
    0x44, 0xBC, 0x0B, 0x28, 0x47, 0x3F, 0xEA, 0x60, 0x41, 0x80, 0x63, 0x78, 0x55, 0x1C, 0x0E, 0xEE,
    0x09, 0xB6, 0x00, 0x95, 0xFF, 0x70, 0xFF, 0xD1, 0x03, 0xE0, 0x1C, 0xDD, 0x9E, 0x1C, 0x03, 0x7D,
    0x78, 0x4E, 0xB5, 0xB8, 0xBB, 0x8E, 0x64, 0xB3, 0xFF, 0x43, 0x36, 0xD7, 0x7B, 0xF2, 0x70, 0x83,
    0xC7, 0x82, 0x28, 0x4A, 0xB0, 0x2D, 0x46, 0xB2, 0x04, 0xBB, 0xAA, 0x17, 0xD8, 0x30, 0x6C, 0xFA,
    0xA6, 0x13, 0x28, 0x6C, 0x54, 0x9D, 0x12, 0x03, 0xC1, 0x98, 0x1F, 0x1F, 0x8A, 0x6F, 0xEA, 0xE6,
    0xCA, 0xF9, 0xA6, 0x3F, 0x45, 0x14, 0xD3, 0xE7, 0x99, 0x9C, 0x84, 0xDF, 0xFD, 0x22, 0xAC, 0x73,
    0x00, 0xDC, 0xBF, 0x1C, 0x96, 0xC3, 0x22, 0xC1, 0x6A, 0x26, 0x0E, 0x61, 0x86, 0x83, 0x0F, 0xEC,
    0x5D, 0x08, 0x7F, 0xA7, 0xE1, 0xAE, 0xFD, 0x03, 0xC3, 0x58, 0x34, 0x35, 0x7A, 0x49, 0x98, 0x25,
    0x54, 0x00, 0x5C, 0x21, 0xFE, 0x7D, 0x13, 0xC0, 0x7B, 0x80, 0xED, 0x6D, 0xC8, 0xF3, 0xF8, 0x37,
    0x54, 0x46, 0x31, 0x50, 0x6D, 0x34, 0x6D, 0xAC, 0x8C, 0x24, 0x26, 0x5A, 0xD1, 0x53, 0x05, 0xEC,
    0x26, 0xAA, 0x9A, 0x6C, 0xA1, 0x9A, 0x49, 0x90, 0x7D, 0x6F, 0xE2, 0x77, 0x7D, 0x35, 0x70, 0x2D,
    0x4C, 0x9C, 0xFE, 0x3F, 0x3F, 0x23, 0xE5, 0xAF, 0xC9, 0xEA, 0xD4, 0xDB, 0xEF, 0x5F, 0x76, 0xE0,
    0x14, 0x8F, 0xCE, 0x1D, 0xE3, 0x15, 0xEF, 0x65, 0x20, 0x65, 0xEB, 0x2A, 0x61, 0x17, 0x6C, 0xA8,
    0x66, 0xCF, 0x9D, 0x4F, 0xFD, 0x05, 0x22, 0xDB, 0x8E, 0xD5, 0x6A, 0xA0, 0x9A, 0x8C, 0x01, 0xDA,
    0x60, 0x19, 0xE3, 0x27, 0xC0, 0xC6, 0xF9, 0xBB, 0x01, 0x27, 0x32, 0xF1, 0xED, 0xA9, 0x01, 0x6C,
    0x61, 0xCD, 0x36, 0x97, 0xE2, 0x45, 0xF4, 0xCB, 0x7D, 0x46, 0x4F, 0x5D, 0x5E, 0xE4, 0x78, 0x1F,
    0xB3, 0x82, 0xD8, 0xE8, 0x98, 0x9F, 0x9A, 0x92, 0x63, 0x61, 0x0E, 0xC3, 0xE3, 0xB7, 0x0D, 0xFE,
    0x1E, 0xDE, 0xFF, 0xD6, 0x5D, 0xDF, 0xBE, 0x67, 0xD9, 0x63, 0x09, 0xDC, 0x4F, 0xC0, 0x12, 0x98,
    0x2F, 0xC0, 0x12, 0x98, 0x62, 0x29, 0x12, 0x88, 0xC7, 0x1D, 0x4B, 0x60, 0xD1, 0xB3, 0x70, 0xC2,
    0x7E, 0x64, 0xE1, 0x74, 0xF7, 0x89, 0x04, 0x6E, 0x50, 0x25, 0x10, 0x45, 0x38, 0xA1, 0x1A, 0x05,
    0x5E, 0xDD, 0xC0, 0xD7, 0x19, 0xD1, 0xF9, 0x3F, 0x15, 0x86, 0x12, 0x21, 0x88, 0xA5, 0xC2, 0x4E,
    0xE1, 0xC4, 0x51, 0xB8, 0xF6, 0x76, 0x52, 0x64, 0x2A, 0x67, 0x3D, 0xC1, 0xDC, 0x7D, 0x99, 0x60,
    0xE2, 0x08, 0xE6, 0xD0, 0x39, 0xD2, 0x19, 0x16, 0x0A, 0x5D, 0xAE, 0x31, 0x74, 0x71, 0x62, 0x98,
    0x2B, 0xDC, 0x58, 0x58, 0xFE, 0x3F, 0xA0, 0x78, 0x9C, 0x9D, 0xA4, 0xC4, 0x10, 0x65, 0xE8, 0x3B,
    0x28, 0xA9, 0x95, 0x42, 0x0D, 0x40, 0xE6, 0x2A, 0x9E, 0xE0, 0x41, 0x82, 0xB5, 0xF5, 0x41, 0xE6,
    0xC0, 0xCE, 0x1A, 0xE3, 0x81, 0xCB, 0x21, 0x14, 0x44, 0x81, 0xB2, 0x64, 0xC6, 0x75, 0xF4, 0xBE,
    0xD4, 0x14, 0xBA, 0x75, 0x5F, 0x78, 0xFD, 0x9B, 0x29, 0x4F, 0xD5, 0xEF, 0x47, 0x27, 0x8D, 0x9D,
    0xE0, 0x6A, 0x62, 0x84, 0x25, 0xB5, 0x95, 0x9F, 0x49, 0x89, 0xB8, 0xC9, 0x8E, 0x85, 0xD3, 0x4F,
    0x2A, 0xD4, 0x45, 0x27, 0xD5, 0x9A, 0x41, 0x27, 0xC5, 0xA3, 0x59, 0x8E, 0x9A, 0xD6, 0x4C, 0x8A,
    0x32, 0xE6, 0x70, 0x60, 0xE8, 0x27, 0x2E, 0xF7, 0x9A, 0x5E, 0x18, 0x44, 0xA0, 0x97, 0xEC, 0xF6,
    0x79, 0xCF, 0xDA, 0x23, 0x3B, 0x05, 0x1F, 0xAB, 0x31, 0x70, 0xD2, 0xEA, 0x26, 0x86, 0x26, 0x7B,
    0x8C, 0xA2, 0x1E, 0x26, 0xC5, 0x1C, 0xAF, 0xC7, 0xC9, 0x18, 0xC3, 0xD1, 0xC6, 0xF5, 0x30, 0x3E,
    0x26, 0xAE, 0x1C, 0x7D, 0x94, 0x8D, 0x56, 0x97, 0xCC, 0xC4, 0x4E, 0x28, 0x68, 0x64, 0xD4, 0xCB,
    0x9A, 0xAC, 0x0C, 0x4D, 0xAD, 0x3F, 0x2B, 0xE7, 0x72, 0x72, 0x7B, 0xB0, 0x84, 0x4C, 0x86, 0xAA,
    0x03, 0x82, 0x92, 0x18, 0x18, 0xCD, 0x68, 0x92, 0x79, 0xAE, 0xAB, 0x39, 0x4E, 0xA2, 0x6C, 0x8F,
    0x64, 0x48, 0xC8, 0xD5, 0xCE, 0x46, 0x8E, 0xAB, 0x29, 0x0D, 0x79, 0xCB, 0x49, 0x74, 0xC5, 0x2B,
    0xBA, 0x0A, 0xDE, 0x9D, 0xC1, 0xD1, 0x78, 0x34, 0x1B, 0x02, 0x34, 0xC1, 0x66, 0x3C, 0x82, 0x0A,
    0xE0, 0x02, 0x46, 0x01, 0x6B, 0xC1, 0xC1, 0x31, 0xC2, 0x61, 0x33, 0x62, 0xCA, 0xD1, 0xAA, 0xA0,
    0x2D, 0x5E, 0x2D, 0xEF, 0xD9, 0xE0, 0x05, 0xAC, 0x02, 0x9C, 0xC4, 0xD9, 0x37, 0xC1, 0x34, 0x8E,
    0xCF, 0xC1, 0x5F, 0xDF, 0x9E, 0x4F, 0xF9, 0x6E, 0xF9, 0xB1, 0x78, 0x3F, 0x9F, 0xE6, 0xD6, 0x72,
    0x6E, 0x62, 0x91, 0x9A, 0x18, 0xE5, 0x26, 0x76, 0x7E, 0x55, 0x03, 0xCE, 0x3E, 0x84, 0xD5, 0x1A,
    0x28, 0xB8, 0x87, 0x95, 0x58, 0xB2, 0x5A, 0x0E, 0xDA, 0x76, 0xDC, 0xAF, 0xD5, 0xF2, 0xE1, 0xEE,
    0xF8, 0x2C, 0x24, 0xAF, 0x3D, 0x1B, 0x9D, 0xF7, 0x64, 0x16, 0x40, 0xA3, 0x7E, 0x2A, 0x7D, 0xA2,
    0x7B, 0x2A, 0x7A, 0xAA, 0x78, 0x2A, 0x77, 0xAA, 0x75, 0x2A, 0x74, 0xAA, 0x72, 0x2A, 0x71, 0xAA,
    0x6F, 0x2A, 0x6E, 0xAA, 0x6C, 0x2A, 0x2A, 0xDF, 0x0F, 0xA9, 0x05, 0xA9, 0xD8, 0xA7, 0x96, 0xFA,
    0x54, 0x50, 0xA5, 0x52, 0x99, 0x52, 0x8D, 0x52, 0x81, 0x52, 0x75, 0x32, 0xD2, 0xA4, 0xBA, 0xA4,
    0xA2, 0x64, 0x14, 0x49, 0xE5, 0x68, 0x15, 0xBE, 0x4F, 0x80, 0xE7, 0xEF, 0xEF, 0xDC, 0xD2, 0xCE,
    0x60, 0x79, 0x0C, 0xB4, 0xFF, 0xDA, 0x86, 0xFE, 0xC9, 0x80, 0xE5, 0xE6, 0x2C, 0xF0, 0xE3, 0xF9,
    0xA5, 0xF1, 0xAA, 0x18, 0x14, 0x0C, 0x72, 0x59, 0xA0, 0x36, 0x2C, 0x3F, 0x8F, 0x80, 0x67, 0x8E,
    0x8F, 0xDA, 0xC8, 0xFD, 0xBA, 0x8D, 0x6C, 0x1F, 0xB4, 0x91, 0xA9, 0xCB, 0xD1, 0x28, 0x08, 0xC5,
    0x42, 0xED, 0x96, 0xDB, 0xA6, 0xC6, 0x92, 0xC9, 0xB8, 0x25, 0xDB, 0x70, 0x93, 0xE6, 0xDB, 0xB6,
    0x7E, 0xD5, 0xC8, 0x39, 0x0A, 0xA4, 0x36, 0x4F, 0x00, 0x96, 0x9F, 0xB3, 0xC0, 0x93, 0x08, 0xEF,
    0x48, 0x96, 0xC5, 0x8C, 0x86, 0x0D, 0x8B, 0x36, 0xA7, 0x7C, 0x9E, 0xE3, 0x8C, 0x67, 0xBF, 0x4A,
    0xF2, 0xD4, 0x1F, 0x3A, 0xDC, 0xFB, 0x4D, 0xF4, 0xCC, 0x6C, 0x0C, 0xCA, 0x8F, 0x32, 0x96, 0xC8,
    0x72, 0xC0, 0x6D, 0x64, 0xFA, 0xC1, 0x7D, 0xBC, 0xF6, 0x87, 0x0F, 0xFE, 0xD1, 0xC5, 0xD1, 0x80,
    0xD4, 0x2B, 0x68, 0x53, 0xFB, 0xBB, 0xBC, 0x39, 0x65, 0xE8, 0x1D, 0xE9, 0x00, 0xCE, 0x75, 0x80,
    0xEF, 0x66, 0xA0, 0x9E, 0x7E, 0xE4, 0xF5, 0xA5, 0xE3, 0x5D, 0x69, 0x49, 0x91, 0xBB, 0xBB, 0xA8,
    0xC4, 0x45, 0x25, 0x54, 0x25, 0x5E, 0xF9, 0xE6, 0x2C, 0x1C, 0x5A, 0xF9, 0xCC, 0x46, 0x0B, 0x72,
    0x5F, 0xB9, 0x3E, 0xA9, 0x33, 0x97, 0x7E, 0x9B, 0x99, 0xCE, 0xB3, 0xC2, 0x01, 0x54, 0x82, 0x5D,
    0xD2, 0x0C, 0xBC, 0xB9, 0xEE, 0x38, 0xEB, 0x6A, 0xDA, 0x0B, 0xCD, 0x7C, 0xC0, 0x7A, 0x73, 0xD1,
    0x96, 0x97, 0xA5, 0x2D, 0x6E, 0xFC, 0x21, 0x07, 0x49, 0x47, 0x90, 0x23, 0x19, 0x6A, 0x4C, 0xFA,
    0x07, 0x40, 0x2E, 0xC9, 0x97, 0xE5, 0xF6, 0xCB, 0x7E, 0xE3, 0xA2, 0x24, 0x2B, 0x25, 0x71, 0x19,
    0x3B, 0xCA, 0x0F, 0x36, 0x04, 0x0E, 0x7A, 0x7E, 0x7D, 0x7C, 0x00, 0xE4, 0x92, 0x7C, 0x39, 0x1D,
    0xBF, 0xE4, 0xB0, 0xF2, 0xA2, 0x1B, 0xDF, 0x50, 0x37, 0xF4, 0x10, 0x50, 0x52, 0xE1, 0x73, 0xE8,
    0x69, 0x0D, 0xEC, 0x4B, 0x43, 0x72, 0x60, 0x71, 0x36, 0xFA, 0x4F, 0xF8, 0x6B, 0xE3, 0x2B, 0xB5,
    0x0E, 0x52, 0xEC, 0x60, 0xAB, 0x3D, 0x56, 0xF1, 0xF8, 0xD1, 0xC3, 0xE4, 0x57, 0x0D, 0xC8, 0xE5,
    0xA8, 0x75, 0x2F, 0x3D, 0xEA, 0x41, 0x7F, 0xE0, 0xED, 0xCF, 0x44, 0xF2, 0x8A, 0xFD, 0x02, 0xBF,
    0xB0, 0x66, 0x70, 0xD7, 0x9B, 0x99, 0xF3, 0x0C, 0x41, 0xD7, 0x78, 0xF3, 0x0F, 0xED, 0x59, 0x3B,
    0x92, 0x9C, 0x48, 0x10, 0x2D, 0x20, 0x34, 0x44, 0x08, 0x03, 0x5F, 0x32, 0xF0, 0x25, 0xA3, 0x8F,
    0x00, 0xDE, 0x5E, 0x40, 0xF2, 0xD7, 0x96, 0x0C, 0x1D, 0x01, 0x8E, 0xA0, 0x23, 0xC8, 0x18, 0x43,
    0x33, 0x97, 0x00, 0x6F, 0x5D, 0x6E, 0x20, 0x0C, 0xF9, 0x8B, 0xD1, 0x06, 0xBB, 0x01, 0xA4, 0x32,
    0x2B, 0x3F, 0xD5, 0xEA, 0x68, 0xCD, 0x74, 0xCF, 0xAC, 0x62, 0xF5, 0xA1, 0x0C, 0xCD, 0x1B, 0x15,
    0x55, 0x95, 0x9F, 0x57, 0x2F, 0x73, 0xC0, 0xB9, 0xE7, 0x00, 0x6B, 0xE5, 0x9C, 0x8B, 0x01, 0xC7,
    0x1E, 0x41, 0x41, 0x00, 0x10, 0xB4, 0x1E, 0xF4, 0x3C, 0x03, 0x30, 0xBA, 0x94, 0xE6, 0x63, 0x98,
    0x5D, 0x0E, 0x1D, 0xCE, 0x97, 0xAB, 0xDB, 0xAD, 0xF8, 0x13, 0x7F, 0x75, 0xE5, 0x4C, 0x20, 0x85,
    0xA6, 0xA6, 0x2D, 0x5C, 0x02, 0x5D, 0x3B, 0x3A, 0xBF, 0x6B, 0x07, 0x1E, 0x44, 0x08, 0x06, 0x02,
    0x0E, 0x7A, 0xDC, 0xF3, 0x9B, 0x40, 0xC6, 0x79, 0x80, 0x57, 0xD1, 0xBA, 0x33, 0x00, 0x9F, 0x7E,
    0xDB, 0x98, 0x19, 0xAD, 0x18, 0xD6, 0xB3, 0xCD, 0x68, 0x2A, 0x7B, 0x81, 0xC6, 0xAB, 0x5F, 0x95,
    0x78, 0x0A, 0xE8, 0xDA, 0x3F, 0xCE, 0x5D, 0xC1, 0xA2, 0xD1, 0x98, 0x34, 0x3E, 0x83, 0x46, 0xAC,
    0xA2, 0xBD, 0x78, 0x06, 0x9F, 0xC4, 0xC9, 0x86, 0x0F, 0xCE, 0x17, 0xB1, 0xA0, 0xDC, 0x0B, 0x68,
    0xCD, 0xA6, 0x8E, 0x7F, 0xC6, 0xB4, 0x98, 0x8F, 0x76, 0x67, 0x80, 0x46, 0x57, 0x0D, 0x99, 0xEC,
    0x03, 0x32, 0x59, 0x2B, 0x28, 0x14, 0x44, 0x2D, 0xD9, 0x13, 0xDF, 0xE0, 0x3F, 0x6F, 0x2A, 0xDE,
    0x85, 0x4F, 0xC3, 0xB3, 0x53, 0xEF, 0x65, 0x3D, 0xB8, 0xDC, 0xFB, 0xBD, 0xDB, 0xBB, 0x72, 0x14,
    0x8B, 0xD9, 0xC4, 0x04, 0x22, 0x3E, 0x2C, 0x82, 0xBF, 0x56, 0x39, 0xE1, 0xEF, 0x99, 0xC1, 0x8E,
    0xF3, 0x4A, 0x51, 0xEA, 0x8F, 0x0C, 0x8B, 0x6E, 0xDC, 0xA5, 0x43, 0x73, 0xBA, 0x28, 0x58, 0xEF,
    0x02, 0x17, 0xE5, 0xFD, 0xFF, 0x05, 0x32, 0xBA, 0xB3, 0xC0, 0xCF, 0xE7, 0x57, 0xC8, 0x57, 0xAD,
    0xA0, 0x54, 0x90, 0x29, 0x70, 0x4F, 0x3F, 0x22, 0xEB, 0x6E, 0x71, 0x59, 0xB6, 0xC8, 0x7D, 0x20,
    0x1E, 0xEE, 0x26, 0xB9, 0x03, 0xF5, 0x20, 0x3C, 0xE4, 0xFB, 0x50, 0x4C, 0xC2, 0xF5, 0x6C, 0xC9,
    0x16, 0x61, 0x56, 0x31, 0xE9, 0xB9, 0xA3, 0x32, 0xBD, 0x53, 0x1E, 0x56, 0x47, 0xF7, 0x2C, 0x7A,
    0xE5, 0x2E, 0x1F, 0x9B, 0x0C, 0x76, 0x0F, 0x91, 0xC1, 0x7D, 0x88, 0x4F, 0x88, 0x58, 0xA4, 0x31,
    0x24, 0x19, 0x54, 0x2D, 0xF0, 0xF9, 0xE7, 0x91, 0x69, 0xCA, 0x68, 0x8D, 0x1A, 0x86, 0xBB, 0x8F,
    0xA6, 0x06, 0x9F, 0x66, 0x5D, 0x05, 0x7F, 0xAC, 0xBA, 0x6A, 0x35, 0x99, 0x2C, 0x66, 0x93, 0x4E,
    0x54, 0xAC, 0x72, 0x34, 0x1F, 0x8B, 0xD9, 0xF4, 0x34, 0xE3, 0x75, 0xA4, 0x71, 0x09, 0xAF, 0x7B,
    0x42, 0xBC, 0x78, 0x5D, 0xB9, 0x47, 0x8C, 0xB7, 0xE8, 0xD8, 0x67, 0xF1, 0x41, 0xBC, 0xD6, 0x00,
    0xCC, 0x3E, 0x64, 0xA0, 0xA5, 0xA0, 0x10, 0x38, 0x10, 0x55, 0x7B, 0xEF, 0x29, 0x52, 0x18, 0x16,
    0x8E, 0xF5, 0x82, 0x8F, 0x8E, 0xE2, 0x35, 0xC6, 0xB4, 0x13, 0x21, 0x6D, 0x72, 0x50, 0x29, 0xED,
    0x0A, 0xA1, 0x33, 0xD6, 0xA7, 0x72, 0xB6, 0xE4, 0x95, 0x93, 0xD6, 0x90, 0xB1, 0xD6, 0x70, 0xD5,
    0x63, 0x3B, 0x5A, 0x89, 0x69, 0x07, 0x83, 0xA0, 0xF0, 0xC5, 0xB5, 0xC1, 0x03, 0x26, 0x7C, 0x0F,
    0x98, 0xFA, 0xCC, 0x9F, 0x07, 0x93, 0x00, 0xC5, 0xDE, 0x4B, 0xE0, 0x70, 0x0A, 0x9A, 0xF3, 0x07,
    0x21, 0xA9, 0x43, 0xA0, 0xDA, 0xD1, 0xC2, 0x87, 0x91, 0x9C, 0x95, 0x61, 0x7D, 0xB1, 0x5A, 0xD4,
    0x35, 0x01, 0x19, 0x34, 0x9A, 0x96, 0x1D, 0x58, 0xB2, 0xDA, 0x45, 0x53, 0x98, 0x52, 0x36, 0x6B,
    0xCF, 0x85, 0x9A, 0x26, 0x35, 0xDD, 0x9D, 0xB8, 0x48, 0xAA, 0x67, 0xD4, 0xD8, 0x1B, 0x61, 0x56,
    0x66, 0xDF, 0x33, 0x80, 0x7F, 0xDF, 0x8B, 0x6A, 0x69, 0x6E, 0x77, 0xCA, 0xF3, 0x5A, 0xCB, 0xA8,
    0xD0, 0x0B, 0x4F, 0x17, 0x86, 0x67, 0x4B, 0xCE, 0xF6, 0x17, 0x13, 0x97, 0x6E, 0xA4, 0xBE, 0xDC,
    0x09, 0x7C, 0xD4, 0x9B, 0x1B, 0xE3, 0x62, 0x2F, 0xA7, 0xA9, 0x0A, 0x2C, 0x1D, 0xE0, 0xA5, 0xF1,
    0xD9, 0xB5, 0xF4, 0x01, 0x17, 0x0B, 0xE3, 0x67, 0xBA, 0x35, 0xFE, 0xC2, 0x57, 0x74, 0xC7, 0x3C,
    0xAD, 0x11, 0x78, 0xE7, 0x66, 0xE8, 0x23, 0xAD, 0xCA, 0x09, 0x05, 0x05, 0xDD, 0xEF, 0x59, 0x2E,
    0x5A, 0x8C, 0x2C, 0x70, 0x04, 0x85, 0xC2, 0x19, 0x82, 0x89, 0x5D, 0xEA, 0x6B, 0x11, 0xC6, 0xD0,
    0x86, 0x05, 0x61, 0x3C, 0x47, 0x21, 0xFF, 0x0B, 0x60, 0x87, 0xC6, 0x0A, 0x12, 0xB5, 0x27, 0xD5,
    0xB6, 0x30, 0x57, 0xE3, 0x51, 0xAA, 0x38, 0x47, 0x35, 0x39, 0xD8, 0x78, 0x99, 0xEB, 0x33, 0x4A,
    0x2E, 0x46, 0xA4, 0x4F, 0xAC, 0x35, 0xE1, 0xF6, 0x10, 0xC1, 0x4E, 0xD5, 0x39, 0xF5, 0x74, 0xA0,
    0x23, 0x5F, 0x92, 0x20, 0x9C, 0x21, 0xD3, 0x51, 0xE8, 0x0C, 0x3B, 0x2A, 0x9E, 0xCC, 0xCD, 0x55,
    0x8A, 0x4B, 0x06, 0x52, 0x6E, 0x52, 0x2D, 0x40, 0x89, 0x96, 0x24, 0x67, 0xB2, 0x5C, 0x7F, 0x2D,
    0xCB, 0x95, 0x94, 0xB6, 0xE9, 0xB0, 0xD8, 0xB9, 0x98, 0xF6, 0x66, 0x61, 0x4E, 0xC8, 0x49, 0x38,
    0x86, 0x31, 0x32, 0x27, 0x5A, 0xC5, 0x26, 0x9C, 0x59, 0xAC, 0x71, 0x55, 0xE2, 0xB6, 0x7B, 0x57,
    0x4F, 0xAA, 0xE0, 0x10, 0x9A, 0x42, 0x08, 0x2E, 0xC0, 0x1A, 0xC8, 0xF4, 0xDE, 0xB9, 0x4D, 0x80,
    0x7F, 0x0C, 0x01, 0x4E, 0x37, 0x01, 0x76, 0x4F, 0x3F, 0xC8, 0x25, 0xC8, 0x47, 0xE1, 0xBD, 0x81,
    0x0C, 0x57, 0xA5, 0x64, 0x6E, 0x4A, 0x0A, 0xBA, 0x97, 0xA6, 0xD5, 0x4B, 0x71, 0x4C, 0xA2, 0x37,
    0x68, 0x1F, 0xDC, 0x29, 0xF7, 0x95, 0x97, 0xE2, 0xE3, 0xBB, 0xB5, 0x72, 0x9B, 0xDC, 0xFE, 0x74,
    0x72, 0x7B, 0xF3, 0xFD, 0xE4, 0x16, 0xFF, 0x73, 0xB2, 0x4C, 0x2B, 0xD3, 0x7D, 0xC6, 0x9A, 0xD0,
    0x05, 0x77, 0x27, 0xE0, 0xC1, 0x03, 0x07, 0xCB, 0x0E, 0x36, 0x7B, 0xF4, 0xD8, 0x84, 0xF5, 0x6E,
    0x98, 0x07, 0xB1, 0xBC, 0x17, 0x66, 0x9B, 0xB0, 0x1E, 0xB2, 0xD3, 0x18, 0x6B, 0x2C, 0x36, 0x66,
    0x97, 0xE1, 0xAF, 0xF8, 0xE6, 0xE8, 0xE1, 0xC7, 0x91, 0x7B, 0x93, 0xD1, 0x5F, 0x59, 0x46, 0x37,
    0xB1, 0xBA, 0x1B, 0x66, 0x27, 0xB5, 0xE8, 0x34, 0xDC, 0xBA, 0xC0, 0x8B, 0xC7, 0x55, 0x78, 0x95,
    0x95, 0xC2, 0x3D, 0x30, 0x83, 0x53, 0x05, 0x3F, 0x5F, 0x43, 0xED, 0x5F, 0x0C, 0xD6, 0x4A, 0x30,
    0x64, 0xDB, 0x14, 0x36, 0x18, 0x43, 0x17, 0xD0, 0x85, 0xBD, 0xAC, 0xB7, 0x4C, 0xC3, 0x06, 0xF1,
    0x18, 0x8C, 0x3C, 0xEC, 0x3D, 0xFF, 0xD4, 0x79, 0xFD, 0x02, 0x61, 0x6F, 0x1D, 0x4A, 0xB0, 0x17,
    0xBA, 0x47, 0x27, 0x27, 0x9A, 0x50, 0x4D, 0x40, 0xB0, 0xDF, 0xAC, 0xB7, 0x57, 0xAE, 0xC5, 0x7C,
    0x3F, 0xE0, 0xBF, 0x63, 0x37, 0xF9, 0xFE, 0xED, 0x5F, 0x3A, 0x20, 0x15, 0xEC, 0xD6, 0x99, 0x12,
    0xC8, 0x85, 0xE6, 0xF7, 0x05, 0xF2, 0x58, 0xBA, 0x1A, 0xF5, 0x66, 0x7D, 0xC9, 0x5B, 0x8E, 0xFA,
    0x29, 0xA0, 0xED, 0xE5, 0xEB, 0x40, 0x0C, 0x8D, 0x7C, 0x30, 0xA0, 0x7B, 0xC7, 0x4B, 0x88, 0xE0,
    0xFC, 0x59, 0x81, 0xBE, 0xBA, 0xF1, 0x97, 0x86, 0x17, 0x78, 0xEA, 0xD5, 0xF5, 0x43, 0xBA, 0x89,
    0x5B, 0xFD, 0xE2, 0x76, 0xAB, 0xB1, 0x4A, 0xE1, 0x97, 0x46, 0x97, 0x8F, 0xDF, 0x23, 0x2E, 0x86,
    0xBE, 0x00, 0xED, 0x59, 0x3D, 0x72, 0xD4, 0x30, 0x14, 0xD6, 0xCA, 0x33, 0xF1, 0x4C, 0x5C, 0xB8,
    0x87, 0xC2, 0xD4, 0x34, 0x3E, 0x82, 0xF7, 0x46, 0x1C, 0xC1, 0x3E, 0xC2, 0x1E, 0x81, 0x82, 0x02,
    0xB6, 0xE1, 0x06, 0xC8, 0x47, 0x30, 0x34, 0x14, 0x34, 0xBE, 0x01, 0x2E, 0x5C, 0x2C, 0x33, 0xB2,
    0x1E, 0xEF, 0x4F, 0xF2, 0x86, 0x64, 0x60, 0x13, 0x20, 0x90, 0x64, 0xBD, 0x63, 0xBD, 0xCF, 0x5E,
    0x49, 0x96, 0x9F, 0xDE, 0xBF, 0x8D, 0x31, 0x97, 0x3B, 0xC3, 0x47, 0x73, 0x10, 0xEA, 0x16, 0x26,
    0x1B, 0x80, 0x2D, 0xD1, 0x3C, 0x40, 0x4F, 0xB4, 0xF4, 0xCD, 0xC4, 0xDD, 0xA6, 0x8A, 0x3B, 0xBA,
    0xA1, 0x58, 0xB8, 0x5B, 0x97, 0x01, 0x52, 0x6A, 0xA8, 0x63, 0xE9, 0x8D, 0x69, 0x47, 0x63, 0xEA,
    0x59, 0xCE, 0x97, 0x38, 0xFB, 0xC5, 0x1B, 0x73, 0xEA, 0xB1, 0xEF, 0x84, 0xC2, 0x70, 0xEF, 0xD4,
    0x41, 0xD8, 0x22, 0x2D, 0x01, 0x60, 0x46, 0xEA, 0x90, 0x06, 0x03, 0x9F, 0x80, 0x8E, 0x0E, 0xBE,
    0x30, 0x1D, 0x81, 0xB8, 0x62, 0x61, 0xA2, 0x3E, 0xC8, 0x83, 0x03, 0x30, 0x73, 0x1A, 0x0F, 0xC0,
    0x3C, 0x5A, 0x80, 0x99, 0x57, 0x06, 0xF0, 0x44, 0x0B, 0xE9, 0x66, 0x72, 0x80, 0x49, 0xE9, 0xA8,
    0x74, 0x78, 0xD8, 0xD4, 0x5C, 0xBE, 0xD5, 0x1D, 0x7B, 0xF9, 0x9A, 0xDE, 0x5B, 0x2F, 0xDA, 0xE9,
    0xDE, 0x2E, 0xE0, 0x77, 0x8F, 0x7F, 0xB2, 0x6A, 0x53, 0xA6, 0xE7, 0xDF, 0xF5, 0xE2, 0x9F, 0xAC,
    0xFA, 0xE1, 0x5F, 0xD8, 0x7D, 0xB4, 0x31, 0x39, 0xDC, 0x12, 0x45, 0xD6, 0x9F, 0x8E, 0x6E, 0xF3,
    0x8C, 0x0B, 0x80, 0x6F, 0x82, 0x5A, 0x60, 0xFD, 0xCA, 0x21, 0xA3, 0x89, 0x0E, 0x84, 0x78, 0xEB,
    0x03, 0xA1, 0x86, 0x67, 0xDF, 0x92, 0x0E, 0x7E, 0x23, 0x91, 0xE8, 0x09, 0xA1, 0xF1, 0xB1, 0x68,
    0x52, 0x72, 0xEA, 0x82, 0xCF, 0x9F, 0x10, 0xB1, 0xE1, 0x69, 0x67, 0x44, 0x93, 0x5A, 0xF5, 0x5C,
    0x94, 0xB6, 0xF6, 0x88, 0xD8, 0x94, 0x57, 0x84, 0xBA, 0x84, 0xB6, 0x09, 0x99, 0x27, 0x85, 0xDC,
    0x2C, 0x26, 0x0D, 0xBD, 0x4E, 0x45, 0xAC, 0x24, 0x16, 0x4F, 0x36, 0xB4, 0x43, 0xB3, 0xE4, 0x8B,
    0xEB, 0xD0, 0x78, 0x7B, 0x40, 0xF6, 0xC2, 0x8C, 0x92, 0xE3, 0x98, 0x87, 0x45, 0xF8, 0xA5, 0x03,
    0x13, 0xBB, 0x58, 0xF9, 0x73, 0x7B, 0x87, 0xF6, 0xAF, 0xEC, 0x88, 0x31, 0x8F, 0x9D, 0x6F, 0x64,
    0x18, 0xFC, 0x0F, 0xCD, 0x29, 0x3C, 0xC9, 0x48, 0xF5, 0x9F, 0x76, 0xF3, 0xD4, 0x58, 0x47, 0x4E,
    0xF0, 0xF2, 0x35, 0x99, 0xC0, 0x72, 0x92, 0xD6, 0xE1, 0x3F, 0xF5, 0xD8, 0xA2, 0x63, 0x68, 0x06,
    0x8A, 0xF0, 0xA1, 0xAF, 0x82, 0x79, 0x0E, 0xDB, 0x82, 0x1D, 0x8F, 0x15, 0x47, 0xD4, 0xB2, 0x63,
    0xBA, 0x60, 0x47, 0x75, 0x52, 0x04, 0x2F, 0x2E, 0xE7, 0xDC, 0xDE, 0xAE, 0xFD, 0xFB, 0xBB, 0x73,
    0x9C, 0xF5, 0x3C, 0xD2, 0x96, 0x04, 0x90, 0xC0, 0xA3, 0x3A, 0x3B, 0xCC, 0xC3, 0x25, 0xB9, 0x26,
    0x29, 0xA0, 0x04, 0xDB, 0x0D, 0x92, 0x70, 0x5F, 0x39, 0xE9, 0xFE, 0xE1, 0xA2, 0x47, 0xB7, 0xD9,
    0x93, 0x03, 0xE5, 0x08, 0xF1, 0x15, 0x8A, 0x45, 0xDD, 0x71, 0x74, 0x68, 0x51, 0x5A, 0x32, 0x34,
    0x70, 0x74, 0x12, 0xA6, 0x7B, 0xFC, 0xDF, 0xCF, 0x04, 0xE5, 0x41, 0xF3, 0xC2, 0x5E, 0xE3, 0x45,
    0x31, 0x36, 0xDE, 0x05, 0x32, 0xF4, 0x2E, 0x34, 0xBE, 0x18, 0xAF, 0x06, 0x09, 0xF7, 0xF5, 0x83,
    0xE1, 0x4F, 0xFD, 0xF6, 0x69, 0xFB, 0xEC, 0x3E, 0x56, 0x33, 0xD6, 0x4C, 0xFD, 0x8C, 0xFF, 0x43,
    0x4C, 0x25, 0x93, 0x88, 0xDB, 0xE9, 0x1A, 0x2E, 0x08, 0x37, 0xC7, 0x98, 0x8B, 0x48, 0x54, 0x55,
    0x1A, 0x62, 0x95, 0xAE, 0x5C, 0x10, 0xD7, 0x5E, 0xA5, 0x16, 0x71, 0x25, 0xB9, 0x6E, 0x43, 0xB8,
    0x94, 0x14, 0xA7, 0x3D, 0x20, 0x2E, 0x24, 0xBD, 0x83, 0x09, 0x71, 0xC6, 0xE9, 0x9F, 0x65, 0x6C,
    0xB9, 0x32, 0x55, 0x40, 0xCF, 0x2A, 0x45, 0x9D, 0x1C, 0x6C, 0x09, 0x4B, 0x9E, 0x19, 0x58, 0xD5,
    0xA4, 0xF0, 0x70, 0x60, 0x6C, 0x19, 0x0F, 0x62, 0x63, 0x6B, 0xC9, 0x4A, 0xA5, 0x50, 0xF8, 0x1E,
    0xC2, 0x0E, 0xA7, 0x22, 0x4D, 0xFA, 0x80, 0x0B, 0xA0, 0x40, 0xA3, 0x77, 0x81, 0x26, 0x1F, 0x29,
    0x94, 0x2F, 0xA9, 0x5A, 0xC6, 0x44, 0x6F, 0x6A, 0x17, 0x1D, 0x70, 0xFA, 0x41, 0xA1, 0xEE, 0x06,
    0x95, 0xF9, 0x09, 0x13, 0x29, 0xCC, 0xDE, 0x40, 0xEC, 0x15, 0x92, 0x49, 0x76, 0x9F, 0xC9, 0xDE,
    0x17, 0x22, 0x0E, 0x35, 0x48, 0x7F, 0x12, 0x94, 0x4A, 0xC2, 0xDC, 0x5A, 0xCA, 0x15, 0xB5, 0x54,
    0x31, 0x6B, 0xD9, 0xD2, 0x1A, 0x76, 0x89, 0xE5, 0xC7, 0x95, 0xDB, 0x54, 0x4D, 0x21, 0x31, 0x83,
    0x15, 0x3B, 0x79, 0xA6, 0x4C, 0xEE, 0xC6, 0x35, 0x42, 0xAE, 0xE6, 0x34, 0xD4, 0x17, 0x29, 0xAA,
    0xAE, 0xE7, 0x2C, 0x0D, 0x6E, 0xC7, 0x0D, 0x44, 0xF3, 0x85, 0xB3, 0xB8, 0x61, 0x0D, 0xAE, 0x55,
    0xFE, 0x39, 0xC1, 0x2B, 0xFD, 0x2A, 0x00, 0x79, 0x30, 0x7F, 0xF8, 0x38, 0x7E, 0xAF, 0x33, 0xFE,
    0x8F, 0xB1, 0x5A, 0xD1, 0xEB, 0x78, 0x54, 0x21, 0x23, 0x61, 0x1C, 0xD7, 0x6C, 0xDF, 0x89, 0x08,
    0xB1, 0x95, 0x54, 0xD3, 0xCA, 0xD6, 0x53, 0x4D, 0x68, 0x3B, 0xC7, 0x3F, 0xB5, 0x6B, 0x15, 0x44,
    0x86, 0x69, 0x8A, 0x92, 0x55, 0x27, 0xE3, 0xC7, 0x48, 0xFD, 0xAC, 0x64, 0x49, 0xB5, 0xAC, 0x3E,
    0x0E, 0xD6, 0xBA, 0x20, 0xA8, 0xE1, 0x65, 0x3C, 0x47, 0xA3, 0x0D, 0xD1, 0xE6, 0x6F, 0xE0, 0xC8,
    0x54, 0x5E, 0x22, 0xDE, 0x5D, 0x55, 0xAD, 0x32, 0xE8, 0xF0, 0xED, 0xAA, 0x4B, 0x16, 0x78, 0x3D,
    0x79, 0xE0, 0x2F, 0x2D, 0xA8, 0x3C, 0x0B, 0x7F, 0x77, 0x61, 0xBD, 0x41, 0x1D, 0xC1, 0x3E, 0xA4,
    0x36, 0x18, 0xF8, 0xD0, 0x9D, 0xFA, 0xC0, 0x6F, 0x8E, 0x7D, 0x9E, 0xE1, 0x8C, 0xF6, 0xDD, 0x69,
    0x42, 0xAF, 0xE5, 0x7B, 0xE5, 0xF1, 0x99, 0xDC, 0x4C, 0x2A, 0x7F, 0x4C, 0x1A, 0xAF, 0x6E, 0x55,
    0x36, 0x7F, 0x96, 0xAD, 0x9E, 0x44, 0x10, 0x06, 0x21, 0x1D, 0x93, 0x45, 0xA4, 0x83, 0x65, 0x51,
    0xB3, 0x32, 0x0D, 0xD3, 0x36, 0xFB, 0x5D, 0x14, 0x5D, 0x71, 0xBD, 0x62, 0x98, 0x15, 0x39, 0xAF,
    0xC8, 0xF2, 0x27, 0x28, 0x79, 0x80, 0xBA, 0x5C, 0xB4, 0xD9, 0x5B, 0x45, 0xED, 0xA2, 0x0A, 0xB0,
    0xA1, 0x45, 0xA8, 0x8C, 0x8E, 0x8A, 0x2A, 0xD0, 0xFC, 0xC7, 0x34, 0x21, 0x2A, 0x0A, 0x85, 0xFA,
    0x8C, 0x32, 0x5E, 0x93, 0xB8, 0xF6, 0x5E, 0x91, 0xD8, 0x72, 0x0E, 0x03, 0xBC, 0xA2, 0x4C, 0xEB,
    0xD9, 0x14, 0x3E, 0xF4, 0x8A, 0x6A, 0x48, 0x1F, 0xCA, 0xBC, 0x22, 0xAB, 0xF2, 0x0E, 0x83, 0x96,
    0x98, 0x11, 0x55, 0x22, 0xC8, 0x88, 0x5A, 0x35, 0xED, 0xF0, 0x31, 0xEA, 0x02, 0x7C, 0x8E, 0xE5,
    0x71, 0xF8, 0x1A, 0xEB, 0x2C, 0xA8, 0x1C, 0x6D, 0xD4, 0xA6, 0x43, 0x2D, 0x43, 0x90, 0x73, 0x85,
    0x26, 0x74, 0xF4, 0x75, 0x51, 0xD6, 0x12, 0xD2, 0xFA, 0x38, 0xE3, 0x35, 0xAA, 0xF8, 0x95, 0xB0,
    0x7C, 0x10, 0x4E, 0xC5, 0xB7, 0x9C, 0xD2, 0x9B, 0xFB, 0x88, 0x78, 0xC8, 0x0F, 0x1C, 0x2A, 0x62,
    0x4E, 0x21, 0x43, 0xF4, 0x99, 0x3E, 0x22, 0xE2, 0x4C, 0xE4, 0x7D, 0x77, 0x6D, 0x3F, 0x68, 0x48,
    0x7C, 0xB1, 0xB8, 0x6F, 0x34, 0x44, 0x11, 0x0E, 0x51, 0x54, 0x50, 0x98, 0x2E, 0x11, 0x3A, 0x87,
    0x5E, 0x71, 0xC8, 0x9D, 0x8E, 0x14, 0xEE, 0x6F, 0x92, 0xDB, 0xBD, 0x09, 0xD9, 0x84, 0xB2, 0x23,
    0x14, 0xC7, 0x6A, 0x50, 0xC8, 0xAB, 0x4C, 0x2E, 0x3D, 0xC5, 0x73, 0x69, 0x69, 0x05, 0xCC, 0x29,
    0x6C, 0x1D, 0xD3, 0xC4, 0x71, 0xA8, 0x59, 0xED, 0xF3, 0x0B, 0x21, 0xDF, 0x01, 0xED, 0x58, 0xBD,
    0x6E, 0xDC, 0x46, 0x10, 0x5E, 0xF2, 0x80, 0x9C, 0x63, 0x16, 0x6C, 0xDC, 0xB9, 0x60, 0xE3, 0x4A,
    0x0D, 0x1F, 0x81, 0xEA, 0xD2, 0xEA, 0x4D, 0xF2, 0x06, 0x21, 0x01, 0xBF, 0x88, 0x8B, 0x14, 0xC2,
    0x3D, 0x81, 0x0B, 0xC3, 0xCB, 0x2E, 0x2D, 0x9D, 0x14, 0x29, 0x75, 0x6F, 0x60, 0x16, 0x07, 0x84,
    0x81, 0xC9, 0x9B, 0xCC, 0xFF, 0x9E, 0xCE, 0x12, 0x20, 0x09, 0x31, 0xAC, 0x4B, 0x6E, 0x01, 0xEE,
    0x7C, 0xE0, 0xFE, 0x70, 0x77, 0xBE, 0x99, 0xD9, 0x59, 0x6E, 0xBA, 0xC0, 0x05, 0x86, 0xEF, 0x28,
    0x73, 0x18, 0x59, 0x16, 0xD0, 0xB3, 0xAC, 0x41, 0xDE, 0xC7, 0x99, 0x65, 0x0E, 0x5B, 0x96, 0x25,
    0x74, 0x2C, 0x9B, 0xBD, 0x8C, 0x83, 0x89, 0xE5, 0x0A, 0x9B, 0x49, 0x52, 0x33, 0x49, 0x6A, 0x26,
    0x49, 0xCD, 0x28, 0xB9, 0x19, 0x25, 0x37, 0xA3, 0xE4, 0x66, 0x94, 0xDC, 0x1C, 0xE0, 0x0F, 0x95,
    0x9F, 0x41, 0xDE, 0x63, 0xB9, 0x54, 0xD9, 0xB3, 0xFC, 0x1D, 0x46, 0x96, 0x97, 0x30, 0x93, 0xDC,
    0xEB, 0xFC, 0x13, 0x7E, 0x0F, 0x3B, 0xE2, 0xE4, 0x6B, 0x5E, 0xCB, 0x40, 0xBB, 0x90, 0x75, 0xE1,
    0xB2, 0x6F, 0xAD, 0xD3, 0xD6, 0xBD, 0xA2, 0x45, 0xA1, 0xCC, 0xB0, 0x23, 0xEF, 0xAF, 0x95, 0xFD,
    0xF9, 0x7E, 0xB1, 0x23, 0x4B, 0x5C, 0xB2, 0xE8, 0x07, 0x76, 0x22, 0xDB, 0x39, 0x3C, 0xBC, 0x6C,
    0x1E, 0x46, 0x69, 0xC6, 0xFB, 0x23, 0xED, 0x8A, 0x5C, 0xA9, 0xE4, 0x6D, 0xC9, 0xA2, 0xB8, 0xC4,
    0x45, 0x9B, 0x67, 0x95, 0xA3, 0x4E, 0x23, 0xDD, 0xC3, 0x2F, 0xFA, 0xD9, 0x37, 0x07, 0x93, 0xA3,
    0x76, 0x6C, 0x23, 0xBE, 0x33, 0x01, 0xA6, 0x13, 0x23, 0xCF, 0xD9, 0x73, 0xFA, 0x9C, 0x3F, 0x23,
    0x30, 0x18, 0x83, 0xC1, 0x28, 0x0C, 0xC6, 0x61, 0x50, 0xF2, 0x94, 0x64, 0x67, 0xD9, 0x69, 0x26,
    0x9E, 0x65, 0xDD, 0x48, 0xB4, 0xBE, 0xB9, 0x01, 0xED, 0x83, 0x45, 0x56, 0x0B, 0x7F, 0xC3, 0x4E,
    0xC0, 0x56, 0x34, 0x8D, 0x3D, 0x64, 0xFB, 0x38, 0xA6, 0x10, 0x3B, 0x98, 0x6C, 0x19, 0xDB, 0xB4,
    0xB0, 0xB4, 0x54, 0xB1, 0x05, 0x04, 0x66, 0x0C, 0x4C, 0xB2, 0x5B, 0xB1, 0xD3, 0x1C, 0xD4, 0xCE,
    0xBB, 0x23, 0xFD, 0x20, 0xD3, 0x0A, 0x9A, 0x45, 0x41, 0x05, 0xD4, 0x51, 0xB8, 0x08, 0xD5, 0x5E,
    0xB5, 0xDC, 0x98, 0x25, 0xB4, 0x3B, 0x05, 0xC6, 0x87, 0xF1, 0x89, 0x93, 0xEA, 0xA0, 0xB5, 0x32,
    0x18, 0x4A, 0x1B, 0x54, 0x4F, 0x36, 0x8D, 0x0E, 0x0A, 0x17, 0x5D, 0x78, 0x42, 0x31, 0x13, 0x73,
    0x9B, 0x3A, 0x83, 0xE7, 0x0D, 0xB4, 0x8C, 0x0E, 0xA2, 0x81, 0xC6, 0x40, 0x61, 0x80, 0xCD, 0xB3,
    0x44, 0xDB, 0xA9, 0xD1, 0x6C, 0xDA, 0x89, 0x2D, 0x2C, 0x63, 0x37, 0xEC, 0xD8, 0xA4, 0xCA, 0x45,
    0x0C, 0x89, 0x6C, 0xE8, 0x3E, 0xF3, 0xD9, 0xA8, 0x2F, 0x9F, 0xCC, 0xB3, 0x15, 0x47, 0x8A, 0xE8,
    0x55, 0x2D, 0xEE, 0x0F, 0xB5, 0xD2, 0x57, 0xF8, 0xA0, 0x52, 0xFA, 0x8C, 0x4E, 0x82, 0xD7, 0xD0,
    0x9F, 0x8D, 0xFE, 0xBF, 0x6C, 0xF4, 0x8F, 0x2C, 0xF9, 0x26, 0x1C, 0x05, 0xD9, 0xAF, 0x41, 0xE1,
    0xF1, 0xD7, 0x81, 0x85, 0xF1, 0x7A, 0xB1, 0x30, 0x6E, 0xA1, 0x19, 0x26, 0x1B, 0xAD, 0x6B, 0xA9,
    0x6D, 0x23, 0x95, 0xC5, 0xF3, 0xC2, 0x06, 0xAD, 0x2C, 0xF6, 0x07, 0x31, 0xC9, 0x97, 0xD7, 0xE2,
    0x95, 0x27, 0xF3, 0xEC, 0x45, 0x27, 0x74, 0xBC, 0xAD, 0x39, 0xB2, 0xC0, 0x8C, 0x5E, 0x36, 0x87,
    0x88, 0x4F, 0x85, 0x4F, 0x16, 0xEF, 0x4E, 0x78, 0x68, 0xA3, 0xD5, 0x9C, 0x9E, 0x5A, 0x9F, 0x66,
    0x12, 0xD7, 0x45, 0xDD, 0xD1, 0x91, 0x5A, 0xA1, 0xC3, 0xB6, 0x38, 0x37, 0x1D, 0xCF, 0x14, 0xA9,
    0x4A, 0x4A, 0x22, 0xD3, 0xB1, 0x75, 0xF1, 0x4E, 0x55, 0xDB, 0x8E, 0xF7, 0x82, 0x68, 0x00, 0x1C,
    0x68, 0x4E, 0x96, 0x63, 0x4A, 0x31, 0x68, 0xC2, 0x24, 0xC0, 0xD2, 0x36, 0xFC, 0xA6, 0xE5, 0xB3,
    0x7A, 0x88, 0x67, 0x96, 0x08, 0x85, 0x68, 0x07, 0x7D, 0x73, 0xA9, 0xE0, 0xC5, 0xD9, 0x4D, 0xFF,
    0x55, 0x0F, 0x26, 0x72, 0x5F, 0x5E, 0xD3, 0xD8, 0x6A, 0x3E, 0xAE, 0x6B, 0xAE, 0x1B, 0xA9, 0x27,
    0xCE, 0xD1, 0x39, 0xB3, 0x66, 0x72, 0x25, 0xDB, 0xAE, 0x98, 0xCD, 0x88, 0x69, 0xFE, 0x10, 0xDA,
    0x3D, 0xAD, 0xA1, 0xE6, 0x94, 0xAC, 0xE4, 0x9C, 0x3D, 0xF7, 0xCC, 0xF6, 0xF9, 0xD7, 0xDB, 0x94,
    0x15, 0x46, 0x0E, 0x14, 0x2D, 0xC7, 0x8D, 0x86, 0xD3, 0xDE, 0x8A, 0xAF, 0x35, 0x05, 0xD7, 0x99,
    0x5C, 0x71, 0x5E, 0x53, 0xFD, 0xBF, 0x3F, 0xDC, 0xEA, 0xCE, 0x2E, 0x26, 0x9A, 0xB7, 0xE7, 0xE9,
    0x86, 0x32, 0x1F, 0x01, 0x6F, 0xF2, 0xCE, 0x69, 0xF8, 0x73, 0x75, 0x8D, 0x13, 0x32, 0x60, 0xAF,
    0x3F, 0xCA, 0xED, 0x8F, 0x1C, 0xB3, 0x60, 0x27, 0x2D, 0xD9, 0x61, 0xA5, 0x96, 0x37, 0x1A, 0x84,
    0x3F, 0x7E, 0x43, 0xD7, 0x48, 0x67, 0xFD, 0xC1, 0xDD, 0xEA, 0xE4, 0xE1, 0x2B, 0x87, 0xD9, 0xE4,
    0xB0, 0x4C, 0x30, 0x3A, 0xFC, 0x09, 0x1C, 0x46, 0xD1, 0x20, 0x41, 0xB0, 0xE9, 0x10, 0xEE, 0x7C,
    0x5E, 0xE8, 0x3C, 0xF7, 0xB1, 0xAB, 0x26, 0xC6, 0xD4, 0xC1, 0x33, 0x23, 0x5F, 0x43, 0x93, 0x60,
    0x3C, 0x80, 0x5F, 0x12, 0x7C, 0xEB, 0xF0, 0x43, 0x5A, 0xFA, 0xD5, 0xF3, 0x50, 0x9F, 0x96, 0xFE,
    0x10, 0xE6, 0x09, 0x86, 0x03, 0x58, 0xA7, 0x0E, 0x1B, 0x9B, 0xE6, 0x9B, 0x56, 0x2F, 0xA8, 0xFA,
    0x40, 0xBC, 0xCD, 0xC4, 0xD8, 0xCC, 0xD9, 0x15, 0x55, 0x93, 0xF0, 0x53, 0x52, 0x14, 0x23, 0x4E,
    0x98, 0x0D, 0xE6, 0x81, 0x19, 0x88, 0x7F, 0x51, 0x45, 0x5A, 0x7F, 0x4F, 0x53, 0x5D, 0x3D, 0xF2,
    0xBB, 0x9D, 0xFE, 0x41, 0xCA, 0xE5, 0xE7, 0xC7, 0x4E, 0x62, 0x14, 0xE5, 0x44, 0xC0, 0x4A, 0x60,
    0xF6, 0xF1, 0xE5, 0xCF, 0xA0, 0x7F, 0x2B, 0x46, 0xD7, 0x66, 0xEF, 0xE6, 0x71, 0x79, 0x9C, 0x30,
    0x73, 0x76, 0xA7, 0x16, 0x93, 0x0C, 0xCA, 0xB3, 0x75, 0x1F, 0x9A, 0xBB, 0xE1, 0x79, 0xF6, 0xCD,
    0x99, 0xA6, 0xA6, 0x8D, 0xBF, 0x86, 0x27, 0x15, 0x3B, 0x14, 0xF3, 0x8D, 0xAD, 0x76, 0x0D, 0x29,
    0x4F, 0x87, 0xC5, 0x11, 0x24, 0xD4, 0x39, 0x1A, 0x1C, 0x8D, 0x8E, 0x26, 0x47, 0x8B, 0xA1, 0x1B,
    0x30, 0xF4, 0xA7, 0x0C, 0x5E, 0xD3, 0x3F, 0xC7, 0x41, 0xD1, 0x20, 0x83, 0x09, 0xB5, 0x93, 0x21,
    0xB9, 0x3D, 0x10, 0x12, 0x45, 0x11, 0x5A, 0xF3, 0x60, 0x42, 0xCC, 0x00, 0x23, 0x09, 0x75, 0x8C,
    0x58, 0x7B, 0x8C, 0x78, 0x30, 0x23, 0x1E, 0xCC, 0x88, 0xE9, 0x63, 0x94, 0xCB, 0x4F, 0x2C, 0x49,
    0x8E, 0x0C, 0xD1, 0x60, 0x41, 0xD5, 0x62, 0xA8, 0x04, 0x43, 0xF2, 0x5F, 0x40, 0x68, 0x1F, 0x14,
    0xD1, 0x60, 0x45, 0x38, 0x58, 0x11, 0x0E, 0x56, 0x84, 0x37, 0x23, 0x45, 0x38, 0x58, 0x51, 0x46,
    0x7B, 0xD0, 0x64, 0x79, 0x34, 0xD4, 0x4C, 0x86, 0xAA, 0xC5, 0x50, 0x01, 0x86, 0x56, 0xF0, 0x9B,
    0xA2, 0x0C, 0x95, 0x67, 0x99, 0xFB, 0x17, 0x43, 0x8D, 0x93, 0x50, 0x39, 0x2A, 0x1C, 0xAD, 0x1C,
    0x65, 0x8E, 0xC8, 0x13, 0x06, 0x0F, 0x50, 0x7E, 0xFF, 0x32, 0xA4, 0x17, 0x3A, 0xE5, 0x33, 0xF3,
    0x89, 0xFA, 0x5B, 0xD7, 0x3D, 0xBB, 0xE4, 0x99, 0xE9, 0x36, 0x1A, 0x1E, 0xE3, 0xF6, 0x96, 0xD1,
    0x5A, 0x40, 0x59, 0x6B, 0xF7, 0x1F, 0xAE, 0x1F, 0x67, 0x9C, 0x11, 0xF6, 0x74, 0x95, 0xA0, 0x0D,
    0x51, 0xA2, 0x8A, 0x7E, 0x06, 0x98, 0xB6, 0x7E, 0xE2, 0x60, 0xD3, 0x91, 0x3A, 0xB0, 0x6C, 0xE1,
    0x33, 0x7E, 0x65, 0x45, 0x59, 0x02, 0x2D, 0x22, 0x4E, 0x72, 0xAC, 0x61, 0x22, 0xCC, 0x1F, 0x2F,
    0x17, 0x31, 0xC3, 0x72, 0x2F, 0x3F, 0x49, 0x0B, 0x0D, 0xE5, 0x6B, 0x70, 0xAB, 0xDB, 0x9A, 0x7D,
    0x9D, 0xB6, 0x3C, 0x7B, 0xF2, 0xD9, 0x93, 0xEF, 0xF0, 0xE4, 0x47, 0x97, 0x8B, 0x77, 0x7E, 0x1C,
    0xED, 0x1E, 0x86, 0xDA, 0xF1, 0x8E, 0x63, 0x2B, 0x9D, 0x7D, 0x83, 0xE7, 0x4B, 0x76, 0x94, 0xD5,
    0x7E, 0x0A, 0x82, 0x2F, 0x12, 0xD2, 0x29, 0xE8, 0x93, 0x54, 0xFE, 0xEB, 0xF5, 0xC7, 0x73, 0x4C,
    0x78, 0x8A, 0x7C, 0x02, 0xED, 0x46, 0xEB, 0x7D, 0xD2, 0xC8, 0x36, 0xAA, 0x95, 0xE8, 0x95, 0x9B,
    0x6C, 0x7F, 0x8B, 0x62, 0x23, 0xD8, 0xE8, 0x35, 0x72, 0x8D, 0x5A, 0x21, 0xF6, 0x1F, 0xED, 0x99,
    0xBD, 0x92, 0x9C, 0x46, 0x10, 0xC7, 0x07, 0xA8, 0x3A, 0xAA, 0x44, 0x30, 0xB9, 0x1C, 0x90, 0x3B,
    0xE1, 0x11, 0xE0, 0x7D, 0x1C, 0xE8, 0x11, 0xD8, 0x37, 0xF0, 0x3D, 0x82, 0x03, 0x07, 0xF2, 0xBD,
    0xC4, 0x6C, 0xE6, 0xD0, 0x6B, 0x27, 0x0E, 0xBD, 0x81, 0x12, 0x47, 0x22, 0x20, 0xC0, 0x36, 0xD0,
    0x9E, 0xFE, 0x1C, 0x7C, 0xBB, 0x5E, 0xD7, 0x9D, 0x2D, 0xEB, 0xAE, 0x0A, 0xAA, 0x24, 0x7E, 0x9A,
    0xA5, 0x07, 0xA6, 0xFB, 0xDF, 0xDD, 0x03, 0x72, 0xEE, 0xCB, 0x7B, 0xE7, 0xEE, 0xDE, 0xBB, 0x78,
    0x34, 0xA3, 0x73, 0xF5, 0x84, 0xE4, 0x67, 0xE7, 0xDA, 0x01, 0xA9, 0x00, 0xE7, 0xE0, 0x88, 0x94,
    0xC1, 0x21, 0x87, 0x0E, 0xC9, 0x85, 0x53, 0xB9, 0x12, 0xB8, 0x76, 0xAC, 0x67, 0x26, 0x3F, 0xB3,
    0x81, 0x73, 0x25, 0xB0, 0x01, 0x9A, 0x88, 0x41, 0x34, 0x11, 0x83, 0x68, 0x32, 0x2B, 0xBD, 0xF9,
    0xC6, 0x3D, 0xEB, 0x78, 0x38, 0xF0, 0x39, 0x7F, 0x80, 0x74, 0xCB, 0xC9, 0x68, 0x31, 0x82, 0x44,
    0x07, 0xA3, 0x93, 0xD1, 0x60, 0x34, 0x19, 0x2D, 0x4A, 0xBF, 0x80, 0xD2, 0xCF, 0x6C, 0x1C, 0xE9,
    0x27, 0x36, 0x8E, 0x74, 0x62, 0x63, 0xA4, 0x7E, 0x52, 0x6A, 0x16, 0x25, 0x0F, 0x4A, 0x25, 0x19,
    0x23, 0xE5, 0x64, 0x8C, 0xE4, 0xC8, 0x98, 0xA8, 0x9D, 0x94, 0xC8, 0x98, 0x88, 0x8C, 0x89, 0x0A,
    0x34, 0x26, 0x22, 0x63, 0x22, 0x32, 0x66, 0x42, 0x63, 0xA6, 0x7A, 0x51, 0x42, 0x63, 0x26, 0x34,
    0x66, 0xCA, 0xE2, 0x5F, 0x4C, 0x68, 0x2C, 0x14, 0x8D, 0x85, 0xA2, 0xB1, 0x50, 0x05, 0x4A, 0xD1,
    0x58, 0x28, 0xC3, 0x35, 0xF0, 0xBA, 0xC3, 0xA0, 0xD4, 0x4E, 0x4A, 0xF5, 0xA2, 0x54, 0x81, 0x52,
    0x01, 0xDF, 0x0B, 0x65, 0xD1, 0x79, 0xE2, 0xF0, 0xF0, 0x87, 0x52, 0x6B, 0x41, 0xA8, 0x8D, 0x2A,
    0xA3, 0xC2, 0x28, 0x33, 0x72, 0xC1, 0xA8, 0x35, 0xAA, 0x8D, 0xE2, 0x63, 0xBF, 0x8D, 0x52, 0xCA,
    0xBF, 0x63, 0xE1, 0xE2, 0x1F, 0xD4, 0x67, 0x1B, 0xE5, 0x8C, 0x8A, 0x0D, 0xB4, 0xF0, 0x63, 0x46,
    0x91, 0x68, 0x87, 0x82, 0x62, 0x53, 0x4F, 0x9E, 0x74, 0x58, 0x2D, 0xA8, 0x7A, 0xBC, 0x30, 0x9C,
    0x69, 0x32, 0x15, 0x6F, 0x2B, 0xE2, 0xA9, 0x45, 0x4E, 0x77, 0xDF, 0x3E, 0x4D, 0xA4, 0x01, 0xD6,
    0xCE, 0xC1, 0x09, 0x17, 0x36, 0xC6, 0x73, 0x1F, 0xCF, 0xAB, 0x83, 0x1F, 0x01, 0x8F, 0x03, 0xBA,
    0x25, 0x1E, 0x67, 0xF8, 0x18, 0x9F, 0xAF, 0x80, 0x01, 0xAF, 0x89, 0x26, 0x13, 0xDF, 0xBC, 0x9D,
    0x39, 0x6F, 0xFC, 0xC2, 0x72, 0xF4, 0x2B, 0xCC, 0xE2, 0xA4, 0x51, 0x74, 0xA5, 0xEA, 0x3B, 0xAB,
    0xCE, 0x5E, 0xF7, 0xD9, 0xBD, 0x79, 0x9F, 0x3C, 0xE7, 0x97, 0xA7, 0x71, 0x3D, 0x27, 0x6E, 0x36,
    0xDC, 0x6E, 0x38, 0x4C, 0x86, 0x99, 0x16, 0x0D, 0xF2, 0xE8, 0x39, 0x5D, 0xAE, 0x55, 0x6B, 0x13,
    0xFC, 0xAD, 0x00, 0xE8, 0xFA, 0x64, 0xEA, 0x8A, 0x83, 0xC4, 0xE4, 0x83, 0x3E, 0x05, 0x86, 0xB4,
    0x63, 0xAE, 0x28, 0xBC, 0xCC, 0x0D, 0x68, 0x85, 0xA9, 0xE7, 0x00, 0x5A, 0x63, 0xEA, 0x15, 0x0D,
    0x7B, 0x10, 0x29, 0xD3, 0x54, 0x07, 0xE2, 0x99, 0xB2, 0xE0, 0x48, 0x3C, 0x70, 0x06, 0x12, 0xD3,
    0xE3, 0xD1, 0xA4, 0x35, 0xDF, 0x26, 0x0C, 0xC4, 0x74, 0xFB, 0x9E, 0x78, 0xDD, 0xF0, 0xB2, 0xE1,
    0x79, 0xE7, 0xBF, 0xE5, 0xBD, 0x9B, 0x7C, 0xA2, 0x6E, 0xE2, 0x5F, 0x6D, 0x37, 0x71, 0x1A, 0xE9,
    0x5B, 0x54, 0x5D, 0x21, 0xBF, 0x5E, 0x16, 0xA8, 0x54, 0x92, 0xC2, 0x6C, 0x93, 0x8C, 0x0C, 0xBD,
    0xCA, 0x06, 0xE9, 0x68, 0xE4, 0x94, 0xB4, 0x6A, 0xF5, 0x6B, 0xB7, 0xF7, 0x94, 0xA7, 0xF6, 0x14,
    0x77, 0xEB, 0x5C, 0x3D, 0x3A, 0x6B, 0xE4, 0x34, 0x6E, 0x1A, 0x35, 0x89, 0x99, 0x44, 0x4C, 0xE3,
    0xA5, 0xD1, 0xD2, 0x58, 0x69, 0xA4, 0x24, 0x4E, 0x18, 0x07, 0xB1, 0xFF, 0x47, 0xFC, 0xF7, 0xC7,
    0x3B, 0xD0, 0x1E, 0x54, 0xB1, 0x12, 0x44, 0xE3, 0x52, 0x89, 0x4A, 0xE0, 0xA3, 0xE3, 0x0C, 0x01,
    0xCE, 0x83, 0x9E, 0xC2, 0xDC, 0xC4, 0x65, 0x65, 0x2C, 0x08, 0x3C, 0x15, 0xA2, 0xC6, 0xD8, 0xFE,
    0x2A, 0x91, 0xA3, 0x87, 0x83, 0x17, 0x17, 0xC5, 0x9E, 0xA4, 0xBD, 0x30, 0xA6, 0xB1, 0x75, 0x57,
    0x18, 0x5A, 0x95, 0x69, 0x18, 0x7A, 0x6D, 0x90, 0xED, 0x18, 0x0C, 0x27, 0xEB, 0xB2, 0xCD, 0xBC,
    0xC5, 0xD3, 0x25, 0xD6, 0xAF, 0x1A, 0xAF, 0x2E, 0x33, 0x18, 0x4E, 0x1B, 0x97, 0x6C, 0x1C, 0xB5,
    0x71, 0xDF, 0xC6, 0xA9, 0xD2, 0xCB, 0xB1, 0x56, 0x7B, 0x79, 0x8B, 0x2A, 0xE1, 0x58, 0x5A, 0x58,
    0xBA, 0x42, 0x8A, 0x08, 0x6E, 0x21, 0x60, 0xE5, 0x4B, 0x67, 0xFC, 0xE7, 0x07, 0xD2, 0xC4, 0x90,
    0xC2, 0x7D, 0xE4, 0x3A, 0x08, 0xD2, 0xC2, 0x58, 0x1A, 0x63, 0x12, 0x0C, 0xCF, 0xFE, 0x36, 0xC0,
    0xEF, 0xF7, 0x7F, 0x55, 0xE7, 0x0D, 0x78, 0xDE, 0xF1, 0x05, 0x00, 0x65, 0x48, 0xAE, 0xDB, 0xA0,
    0x5A, 0x15, 0xCB, 0x0F, 0x35, 0xF0, 0x2F, 0x78, 0x8F, 0x12, 0xC5, 0x1B, 0x8B, 0x76, 0x5C, 0x2A,
    0x6F, 0x85, 0xBA, 0x66, 0x15, 0x27, 0xB0, 0x97, 0xA2, 0x63, 0x7A, 0xF6, 0x00, 0x9C, 0xC5, 0xB1,
    0x61, 0x10, 0xBF, 0xF7, 0x0A, 0xED, 0xA8, 0x6D, 0xE2, 0xFF, 0x05, 0xB9, 0xFB, 0x20, 0x09, 0xD5,
    0x0F, 0xF6, 0x84, 0xF6, 0xCC, 0xB6, 0x0A, 0xDE, 0xC1, 0xC5, 0x84, 0xE3, 0x95, 0x36, 0xD0, 0x95,
    0xF0, 0x5B, 0x7C, 0xE1, 0x88, 0x41, 0xCD, 0xD4, 0x1B, 0x58, 0x69, 0x78, 0x47, 0x59, 0x6B, 0xC8,
    0x32, 0xDB, 0x56, 0xDE, 0x05, 0xF8, 0x95, 0xB5, 0x82, 0xBB, 0xE8, 0x07, 0x4E, 0x56, 0x9C, 0x1D,
    0x1E, 0x63, 0x1E, 0x7D, 0x9E, 0xAD, 0x92, 0xC2, 0xF1, 0x17, 0x49, 0xE7, 0x78, 0x5F, 0xAF, 0xF5,
    0x6E, 0x74, 0xFD, 0x64, 0xCD, 0x51, 0xBB, 0x93, 0x07, 0x6B, 0x4F, 0x39, 0xC0, 0x9A, 0xC2, 0x79,
    0xBF, 0x97, 0xAE, 0xBD, 0x74, 0xBD, 0x9C, 0xD2, 0x45, 0x5F, 0x94, 0x30, 0x01, 0xFC, 0x20, 0x9A,
    0x37, 0xA8, 0xE2, 0xA3, 0xE6, 0x78, 0xAF, 0x72, 0x16, 0xE1, 0xE3, 0x87, 0x00, 0x92, 0x7D, 0x06,
    0xE7, 0x2C, 0x8C, 0x3A, 0x3F, 0xAD, 0xB9, 0x51, 0x31, 0xA6, 0x37, 0x80, 0x77, 0xCF, 0x11, 0xFB,
    0x5E, 0xF0, 0x3E, 0x69, 0xC1, 0xC3, 0xE9, 0x8E, 0xAA, 0xBC, 0x12, 0xBA, 0x60, 0xF5, 0xCA, 0xD9,
    0xC6, 0x7E, 0xCE, 0xB5, 0x74, 0xB5, 0x63, 0x61, 0x5B, 0xEB, 0xA1, 0xD2, 0x2A, 0x16, 0x4B, 0xC3,
    0xAC, 0x73, 0x1D, 0xF4, 0x1B, 0x66, 0xBC, 0xB0, 0x17, 0xF1, 0x57, 0xB3, 0xD3, 0x09, 0xFC, 0x94,
    0xD9, 0x07, 0xCD, 0x7D, 0xDB, 0xB6, 0xD7, 0xBE, 0x97, 0xB5, 0x6D, 0xC3, 0x48, 0xF7, 0xF2, 0x3B,
    0x7F, 0x14, 0x88, 0x6F, 0x33, 0x19, 0xDF, 0xB9, 0x99, 0x0B, 0x16, 0x58, 0x3B, 0xC8, 0x1B, 0x50,
    0x38, 0x73, 0xCB, 0x8F, 0x17, 0x34, 0x93, 0x48, 0x9E, 0xD5, 0x5F, 0xAE, 0xFC, 0xC9, 0x14, 0x8B,
    0x23, 0x1B, 0xD5, 0x63, 0x0E, 0x6E, 0xDF, 0xF5, 0xBD, 0xD4, 0x22, 0xF8, 0x15, 0x55, 0x12, 0x0F,
    0xA9, 0x62, 0x48, 0x45, 0xB1, 0x21, 0x73, 0xF5, 0xB4, 0x19, 0x52, 0x71, 0x6D, 0x86, 0x54, 0x7A,
    0x3F, 0xA4, 0x21, 0x16, 0x66, 0x6D, 0x6D, 0xD0, 0xA9, 0x6C, 0xB3, 0xCD, 0x90, 0x56, 0xA0, 0x26,
    0x0D, 0xA9, 0xE4, 0xAB, 0x34, 0xA4, 0x09, 0x51, 0xA4, 0xA1, 0xDA, 0xAA, 0xF0, 0x72, 0xF1, 0xD9,
    0x36, 0xA4, 0x21, 0x4D, 0xB5, 0xD6, 0x86, 0x52, 0x22, 0xDA, 0x90, 0xA5, 0x69, 0x73, 0x39, 0x94,
    0x3E, 0xE2, 0x5A, 0x8A, 0xFB, 0x9B, 0x43, 0xA7, 0xCF, 0x37, 0x24, 0xAE, 0x3F, 0xFF, 0x87, 0x43,
    0xA7, 0xCF, 0xBA, 0xA0, 0x27, 0xFA, 0xFE, 0x4A, 0xD0, 0xAE, 0x84, 0xF6, 0x8A, 0x00, 0x4C, 0x26,
    0xFD, 0xE5, 0xC7, 0xB7, 0x4B, 0xC9, 0x65, 0x37, 0x85, 0x99, 0x2A, 0xB6, 0x0D, 0xE5, 0x56, 0xB9,
    0x1F, 0xA7, 0x42, 0x0E, 0x1F, 0x97, 0xCD, 0xFF, 0x1D, 0x70, 0x25, 0xFF, 0x3A, 0xE5, 0xA3, 0x84,
    0x61, 0xBD, 0x4C, 0xBE, 0xA9, 0xDA, 0xA4, 0x28, 0x67, 0xFB, 0xB1, 0xD8, 0x0C, 0x95, 0x52, 0x32,
    0xFB, 0x34, 0x44, 0x15, 0x7F, 0xBB, 0x0B, 0xF9, 0x13, 0xED, 0x59, 0x3D, 0x72, 0xA4, 0x56, 0x10,
    0x7E, 0x40, 0x49, 0xB8, 0x4C, 0x40, 0xE4, 0x44, 0x1B, 0x4C, 0xBE, 0x09, 0x47, 0x00, 0xC7, 0x4E,
    0x9C, 0xFB, 0x06, 0x72, 0xA0, 0x23, 0x0C, 0x47, 0xD8, 0xC0, 0x07, 0x50, 0xA0, 0xAD, 0xB2, 0x94,
    0xEC, 0x11, 0xA0, 0xCA, 0x17, 0xA0, 0x9C, 0x3A, 0x99, 0xC0, 0xC9, 0x3A, 0x22, 0x20, 0x60, 0xCB,
    0xF0, 0xDA, 0xDD, 0xAF, 0x7F, 0x00, 0xCD, 0x78, 0x57, 0x25, 0xCB, 0x3F, 0xE5, 0x1D, 0x82, 0xD7,
    0x8D, 0xC4, 0x83, 0xFE, 0xF9, 0xFA, 0xEF, 0x8D, 0x73, 0xAF, 0x00, 0x7C, 0xE5, 0xDC, 0x25, 0x13,
    0x17, 0x03, 0x5E, 0xA3, 0x73, 0x0D, 0x92, 0x19, 0xEF, 0x77, 0x74, 0x0F, 0x2E, 0x0B, 0xA4, 0xE6,
    0xBF, 0x03, 0x74, 0x65, 0x20, 0x3D, 0x3F, 0x0E, 0x30, 0x30, 0x99, 0x5C, 0x0A, 0x83, 0x73, 0x11,
    0x78, 0xDA, 0x1B, 0x35, 0xDE, 0xE5, 0xB4, 0xC7, 0x15, 0xB8, 0x23, 0xBC, 0xCB, 0x15, 0x1E, 0x29,
    0xBD, 0x8D, 0xBE, 0x95, 0x42, 0x5D, 0x4E, 0x74, 0x9F, 0x80, 0x67, 0xD2, 0xEE, 0x07, 0x62, 0x22,
    0x98, 0x98, 0x74, 0x4D, 0x4F, 0x8C, 0x23, 0x89, 0x88, 0x1C, 0xE0, 0x10, 0x98, 0x66, 0x60, 0xD2,
    0xEB, 0x7D, 0xAF, 0xF7, 0x5D, 0x60, 0xF6, 0xBD, 0x90, 0xA7, 0xDE, 0xB3, 0xFC, 0xF0, 0x62, 0xF7,
    0xFC, 0x7E, 0x94, 0xF8, 0xAF, 0xDE, 0x6F, 0xF4, 0x7B, 0x7D, 0x0B, 0x62, 0x0F, 0xD5, 0x77, 0x6B,
    0x9F, 0xA6, 0x67, 0xFB, 0xC5, 0x6C, 0x3F, 0xDC, 0xAD, 0xF6, 0x9D, 0xF9, 0xCF, 0x1D, 0xBA, 0x00,
    0xAF, 0x5C, 0xED, 0xDF, 0xE6, 0xD0, 0xB2, 0xF8, 0xEC, 0x9F, 0x2A, 0x85, 0x0F, 0x84, 0x05, 0xF6,
    0x1F, 0xFA, 0x3D, 0x52, 0xBD, 0xC4, 0xBF, 0xA2, 0x69, 0xAB, 0xFE, 0x67, 0x7C, 0xF8, 0x05, 0x1F,
    0x61, 0xC3, 0xC0, 0x38, 0x09, 0x42, 0x5D, 0x36, 0xF0, 0x9E, 0xC8, 0x3B, 0xF8, 0xAD, 0x12, 0xA5,
    0x58, 0x08, 0xBA, 0x58, 0xBC, 0xA0, 0xF1, 0xA0, 0x1C, 0xA8, 0xEE, 0x71, 0x90, 0x8D, 0xE5, 0xAF,
    0x85, 0xCB, 0x6C, 0x6B, 0x6E, 0x5B, 0x8B, 0xD1, 0x5E, 0xD7, 0xBB, 0xAD, 0x1D, 0xF1, 0x7A, 0xD0,
    0xAF, 0x3E, 0xFB, 0x12, 0xDF, 0xBE, 0x31, 0xCE, 0x1B, 0x87, 0xEE, 0x51, 0x6E, 0x34, 0xCE, 0x9B,
    0x17, 0xA1, 0x12, 0x2E, 0x83, 0x56, 0x38, 0xF4, 0x81, 0xCA, 0x86, 0x68, 0x16, 0xCE, 0x70, 0xBB,
    0x20, 0xF2, 0x85, 0xB8, 0xE5, 0xCD, 0xCB, 0xD7, 0x4C, 0x82, 0xC4, 0xA4, 0xCA, 0x4C, 0xD2, 0x12,
    0x44, 0xFA, 0x4B, 0xF4, 0xB6, 0x6A, 0xD4, 0x1B, 0x57, 0x3B, 0x53, 0x57, 0xB9, 0xCE, 0xB8, 0x41,
    0xEC, 0x1E, 0x05, 0x0B, 0x75, 0xEC, 0xEA, 0x4A, 0x38, 0x04, 0x9B, 0x70, 0x11, 0x59, 0xAD, 0x53,
    0x5C, 0xEB, 0x77, 0x47, 0xE5, 0x8A, 0x49, 0xB9, 0x7C, 0x36, 0xCE, 0x6C, 0x9A, 0xA9, 0x7C, 0xF8,
    0xC2, 0xCA, 0xF4, 0xA8, 0xCD, 0xBA, 0xAA, 0x51, 0x64, 0x9C, 0x5B, 0x59, 0xFC, 0x84, 0x5D, 0xF6,
    0x83, 0x72, 0xE5, 0xA8, 0x5C, 0x31, 0x29, 0xB7, 0x33, 0x2E, 0xF7, 0x8A, 0xD7, 0x00, 0x55, 0x42,
    0x69, 0x00, 0x68, 0xC0, 0x66, 0x80, 0x65, 0x3E, 0x2B, 0x18, 0x43, 0xF8, 0xD2, 0xC6, 0x28, 0x84,
    0xC4, 0xC3, 0x27, 0x11, 0xD6, 0xB9, 0x1B, 0x0F, 0x5D, 0x86, 0x71, 0xD7, 0xED, 0x71, 0xF9, 0x19,
    0x41, 0x04, 0xBF, 0x60, 0x02, 0x0E, 0x49, 0x39, 0xC4, 0x59, 0x08, 0x2E, 0xA0, 0xCF, 0x84, 0xD8,
    0x0E, 0xB1, 0x15, 0x22, 0x85, 0x97, 0x83, 0x2D, 0xDD, 0x3F, 0xBA, 0x7C, 0x0E, 0xA1, 0x51, 0xBF,
    0x40, 0x68, 0x8C, 0xFF, 0xFB, 0xD0, 0x78, 0xC6, 0xF5, 0xFA, 0xD6, 0xB2, 0x7F, 0xFF, 0x31, 0xAE,
    0xE9, 0x8F, 0x6A, 0x83, 0x16, 0xC6, 0x80, 0x1A, 0xE1, 0x52, 0xAB, 0x17, 0xB9, 0xD5, 0x8B, 0x3D,
    0xD8, 0x63, 0xB3, 0x70, 0x11, 0x58, 0xBD, 0x68, 0xAC, 0x4A, 0x94, 0x56, 0x25, 0xBE, 0xD0, 0x77,
    0xCC, 0xE8, 0xE7, 0x03, 0x91, 0x26, 0x90, 0x14, 0x02, 0x29, 0x98, 0x34, 0xE4, 0x5C, 0x2C, 0xA3,
    0xBF, 0x72, 0x35, 0xE5, 0x8F, 0x8E, 0x4C, 0x7A, 0x26, 0xED, 0x4A, 0x92, 0x1C, 0xDC, 0x9A, 0xF8,
    0x0D, 0x99, 0xFF, 0xAB, 0xE4, 0x09, 0xD7, 0x97, 0x3F, 0x7E, 0xF2, 0x2D, 0xBB, 0x49, 0xB1, 0xBB,
    0xAA, 0xF8, 0x20, 0x7D, 0x8A, 0xD8, 0xAA, 0xE3, 0xF8, 0x6A, 0x25, 0xCC, 0x56, 0xF5, 0x3D, 0x65,
    0x3F, 0xC7, 0xEA, 0xC6, 0x7B, 0x5C, 0xAE, 0xEB, 0xB0, 0xB7, 0xE2, 0xF4, 0x1A, 0xE2, 0x29, 0x01,
    0x6D, 0x00, 0x64, 0xDF, 0x6E, 0x74, 0x05, 0xB7, 0x14, 0x99, 0x77, 0x7B, 0x79, 0x09, 0x86, 0x85,
    0x00, 0x03, 0x7E, 0x52, 0x60, 0x94, 0xBF, 0x4F, 0xD6, 0x96, 0x0C, 0xD6, 0x65, 0x1C, 0xAC, 0xF3,
    0x68, 0xAD, 0x91, 0x70, 0xE7, 0x46, 0xE2, 0xDC, 0x48, 0xBC, 0x44, 0xB6, 0xBC, 0xBA, 0x25, 0x20,
    0x53, 0x5C, 0xE4, 0x13, 0xA2, 0x13, 0x51, 0x4B, 0x60, 0xC6, 0x64, 0x04, 0x2D, 0x21, 0xBA, 0xEC,
    0x09, 0xCD, 0xBB, 0x91, 0x90, 0x9C, 0xCD, 0x84, 0xE2, 0x04, 0x9A, 0x50, 0xDB, 0xA5, 0x59, 0x5F,
    0xA2, 0xEA, 0xF2, 0xEE, 0x69, 0xC8, 0x4B, 0xA0, 0x8A, 0x9A, 0x11, 0xD7, 0x02, 0x70, 0xFD, 0x1A,
    0x68, 0xFD, 0x26, 0xAC, 0x37, 0x68, 0xED, 0x04, 0xA8, 0xEB, 0x4F, 0x80, 0xDB, 0x19, 0x1F, 0x9E,
    0x9F, 0xC2, 0xDA, 0x87, 0xF5, 0x60, 0x81, 0xA0, 0x6B, 0xBD, 0x5A, 0xAB, 0x7F, 0x7D, 0x3D, 0x52,
    0xB6, 0xB5, 0x38, 0xAE, 0xAC, 0x22, 0xD8, 0xB4, 0x60, 0x73, 0x43, 0x39, 0x1C, 0x15, 0x98, 0xE8,
    0xC4, 0xC8, 0x91, 0x2E, 0x23, 0x87, 0xA5, 0xC5, 0x9D, 0x95, 0x90, 0x8B, 0x6F, 0x9F, 0x9B, 0x0D,
    0x2E, 0x41, 0x46, 0xEE, 0x48, 0xE3, 0x40, 0x86, 0x6D, 0x12, 0xBA, 0xD1, 0xAC, 0x10, 0x5B, 0x98,
    0x84, 0xD1, 0x0C, 0x1F, 0x9E, 0xB5, 0xB6, 0x14, 0x3A, 0x4E, 0x53, 0x8F, 0x22, 0x79, 0x15, 0x75,
    0x17, 0xB5, 0x70, 0x78, 0xD6, 0x0A, 0x0A, 0x07, 0xE5, 0x70, 0x40, 0x3C, 0xE2, 0xF6, 0xFD, 0xC7,
    0xAB, 0xEF, 0xC2, 0x95, 0xE3, 0xF1, 0xDC, 0x56, 0x2C, 0xD6, 0x59, 0x15, 0x62, 0x5F, 0x69, 0xD5,
    0x05, 0xF8, 0x41, 0x3E, 0x88, 0xEC, 0x7B, 0xC9, 0xB3, 0x5B, 0xCD, 0x67, 0xB5, 0x06, 0x4F, 0xA1,
    0xEE, 0xA2, 0xE1, 0x51, 0x93, 0xAE, 0xEF, 0x00, 0x60, 0xB1, 0xD7, 0x52, 0xDF, 0x97, 0xEA, 0xBF,
    0x74, 0x09, 0xC3, 0x09, 0xE9, 0x8C, 0xDB, 0xAD, 0xB8, 0x87, 0xFA, 0x71, 0x4C, 0x22, 0x77, 0x50,
    0x4E, 0xC1, 0xB0, 0xE6, 0x74, 0x3A, 0x2D, 0x26, 0x7D, 0x77, 0x39, 0x8A, 0xED, 0xF1, 0xBB, 0x52,
    0xE4, 0x51, 0x96, 0x94, 0xC5, 0xC9, 0xA0, 0x8B, 0x83, 0x86, 0xD1, 0x2A, 0xD1, 0x41, 0x38, 0x07,
    0x11, 0x57, 0xA7, 0x96, 0xF2, 0x78, 0xA2, 0xFE, 0x10, 0x5C, 0xF6, 0x0E, 0x4D, 0x24, 0x96, 0x8B,
    0x1E, 0x6E, 0x37, 0x60, 0xCE, 0x04, 0x8F, 0x0A, 0xE4, 0x62, 0xDA, 0xFA, 0x44, 0x65, 0x95, 0xC7,
    0x15, 0xBE, 0x0A, 0x5E, 0x85, 0xEE, 0x02, 0xDC, 0x27, 0x5D, 0x37, 0x2C, 0xD9, 0x8E, 0xB1, 0xC8,
    0xA8, 0x9C, 0x28, 0x53, 0x04, 0x7D, 0x72, 0xA6, 0xED, 0x8E, 0xF4, 0xC0, 0x9A, 0x59, 0xCE, 0xC1,
    0xA7, 0x3D, 0xCB, 0xB4, 0x1F, 0x18, 0x39, 0xE5, 0xC4, 0xB4, 0x10, 0xBA, 0x9B, 0x16, 0xE4, 0x6D,
    0x67, 0xFF, 0x72, 0x56, 0x4C, 0xBD, 0x11, 0x5D, 0xE1, 0x8E, 0x95, 0x41, 0x31, 0x2A, 0xC1, 0x10,
    0xFD, 0xEF, 0x95, 0xC2, 0xE6, 0xFB, 0xF0, 0x7D, 0x3E, 0x65, 0x10, 0x24, 0xDC, 0x28, 0x74, 0x1A,
    0x55, 0xD9, 0x6F, 0x8F, 0x0E, 0x52, 0xD0, 0x3A, 0xC2, 0x3E, 0x4F, 0x65, 0x67, 0x0A, 0x8C, 0xA0,
    0x0C, 0xD8, 0xC7, 0x39, 0x30, 0xB6, 0xF7, 0x73, 0x4E, 0x6D, 0x5E, 0x0A, 0x93, 0x38, 0x6D, 0x88,
    0xD5, 0x79, 0x7B, 0xF1, 0x6B, 0x26, 0x45, 0xCB, 0x5D, 0x01, 0xDC, 0x3F, 0xEE, 0x6D, 0x0D, 0x97,
    0x91, 0x4A, 0x46, 0x0A, 0x59, 0x4A, 0x51, 0x50, 0x17, 0x83, 0x74, 0x29, 0xD8, 0xAD, 0x48, 0xE7,
    0x82, 0xCE, 0xCC, 0x35, 0xAC, 0xB5, 0xC3, 0xC9, 0x66, 0xED, 0x7A, 0x68, 0xD2, 0xE4, 0x06, 0x96,
    0xEC, 0xC8, 0x51, 0xFF, 0x55, 0xF5, 0xFC, 0x8C, 0x74, 0xCE, 0x47, 0xE7, 0x7C, 0xF4, 0xA7, 0xF9,
    0xE8, 0xEA, 0x76, 0x6B, 0x72, 0x99, 0xA6, 0x62, 0x3E, 0x48, 0x74, 0xA9, 0x97, 0x71, 0x47, 0x62,
    0xBB, 0xEC, 0xF9, 0x50, 0xAE, 0xE9, 0x72, 0xCE, 0x09, 0x75, 0x80, 0x6F, 0x02, 0x5C, 0x61, 0x09,
    0xD5, 0xD4, 0xD1, 0x10, 0xCE, 0x09, 0x1E, 0xE5, 0x61, 0x7D, 0x9E, 0x77, 0xCE, 0x4B, 0x7F, 0x5B,
    0x5E, 0x3A, 0xC7, 0xF8, 0x39, 0xC6, 0x3B, 0x05, 0xAC, 0xC5, 0xF8, 0xBD, 0x58, 0xAE, 0x3C, 0x98,
    0xFD, 0x6D, 0xEA, 0x6D, 0x6A, 0x9B, 0x5E, 0xFD, 0x32, 0xC7, 0xB6, 0xC6, 0xF5, 0xC7, 0x2D, 0x71,
    0x6A, 0x6A, 0x27, 0x27, 0xB8, 0xF4, 0xE8, 0xDC, 0x3E, 0x06, 0x1D, 0xBC, 0x63, 0x50, 0x93, 0xC4,
    0xA0, 0xFD, 0x77, 0xAC, 0xC7, 0x35, 0x9F, 0x75, 0xCC, 0xFB, 0xF2, 0x74, 0xCC, 0xF7, 0xDB, 0x98,
    0xF7, 0x12, 0xF3, 0x74, 0x2C, 0x75, 0x0D, 0xF0, 0x96, 0x55, 0x10, 0x9B, 0x96, 0xED, 0xD6, 0xA5,
    0xEA, 0x50, 0x75, 0xA7, 0x39, 0x53, 0x5D, 0xA9, 0xAE, 0x4A, 0x1E, 0x51, 0xFD, 0x3B, 0x3B, 0x50,
    0xDD, 0xA7, 0xCE, 0x53, 0xD7, 0xA9, 0xE3, 0xAE, 0xD1, 0x48, 0x57, 0x77, 0xFA, 0xF3, 0x0C, 0xFF,
    0x44, 0x43, 0xC9, 0x9E, 0xBF, 0x9A, 0xFA, 0x70, 0x92, 0xC3, 0xA7, 0x33, 0xA9, 0x7F, 0xD4, 0xF7,
    0xE0, 0xE3, 0xA5, 0x09, 0xA5, 0xA7, 0x75, 0x99, 0xD7, 0xB1, 0x2E, 0x59, 0x61, 0x72, 0x3A, 0xFE,
    0x11, 0xE8, 0xE2, 0xD9, 0x3F, 0xFD, 0x9C, 0xF3, 0xE4, 0x39, 0x4F, 0x9E, 0xEE, 0x85, 0xFE, 0x00,
    0xED, 0x59, 0xBD, 0x4E, 0xDC, 0x40, 0x10, 0x9E, 0xB3, 0x25, 0x2C, 0xC5, 0xC5, 0xF6, 0x50, 0xB8,
    0x4F, 0x73, 0x8F, 0x60, 0x9E, 0x27, 0x14, 0x3C, 0x82, 0xFD, 0x08, 0x79, 0x04, 0x8A, 0x14, 0x09,
    0x2F, 0xE1, 0xEB, 0xD2, 0xFA, 0x11, 0x5C, 0xA4, 0x48, 0xE9, 0xE2, 0xA4, 0x18, 0xC9, 0xE7, 0xC9,
    0xFC, 0xEE, 0x59, 0x70, 0x04, 0xC2, 0x21, 0x01, 0x27, 0x5B, 0xB0, 0xF3, 0xB1, 0xDE, 0x3F, 0xEF,
    0xCC, 0x7C, 0x3B, 0x3B, 0x40, 0xD9, 0x03, 0x14, 0x23, 0xFD, 0x0E, 0x00, 0x8C, 0xF3, 0x1D, 0x00,
    0xB6, 0x00, 0x09, 0xD2, 0x4F, 0x0D, 0xF4, 0xC7, 0x26, 0x9B, 0x48, 0x40, 0xD9, 0x85, 0x91, 0x65,
    0x31, 0x70, 0x33, 0x6E, 0xD8, 0xB4, 0x2C, 0x53, 0xC4, 0x4B, 0x96, 0x80, 0xD2, 0x0C, 0xA0, 0x1A,
    0x55, 0x9E, 0xDF, 0xC0, 0xFF, 0x3C, 0xD7, 0x88, 0x77, 0x3C, 0x3C, 0xD2, 0xD3, 0x01, 0x34, 0x2C,
    0x47, 0x1E, 0x9D, 0x1F, 0x08, 0x2A, 0x37, 0x05, 0xAF, 0x2D, 0xC7, 0xAE, 0xA4, 0x65, 0xC2, 0x0A,
    0xFB, 0x72, 0x90, 0x29, 0xB7, 0x95, 0xAC, 0xA9, 0x1C, 0x54, 0xAE, 0x47, 0x95, 0x85, 0x49, 0x6A,
    0xE1, 0x72, 0xAB, 0x52, 0xFA, 0x73, 0x4B, 0xFC, 0x2A, 0x92, 0xC6, 0xFF, 0x66, 0x5F, 0x83, 0x77,
    0xFC, 0x3D, 0x32, 0x3F, 0xBD, 0xBB, 0x60, 0xC9, 0x8D, 0xAF, 0x64, 0x7E, 0x02, 0x67, 0xF4, 0xAA,
    0xB7, 0x25, 0xDB, 0xA7, 0x36, 0x36, 0x5A, 0x61, 0x5B, 0x90, 0xA3, 0xCA, 0x0C, 0xB1, 0x35, 0xD9,
    0x99, 0xEC, 0x55, 0x36, 0x5B, 0x6D, 0x57, 0x8E, 0x3A, 0xFB, 0x5A, 0x7A, 0x54, 0xBB, 0x80, 0xBF,
    0xF8, 0xF5, 0x98, 0xE9, 0xF7, 0x6E, 0x13, 0x95, 0x2D, 0x54, 0xBA, 0x0F, 0xD4, 0x85, 0xAB, 0x79,
    0x7B, 0x11, 0x7F, 0xD0, 0xA6, 0xFB, 0x33, 0x3E, 0x17, 0xCD, 0x77, 0x63, 0x41, 0xA7, 0x89, 0x9A,
    0x8D, 0x23, 0xF3, 0x4D, 0xF6, 0x15, 0xAF, 0x4A, 0x26, 0x47, 0x29, 0x0E, 0x11, 0xE1, 0x1E, 0xC5,
    0xCE, 0x55, 0xE7, 0xA8, 0x88, 0x43, 0x87, 0x03, 0x68, 0xFF, 0xB6, 0xE9, 0xDC, 0x01, 0xD4, 0xF0,
    0x05, 0xD5, 0x8E, 0x7C, 0xE2, 0x5C, 0xBD, 0x01, 0x92, 0x5B, 0x75, 0x86, 0x23, 0x4B, 0xB1, 0xEB,
    0xFE, 0xB1, 0xF2, 0xF8, 0xF1, 0x5F, 0xB9, 0x4C, 0x65, 0x43, 0x52, 0xD9, 0xE6, 0x44, 0x5C, 0x19,
    0x64, 0x9D, 0xA0, 0xBC, 0xB2, 0x96, 0xD2, 0x98, 0xA2, 0xD1, 0x72, 0x13, 0x55, 0x99, 0xE8, 0x10,
    0x3B, 0x1D, 0x68, 0x1B, 0x55, 0xE7, 0x6A, 0x53, 0x95, 0xA9, 0x42, 0xC2, 0xAC, 0xD4, 0x1A, 0x56,
    0x4F, 0x10, 0xD5, 0x04, 0x51, 0x4B, 0x10, 0x66, 0x0B, 0xA2, 0xAB, 0x2F, 0xF4, 0xF7, 0xB9, 0x70,
    0x20, 0xF3, 0xBB, 0x72, 0x3C, 0x1F, 0x0A, 0x3A, 0x2E, 0x1D, 0x0B, 0x89, 0xDA, 0x52, 0x8A, 0x90,
    0x99, 0x22, 0x71, 0x13, 0x46, 0xB7, 0x94, 0xD2, 0x6C, 0x60, 0xBD, 0x6D, 0x4C, 0xF3, 0x61, 0x72,
    0xE3, 0x4B, 0xA3, 0xE6, 0x57, 0xCE, 0x98, 0xB4, 0x96, 0x68, 0x34, 0xE7, 0x35, 0xBC, 0xE8, 0x59,
    0xB8, 0x6F, 0x41, 0x0F, 0x51, 0xE4, 0x95, 0xE8, 0x70, 0xF7, 0x80, 0xBE, 0xA5, 0x23, 0x5A, 0x2B,
    0x23, 0x08, 0x93, 0x81, 0x62, 0x67, 0x80, 0x0E, 0x67, 0x05, 0xC4, 0x93, 0x19, 0x9A, 0xC7, 0x09,
    0x28, 0x88, 0xC1, 0x04, 0xAC, 0xC9, 0x3D, 0x04, 0x04, 0xB4, 0x59, 0xD2, 0xC1, 0xC0, 0xAA, 0x35,
    0x66, 0x8A, 0x14, 0xF5, 0x6F, 0x70, 0x78, 0xB5, 0x27, 0x00, 0x52, 0x3F, 0x01, 0x52, 0x3F, 0x5A,
    0x8C, 0xF6, 0x22, 0xF3, 0x81, 0x93, 0x1F, 0x38, 0xFF, 0xCD, 0x82, 0x25, 0x0E, 0xBD, 0xFA, 0xC5,
    0xDD, 0xFB, 0x39, 0xE7, 0xF5, 0xCF, 0x47, 0xA7, 0xEC, 0xEE, 0xEA, 0xCA, 0xA9, 0x9C, 0x33, 0x47,
    0x94, 0x4F, 0x04, 0x10, 0xEF, 0x66, 0x4C, 0xF3, 0xA4, 0x44, 0xDC, 0x68, 0xA5, 0x41, 0x94, 0x86,
    0x70, 0xEA, 0x3D, 0xA5, 0x94, 0x85, 0x94, 0x89, 0x2A, 0xFF, 0x42, 0x03, 0x08, 0x77, 0x37, 0x76,
    0x2A, 0x00, 0xA5, 0xC7, 0x82, 0x43, 0x06, 0xF5, 0x51, 0xEE, 0x68, 0x61, 0x61, 0xD5, 0x96, 0xBB,
    0x4C, 0xAF, 0x33, 0x4D, 0x9D, 0x9B, 0x13, 0x01, 0x5F, 0x06, 0xCD, 0x67, 0x6F, 0x79, 0xB6, 0xD6,
    0xC7, 0xBB, 0x98, 0xE0, 0xE5, 0xCF, 0x6D, 0x1D, 0xF9, 0xDA, 0x47, 0xA4, 0xEF, 0x5C, 0xE0, 0x5B,
    0xC3, 0xEE, 0x00, 0x8C, 0xF1, 0x5A, 0xB6, 0x87, 0x74, 0x74, 0xFA, 0x7D, 0x9A, 0x0E, 0xCF, 0xD2,
    0x42, 0x3B, 0x3A, 0x3E, 0xD7, 0x76, 0x1F, 0xA6, 0xAA, 0x60, 0xA7, 0x40, 0x33, 0x50, 0xF3, 0x8D,
    0x92, 0x7F, 0x6F, 0xA1, 0x2B, 0xD5, 0xB4, 0x64, 0xC7, 0x6C, 0xDA, 0xAB, 0x86, 0x4D, 0x5B, 0x2F,
    0xB9, 0x12, 0x2D, 0x16, 0x0A, 0x07, 0xBB, 0x93, 0xA3, 0x5D, 0x28, 0x2A, 0xBF, 0x8E, 0x4B, 0x17,
    0x9C, 0xD4, 0x82, 0xCC, 0xBE, 0xDD, 0xB8, 0xDD, 0xB2, 0xDD, 0xAC, 0xDD, 0xA6, 0xDD, 0xA0, 0xDD,
    0x9A, 0x67, 0xA6, 0x9C, 0xBF, 0xC0, 0x8E, 0xE3, 0xDD, 0xFE, 0x43, 0x4B, 0xBF, 0xAA, 0x05, 0x93,
    0x85, 0xE5, 0x2A, 0x4A, 0x54, 0x35, 0x37, 0x28, 0x3A, 0xA6, 0x1D, 0x13, 0x05, 0x53, 0xF3, 0xF5,
    0xA4, 0xC7, 0x34, 0xDF, 0x1B, 0xCE, 0xF0, 0x0F, 0x6A, 0xAE, 0xE2, 0x27, 0x6A, 0xAE, 0x82, 0xEC,
    0x83, 0x95, 0x34, 0x90, 0xE4, 0x5C, 0x45, 0xCB, 0x61, 0xC0, 0x15, 0xFE, 0xF6, 0xCB, 0xA5, 0x9F,
    0x49, 0x4F, 0xC2, 0x57, 0x7C, 0x16, 0xC7, 0xFE, 0x98, 0x3C, 0x53, 0xED, 0x79, 0xA6, 0x3C, 0x9A,
    0x67, 0xE0, 0x49, 0x9E, 0x49, 0x66, 0x3C, 0x73, 0x7D, 0x88, 0x67, 0xDC, 0x3A, 0x1F, 0x93, 0x47,
    0x99, 0xE7, 0xC2, 0x23, 0xCF, 0xE7, 0x91, 0x4F, 0x37, 0x34, 0xD0, 0xF7, 0x98, 0x85, 0x4A, 0xC7,
    0xFB, 0x30, 0xA7, 0xA9, 0x32, 0x4D, 0x6E, 0x65, 0x54, 0x13, 0xB6, 0x6E, 0x5D, 0x96, 0xD8, 0xA0,
    0x65, 0xB4, 0x2B, 0x37, 0x3A, 0x4F, 0xEC, 0x6A, 0x20, 0x84, 0x31, 0x49, 0x15, 0xB3, 0x63, 0x70,
    0x3D, 0x5D, 0x2E, 0x61, 0xCE, 0x12, 0xE6, 0xBC, 0x71, 0x98, 0xF3, 0xB9, 0x56, 0xAB, 0x2F, 0x37,
    0x6A, 0xE7, 0x2E, 0xD7, 0xB4, 0xFA, 0x7C, 0xD0, 0x1C, 0x1F, 0x5B, 0x3A, 0x27, 0xE5, 0x4A, 0xC9,
    0x21, 0xD6, 0x67, 0xFA, 0xAF, 0x1C, 0xD4, 0x24, 0x6C, 0xA3, 0x73, 0xF2, 0xA4, 0x5B, 0x1D, 0xFA,
    0x25, 0x76, 0xBD, 0xD0, 0xD5, 0xFF, 0xD2, 0x15, 0x11, 0xC8, 0x1D, 0x3C, 0xCC, 0xAF, 0x87, 0xFD,
    0xA1, 0x51, 0x62, 0x4C, 0x8C, 0x56, 0x5D, 0xD8, 0x79, 0x8A, 0xB4, 0x4E, 0x3D, 0x2C, 0xC5, 0x7D,
    0x02, 0x1F, 0x01, 0x0E, 0xC2, 0xD8, 0x60, 0xD6, 0xAD, 0xEA, 0xF2, 0xDD, 0xC3, 0x29, 0x66, 0x13,
    0xCF, 0xD3, 0xFD, 0xFB, 0x45, 0x2E, 0xE1, 0xD4, 0x89, 0xF3, 0xD9, 0x7B, 0x08, 0xA7, 0xFE, 0x02,
    0xED, 0x58, 0xBD, 0x92, 0xDC, 0x44, 0x10, 0x1E, 0x49, 0x55, 0xA7, 0x40, 0x81, 0x72, 0x07, 0x28,
    0x77, 0xB2, 0x8F, 0x30, 0x5B, 0x10, 0x10, 0xF2, 0x08, 0xE4, 0x26, 0xF0, 0x23, 0x68, 0xAB, 0x08,
    0x08, 0xB9, 0x80, 0x1C, 0x02, 0x07, 0xE6, 0x12, 0x1E, 0x41, 0x22, 0x72, 0xBA, 0x14, 0x21, 0x01,
    0xE2, 0x27, 0x20, 0xB3, 0x0A, 0x54, 0x65, 0x51, 0x96, 0xD4, 0xF4, 0xEF, 0xCC, 0xEC, 0xDD, 0xFA,
    0xB0, 0xF1, 0x05, 0xF8, 0x67, 0xAB, 0xEE, 0x66, 0x66, 0x57, 0xD3, 0xEA, 0xE9, 0xF9, 0xBE, 0xAF,
    0x7B, 0xC6, 0x39, 0xF7, 0xF0, 0x6F, 0x47, 0x9F, 0x02, 0xA0, 0xA7, 0xB6, 0x06, 0x18, 0xA9, 0xF5,
    0x00, 0x0B, 0xB5, 0xED, 0x50, 0xAF, 0xD4, 0x76, 0x87, 0x62, 0xA3, 0x16, 0x5C, 0x06, 0xD2, 0xBA,
    0x6B, 0xAD, 0x7C, 0x6F, 0xCF, 0xB5, 0x43, 0xB5, 0xA6, 0x76, 0xCC, 0xAE, 0xBD, 0xC7, 0xDE, 0x7B,
    0xFE, 0x03, 0x47, 0xFA, 0x5F, 0xC2, 0x9B, 0xDD, 0x56, 0xDA, 0xD6, 0xDA, 0x36, 0x00, 0x83, 0xC4,
    0xA4, 0xE3, 0x58, 0x74, 0xD0, 0x4E, 0xD8, 0xE4, 0x00, 0x7E, 0x91, 0xC7, 0x77, 0x14, 0xBB, 0x1D,
    0x40, 0x8D, 0x13, 0x2E, 0xE0, 0x19, 0xA0, 0x25, 0xFC, 0x3C, 0x81, 0x9C, 0xDB, 0x12, 0x5C, 0x8B,
    0xCD, 0x8C, 0x2D, 0x3E, 0x0B, 0x47, 0x6C, 0xDD, 0x67, 0xF0, 0x87, 0xC6, 0xAC, 0x86, 0x4C, 0xCC,
    0xA3, 0x85, 0xA5, 0xD0, 0x28, 0x3B, 0x3F, 0x95, 0xB0, 0x97, 0x6E, 0x37, 0xD6, 0x9B, 0xC5, 0xB7,
    0x6F, 0x16, 0xE9, 0xE5, 0x70, 0xF0, 0x93, 0x74, 0xD1, 0x5C, 0xA7, 0x06, 0xEA, 0xC5, 0x99, 0x81,
    0x66, 0xCE, 0xCD, 0x80, 0x1F, 0x0B, 0x33, 0xD0, 0x1E, 0xAB, 0xC5, 0xDD, 0xC9, 0x47, 0x42, 0x43,
    0xC0, 0xD8, 0xBF, 0xEF, 0xFE, 0x8F, 0xBA, 0xC3, 0x99, 0xAE, 0x13, 0xDC, 0x0A, 0x54, 0xB4, 0x5B,
    0x81, 0x33, 0x00, 0x21, 0xBC, 0xBC, 0xA2, 0xA2, 0x59, 0xDD, 0x6E, 0x55, 0xD4, 0x2C, 0x08, 0x4D,
    0x45, 0xE0, 0x8C, 0x8F, 0xF7, 0x02, 0xBB, 0x11, 0xED, 0x4D, 0x62, 0x00, 0xDF, 0x0A, 0x84, 0xB1,
    0xAC, 0x83, 0x83, 0x63, 0x88, 0xE3, 0x67, 0x13, 0xC2, 0xD0, 0x67, 0x16, 0x92, 0xD0, 0x87, 0x1D,
    0x7C, 0x48, 0x3D, 0xB1, 0x8E, 0x53, 0x60, 0x3B, 0x9C, 0x12, 0xC0, 0xD0, 0xEF, 0x67, 0x81, 0xBE,
    0xE1, 0x5E, 0x41, 0x6F, 0x88, 0x37, 0xB8, 0xA3, 0xBE, 0xF1, 0xE3, 0x06, 0x74, 0x43, 0xF9, 0xEB,
    0x41, 0xFC, 0xBD, 0x82, 0xBD, 0x9A, 0x82, 0xBD, 0xE7, 0xDD, 0x9B, 0x29, 0x03, 0xED, 0xBF, 0xC9,
    0x40, 0xB3, 0x25, 0x32, 0x20, 0x89, 0x04, 0x09, 0x5D, 0xCA, 0x3B, 0x0A, 0x96, 0x81, 0x59, 0xA0,
    0xC5, 0x32, 0x70, 0x89, 0x9C, 0x06, 0x92, 0x01, 0x1F, 0x65, 0xA0, 0x8E, 0x32, 0x90, 0x25, 0x32,
    0xB0, 0xB3, 0xDF, 0x1D, 0x81, 0x88, 0x27, 0xA9, 0x03, 0x6B, 0xA0, 0xA1, 0xF9, 0x44, 0x58, 0x3D,
    0x46, 0x72, 0xF6, 0xD6, 0x0B, 0xB9, 0x8D, 0xD7, 0xF5, 0x0A, 0xDD, 0x43, 0xB4, 0x30, 0x94, 0x66,
    0x03, 0x20, 0x98, 0x6B, 0x63, 0xB7, 0x89, 0xDD, 0xAC, 0x9B, 0x13, 0x6D, 0x78, 0x3B, 0x3B, 0x95,
    0x75, 0x6A, 0xEB, 0x34, 0xD8, 0x51, 0xD9, 0x70, 0xA6, 0x1B, 0x02, 0x1C, 0xDC, 0x4E, 0xC1, 0x0A,
    0xCA, 0x84, 0x33, 0xE9, 0xC0, 0x89, 0x07, 0xFC, 0xE5, 0x19, 0x38, 0x11, 0x8F, 0x1F, 0x41, 0xD5,
    0xFF, 0x23, 0xA0, 0x99, 0x28, 0xFD, 0xB4, 0x13, 0x94, 0x1B, 0x06, 0xEA, 0x60, 0x0A, 0x58, 0x5D,
    0x69, 0x85, 0xC9, 0x6E, 0xBA, 0xB6, 0xDD, 0x61, 0x87, 0xC3, 0xF6, 0x55, 0x06, 0x8F, 0x7A, 0x79,
    0x89, 0x8E, 0x19, 0xAE, 0xE0, 0xF0, 0x81, 0x55, 0xCA, 0xF2, 0x5D, 0x16, 0xD0, 0xD7, 0x6A, 0x36,
    0x42, 0xC5, 0x53, 0x92, 0x64, 0xDF, 0x9E, 0x64, 0x83, 0x22, 0xC2, 0x4C, 0x22, 0xD3, 0xA7, 0x43,
    0x0F, 0x63, 0x3A, 0xEC, 0x9E, 0xA6, 0x79, 0x27, 0x83, 0x2F, 0xB6, 0x13, 0x4B, 0x79, 0x6A, 0x2B,
    0x29, 0xD4, 0x74, 0xF5, 0x3E, 0xB1, 0xD5, 0x0E, 0x98, 0xD5, 0x5C, 0x0A, 0xFB, 0x6A, 0x3D, 0x81,
    0x73, 0xE2, 0xD7, 0x05, 0x79, 0x7C, 0xB5, 0x77, 0x77, 0xFB, 0xB9, 0xFF, 0x4D, 0x32, 0xB8, 0xF7,
    0xA8, 0x4D, 0x17, 0xEA, 0xE7, 0x84, 0x9D, 0x44, 0x55, 0xCF, 0xBE, 0x66, 0x5F, 0x89, 0xEF, 0xE3,
    0x6E, 0x49, 0xB6, 0x2D, 0x0E, 0x7B, 0xA9, 0x65, 0xA5, 0x80, 0x2D, 0x65, 0x08, 0x7A, 0x4A, 0xA9,
    0x25, 0xFE, 0x70, 0xB4, 0xE1, 0xA8, 0xC3, 0x4D, 0x70, 0x28, 0x98, 0xEB, 0x2B, 0x10, 0xFD, 0x90,
    0xDC, 0xD5, 0x97, 0x3C, 0xF4, 0x4F, 0xB5, 0x3A, 0x90, 0x37, 0xB6, 0x3F, 0x2D, 0x42, 0x74, 0x89,
    0x51, 0xF7, 0x64, 0x95, 0x7D, 0x14, 0xEA, 0xC3, 0xE7, 0x9B, 0x60, 0x3E, 0xA7, 0x61, 0x06, 0x1F,
    0x82, 0x0C, 0x33, 0xF2, 0x27, 0xC7, 0x42, 0x64, 0xCF, 0x44, 0xE0, 0x21, 0x96, 0x13, 0xF4, 0x10,
    0xF9, 0x40, 0x7C, 0x28, 0xA4, 0xDE, 0x20, 0x0F, 0x69, 0x88, 0x45, 0x46, 0xD7, 0x0B, 0xE0, 0xA8,
    0x1C, 0xC1, 0xD6, 0xE3, 0xB7, 0xB4, 0x3A, 0xA2, 0x4A, 0x2D, 0x1B, 0x4A, 0x6B, 0xA7, 0xD8, 0x35,
    0xA3, 0xDB, 0xD1, 0x70, 0x76, 0xFC, 0x35, 0xFE, 0x35, 0x93, 0x88, 0x1C, 0xFF, 0x0D, 0xAE, 0x9E,
    0xB5, 0x8B, 0x6D, 0xDB, 0x93, 0x71, 0x99, 0x8F, 0x43, 0x7C, 0x4B, 0x69, 0x66, 0xB0, 0x45, 0x97,
    0xA8, 0xCE, 0xD1, 0x77, 0x92, 0xC3, 0xB4, 0x6E, 0x8A, 0x1F, 0x7A, 0x96, 0x13, 0xAF, 0x40, 0x1C,
    0xC4, 0x21, 0x17, 0x44, 0xF8, 0x04, 0xF9, 0x5D, 0x6D, 0xAE, 0xA4, 0x50, 0xC0, 0x81, 0x17, 0x47,
    0x99, 0x9C, 0x02, 0xD5, 0xF5, 0xB9, 0x0E, 0xC9, 0x05, 0x2C, 0x9E, 0x38, 0x30, 0x68, 0xB2, 0xA6,
    0x20, 0xFB, 0x81, 0xA3, 0x88, 0xFF, 0xC8, 0x7D, 0x5C, 0x03, 0xC7, 0x98, 0x2A, 0x31, 0x1A, 0x36,
    0x71, 0xC8, 0x05, 0xD9, 0xCC, 0x1B, 0x82, 0xE6, 0xDB, 0x9E, 0x21, 0x5E, 0x69, 0xF9, 0xC6, 0x7B,
    0x5D, 0x2E, 0xB2, 0xB7, 0x38, 0xA4, 0x8D, 0x28, 0x56, 0x1D, 0xFE, 0xC0, 0xDB, 0x54, 0x6C, 0xC2,
    0xDC, 0xEE, 0x57, 0x10, 0xF2, 0x0B, 0x4C, 0xDA, 0xBF, 0x36, 0xE1, 0xD2, 0xA7, 0x0C, 0x31, 0xFF,
    0x4C, 0x68, 0x00, 0xDF, 0xC9, 0x50, 0x8E, 0xA8, 0xA8, 0x2D, 0x93, 0x0C, 0x67, 0x65, 0xF5, 0x18,
    0x61, 0x12, 0x58, 0xDA, 0x28, 0x59, 0x77, 0x02, 0x35, 0x85, 0x98, 0xA4, 0x2F, 0x1A, 0x1E, 0x53,
    0x86, 0xDB, 0x31, 0xCC, 0x32, 0x5F, 0xD7, 0x9F, 0x2A, 0x90, 0xCB, 0x1E, 0x27, 0x0C, 0xA8, 0x20,
    0x19, 0xEC, 0x62, 0x8A, 0x21, 0x57, 0x86, 0x84, 0xC6, 0x4F, 0xA7, 0x84, 0xC4, 0x75, 0x14, 0x8B,
    0x6A, 0x4D, 0x52, 0x54, 0x33, 0x67, 0xD1, 0x02, 0x86, 0x39, 0xA6, 0x3F, 0xF4, 0x29, 0x88, 0x04,
    0x89, 0x49, 0xB0, 0x40, 0x22, 0x1A, 0x84, 0xF4, 0xE2, 0x11, 0x7A, 0x77, 0x75, 0x27, 0x22, 0xF0,
    0x20, 0x8A, 0xC0, 0x83, 0x4B, 0x2E, 0x18, 0xB3, 0x4B, 0x61, 0x2D, 0x33, 0xBE, 0x58, 0x79, 0x6B,
    0x8E, 0x9A, 0x08, 0x84, 0x93, 0xCC, 0xF6, 0x5A, 0x40, 0x23, 0x75, 0x7B, 0x2D, 0x80, 0x3A, 0xF0,
    0x7E, 0x37, 0x4C, 0x2C, 0xD8, 0x33, 0xB1, 0x3D, 0x05, 0x9D, 0x4B, 0x4A, 0x1E, 0x0C, 0x1C, 0x49,
    0x36, 0xC4, 0x5B, 0x88, 0xCF, 0x30, 0xFA, 0xE0, 0xE7, 0x51, 0xD0, 0x4C, 0x86, 0xE0, 0xCB, 0x99,
    0x79, 0x40, 0xA8, 0xCD, 0xE0, 0x93, 0x85, 0x39, 0x46, 0x88, 0x2E, 0x80, 0x58, 0x42, 0x8E, 0xD1,
    0x60, 0x23, 0xE8, 0x13, 0xA1, 0xF0, 0x15, 0x25, 0x87, 0x97, 0x42, 0x87, 0xA4, 0xA9, 0x17, 0xE2,
    0x07, 0x91, 0x09, 0xFF, 0x10, 0xF2, 0x68, 0x93, 0xA8, 0x24, 0x8C, 0xC4, 0x99, 0xE4, 0x92, 0x67,
    0xF2, 0x22, 0x88, 0xC9, 0x59, 0xA4, 0x20, 0xA2, 0xDB, 0x0F, 0xCC, 0x1A, 0x7C, 0x71, 0x4B, 0xBB,
    0xC0, 0x24, 0x11, 0x0D, 0x6F, 0x46, 0x16, 0x76, 0x1A, 0x1C, 0xD0, 0x20, 0xEF, 0x64, 0xB5, 0xD2,
    0x4B, 0xEA, 0x85, 0x07, 0xE5, 0x46, 0x4D, 0xB9, 0xF0, 0x0E, 0x15, 0x40, 0x8E, 0x15, 0x6B, 0x25,
    0xAA, 0x44, 0x2E, 0x2B, 0x14, 0x72, 0x5E, 0x4C, 0x26, 0x83, 0x8C, 0x97, 0xE9, 0x14, 0xF6, 0xF0,
    0xF5, 0x18, 0xE1, 0x23, 0xF7, 0x31, 0x8A, 0xF1, 0x8E, 0x61, 0xAB, 0x08, 0x6F, 0xE5, 0xF4, 0x64,
    0x29, 0xBB, 0x8F, 0xE8, 0xF6, 0x0C, 0xE3, 0xDA, 0x6E, 0x8A, 0x12, 0x64, 0xE7, 0x3C, 0x28, 0x03,
    0xAE, 0x1F, 0xEC, 0x6F, 0x9E, 0xF0, 0xB5, 0xDE, 0x8B, 0x68, 0x8F, 0xC8, 0x6D, 0x9E, 0x47, 0xE0,
    0xFA, 0x5F, 0x22, 0x6E, 0xA1, 0x0F, 0xB0, 0xC5, 0x37, 0x04, 0xD4, 0xE2, 0xAA, 0x03, 0x68, 0x31,
    0xC1, 0x05, 0xCC, 0xE2, 0x03, 0x21, 0x3B, 0x92, 0x93, 0xF6, 0x66, 0x4A, 0x6B, 0xF7, 0x2F, 0x5F,
    0x37, 0x95, 0x3D, 0x32, 0x4F, 0xAE, 0xF6, 0xBB, 0x50, 0x1E, 0x40, 0x38, 0xDC, 0x52, 0xA5, 0x5B,
    0x85, 0xAB, 0x92, 0x25, 0x70, 0xDF, 0x75, 0x93, 0x0B, 0x37, 0x33, 0xB4, 0x7E, 0x8D, 0x01, 0xFF,
    0xAE, 0x85, 0x72, 0x49, 0x4B, 0xD6, 0x03, 0x33, 0xDB, 0x53, 0xA3, 0xFC, 0x55, 0x29, 0xF1, 0xF0,
    0x4B, 0x9A, 0xFE, 0x84, 0x3F, 0xBC, 0xC5, 0x83, 0xBE, 0x24, 0xFC, 0xAA, 0x44, 0xDA, 0x6B, 0x05,
    0x1E, 0xAC, 0x71, 0xA3, 0xAE, 0x33, 0x09, 0x24, 0xE1, 0x32, 0x07, 0xCC, 0x2B, 0x6A, 0x33, 0x8B,
    0x1B, 0x72, 0x35, 0x5E, 0x24, 0x2D, 0x51, 0x9F, 0x90, 0x51, 0x49, 0x5D, 0x14, 0xAA, 0x7D, 0x7A,
    0xB8, 0x9D, 0x42, 0xDD, 0x72, 0x8C, 0x9B, 0x0D, 0x7F, 0xC6, 0x2A, 0xC5, 0x3F, 0x8F, 0xFB, 0x4B,
    0xD5, 0x5E, 0x2C, 0x8A, 0x62, 0x6D, 0x52, 0x26, 0xD8, 0x48, 0x31, 0xE3, 0x4E, 0x74, 0xF0, 0xF8,
    0x2E, 0xF5, 0xAD, 0x90, 0xF3, 0xAB, 0x9D, 0x35, 0x74, 0xEF, 0x24, 0xB2, 0xE5, 0xD6, 0x4A, 0x3E,
    0x5A, 0xA4, 0x02, 0xF6, 0xA3, 0x26, 0xC2, 0x63, 0xA1, 0xC9, 0x34, 0xD3, 0x84, 0xCC, 0x99, 0x80,
    0x44, 0xD4, 0x0A, 0x03, 0x52, 0xD7, 0x7B, 0xC8, 0x8E, 0x8B, 0xC7, 0x2F, 0xCD, 0x85, 0xAB, 0x83,
    0x10, 0xE1, 0xAD, 0xBF, 0xDD, 0xD0, 0x43, 0x8A, 0x9D, 0x51, 0xE2, 0xED, 0x06, 0x65, 0x8D, 0xE7,
    0xD7, 0x6E, 0x37, 0x3E, 0x06, 0x3E, 0x9E, 0x2C, 0x98, 0x7A, 0xF8, 0x74, 0x42, 0xF5, 0x20, 0x1F,
    0x4E, 0x20, 0x1C, 0x97, 0x4F, 0xDA, 0xEA, 0x5A, 0x5B, 0x6F, 0x52, 0x2E, 0x37, 0xAB, 0x14, 0xC6,
    0x7E, 0x11, 0x66, 0xB5, 0x73, 0x23, 0x7B, 0x38, 0x72, 0x79, 0xD1, 0x90, 0x65, 0xFE, 0xF4, 0x7A,
    0x1C, 0xD6, 0x4B, 0xB3, 0x99, 0x97, 0x24, 0x8B, 0x79, 0x08, 0xF0, 0xBB, 0x70, 0x78, 0xEF, 0xB2,
    0x35, 0x50, 0xD2, 0x64, 0x81, 0x59, 0x65, 0xC7, 0x90, 0x17, 0xF5, 0xD3, 0xE7, 0x53, 0x3B, 0x77,
    0xF3, 0xE9, 0x26, 0x77, 0xE3, 0xBE, 0x80, 0x3A, 0x76, 0x6F, 0x88, 0xCB, 0x8E, 0xDA, 0x8A, 0x5E,
    0xA9, 0x0C, 0xB2, 0x57, 0x79, 0xF0, 0x36, 0x2A, 0x17, 0x6B, 0xAF, 0x1A, 0x95, 0xB2, 0x60, 0x71,
    0x41, 0x0D, 0xF5, 0x16, 0xA2, 0x9D, 0x63, 0xB8, 0x79, 0x9A, 0xC8, 0x9B, 0x08, 0x5E, 0xCE, 0xFF,
    0x55, 0xF0, 0xF8, 0x57, 0x7D, 0x92, 0x67, 0xA9, 0xE0, 0xB1, 0x7C, 0xAA, 0x65, 0xFE, 0x4A, 0x05,
    0x8F, 0xDF, 0x9E, 0x28, 0xBB, 0x69, 0x28, 0xB5, 0xE1, 0xB6, 0x00, 0x61, 0x15, 0x34, 0x14, 0xB5,
    0x37, 0x68, 0x28, 0x2E, 0xD9, 0x27, 0x19, 0x25, 0x68, 0x28, 0x06, 0x1F, 0x62, 0xA5, 0xF6, 0x7D,
    0xD4, 0x50, 0xF8, 0x2D, 0x6A, 0x68, 0x97, 0x68, 0xA8, 0x4F, 0x34, 0xB4, 0x49, 0x34, 0xB4, 0x82,
    0xB4, 0x64, 0x8C, 0x1A, 0x9A, 0x27, 0x87, 0xC7, 0xEC, 0x1D, 0xEB, 0xD3, 0x89, 0x3E, 0xC6, 0x3C,
    0xEE, 0x44, 0x44, 0x5F, 0xC4, 0x5E, 0xE4, 0xCF, 0xF5, 0xFB, 0x9F, 0x12, 0x6E, 0xDE, 0x3A, 0xED,
    0xE6, 0xA4, 0xEE, 0x0E, 0x85, 0xEF, 0x7F, 0x63, 0x89, 0x5E, 0x83, 0x21, 0xD7, 0x6F, 0xED, 0xED,
    0x43, 0x2F, 0x6C, 0xFF, 0x12, 0xCF, 0xD9, 0x01, 0x2A, 0xE3, 0x8D, 0x38, 0xC4, 0x95, 0xC4, 0xD3,
    0x47, 0xB3, 0xDE, 0x3A, 0xF5, 0x78, 0x17, 0x53, 0xFB, 0x1B, 0x53, 0x63, 0xFC, 0x02, 0x17, 0xE2,
    0xD4, 0x98, 0xF8, 0xCF, 0x4E, 0xDD, 0xCE, 0x4C, 0x9D, 0x6E, 0x99, 0x1A, 0x54, 0xED, 0xEC, 0xD4,
    0xF6, 0x25, 0xA7, 0x46, 0xD4, 0x9C, 0x9B, 0x3A, 0xDE, 0xE0, 0x58, 0x79, 0x0E, 0x70, 0x61, 0x2F,
    0xDB, 0xD0, 0x83, 0x5B, 0x7B, 0xA9, 0x3B, 0x56, 0x6F, 0xDA, 0x2A, 0xCC, 0x11, 0x73, 0x43, 0x9D,
    0xC8, 0x82, 0x5C, 0xEE, 0x4F, 0x40, 0x6B, 0x45, 0xB4, 0x01, 0xF6, 0xDE, 0xE5, 0xAB, 0x23, 0x73,
    0x7C, 0x41, 0x7B, 0xD4, 0xF6, 0x70, 0xB2, 0x60, 0xE3, 0x97, 0xB1, 0x2B, 0xAD, 0x85, 0x93, 0xF5,
    0x24, 0x97, 0xC6, 0xE9, 0x63, 0xB9, 0x02, 0xA8, 0x0C, 0xC7, 0xEA, 0xD7, 0xB3, 0x3A, 0xD9, 0x0D,
    0xEE, 0x59, 0xAB, 0x56, 0x69, 0x75, 0xB3, 0x06, 0xF1, 0xD4, 0xAA, 0x9D, 0xE9, 0x75, 0x07, 0x47,
    0xDD, 0xBF, 0x11, 0x5E, 0xD0, 0xFE, 0x03, 0xD5, 0x54, 0xCB, 0x71, 0x83, 0x30, 0x10, 0x95, 0xC9,
    0x81, 0x83, 0x0F, 0xDC, 0xB9, 0xB8, 0x04, 0x95, 0x00, 0xF5, 0xA4, 0x09, 0x51, 0x42, 0x8A, 0xC8,
    0x29, 0x4D, 0x48, 0x25, 0x50, 0x02, 0xEE, 0x80, 0x03, 0x07, 0x66, 0x82, 0x59, 0x0B, 0xD8, 0x5D,
    0xA1, 0x41, 0xD6, 0xD8, 0x84, 0xCC, 0x24, 0xBA, 0x68, 0x07, 0xFB, 0xBD, 0xFD, 0x3D, 0x3D, 0x21,
    0x84, 0x90, 0x95, 0xC0, 0x03, 0x2D, 0x06, 0x09, 0xF4, 0x18, 0xBD, 0xC1, 0xB0, 0x89, 0xDC, 0xAF,
    0x0E, 0xB1, 0x62, 0xD9, 0x7B, 0x0A, 0xC0, 0x63, 0xA2, 0x51, 0xC9, 0x11, 0x01, 0x2F, 0x03, 0x53,
    0x70, 0x61, 0x9A, 0x0A, 0x3B, 0x41, 0xCD, 0x0D, 0x50, 0x89, 0x67, 0x07, 0xBD, 0x45, 0xA0, 0x22,
    0x0A, 0xCD, 0x1C, 0x74, 0x08, 0x40, 0x1B, 0x86, 0x9A, 0x2D, 0x74, 0x0C, 0x40, 0xBB, 0x08, 0x34,
    0x85, 0x32, 0x02, 0x55, 0xDD, 0x66, 0x1D, 0x41, 0x28, 0x04, 0xA0, 0x7D, 0x60, 0xF7, 0x35, 0x43,
    0xAB, 0x0D, 0x54, 0xDE, 0xF6, 0x43, 0x79, 0x97, 0x8A, 0x23, 0x88, 0x46, 0x2B, 0x59, 0x61, 0x0E,
    0x92, 0x1E, 0x89, 0x91, 0x6E, 0x96, 0x24, 0xD5, 0xB2, 0x4B, 0x8E, 0xA8, 0xAC, 0xF6, 0xC1, 0x5D,
    0xE3, 0x5D, 0x79, 0x8D, 0x15, 0x38, 0x11, 0xDD, 0xA3, 0xDE, 0x5A, 0x6F, 0x03, 0x67, 0x9C, 0xFF,
    0x65, 0xF4, 0x67, 0xCF, 0x0D, 0xD5, 0xDE, 0xC0, 0x9E, 0x64, 0xCD, 0x90, 0x55, 0x22, 0xAB, 0x3A,
    0x96, 0x15, 0xFB, 0xC6, 0x3D, 0xB5, 0xF0, 0xE0, 0x16, 0xA7, 0x2F, 0xFB, 0xEF, 0xFC, 0x63, 0xCE,
    0x6C, 0x29, 0xF4, 0xAC, 0x5C, 0x65, 0xBF, 0x2F, 0x79, 0x65, 0x6F, 0xA9, 0xE9, 0xB1, 0x64, 0xB4,
    0x31, 0x21, 0x51, 0xAF, 0x60, 0x34, 0x4A, 0x5D, 0x5D, 0x49, 0x2F, 0xF2, 0x1B, 0x58, 0x38, 0xCE,
    0x79, 0x3A, 0x7E, 0xCC, 0xF4, 0x36, 0xC4, 0x7B, 0xF9, 0xB7, 0x5C, 0xC6, 0xEC, 0x75, 0x99, 0x1F,
    0x18, 0xD4, 0x1A, 0x6A, 0xFE, 0x87, 0x41, 0x35, 0x4F, 0x19, 0x94, 0x8C, 0x79, 0x5B, 0xB2, 0x82,
    0x1E, 0xE2, 0x32, 0x93, 0x94, 0xF2, 0xCF, 0x45, 0xBE, 0x85, 0xCD, 0x32, 0xE9, 0x73, 0xCA, 0x61,
    0x15, 0x9B, 0x4C, 0xC5, 0x59, 0xC9, 0xA6, 0xE3, 0x3C, 0xEE, 0x6A, 0x11, 0x81, 0xAE, 0x8B, 0xB9,
    0x98, 0xA2, 0x5B, 0x4A, 0xC9, 0xC6, 0xA5, 0x87, 0x14, 0x46, 0xDC, 0xCB, 0xE0, 0x8F, 0x3B, 0xAF,
    0x7E, 0xDB, 0x85, 0xC8, 0x97, 0x95, 0xEF, 0x83, 0x2F, 0xBB, 0x90, 0x39, 0x84, 0xB5, 0x43, 0xD6,
    0x26, 0xC8, 0x7A, 0xB0, 0x0B, 0xDD, 0x01, 0xED, 0x58, 0xBD, 0x92, 0xDC, 0x44, 0x10, 0x1E, 0xED,
    0x56, 0xAD, 0xAA, 0xAC, 0x40, 0x11, 0x89, 0x09, 0x14, 0xE3, 0x44, 0x8F, 0xA0, 0x2D, 0x12, 0x42,
    0x08, 0xCC, 0x4B, 0xDC, 0x05, 0x7E, 0x84, 0xDD, 0x9C, 0xE4, 0x1E, 0xE1, 0x02, 0x07, 0xB6, 0x5F,
    0x42, 0x9B, 0x91, 0x6E, 0x46, 0xAA, 0x80, 0x2A, 0x20, 0x42, 0x54, 0xA9, 0x8A, 0xC5, 0xEC, 0xAA,
    0xE9, 0xFF, 0xE9, 0x35, 0x87, 0xB9, 0x3B, 0x5C, 0xC6, 0x86, 0x53, 0x70, 0xEA, 0xDE, 0xD3, 0xCC,
    0xF4, 0x74, 0xF7, 0x7C, 0xDD, 0xF3, 0xA5, 0x94, 0x9E, 0x01, 0xC0, 0xF7, 0x09, 0x9F, 0x4F, 0xBE,
    0x4A, 0xA9, 0x02, 0x7A, 0xAE, 0x50, 0xEB, 0xA6, 0x94, 0x7A, 0xD6, 0x0E, 0xA2, 0x95, 0x20, 0xCF,
    0x9A, 0xB5, 0x46, 0xB5, 0x21, 0xA5, 0xCD, 0x98, 0x36, 0xF4, 0x4E, 0x2D, 0x7D, 0xBA, 0x19, 0x0B,
    0x38, 0xD1, 0x74, 0xFC, 0x82, 0x71, 0x09, 0x23, 0x69, 0xA9, 0x03, 0xFC, 0x65, 0x5F, 0xC1, 0x8E,
    0xB5, 0x1A, 0xB6, 0x4B, 0xD8, 0xD5, 0xC0, 0x4A, 0x42, 0xB1, 0x85, 0x6D, 0x73, 0x12, 0xAD, 0xA0,
    0x79, 0x53, 0x77, 0x14, 0x2D, 0xA1, 0x72, 0x4C, 0xDD, 0x41, 0x35, 0x34, 0x69, 0xA4, 0x15, 0x93,
    0x4E, 0x8A, 0xE6, 0xF4, 0xAE, 0xCD, 0xD7, 0xF8, 0xF9, 0xA0, 0x5A, 0x4B, 0x43, 0xB2, 0x46, 0xD3,
    0xC1, 0xFE, 0x46, 0xAD, 0xF9, 0x1F, 0x6A, 0xE7, 0x7E, 0x39, 0xD3, 0xFA, 0x33, 0x0F, 0x66, 0xEF,
    0x92, 0x96, 0x3D, 0x3F, 0xD9, 0x4F, 0xC9, 0x3E, 0xCA, 0x11, 0x23, 0xAD, 0x99, 0x45, 0x59, 0xF0,
    0xC2, 0x35, 0xA5, 0x0D, 0x3E, 0x25, 0xC7, 0xBF, 0xF4, 0x2C, 0x58, 0x73, 0xF4, 0x27, 0xD6, 0x36,
    0x92, 0x0D, 0x30, 0xCB, 0xB0, 0xA3, 0xFE, 0x48, 0xB9, 0xF9, 0x4C, 0x3F, 0xB1, 0xAC, 0xDB, 0x69,
    0xDA, 0xC8, 0x93, 0x53, 0x03, 0x9F, 0x49, 0xB5, 0xCA, 0x92, 0x55, 0x9E, 0xC7, 0x3D, 0xBC, 0xBE,
    0x32, 0xE5, 0x53, 0x80, 0x19, 0xFF, 0x53, 0x7C, 0x4D, 0xEB, 0xE0, 0x73, 0xA2, 0xB9, 0xD6, 0x3A,
    0xFB, 0x96, 0x65, 0x99, 0x6C, 0x24, 0x79, 0x21, 0xAB, 0x1C, 0x51, 0x46, 0xCB, 0x0F, 0x9C, 0xA0,
    0x28, 0xA0, 0xF5, 0x3B, 0x36, 0x69, 0x8D, 0x69, 0xDC, 0xCE, 0xBA, 0xBB, 0xFA, 0xA4, 0x7E, 0xC0,
    0x7D, 0xA3, 0xB0, 0x11, 0x73, 0xE0, 0x17, 0x1C, 0xA7, 0x9E, 0xE4, 0x0C, 0x56, 0x8F, 0x6F, 0x68,
    0x2B, 0x2A, 0x77, 0xB4, 0x11, 0x8D, 0x52, 0x47, 0xDB, 0x30, 0xF9, 0xB7, 0x1C, 0x3D, 0xF6, 0xFA,
    0xBF, 0x26, 0xAB, 0x9D, 0xA3, 0x85, 0x58, 0xD3, 0xC1, 0xF6, 0x45, 0x2F, 0xDB, 0xEF, 0xE0, 0xF9,
    0x20, 0xF1, 0x6F, 0x40, 0x62, 0xB2, 0xE3, 0xA8, 0xEF, 0x18, 0x2C, 0xD6, 0xEC, 0x31, 0xDC, 0xDD,
    0x4A, 0x42, 0x5E, 0x98, 0x9F, 0xD5, 0x33, 0x82, 0x2E, 0x1E, 0xF5, 0x75, 0x06, 0x07, 0x4B, 0xBB,
    0x55, 0x0F, 0x3F, 0x69, 0xCA, 0xED, 0x0D, 0x49, 0xD6, 0x88, 0x53, 0xB7, 0x51, 0xAA, 0xA8, 0xD4,
    0x73, 0x54, 0x4E, 0x41, 0x69, 0x8F, 0x41, 0xD9, 0x04, 0xE5, 0x73, 0x98, 0xB2, 0x82, 0x96, 0x46,
    0x65, 0x17, 0x95, 0x60, 0x1B, 0x46, 0x35, 0x2B, 0x98, 0x81, 0x61, 0xEA, 0xF4, 0xA0, 0xBC, 0x5D,
    0x19, 0x6E, 0x54, 0x02, 0x40, 0x95, 0x51, 0xA9, 0xC0, 0xB2, 0x96, 0x12, 0x6E, 0x0E, 0xE8, 0xC4,
    0x55, 0xA6, 0xD5, 0x52, 0xC3, 0x3F, 0x5A, 0x15, 0xEA, 0x0F, 0x9E, 0xA2, 0x98, 0xB5, 0x63, 0x46,
    0xA6, 0x4A, 0x2C, 0xE1, 0x14, 0x2C, 0x7A, 0x04, 0x08, 0xCF, 0x4F, 0x49, 0x5C, 0x83, 0xA5, 0x83,
    0x02, 0x1E, 0x3F, 0x6A, 0xFC, 0x33, 0xC5, 0x17, 0x49, 0x5E, 0x3C, 0xFB, 0xF3, 0x36, 0x24, 0x2C,
    0xDA, 0xBC, 0x19, 0xFF, 0x46, 0xEC, 0xB3, 0x68, 0x59, 0x46, 0xE2, 0xDE, 0xC4, 0xC2, 0xD2, 0xAD,
    0x84, 0x65, 0x16, 0x11, 0x96, 0x4C, 0x44, 0x23, 0x5D, 0x3C, 0x66, 0x71, 0xC8, 0xE2, 0xDA, 0xC5,
    0xAB, 0x60, 0xD9, 0x7B, 0x14, 0xAB, 0x2C, 0xD6, 0x59, 0x64, 0xD0, 0x90, 0x58, 0x77, 0x39, 0xB8,
    0x3D, 0x18, 0xCE, 0x2C, 0x18, 0xFA, 0x39, 0x86, 0x15, 0x8B, 0x8C, 0xC2, 0x2D, 0x8B, 0x35, 0x4E,
    0xB1, 0x82, 0x5F, 0x41, 0x36, 0x88, 0xCF, 0xB7, 0xE0, 0xB1, 0xE1, 0x85, 0x39, 0x82, 0x87, 0x12,
    0xAC, 0x56, 0xEC, 0x45, 0x4C, 0x97, 0xF0, 0xA3, 0x95, 0x89, 0x74, 0x81, 0xB1, 0x7A, 0xFC, 0x5C,
    0xE4, 0xCD, 0xA0, 0xD0, 0xA7, 0x85, 0x51, 0x6B, 0x50, 0x42, 0xC0, 0x5F, 0x58, 0x99, 0xA1, 0x02,
    0x31, 0xDB, 0x60, 0xAC, 0x05, 0x56, 0x10, 0x71, 0xB0, 0x0D, 0xC5, 0xC1, 0x53, 0xBF, 0x33, 0x19,
    0x71, 0xC7, 0x2B, 0xD4, 0x12, 0x7C, 0x28, 0xA2, 0x9C, 0x0F, 0x0D, 0x15, 0x98, 0xCA, 0xD8, 0x55,
    0x7A, 0x27, 0xCF, 0x67, 0xEB, 0x30, 0xFF, 0x90, 0x65, 0x2F, 0x9F, 0xE7, 0x36, 0x2C, 0x3C, 0x85,
    0xCF, 0xED, 0x2C, 0xBD, 0xF8, 0x92, 0xC7, 0xF3, 0x5E, 0x10, 0x42, 0x7D, 0x8F, 0xED, 0xC1, 0x5B,
    0x0F, 0x74, 0x60, 0x5E, 0x6C, 0x33, 0x7A, 0x33, 0x81, 0xF1, 0xEE, 0xA6, 0xEC, 0xB7, 0xF6, 0xE8,
    0xCB, 0x6E, 0xDD, 0x87, 0x8C, 0xD2, 0xBE, 0x6C, 0x2A, 0x6D, 0xE1, 0x6A, 0x16, 0x4C, 0xE0, 0x65,
    0x8F, 0x34, 0xC4, 0xDB, 0x9C, 0xC2, 0x8C, 0xE8, 0x72, 0x35, 0xE5, 0x18, 0x9A, 0x47, 0xFB, 0x10,
    0x53, 0xFA, 0xBF, 0xF6, 0x33, 0x3C, 0xAE, 0x39, 0xEA, 0xB2, 0x5B, 0x8E, 0xB1, 0x63, 0x4F, 0x35,
    0x67, 0x80, 0x51, 0x23, 0xD8, 0xAE, 0xA5, 0x2C, 0xCC, 0xC3, 0x16, 0xB2, 0x30, 0xEF, 0xA3, 0x90,
    0x85, 0x65, 0x7F, 0x92, 0xCC, 0xB2, 0x6F, 0x31, 0x42, 0xD3, 0x7B, 0xD2, 0x4E, 0xD7, 0x0A, 0xE0,
    0x22, 0xC8, 0xD6, 0xE6, 0xCC, 0x9E, 0xCB, 0xA0, 0x29, 0x9E, 0x3B, 0x72, 0xB7, 0x70, 0xAB, 0xCB,
    0xAA, 0x11, 0xD6, 0xA1, 0x91, 0x11, 0x5A, 0x9B, 0xB9, 0x76, 0x9B, 0x07, 0xC8, 0x14, 0x43, 0x53,
    0xFC, 0xD6, 0x3D, 0xD6, 0x52, 0xB7, 0xB3, 0x73, 0xC4, 0xCC, 0x1E, 0x06, 0xD9, 0xB9, 0xBA, 0xC0,
    0x23, 0xB2, 0xCC, 0xED, 0x3B, 0x0D, 0xF4, 0x56, 0x10, 0x77, 0xEF, 0x4D, 0x22, 0x2D, 0xD4, 0xA0,
    0x42, 0x47, 0xA4, 0x3A, 0x71, 0xB4, 0x18, 0xC1, 0xA5, 0xA1, 0xD8, 0xA5, 0x7E, 0xCF, 0x27, 0xA5,
    0x60, 0x47, 0xB6, 0x13, 0x83, 0x3B, 0x7E, 0x24, 0x19, 0xB0, 0x84, 0x76, 0xD2, 0xFA, 0x3F, 0x68,
    0x1B, 0xB5, 0x4B, 0x8E, 0x0C, 0xC9, 0x3D, 0x90, 0x8A, 0xA7, 0x77, 0x3A, 0x08, 0x97, 0x40, 0x1D,
    0x88, 0x74, 0x8B, 0x93, 0xC2, 0xFA, 0x6C, 0xAD, 0xC8, 0x56, 0x5D, 0x3F, 0xD4, 0xB4, 0x68, 0x09,
    0x93, 0xB4, 0x31, 0xFD, 0x51, 0x5C, 0xDC, 0x9D, 0x64, 0x6F, 0xF5, 0x2C, 0xF1, 0xB3, 0x42, 0x62,
    0x1E, 0x2A, 0xDF, 0xF2, 0xBE, 0x80, 0xD7, 0xD8, 0x8F, 0x50, 0x27, 0x0A, 0x33, 0x81, 0x3C, 0x2D,
    0xF3, 0x03, 0x58, 0xA8, 0x2D, 0xB4, 0x2D, 0xC5, 0x0D, 0x4B, 0x48, 0x77, 0x92, 0xEA, 0x21, 0x21,
    0x6C, 0x40, 0xDA, 0xAF, 0x52, 0x7D, 0x61, 0x7D, 0x8D, 0xBD, 0xAD, 0xB5, 0xA9, 0xC1, 0x70, 0xD4,
    0x40, 0x54, 0xC6, 0x01, 0xF4, 0x93, 0xE4, 0x15, 0xCF, 0xDB, 0xD0, 0x3A, 0x57, 0xB8, 0xE7, 0xDF,
    0x75, 0xDD, 0xEF, 0xD4, 0x8E, 0x2F, 0x80, 0x53, 0xF2, 0x84, 0xF6, 0x51, 0x85, 0x1B, 0xC8, 0xEE,
    0x4B, 0xEE, 0xB8, 0x9E, 0x20, 0x0C, 0x3D, 0x7A, 0x4E, 0x81, 0xEB, 0x26, 0x8A, 0x4F, 0xBF, 0x2F,
    0xC9, 0x69, 0x5B, 0x44, 0x42, 0x0A, 0x5B, 0xCF, 0xD0, 0xD7, 0x8D, 0x14, 0xB2, 0xFA, 0x40, 0xC8,
    0x59, 0xCE, 0x14, 0x2E, 0x01, 0xEC, 0x24, 0xC0, 0x22, 0x3E, 0xBB, 0x0D, 0xA0, 0x3D, 0xB9, 0xCE,
    0xDF, 0x3F, 0xFC, 0xBD, 0xDB, 0xDF, 0x0B, 0xF4, 0xEF, 0x8A, 0x23, 0xD5, 0x4A, 0xA4, 0x86, 0xB3,
    0x48, 0x41, 0x88, 0x54, 0xC3, 0x91, 0xAA, 0xCE, 0x22, 0x75, 0xF2, 0x9B, 0xDF, 0x1D, 0x4A, 0xCF,
    0x7F, 0xDB, 0xAB, 0xAB, 0x97, 0x78, 0x14, 0x5F, 0xAD, 0xAD, 0xFF, 0x5C, 0x82, 0x95, 0xAD, 0x64,
    0xB5, 0x0A, 0xDD, 0xD8, 0x4E, 0x56, 0xEC, 0xB9, 0x71, 0xD0, 0xE2, 0x64, 0x88, 0xBA, 0x04, 0x1B,
    0x85, 0xA1, 0xF8, 0xC6, 0x4B, 0x6B, 0xFF, 0xB3, 0x43, 0x65, 0xE7, 0x57, 0x72, 0xBD, 0x2E, 0xE5,
    0x7E, 0x57, 0x9F, 0xA7, 0xFF, 0xB0, 0x03, 0x70, 0xDA, 0x47, 0x6F, 0xCA, 0xDB, 0x7C, 0x85, 0x3E,
    0x84, 0x42, 0xB3, 0xCE, 0x97, 0x6E, 0x2A, 0x21, 0xCA, 0xF3, 0x4C, 0x29, 0x90, 0x3C, 0x81, 0xE1,
    0x09, 0xF4, 0x4E, 0xE0, 0x76, 0x32, 0xB1, 0xB3, 0x0F, 0x1C, 0x41, 0x20, 0x0F, 0x02, 0xAB, 0x10,
    0xE8, 0x86, 0xC0, 0x4A, 0x44, 0x71, 0xFF, 0x67, 0xB1, 0xF9, 0xA8, 0xC5, 0x1B, 0xB7, 0x19, 0x48,
    0x98, 0xE0, 0x92, 0xE0, 0xA8, 0xE0, 0xBE, 0xE0, 0xD4, 0xC0, 0xBA, 0x04, 0xCA, 0x25, 0xF0, 0x2D,
    0x91, 0x6C, 0x09, 0x4C, 0x8B, 0xD1, 0x2C, 0xE3, 0x19, 0xC7, 0x12, 0x09, 0x96, 0xC0, 0xAE, 0x44,
    0x6A, 0xC5, 0x79, 0x95, 0x47, 0x2F, 0x70, 0xAA, 0x57, 0x5A, 0xDD, 0xB8, 0x0B, 0xA6, 0x56, 0x4C,
    0x8E, 0x04, 0x56, 0x76, 0x69, 0xB3, 0xF0, 0x6F, 0x2F, 0xA5, 0xE9, 0x28, 0x65, 0x1E, 0xBF, 0xD4,
    0xA4, 0x5E, 0xC0, 0x97, 0x47, 0x23, 0xFC, 0x46, 0x3B, 0x04, 0xEA, 0xA5, 0xC6, 0x9A, 0x3A, 0xEF,
    0x3D, 0x8A, 0xFB, 0xA4, 0xBF, 0xD2, 0x3E, 0xCE, 0xF9, 0x38, 0xE1, 0xE3, 0x6C, 0x8F, 0x53, 0x3D,
    0xCE, 0xF3, 0x38, 0xC9, 0xE3, 0x0C, 0x8F, 0xD3, 0x1A, 0xCE, 0x75, 0x38, 0x01, 0x62, 0xAC, 0x8E,
    0x09, 0xDD, 0xE4, 0xFC, 0xC9, 0x7B, 0x15, 0x8C, 0xA8, 0x71, 0x96, 0xC6, 0x2D, 0x74, 0x9B, 0x7D,
    0x17, 0xCE, 0xCC, 0x38, 0x2D, 0xE3, 0x9C, 0x4C, 0x26, 0x64, 0x9C, 0x8D, 0x71, 0x2A, 0x26, 0xF3,
    0x30, 0x4E, 0xC2, 0x50, 0x81, 0x58, 0xBD, 0xF0, 0x0B, 0x92, 0xA2, 0x21, 0xF5, 0x65, 0xDA, 0x63,
    0x73, 0x6B, 0xB0, 0xB7, 0x16, 0xBB, 0xB0, 0xA0, 0xF6, 0x83, 0xE3, 0x9A, 0x74, 0x13, 0x0A, 0x97,
    0x86, 0xA1, 0x98, 0x23, 0x86, 0xA1, 0x14, 0x20, 0x47, 0xC3, 0x70, 0xF7, 0xE8, 0xF2, 0xF5, 0xA4,
    0x39, 0xBC, 0x9B, 0x1B, 0x52, 0xA4, 0x1F, 0x1E, 0xC4, 0x0F, 0x48, 0x1C, 0x6E, 0x10, 0x23, 0x09,
    0x14, 0x28, 0xA0, 0x40, 0x00, 0x05, 0xFA, 0x27, 0x90, 0x3F, 0x81, 0xFA, 0x09, 0xC4, 0x4F, 0xA4,
    0x7D, 0x02, 0xE9, 0x13, 0x28, 0x9F, 0x40, 0xF8, 0x44, 0xBA, 0x27, 0x90, 0x3D, 0x99, 0xEA, 0xE1,
    0x63, 0xF1, 0x52, 0x12, 0x93, 0xB2, 0xBB, 0xD2, 0x03, 0xE1, 0xA7, 0xC1, 0x8E, 0xC2, 0x66, 0x90,
    0x0B, 0x42, 0xAB, 0x87, 0xA0, 0x3E, 0xC9, 0xB9, 0x59, 0x82, 0x1C, 0x9A, 0x42, 0x8B, 0xB4, 0x11,
    0xE5, 0x76, 0xD1, 0x4B, 0xAB, 0xEB, 0x7B, 0xA7, 0xF7, 0x9B, 0x57, 0x87, 0x8F, 0xED, 0xFD, 0xD7,
    0x57, 0x1D, 0x23, 0x8B, 0x8C, 0x29, 0x32, 0x9A, 0xC8, 0x38, 0x22, 0x23, 0x88, 0x8C, 0x1D, 0x72,
    0x6A, 0xC8, 0x78, 0x21, 0x27, 0x85, 0x8C, 0x11, 0x5A, 0x4A, 0x8D, 0xB8, 0x95, 0x78, 0xCF, 0xA7,
    0xA4, 0x36, 0x7C, 0xEF, 0x3C, 0xA5, 0xA2, 0x35, 0x5D, 0x71, 0x95, 0x8C, 0xB9, 0x59, 0x0C, 0xDF,
    0x86, 0x19, 0x1E, 0x00, 0xF0, 0x01, 0x00, 0x3F, 0x00, 0x00, 0xFC, 0x03, 0xED, 0x59, 0xBD, 0x8E,
    0xDC, 0x36, 0x10, 0xA6, 0x24, 0xE0, 0x04, 0xDC, 0x16, 0xEC, 0xED, 0x42, 0x7D, 0x52, 0xE8, 0x11,
    0xB8, 0x5D, 0x5E, 0x20, 0x79, 0x09, 0xBB, 0xC8, 0x23, 0x48, 0x7D, 0x1A, 0x3F, 0x42, 0x8A, 0x2B,
    0x62, 0xBF, 0x04, 0xB7, 0x4B, 0xAB, 0x2E, 0xAD, 0x0A, 0x03, 0x49, 0xAA, 0x6C, 0x21, 0x24, 0x1B,
    0x47, 0xD2, 0x64, 0xC8, 0xF9, 0x21, 0xF7, 0x6E, 0xD7, 0x39, 0x9F, 0x61, 0x20, 0x07, 0x48, 0xC0,
    0x81, 0x83, 0x15, 0xC9, 0xF9, 0xFB, 0xE6, 0xE3, 0x88, 0x67, 0x2A, 0xC0, 0xE7, 0x68, 0xCC, 0xB5,
    0xF1, 0xBF, 0x9E, 0x7A, 0x32, 0xA6, 0x19, 0xF0, 0x6F, 0x31, 0xA6, 0x43, 0xD9, 0x81, 0x31, 0x30,
    0x3F, 0x1C, 0xE5, 0xBD, 0xCC, 0x7F, 0xE2, 0x03, 0x71, 0x69, 0x0D, 0xCF, 0x7B, 0xDC, 0xF1, 0x68,
    0x79, 0x6C, 0x00, 0xC6, 0x30, 0x3A, 0xF0, 0x31, 0xE4, 0x1E, 0x42, 0xA8, 0x4C, 0x09, 0xE0, 0x66,
    0x9A, 0xDE, 0xAE, 0x38, 0xB6, 0x00, 0x16, 0x17, 0xDC, 0xC0, 0x5F, 0x50, 0x87, 0xF4, 0xC0, 0xCF,
    0x50, 0xC6, 0xB1, 0x06, 0xD3, 0xE1, 0x70, 0xC2, 0x11, 0xE7, 0xC2, 0x80, 0xA3, 0x79, 0x0D, 0xBF,
    0x49, 0xD0, 0xCA, 0xB7, 0x1A, 0x3F, 0x3B, 0xAB, 0xD8, 0x4E, 0x2A, 0xBA, 0x94, 0x68, 0x7F, 0x10,
    0xA9, 0x80, 0xBD, 0x88, 0x15, 0xE8, 0xFB, 0x5D, 0xDA, 0xC0, 0x9E, 0x9E, 0x90, 0xC0, 0x2C, 0xFF,
    0x02, 0x09, 0x93, 0x50, 0x72, 0x55, 0xCC, 0xE6, 0x7E, 0x26, 0x82, 0x1E, 0xA2, 0x29, 0xF8, 0xB7,
    0xDF, 0xC4, 0xFF, 0x91, 0x38, 0x5E, 0x10, 0x8D, 0x67, 0x90, 0xD6, 0x49, 0xDC, 0x81, 0x71, 0x8C,
    0x62, 0xBB, 0x1A, 0xC7, 0xD0, 0x44, 0xAC, 0xB4, 0x0B, 0x03, 0x7B, 0xC6, 0x1A, 0x63, 0x60, 0x9F,
    0x70, 0x7A, 0x04, 0x77, 0x89, 0xBC, 0x56, 0xC1, 0x44, 0x1B, 0xA0, 0x56, 0x08, 0x40, 0x2F, 0x3C,
    0xF4, 0x26, 0x56, 0x11, 0x3E, 0x2B, 0xD5, 0x64, 0x78, 0x4E, 0x54, 0x87, 0xE1, 0x89, 0x06, 0x7E,
    0x1F, 0x24, 0xDA, 0x1D, 0x97, 0xC0, 0xDA, 0x4B, 0x5D, 0xAC, 0xE7, 0x05, 0x26, 0x76, 0x75, 0xEC,
    0x00, 0xA9, 0xC6, 0xAD, 0xD8, 0x9F, 0x7B, 0xD3, 0x6F, 0x7F, 0xDC, 0x48, 0xF6, 0x19, 0x93, 0x6C,
    0x15, 0x92, 0x30, 0x30, 0x6D, 0x62, 0x00, 0x99, 0x39, 0x7D, 0x5F, 0xAE, 0x42, 0xB1, 0x63, 0x2D,
    0xCC, 0x69, 0x27, 0x2B, 0x7C, 0x5B, 0xCF, 0x4E, 0xD2, 0x84, 0x4A, 0x7A, 0x4D, 0x40, 0xE2, 0x5B,
    0x97, 0xF8, 0xB6, 0x99, 0x36, 0xBE, 0xDD, 0xC4, 0x8D, 0x6F, 0x71, 0xC2, 0x9D, 0x31, 0x2F, 0xDE,
    0x10, 0x8B, 0x76, 0x41, 0x07, 0xEE, 0x18, 0x6B, 0xAE, 0x3B, 0x10, 0xB1, 0xB6, 0x47, 0x22, 0x56,
    0x7B, 0x6A, 0xA3, 0xE9, 0xD5, 0x12, 0xA7, 0x61, 0x71, 0x72, 0x69, 0x76, 0x5C, 0x97, 0x2D, 0xFB,
    0x70, 0xB3, 0xF1, 0xEF, 0xB3, 0x6E, 0x72, 0x5F, 0x69, 0xAF, 0xAA, 0x27, 0xEE, 0x79, 0x5F, 0x9B,
    0x35, 0xAB, 0xBB, 0xC5, 0x5C, 0x68, 0x6C, 0x4D, 0xA2, 0xDF, 0xAC, 0x09, 0x46, 0xDE, 0xDE, 0x48,
    0x77, 0x13, 0x37, 0xD2, 0xCD, 0x80, 0x24, 0x55, 0x25, 0x1F, 0x90, 0xD2, 0xC3, 0x4A, 0x4F, 0x2B,
    0x3D, 0xAE, 0xF4, 0xBC, 0xD2, 0x19, 0x45, 0xCA, 0xDE, 0x48, 0xF6, 0xD9, 0x92, 0xEC, 0xED, 0x5B,
    0x84, 0xC3, 0xBB, 0xBD, 0xF0, 0x26, 0x73, 0x67, 0x81, 0x59, 0xB6, 0x8C, 0x44, 0x3F, 0x2A, 0x28,
    0x70, 0x14, 0x22, 0x46, 0x7C, 0x08, 0x12, 0x2A, 0x50, 0xC6, 0x2D, 0xE0, 0x07, 0xE5, 0x61, 0xFF,
    0x87, 0xB2, 0xB3, 0x03, 0x25, 0x5C, 0x0B, 0x4A, 0xC3, 0x75, 0xC6, 0xD3, 0xDF, 0x7E, 0x26, 0x1F,
    0xBE, 0x46, 0xBF, 0xDE, 0x73, 0x65, 0x29, 0xE2, 0x7D, 0x14, 0x67, 0xC3, 0x17, 0x5F, 0x10, 0xCB,
    0x85, 0xAB, 0x23, 0x58, 0xD4, 0xC5, 0x69, 0x4D, 0xA8, 0x14, 0x2A, 0x8C, 0x02, 0x87, 0x8A, 0x2F,
    0xC8, 0x10, 0x99, 0x35, 0xDB, 0x6A, 0xA1, 0x97, 0x5A, 0xAC, 0xE0, 0xD0, 0x2C, 0xE2, 0xEB, 0xA0,
    0x7D, 0x3C, 0x8C, 0x4E, 0x9C, 0xF5, 0xC7, 0x4E, 0x0E, 0xA8, 0xEE, 0x28, 0xE5, 0x8E, 0xC5, 0xEE,
    0x47, 0x15, 0x35, 0x1A, 0x5F, 0xDD, 0xA5, 0xC0, 0x68, 0x25, 0x7E, 0x11, 0x31, 0x02, 0x62, 0x7A,
    0x9C, 0x58, 0x25, 0x91, 0xED, 0xFD, 0x14, 0x71, 0xBC, 0x24, 0xAA, 0xF3, 0x59, 0x48, 0xBA, 0x14,
    0x28, 0x7F, 0xD4, 0xF0, 0x61, 0x24, 0x67, 0x61, 0x9C, 0xA1, 0x59, 0x35, 0xEA, 0x92, 0x80, 0x1D,
    0xF4, 0x92, 0x96, 0x16, 0x34, 0x59, 0x7E, 0x91, 0x14, 0xD6, 0x21, 0x9B, 0x5D, 0xC4, 0x42, 0x17,
    0x5E, 0x4A, 0xBA, 0x0F, 0xEC, 0x22, 0x51, 0x24, 0x43, 0x63, 0x52, 0xC0, 0xAC, 0xD4, 0x6A, 0xBC,
    0x00, 0xF8, 0x10, 0xF9, 0xAC, 0xC1, 0x5D, 0xEA, 0x95, 0xFB, 0x0A, 0x3B, 0x73, 0x75, 0x10, 0x49,
    0xE2, 0x5E, 0x7E, 0xA0, 0xA6, 0xA4, 0xA0, 0xFE, 0xA2, 0x9D, 0xB8, 0x02, 0xEC, 0xCC, 0xBC, 0x59,
    0x01, 0xD7, 0x4C, 0x01, 0xE2, 0xBB, 0x57, 0xE6, 0x14, 0xDC, 0x4B, 0x85, 0x99, 0x9B, 0xBB, 0x27,
    0x40, 0xFE, 0x65, 0x40, 0xFC, 0x77, 0x7B, 0xE2, 0xF8, 0x70, 0x08, 0x45, 0x57, 0x47, 0x14, 0xA2,
    0x73, 0x33, 0x0C, 0x05, 0xF9, 0x0B, 0x43, 0x15, 0x82, 0x12, 0xD8, 0x85, 0xAA, 0xCF, 0x63, 0x64,
    0x81, 0x22, 0xC8, 0x10, 0xC6, 0xD3, 0x84, 0x32, 0x50, 0xC1, 0x40, 0x59, 0xC1, 0xE8, 0x53, 0xA6,
    0x10, 0xE6, 0x9C, 0xC8, 0x5C, 0x18, 0xBE, 0xAC, 0xA0, 0x4A, 0x4B, 0x11, 0x2A, 0xB1, 0xA7, 0x46,
    0x0B, 0x27, 0xAA, 0x4A, 0x36, 0xBE, 0x81, 0x21, 0xF2, 0x5F, 0xA8, 0x67, 0x1B, 0x12, 0x82, 0x7E,
    0x0F, 0xBB, 0x90, 0x5C, 0x8C, 0xC8, 0x50, 0x49, 0x10, 0x0C, 0x9D, 0x8A, 0x28, 0xB4, 0x91, 0x21,
    0x50, 0xA8, 0x23, 0x1C, 0x82, 0xCA, 0xAF, 0x03, 0x21, 0x28, 0x8C, 0xAF, 0x0B, 0x85, 0x24, 0xB1,
    0x84, 0xC3, 0xED, 0x4F, 0x82, 0xCD, 0x95, 0x0C, 0xEB, 0x77, 0x40, 0x86, 0x31, 0x73, 0xB8, 0x95,
    0x4E, 0xEB, 0x32, 0x70, 0x10, 0x08, 0xE2, 0x3A, 0x21, 0xA8, 0x46, 0x28, 0xA9, 0x94, 0xE3, 0x3A,
    0xE4, 0x74, 0xD5, 0xA6, 0xB7, 0x7C, 0x97, 0xFA, 0x5F, 0x9B, 0xEE, 0x6D, 0x4D, 0x93, 0xF1, 0x66,
    0x76, 0x93, 0x20, 0x5D, 0x26, 0xD9, 0x9B, 0x9A, 0xE4, 0x22, 0x31, 0x6E, 0xE8, 0x4B, 0xCC, 0x25,
    0xFA, 0xCD, 0x6E, 0x90, 0xCF, 0x6E, 0x24, 0xDC, 0xF1, 0x93, 0x20, 0x59, 0xF8, 0xF7, 0x99, 0xC5,
    0xD9, 0x7D, 0x07, 0x24, 0x1B, 0xB2, 0xFF, 0x40, 0x60, 0xF5, 0x48, 0x13, 0x64, 0xCA, 0x35, 0x75,
    0xF3, 0xD5, 0x6C, 0xF4, 0x5E, 0x05, 0xE5, 0xEA, 0x8A, 0xAC, 0x73, 0xF2, 0xB5, 0xB8, 0x67, 0xBA,
    0x03, 0xCF, 0xFF, 0xDB, 0x91, 0xDB, 0x90, 0xDB, 0x96, 0xDB, 0xFC, 0xA8, 0xA7, 0xEB, 0xAF, 0x84,
    0x39, 0xC5, 0xAD, 0x84, 0x39, 0x0B, 0xF9, 0x92, 0x85, 0x7C, 0xBD, 0x18, 0x1F, 0x0B, 0x29, 0x2F,
    0xED, 0x9F, 0xC9, 0x4E, 0x77, 0x4C, 0x72, 0x37, 0xA6, 0xB3, 0x42, 0x8A, 0x94, 0xD8, 0x28, 0xC5,
    0x10, 0x7D, 0x9F, 0xD3, 0x47, 0x90, 0x26, 0x15, 0x33, 0x6D, 0xD7, 0xC4, 0x39, 0x9A, 0x78, 0x9C,
    0xA0, 0x80, 0x68, 0x4F, 0x61, 0xB9, 0x5E, 0x73, 0x2A, 0x68, 0x82, 0x22, 0x01, 0x7F, 0x60, 0x32,
    0xA1, 0xEF, 0xF0, 0x9E, 0xD1, 0x11, 0xD7, 0x31, 0x81, 0xC7, 0xFD, 0x9A, 0x39, 0x01, 0x8C, 0x39,
    0x2E, 0xDE, 0xA4, 0xEE, 0x20, 0x81, 0x8D, 0x8D, 0x68, 0x88, 0x5A, 0x7B, 0xBD, 0x5D, 0x2D, 0x49,
    0x31, 0xF9, 0xC7, 0xC7, 0xF8, 0x48, 0x07, 0x43, 0xFA, 0x25, 0xBE, 0x2D, 0x40, 0x4B, 0x4A, 0xCF,
    0xF7, 0xF9, 0x9E, 0xBC, 0x83, 0xC4, 0xF9, 0x96, 0x65, 0x30, 0x6A, 0x61, 0xB4, 0xD6, 0x89, 0x7C,
    0xD0, 0x0B, 0xDE, 0xE8, 0xBD, 0x7A, 0x3A, 0x8A, 0xF2, 0xF8, 0x5B, 0x8A, 0xCC, 0x24, 0xC6, 0x46,
    0xEF, 0x53, 0x24, 0x67, 0x71, 0x34, 0x7A, 0x9F, 0x22, 0x0F, 0x46, 0x5A, 0x07, 0xF4, 0x7E, 0x9F,
    0x65, 0xAA, 0xD7, 0xD3, 0x0F, 0x37, 0xEC, 0x52, 0x75, 0x0C, 0xDC, 0x24, 0x9C, 0x61, 0x4D, 0x7E,
    0xAE, 0x58, 0xB7, 0x64, 0x53, 0xF4, 0x34, 0x1F, 0xBF, 0xAB, 0x96, 0x7F, 0x00, 0xE5, 0x1F, 0xC9,
    0x17, 0x4F, 0x17, 0xE6, 0x21, 0xAE, 0xA0, 0x8A, 0xE2, 0x19, 0x83, 0x48, 0xE7, 0x23, 0xF9, 0xDB,
    0x8E, 0xF4, 0x89, 0xED, 0x0E, 0x74, 0x67, 0x83, 0xA3, 0xBB, 0x37, 0xC6, 0xDF, 0x65, 0x5E, 0x73,
    0x2A, 0xE3, 0x3A, 0xD9, 0x47, 0xF6, 0x15, 0x3D, 0xAA, 0xF7, 0x61, 0x7F, 0xF7, 0xB7, 0x76, 0x29,
    0xB1, 0x98, 0x43, 0x52, 0x19, 0x02, 0x3D, 0xA7, 0x7C, 0xB4, 0x21, 0x4F, 0x35, 0x4C, 0xC4, 0x90,
    0x7E, 0xA6, 0x18, 0xBB, 0x85, 0xE2, 0x6B, 0x57, 0xC7, 0x07, 0x87, 0x7E, 0x83, 0x9D, 0x45, 0xF0,
    0xD2, 0xF8, 0x0A, 0x3E, 0xEC, 0x71, 0x7C, 0x19, 0xD4, 0x85, 0xCF, 0xB7, 0xA0, 0xE6, 0x57, 0x10,
    0x88, 0x09, 0xA4, 0xDA, 0x90, 0x13, 0xFC, 0xBE, 0x72, 0x0B, 0x7D, 0x5C, 0x11, 0x13, 0x37, 0xEC,
    0x53, 0xCD, 0xED, 0xFB, 0xE3, 0xDB, 0x7C, 0x5A, 0x07, 0xE0, 0x19, 0xDB, 0x71, 0xDF, 0x26, 0xE8,
    0x79, 0x83, 0x3E, 0xFF, 0xC3, 0x7A, 0x7F, 0x61, 0x3B, 0xBE, 0x81, 0x78, 0xB8, 0x2C, 0x68, 0x5F,
    0x38, 0x52, 0x46, 0x6A, 0xEF, 0x7F, 0xC7, 0x25, 0xFF, 0x02, 0xED, 0x58, 0x3D, 0x8E, 0xEC, 0x44,
    0x10, 0xF6, 0xCC, 0x88, 0x35, 0xC2, 0x81, 0x13, 0x48, 0x96, 0xC0, 0x39, 0x89, 0x8F, 0x60, 0xDF,
    0x80, 0xE8, 0x45, 0xDC, 0x80, 0x0D, 0xF6, 0x08, 0x1E, 0x89, 0x0B, 0x6C, 0xC0, 0x01, 0x08, 0x5E,
    0xF0, 0x98, 0x64, 0x8F, 0xE0, 0x91, 0xB8, 0x80, 0x25, 0x2E, 0x60, 0xE9, 0x91, 0x10, 0x61, 0x09,
    0x07, 0x5E, 0x64, 0xBB, 0xA8, 0xAE, 0x9F, 0x6E, 0x57, 0xCF, 0x2C, 0xEC, 0xF2, 0x78, 0x01, 0x12,
    0x96, 0x66, 0xFC, 0xF9, 0x93, 0xA7, 0xBB, 0xEB, 0xAB, 0x9F, 0xAE, 0x9E, 0x24, 0xF1, 0x17, 0x8C,
    0x89, 0xB9, 0x76, 0xD0, 0x5B, 0xE2, 0x00, 0x67, 0x4B, 0x64, 0x50, 0x5B, 0x22, 0x5F, 0xED, 0x73,
    0x52, 0xCE, 0x11, 0x51, 0x45, 0x93, 0x24, 0x6D, 0x1F, 0xCF, 0x7A, 0x8E, 0x67, 0x8D, 0x26, 0x49,
    0xE3, 0x49, 0x6E, 0xDE, 0x25, 0x1F, 0xFD, 0xAA, 0x40, 0xAE, 0x4E, 0xD7, 0xAD, 0x44, 0xAF, 0xEB,
    0x8E, 0x88, 0x43, 0x4C, 0xA4, 0x31, 0x91, 0x43, 0x64, 0x5A, 0x11, 0x13, 0x55, 0x4C, 0xB4, 0xBF,
    0x47, 0x04, 0xBC, 0xB7, 0xC4, 0x1E, 0x7E, 0xB2, 0xC4, 0x01, 0xBE, 0xB3, 0x44, 0x06, 0x91, 0xA2,
    0xC5, 0x1A, 0x11, 0xD5, 0x1C, 0x11, 0xCD, 0x18, 0x11, 0x30, 0x58, 0x62, 0x07, 0x9D, 0x25, 0x30,
    0x54, 0x2C, 0x81, 0xA1, 0x62, 0x09, 0x0C, 0x15, 0x4B, 0x60, 0xA8, 0x58, 0xA2, 0x9A, 0x22, 0xA2,
    0x1D, 0x22, 0x02, 0x85, 0x54, 0x95, 0x27, 0x0D, 0x50, 0x43, 0xA4, 0xF8, 0xBA, 0x21, 0x72, 0x48,
    0x2C, 0x51, 0x2C, 0x81, 0x18, 0xD9, 0xF8, 0x28, 0xE4, 0xDA, 0x31, 0x22, 0x60, 0xB0, 0xC4, 0xDE,
    0xC5, 0xC4, 0x96, 0x38, 0xC0, 0xD1, 0x12, 0x19, 0x8F, 0x1F, 0x88, 0x3C, 0x26, 0xAA, 0x98, 0x68,
    0x62, 0x02, 0x22, 0x82, 0xB3, 0x73, 0x33, 0x0B, 0x67, 0xE7, 0x86, 0x48, 0x09, 0x6E, 0x08, 0x67,
    0xBC, 0x21, 0xCA, 0x25, 0x22, 0xAA, 0x29, 0x22, 0x50, 0x72, 0x4B, 0x70, 0xEC, 0x06, 0x42, 0x6A,
    0x42, 0x20, 0x78, 0xD6, 0x10, 0xFD, 0x1D, 0xCF, 0x1A, 0x88, 0xBE, 0x58, 0x44, 0x36, 0x25, 0xAA,
    0xD9, 0x98, 0x08, 0x7D, 0x33, 0xC8, 0xFA, 0x6C, 0xBE, 0x24, 0xC9, 0x67, 0x27, 0x5B, 0x5D, 0x16,
    0x9B, 0x2D, 0x93, 0x4D, 0x8D, 0xC1, 0xD6, 0x95, 0xCE, 0xA6, 0xC5, 0xD1, 0xD4, 0x14, 0xB0, 0x75,
    0xCC, 0x0E, 0x5C, 0xDA, 0x81, 0xAB, 0xC1, 0xE6, 0xA4, 0x19, 0x38, 0x79, 0x53, 0x7F, 0x84, 0xF2,
    0xF3, 0x25, 0xC0, 0x13, 0x0B, 0x32, 0x69, 0x25, 0xE9, 0xF9, 0xD6, 0x49, 0xF0, 0x2C, 0x7C, 0x9B,
    0x54, 0xC6, 0x23, 0xDF, 0x54, 0xF7, 0x9F, 0xF9, 0x76, 0xCE, 0xE1, 0x17, 0x96, 0xBE, 0x73, 0x83,
    0xF6, 0x05, 0x79, 0xAB, 0x81, 0x95, 0x14, 0x1A, 0x58, 0xD0, 0x82, 0x53, 0xA3, 0x99, 0x2A, 0xC9,
    0x99, 0x81, 0xF3, 0x93, 0x6B, 0x77, 0xCA, 0x42, 0x8A, 0x17, 0x35, 0x00, 0xB4, 0xF2, 0xCB, 0x63,
    0x06, 0x46, 0xE6, 0xF0, 0x58, 0x6F, 0xD5, 0xDE, 0x3C, 0x7E, 0x0B, 0x7F, 0xD4, 0xE1, 0x11, 0xCD,
    0x85, 0xD5, 0x47, 0x0C, 0xD7, 0xDA, 0xF7, 0xFA, 0x18, 0x0A, 0x2B, 0x5D, 0xB9, 0x7D, 0x2C, 0xDD,
    0xF2, 0xEE, 0xFD, 0x63, 0xB5, 0x70, 0xB1, 0xAE, 0xB5, 0x92, 0xB1, 0x45, 0xF5, 0x36, 0x44, 0x7C,
    0xF0, 0x46, 0xC1, 0xCD, 0x86, 0x5E, 0x7F, 0xDC, 0x9F, 0xF8, 0x31, 0x65, 0x03, 0x53, 0xD9, 0x18,
    0x72, 0x35, 0x9F, 0x87, 0x2A, 0x85, 0x5D, 0x79, 0xA2, 0x86, 0x6F, 0xC5, 0x42, 0xCB, 0xD8, 0x49,
    0x09, 0x6A, 0x66, 0x5A, 0x24, 0xFE, 0x86, 0xBD, 0x30, 0xBA, 0x5F, 0xED, 0x5A, 0xF8, 0xDA, 0xB9,
    0xAA, 0x80, 0x81, 0x0D, 0x5C, 0x64, 0xFB, 0x38, 0xB3, 0xF9, 0xA3, 0xEC, 0x37, 0xB2, 0x11, 0x1D,
    0xB9, 0x60, 0x4C, 0xB4, 0x87, 0xB8, 0x50, 0x49, 0x99, 0x4D, 0x92, 0x3B, 0x14, 0x16, 0x6F, 0xB7,
    0xB0, 0xBE, 0xBD, 0x16, 0x58, 0x05, 0x6C, 0xEB, 0xFE, 0xA6, 0xE4, 0x4F, 0x57, 0x13, 0x69, 0xBB,
    0x3B, 0x6F, 0x53, 0x28, 0x83, 0xEB, 0xC9, 0xB3, 0xCD, 0x9C, 0x6D, 0xDA, 0x6C, 0x73, 0xE6, 0x9F,
    0x24, 0xCC, 0x61, 0x33, 0x5F, 0x46, 0xF3, 0xDD, 0x92, 0xDD, 0xC5, 0xE4, 0x2B, 0xCB, 0x48, 0xF3,
    0x49, 0x09, 0x71, 0xF3, 0xF9, 0x1D, 0xFA, 0xB8, 0xD9, 0x8B, 0x7D, 0xB8, 0x67, 0xA4, 0x7E, 0xC5,
    0xDE, 0x6D, 0xDC, 0x0D, 0x66, 0x29, 0xCD, 0x67, 0x1C, 0x71, 0x90, 0x4D, 0xBF, 0xD7, 0x08, 0xC7,
    0xD1, 0x86, 0x50, 0xEC, 0xDA, 0x49, 0xAA, 0x2B, 0xAE, 0x06, 0x65, 0x94, 0x6C, 0x28, 0x66, 0xDC,
    0xD4, 0x0A, 0x19, 0x66, 0x40, 0x5D, 0xA4, 0x1D, 0x6A, 0x3B, 0x7C, 0x81, 0x93, 0x0B, 0x05, 0x45,
    0xED, 0xB4, 0xEE, 0x3A, 0x1D, 0x39, 0xCB, 0xD0, 0xA8, 0x54, 0x31, 0x8E, 0xE0, 0x71, 0x35, 0x04,
    0x8C, 0x46, 0x29, 0x76, 0x7E, 0x51, 0xEC, 0xB4, 0x51, 0xEC, 0xB4, 0x51, 0x9C, 0xCF, 0x01, 0x3B,
    0x6D, 0x14, 0xBB, 0x0E, 0x4C, 0xB1, 0xB3, 0x4D, 0x30, 0x49, 0x2C, 0x38, 0x5B, 0x03, 0x76, 0xC3,
    0x28, 0x26, 0x89, 0x05, 0x53, 0x23, 0x27, 0x98, 0x24, 0x62, 0xCC, 0x9E, 0x62, 0xCC, 0x9D, 0x1B,
    0x63, 0x1A, 0x26, 0x61, 0xDB, 0xC5, 0x64, 0xC2, 0x0D, 0x25, 0x0E, 0x4E, 0x88, 0x5A, 0xF9, 0xD2,
    0x52, 0x68, 0x47, 0x82, 0x1A, 0xE6, 0xAB, 0x34, 0x80, 0xF8, 0x42, 0x0E, 0xF9, 0xAC, 0xA1, 0x9B,
    0x42, 0x3B, 0xEA, 0x86, 0x7D, 0x90, 0xFC, 0xC3, 0x92, 0xE6, 0xA2, 0x41, 0xB6, 0xA8, 0xCE, 0xD5,
    0xC6, 0x9A, 0xA3, 0xFE, 0xEC, 0x9C, 0x7C, 0x64, 0x9F, 0x52, 0x98, 0x3C, 0x51, 0x95, 0x9D, 0x37,
    0xAD, 0xDE, 0x10, 0xB6, 0x61, 0x1A, 0x01, 0x7E, 0xE3, 0x44, 0xA4, 0xB1, 0xF6, 0xBE, 0x19, 0x44,
    0x89, 0x6F, 0x1E, 0x25, 0xBB, 0xF2, 0x67, 0xC2, 0xFD, 0x8B, 0x38, 0xC4, 0x6F, 0x4F, 0x71, 0xCE,
    0x35, 0x63, 0x94, 0x6D, 0x7B, 0x4D, 0x35, 0x5F, 0x80, 0x7C, 0x92, 0x15, 0x73, 0xDC, 0x4D, 0x37,
    0xBA, 0x45, 0xFA, 0xFC, 0x7C, 0xF3, 0xB2, 0x44, 0xF2, 0xC9, 0xEA, 0x32, 0xF5, 0x06, 0x4D, 0x7A,
    0x70, 0x9B, 0x6F, 0x2B, 0x46, 0xA7, 0x9A, 0x30, 0xA5, 0xA9, 0x36, 0x08, 0x76, 0x94, 0x2E, 0x8D,
    0x2B, 0x47, 0x03, 0x89, 0xD8, 0x65, 0x24, 0x27, 0xB8, 0x7A, 0xC5, 0xDB, 0xFD, 0x48, 0x5B, 0x44,
    0xB6, 0x56, 0x13, 0x85, 0xBD, 0x4B, 0x06, 0x8A, 0xF3, 0x6A, 0x2C, 0x18, 0xB4, 0x7D, 0xBE, 0x38,
    0x0B, 0x30, 0x78, 0x19, 0x60, 0xAC, 0x30, 0x40, 0xF7, 0x33, 0x40, 0x4B, 0x19, 0xA0, 0x9A, 0x0C,
    0x50, 0x73, 0x02, 0x4E, 0x1E, 0x02, 0x2E, 0xC0, 0x08, 0x38, 0x53, 0x08, 0x38, 0x53, 0x08, 0x38,
    0x53, 0x08, 0x38, 0x47, 0x39, 0xB0, 0x77, 0x6B, 0x44, 0x30, 0xD1, 0x0E, 0x94, 0xE3, 0x32, 0x72,
    0xB3, 0xB4, 0x72, 0xC6, 0xDA, 0x3C, 0x50, 0x2B, 0x91, 0xB3, 0xD3, 0xDB, 0x31, 0xA5, 0x98, 0xD9,
    0xBB, 0x96, 0x17, 0xC8, 0x09, 0x1D, 0xDA, 0x5E, 0xBB, 0x02, 0x7D, 0xF4, 0x6A, 0x08, 0x98, 0xB4,
    0xC6, 0x74, 0xAE, 0x24, 0x00, 0x15, 0xF4, 0x7C, 0xD9, 0x3D, 0x52, 0x09, 0x0E, 0x4E, 0x0B, 0x81,
    0xE1, 0x04, 0x5F, 0x6B, 0x7F, 0x7A, 0x98, 0xF8, 0x0C, 0x20, 0x7D, 0x5E, 0xAB, 0xCD, 0xCF, 0xDE,
    0x37, 0xAC, 0x29, 0x85, 0xE9, 0x0E, 0x63, 0x50, 0x36, 0x9A, 0x12, 0x92, 0x72, 0x95, 0xE0, 0x38,
    0x4A, 0x2C, 0x61, 0x81, 0x92, 0xB8, 0xC0, 0x9E, 0x47, 0x5B, 0xA9, 0xD0, 0x54, 0xB5, 0xC3, 0x25,
    0x6A, 0x3C, 0x4A, 0x92, 0xBF, 0x46, 0xA1, 0xC7, 0x0A, 0xBB, 0x45, 0x09, 0xA1, 0xC3, 0xEC, 0x7C,
    0x43, 0xB5, 0xD6, 0x89, 0xEF, 0xF3, 0xBE, 0x0F, 0x67, 0xA6, 0x5F, 0xF5, 0xA4, 0x63, 0x2C, 0x5F,
    0x54, 0x0D, 0xD9, 0x47, 0x3F, 0x71, 0xAF, 0xCA, 0x04, 0xDF, 0x70, 0x99, 0x96, 0x37, 0xCE, 0x7E,
    0xAA, 0xDE, 0xF7, 0xDF, 0xC3, 0xB6, 0x57, 0xBF, 0x58, 0x9D, 0x47, 0xC5, 0x06, 0x9D, 0x8E, 0x8A,
    0x74, 0xC9, 0x88, 0x7A, 0x45, 0xED, 0x70, 0x89, 0x34, 0x41, 0x31, 0x54, 0x66, 0xD5, 0x42, 0xB4,
    0xC7, 0x79, 0x73, 0x2E, 0x26, 0xB8, 0x96, 0x94, 0x97, 0x83, 0x71, 0xB2, 0x27, 0x0B, 0x77, 0x2E,
    0x7F, 0xC2, 0x76, 0x53, 0xFA, 0xC3, 0x47, 0x1A, 0x0E, 0x94, 0x54, 0x66, 0x9E, 0xC8, 0x65, 0x8F,
    0x28, 0xD1, 0x2B, 0x37, 0xC4, 0xDB, 0x77, 0xD7, 0x2C, 0xBC, 0x44, 0x41, 0x89, 0xA0, 0x4E, 0xF0,
    0xA7, 0xD7, 0x6E, 0xE7, 0xF5, 0x4C, 0xBD, 0xC6, 0xA5, 0xD7, 0xBD, 0xF5, 0xCE, 0xAE, 0xFC, 0x3E,
    0x5F, 0x78, 0xD9, 0x33, 0xDF, 0x1E, 0xEC, 0x14, 0xDC, 0xB3, 0x65, 0x85, 0x34, 0xF2, 0x14, 0xD5,
    0xB3, 0xB6, 0xA5, 0x7A, 0x12, 0x3A, 0x17, 0x4E, 0x87, 0x0C, 0xCF, 0x02, 0x0B, 0xAF, 0x80, 0xD7,
    0xD5, 0x8C, 0x1C, 0x79, 0xD5, 0xDC, 0x48, 0x0F, 0xCA, 0xF7, 0x62, 0x0E, 0x91, 0x6B, 0xCB, 0xA7,
    0x2E, 0xAA, 0x84, 0x07, 0x3D, 0x69, 0xBD, 0xD5, 0xE3, 0xC7, 0x53, 0xAD, 0xE7, 0xF6, 0x07, 0xEA,
    0xA8, 0x39, 0xEC, 0xEE, 0xB4, 0xBE, 0xDF, 0xB4, 0x20, 0x96, 0xDF, 0x6B, 0xE8, 0xB5, 0x8B, 0x1E,
    0x91, 0x6D, 0x05, 0xD6, 0x76, 0x2F, 0x95, 0x7D, 0x26, 0x95, 0x5F, 0xEA, 0x1E, 0x94, 0x01, 0x2B,
    0x9C, 0x03, 0xE7, 0x46, 0xB3, 0x50, 0xDF, 0x9D, 0xC2, 0x2C, 0x4E, 0x1F, 0xF7, 0xEA, 0xFC, 0x46,
    0xE2, 0x22, 0xD3, 0x13, 0x28, 0x36, 0x32, 0x3F, 0xBE, 0xCA, 0xFD, 0x5A, 0xC2, 0x9F, 0xBB, 0x6B,
    0x00, 0xA8, 0xFB, 0xD5, 0xF9, 0xED, 0x64, 0xDC, 0x9D, 0x89, 0xB3, 0x2B, 0x71, 0x75, 0x03, 0xF6,
    0x67, 0xB9, 0x28, 0x7D, 0xB0, 0xFF, 0x04, 0xE8, 0x35, 0xBF, 0x14, 0xFD, 0x7D, 0x8D, 0xF9, 0x1F,
    0xFD, 0xD7, 0xD1, 0xEB, 0xAF, 0xAF, 0x7E, 0x78, 0xD9, 0xC8, 0xED, 0x15, 0xB4, 0xD9, 0x09, 0xBA,
    0x8B, 0xBF, 0x2A, 0x73, 0x7F, 0x4A, 0xD1, 0x80, 0xC6, 0xD7, 0x16, 0x5F, 0xEA, 0xA6, 0xCB, 0xFF,
    0x21, 0x2B, 0x1F, 0xE0, 0x9F, 0xEA, 0x0F, 0x4E, 0xE1, 0xD4, 0xFA, 0x01, 0xDF, 0xDC, 0x55, 0x3E,
    0xF7, 0xFD, 0xE1, 0xE3, 0xFF, 0xCB, 0xDF, 0x7C, 0xBE, 0x63, 0x25, 0xF7, 0xFC, 0xE7, 0x18, 0x77,
    0xC5, 0x5C, 0x27, 0x4B, 0xFA, 0x96, 0xCA, 0x77, 0x07, 0xC3, 0x0B, 0x5D, 0xCC, 0xAE, 0xDC, 0x7E,
    0xB3, 0x23, 0x79, 0x00, 0x72, 0x25, 0xBB, 0x31, 0xA5, 0x89, 0x0B, 0x5A, 0x44, 0xCB, 0x2D, 0xE5,
    0xB2, 0x59, 0x09, 0x79, 0xBA, 0xA2, 0x81, 0x3F, 0xC7, 0xCF, 0x9F, 0xA5, 0x53, 0xC1, 0x6D, 0xE4,
    0x30, 0x0C, 0xA4, 0x6D, 0x20, 0x06, 0xA2, 0x87, 0x0B, 0xB8, 0x87, 0x4B, 0x70, 0x09, 0x72, 0x3D,
    0xF9, 0x5C, 0x09, 0x72, 0x29, 0xFB, 0xDE, 0x26, 0xE4, 0x12, 0x5C, 0x82, 0x4B, 0xF0, 0x43, 0x0F,
    0x07, 0x90, 0x35, 0x99, 0x59, 0x19, 0x87, 0x04, 0xB8, 0x5F, 0x00, 0x89, 0x6B, 0x88, 0xE4, 0x90,
    0x9C, 0xE1, 0x7E, 0x3C, 0xCC, 0x7C, 0x36, 0x9B, 0x2E, 0xB3, 0x01, 0x66, 0x3D, 0x66, 0x6B, 0xB1,
    0x9A, 0x61, 0x37, 0x0B, 0x07, 0x1D, 0x27, 0x1D, 0x0C, 0xE8, 0x8B, 0xD1, 0x41, 0xE7, 0x73, 0x36,
    0xC7, 0x5F, 0x05, 0x4F, 0x7C, 0x0F, 0x89, 0xB1, 0x87, 0x35, 0xCC, 0xE9, 0xB0, 0x30, 0xBF, 0x86,
    0x2B, 0xCD, 0x33, 0xDD, 0x6C, 0x4C, 0xB2, 0x21, 0xCB, 0x82, 0x5E, 0x86, 0x31, 0xCE, 0xDC, 0x15,
    0x58, 0x61, 0x3C, 0xA7, 0xA4, 0x40, 0xA5, 0x60, 0xED, 0xA0, 0x12, 0x0D, 0x16, 0x15, 0x8B, 0xDB,
    0x98, 0xE5, 0x12, 0x0A, 0xDD, 0x51, 0x30, 0xBD, 0x00, 0x9E, 0x23, 0x58, 0x0C, 0x1E, 0x38, 0xDA,
    0x12, 0x36, 0x7F, 0xF5, 0x57, 0x5C, 0x1C, 0x90, 0x95, 0x8D, 0xF4, 0x64, 0x2A, 0x36, 0x06, 0xBB,
    0xC2, 0x7A, 0x7A, 0xFE, 0x69, 0xE8, 0xB7, 0xF7, 0x87, 0x1A, 0x19, 0x8E, 0x6A, 0x23, 0xDB, 0x99,
    0xF6, 0xC0, 0xA1, 0xFD, 0xA6, 0x6A, 0x58, 0xC7, 0x62, 0x7F, 0x30, 0x13, 0x13, 0x45, 0x98, 0xE0,
    0x30, 0x01, 0x02, 0x7D, 0xC3, 0x27, 0x81, 0x77, 0x9F, 0x63, 0x11, 0x58, 0x2C, 0x3E, 0xBB, 0x7D,
    0xA4, 0x23, 0xCC, 0x24, 0xA2, 0xC1, 0x86, 0xCC, 0xF9, 0x8E, 0xEF, 0xB6, 0xBE, 0xD7, 0x98, 0x26,
    0x16, 0xA1, 0x1E, 0x13, 0xFB, 0x20, 0xE0, 0x15, 0xB7, 0x01, 0x98, 0x49, 0x08, 0x03, 0xED, 0x75,
    0x1D, 0xAA, 0x16, 0x48, 0x1C, 0x76, 0x7B, 0xB1, 0xEC, 0x6F, 0x2A, 0x75, 0xFF, 0x7E, 0x8A, 0xBE,
    0x95, 0x59, 0x87, 0x17, 0xC6, 0x3E, 0x70, 0xF6, 0xAE, 0x80, 0x25, 0x50, 0xE9, 0x85, 0xBE, 0xF5,
    0x16, 0x76, 0x77, 0x29, 0x46, 0xB1, 0xCA, 0x51, 0xAE, 0x0D, 0xA5, 0x25, 0xAA, 0xCF, 0x92, 0x2A,
    0x24, 0x15, 0x03, 0x21, 0xA4, 0x1E, 0x05, 0xEB, 0x30, 0xB3, 0x06, 0xB9, 0x57, 0xE1, 0x4C, 0x19,
    0x6C, 0x4A, 0xEA, 0xC9, 0xEF, 0x3D, 0x3B, 0x8A, 0xEB, 0x90, 0x6B, 0x13, 0x43, 0xAE, 0xCA, 0x54,
    0x95, 0xAA, 0x62, 0x55, 0xBD, 0x5B, 0xC9, 0xAA, 0x6A, 0x55, 0xB8, 0xAA, 0x5D, 0x95, 0xBF, 0xB7,
    0xA0, 0x6E, 0x84, 0xE8, 0xFC, 0x77, 0xD7, 0xD7, 0x02, 0xB5, 0xF7, 0x12, 0x69, 0xEA, 0x00, 0x1E,
    0xCA, 0x4E, 0x22, 0x24, 0x67, 0x54, 0xAD, 0xFD, 0x37, 0xDC, 0x1B, 0xE7, 0xFC, 0x7E, 0x38, 0x03,
    0x17, 0x3F, 0x9C, 0x0D, 0x8E, 0x5E, 0x8A, 0xAC, 0x01, 0x33, 0x99, 0x1F, 0x92, 0x75, 0x6A, 0xD8,
    0xBA, 0xCB, 0xFA, 0x6C, 0x2E, 0x71, 0x41, 0xB8, 0x1D, 0x36, 0x61, 0x99, 0x90, 0x26, 0xE2, 0x72,
    0xEC, 0x46, 0xC4, 0xE9, 0xF0, 0xA3, 0x2F, 0x91, 0x42, 0xE2, 0x8C, 0xD8, 0xD5, 0xE4, 0xC7, 0xF2,
    0xFA, 0x9B, 0xB8, 0xAB, 0xCE, 0x29, 0xBE, 0x62, 0x9D, 0xF0, 0xE7, 0xE5, 0x2C, 0xF1, 0x6C, 0x57,
    0x2A, 0xB4, 0x6A, 0x9F, 0xFB, 0x5B, 0xA1, 0xDF, 0x6F, 0xE7, 0xFF, 0x76, 0xFE, 0x0B, 0xD5, 0x99,
    0xBF, 0xB2, 0xE5, 0x46, 0x11, 0xC6, 0x47, 0x52, 0x71, 0x15, 0x28, 0x90, 0x03, 0x1C, 0xE0, 0x0D,
    0xF4, 0x08, 0x72, 0x48, 0x36, 0xA7, 0x20, 0x24, 0xC0, 0x01, 0x44, 0x3C, 0xC4, 0xE5, 0x01, 0x5C,
    0x25, 0x01, 0x2F, 0x70, 0x1F, 0xC1, 0x31, 0x89, 0x79, 0x00, 0xAA, 0xA4, 0x22, 0x25, 0xF0, 0x01,
    0x07, 0x0E, 0x36, 0xB0, 0x02, 0xE7, 0xAB, 0x40, 0x81, 0xB6, 0x2C, 0xA9, 0xE9, 0xAF, 0xFF, 0x8C,
    0xCE, 0x59, 0x5F, 0xD6, 0x81, 0xB9, 0x2E, 0x73, 0xCA, 0x5E, 0xFD, 0xE6, 0x1C, 0xCD, 0x48, 0xD3,
    0xDD, 0xD3, 0xD3, 0xDF, 0xDC, 0x10, 0xB2, 0x81, 0xE8, 0xB8, 0x84, 0x10, 0x5A, 0xE2, 0xCF, 0x12,
    0x42, 0x86, 0x2B, 0x1D, 0x21, 0x54, 0x02, 0x34, 0xEA, 0x2F, 0x44, 0x53, 0x18, 0x88, 0x6F, 0x2C,
    0x69, 0xC9, 0x70, 0x5F, 0x08, 0xC3, 0x56, 0xF0, 0xAF, 0xE8, 0xBA, 0x57, 0xF8, 0x25, 0x84, 0xFA,
    0x68, 0x0E, 0x5C, 0xB9, 0x6F, 0xBB, 0x09, 0x94, 0x14, 0x17, 0x83, 0x6E, 0x36, 0x18, 0x56, 0x03,
    0x22, 0x83, 0x56, 0xC7, 0x29, 0x29, 0xE3, 0xA7, 0x08, 0x84, 0x6E, 0x31, 0x68, 0x57, 0x83, 0x66,
    0x33, 0xA8, 0x13, 0xEC, 0xFF, 0xC7, 0xF0, 0x40, 0xD4, 0x87, 0xF0, 0xFB, 0x4B, 0xE8, 0x88, 0x78,
    0x8A, 0x74, 0xCD, 0x49, 0x0C, 0x42, 0xD7, 0x4A, 0xCD, 0x4E, 0xD7, 0xF6, 0xB8, 0x94, 0x6C, 0x10,
    0xBA, 0xC2, 0x86, 0x34, 0x33, 0x74, 0x6C, 0x1E, 0x6E, 0xD0, 0x75, 0x78, 0xB3, 0xC0, 0x32, 0x74,
    0x45, 0x1F, 0xB6, 0x8C, 0xC0, 0xA8, 0x70, 0xED, 0xAE, 0x0A, 0x97, 0x76, 0x56, 0x08, 0xF5, 0x33,
    0xD0, 0x02, 0x86, 0xBE, 0x9D, 0x22, 0xC6, 0x89, 0xDC, 0xAB, 0xC3, 0xC8, 0xEC, 0xED, 0x5E, 0x9E,
    0x55, 0xD1, 0x91, 0xD1, 0x95, 0x21, 0x0C, 0x53, 0xC1, 0xEF, 0xCA, 0x00, 0xC7, 0x06, 0x05, 0xCC,
    0x43, 0x00, 0x8E, 0x16, 0x88, 0xAB, 0xC3, 0xF2, 0x12, 0x30, 0x2A, 0x64, 0x0E, 0x85, 0x43, 0x0D,
    0x3B, 0x86, 0x48, 0x16, 0x4E, 0x51, 0xA3, 0x57, 0x03, 0x5A, 0x62, 0xA7, 0x66, 0xC0, 0x30, 0x81,
    0x2D, 0xFC, 0x16, 0x3F, 0x2C, 0x61, 0x78, 0x0A, 0x1F, 0x7E, 0x92, 0xD3, 0x9E, 0xF3, 0x1D, 0x71,
    0x61, 0x83, 0xFF, 0x86, 0x3B, 0xC7, 0xA5, 0x21, 0x7A, 0x43, 0x74, 0x89, 0x4B, 0xD4, 0xD0, 0x8F,
    0x4B, 0xB7, 0xD4, 0xF4, 0x67, 0xC0, 0x30, 0xE5, 0x7B, 0x26, 0x70, 0x0D, 0x7F, 0x13, 0x97, 0xD0,
    0x1B, 0x79, 0x3F, 0x06, 0x75, 0x9B, 0xC0, 0xA8, 0xC0, 0xC6, 0x54, 0x60, 0x17, 0x28, 0xB0, 0xC1,
    0x03, 0xBA, 0x03, 0x32, 0x07, 0x36, 0x2B, 0x0F, 0x78, 0x69, 0xA7, 0x12, 0x4F, 0x87, 0x0B, 0xD8,
    0xAC, 0x71, 0x81, 0x0B, 0xD8, 0xAC, 0x78, 0xB1, 0x03, 0x33, 0xE4, 0xFF, 0x06, 0x0E, 0x83, 0x49,
    0x0C, 0x21, 0x16, 0x10, 0x80, 0x53, 0x0C, 0xD4, 0x46, 0x08, 0xAB, 0x17, 0x80, 0xD9, 0xA0, 0x73,
    0x20, 0x83, 0x5C, 0x56, 0x6B, 0xA9, 0xE1, 0x8A, 0xD7, 0x20, 0x89, 0x69, 0x01, 0x71, 0x41, 0xE6,
    0x2E, 0x40, 0x90, 0x23, 0x43, 0xBC, 0x92, 0x3C, 0x22, 0x9E, 0x20, 0xF9, 0x46, 0x73, 0x0B, 0x8F,
    0xA7, 0x39, 0x66, 0xD3, 0x41, 0x60, 0xD1, 0x4A, 0x92, 0xCC, 0x23, 0xF5, 0xEA, 0xDF, 0x12, 0xCB,
    0x41, 0xC7, 0x9C, 0xA3, 0x8E, 0x39, 0xCC, 0x96, 0x52, 0xD8, 0x86, 0x06, 0xAB, 0xE6, 0x0F, 0x0E,
    0x4A, 0xF5, 0x38, 0x2F, 0x8D, 0xF7, 0xC3, 0x03, 0x0F, 0x2E, 0xD0, 0xF2, 0xE3, 0x04, 0x06, 0x7E,
    0x75, 0x40, 0xA6, 0x2B, 0x8B, 0xAE, 0xC5, 0x91, 0x53, 0x0F, 0x28, 0x97, 0xD0, 0x8D, 0x00, 0x76,
    0x65, 0x14, 0x68, 0x1C, 0x5A, 0xFF, 0x29, 0xFA, 0xCD, 0x83, 0x77, 0xA7, 0x8E, 0x76, 0xC0, 0xBF,
    0x8E, 0x46, 0x1F, 0xF1, 0xE5, 0x96, 0xEB, 0x43, 0xBF, 0xDC, 0xEC, 0x35, 0x5E, 0x2F, 0x06, 0x5F,
    0xCF, 0x06, 0x6F, 0x26, 0x03, 0x4D, 0x8C, 0x80, 0xDE, 0xE1, 0xE2, 0xE0, 0xB3, 0xD8, 0x1D, 0x36,
    0x87, 0xD5, 0x61, 0x36, 0x60, 0x83, 0x8F, 0xA1, 0x3A, 0xC4, 0xE0, 0xB3, 0xCC, 0x35, 0xC0, 0xD8,
    0x98, 0x2B, 0x0C, 0x8E, 0xFF, 0x2F, 0x58, 0x26, 0x5F, 0x48, 0x16, 0xA1, 0x0B, 0x61, 0x69, 0xCC,
    0x91, 0x63, 0x90, 0x6F, 0x1F, 0x66, 0x59, 0x65, 0x1C, 0x75, 0x2B, 0x1B, 0x1C, 0xC1, 0xD6, 0x6E,
    0x1C, 0x8F, 0xE1, 0xEF, 0xF2, 0x08, 0x86, 0x0F, 0x78, 0x8D, 0xB9, 0x55, 0x4F, 0xD8, 0xDF, 0x0F,
    0x30, 0x82, 0x00, 0xDE, 0x46, 0x60, 0xE0, 0x99, 0x00, 0xC4, 0xF2, 0x00, 0x58, 0xFE, 0x02, 0x28,
    0xD7, 0x30, 0x8C, 0x00, 0xB1, 0xFC, 0x1D, 0xB4, 0x0E, 0xD1, 0xEF, 0xE9, 0xBC, 0x17, 0xF9, 0x38,
    0xE2, 0x02, 0x86, 0x7F, 0x8B, 0x0B, 0x18, 0xE0, 0x82, 0x0B, 0xE0, 0xAB, 0xD5, 0xDE, 0x47, 0x2D,
    0xCF, 0xA0, 0x96, 0x67, 0xD0, 0x77, 0x05, 0x8C, 0x0E, 0x17, 0x07, 0x9F, 0xC5, 0xEE, 0xB0, 0x39,
    0xAC, 0x0E, 0xB3, 0x01, 0xB2, 0x4D, 0xF7, 0xA4, 0xD9, 0x87, 0xF3, 0xE9, 0x86, 0xEF, 0x38, 0xDF,
    0xFC, 0x05, 0x83, 0xD4, 0xBB, 0x25, 0x1C, 0x26, 0xCB, 0x38, 0x4C, 0xDD, 0x5A, 0xD1, 0x3F, 0x84,
    0x86, 0x29, 0xA3, 0xA0, 0x74, 0x0D, 0xBF, 0x44, 0x2E, 0xC4, 0x0B, 0x6A, 0x56, 0xC4, 0x6B, 0xD0,
    0x49, 0xA3, 0xD1, 0x24, 0x89, 0x07, 0xD4, 0x23, 0xF3, 0xA0, 0xAF, 0xA5, 0x1E, 0xA3, 0x3C, 0x51,
    0x21, 0xCF, 0xC5, 0x06, 0x50, 0xC9, 0xBB, 0xC4, 0x49, 0xF6, 0x0D, 0x26, 0xE4, 0x1F, 0x2C, 0x7F,
    0xBC, 0xE9, 0x81, 0xBC, 0x83, 0x79, 0x70, 0x02, 0x84, 0x25, 0x64, 0xFF, 0x2A, 0x61, 0x0A, 0x21,
    0x74, 0x55, 0x7A, 0xE6, 0x9F, 0x6C, 0x38, 0x8C, 0x5A, 0x29, 0x2D, 0x98, 0x32, 0x5D, 0xF7, 0x4C,
    0x85, 0x2E, 0x7C, 0x26, 0x04, 0x9E, 0x38, 0x28, 0x34, 0x3B, 0xB8, 0x87, 0xD5, 0xE6, 0x7A, 0x7F,
    0x45, 0x33, 0xD2, 0x21, 0x72, 0x22, 0x6D, 0xA0, 0x11, 0xB7, 0x90, 0x53, 0x41, 0x5F, 0x18, 0x05,
    0x74, 0x57, 0x6A, 0x99, 0xDA, 0x09, 0x54, 0x61, 0xC8, 0x15, 0x54, 0x30, 0x55, 0x24, 0xCE, 0x22,
    0x79, 0x2E, 0x28, 0xF2, 0x3F, 0x83, 0xB8, 0xAB, 0xD9, 0x91, 0x97, 0x64, 0x79, 0x05, 0x4D, 0x30,
    0x96, 0x1F, 0xCC, 0xBD, 0x96, 0xBA, 0x82, 0x65, 0xB9, 0x8C, 0x7A, 0x04, 0x7F, 0x28, 0x0E, 0x7E,
    0x49, 0x5C, 0x37, 0xD8, 0xF7, 0x99, 0xAB, 0xFD, 0xCE, 0x71, 0xAE, 0xD9, 0x49, 0xF3, 0x9C, 0x8C,
    0xA7, 0xCB, 0xDC, 0xAE, 0x39, 0x0D, 0xF3, 0x87, 0x9F, 0xC8, 0x2F, 0x58, 0x71, 0x72, 0xD5, 0x32,
    0xAA, 0x9B, 0xC5, 0xBC, 0x7C, 0xD5, 0xCD, 0xAE, 0x63, 0xEF, 0x5D, 0xE5, 0xAA, 0x29, 0x98, 0xAF,
    0xDD, 0xAA, 0x57, 0xE9, 0xC8, 0x57, 0xE9, 0xC8, 0x57, 0xE9, 0x28, 0xAB, 0x75, 0x94, 0xAB, 0x74,
    0x44, 0xBA, 0x44, 0x47, 0x5C, 0xD1, 0x11, 0x57, 0x74, 0xC4, 0x15, 0x1D, 0x71, 0xAD, 0x79, 0xB2,
    0xB8, 0xA2, 0x23, 0xAE, 0xE8, 0x28, 0xEF, 0x4F, 0xF6, 0xD0, 0x61, 0xD5, 0xB4, 0x1F, 0xCD, 0x1E,
    0x8D, 0x25, 0xFD, 0xDA, 0xF6, 0xDF, 0xC2, 0x53, 0xFE, 0x40, 0x4F, 0x96, 0xF1, 0xBF, 0xF1, 0x5D,
    0x02, 0x37, 0xBE, 0x2F, 0xE3, 0x7F, 0x23, 0xE3, 0xF5, 0x8D, 0x18, 0x9C, 0xDF, 0x20, 0xAA, 0x07,
    0x68, 0x7A, 0x37, 0xE3, 0x77, 0xB3, 0x67, 0xFC, 0xD9, 0x32, 0x3E, 0x36, 0x5D, 0x83, 0xBF, 0x3E,
    0x19, 0x98, 0x43, 0xEF, 0x40, 0x36, 0x11, 0xA9, 0x23, 0x70, 0x3F, 0x43, 0x29, 0xA1, 0x29, 0x19,
    0x0E, 0xAB, 0x33, 0xA2, 0xAE, 0x2A, 0x0F, 0x81, 0xC8, 0xA9, 0x48, 0x81, 0x97, 0xD7, 0x3B, 0xE0,
    0x3F, 0xF1, 0xCD, 0xE4, 0xDD, 0x15, 0x2A, 0x87, 0xDC, 0x21, 0xB4, 0xDF, 0xFE, 0xE0, 0xBD, 0xB6,
    0x78, 0x66, 0xAF, 0xBD, 0xBC, 0xBB, 0xD7, 0x2E, 0x16, 0xB0, 0x87, 0xEF, 0xB5, 0x02, 0x5A, 0xD1,
    0xAF, 0xE6, 0x23, 0x75, 0x53, 0xE7, 0xC5, 0xBD, 0xB9, 0x81, 0x10, 0x2A, 0xAB, 0xDC, 0xBC, 0xF2,
    0x0C, 0x24, 0xE5, 0x71, 0x68, 0xD4, 0xB6, 0xC9, 0x1C, 0xB2, 0x4A, 0x74, 0xBD, 0xA7, 0xCA, 0x3E,
    0x98, 0x57, 0x0A, 0x72, 0x13, 0x73, 0x4A, 0x69, 0x13, 0x99, 0xD1, 0xBF, 0x9F, 0x1E, 0x57, 0xA3,
    0xD2, 0xA7, 0x74, 0x69, 0x34, 0xFD, 0x32, 0x45, 0x5D, 0x25, 0x4C, 0xDD, 0xD4, 0xAC, 0x4A, 0xD4,
    0x97, 0x9B, 0x11, 0x96, 0x9B, 0x51, 0x7E, 0xFF, 0x1D, 0xE7, 0xA8, 0x41, 0xEF, 0x63, 0x97, 0x73,
    0xDF, 0x0D, 0x73, 0x5B, 0x10, 0xB6, 0x1B, 0xA6, 0x31, 0xB9, 0xBF, 0xD9, 0x7A, 0x39, 0x28, 0x13,
    0x73, 0x7C, 0xF4, 0xF9, 0x26, 0x0E, 0x9C, 0x65, 0xD7, 0x8C, 0x34, 0x61, 0x3E, 0xCD, 0xC6, 0x3F,
    0xF6, 0xD5, 0x0A, 0xE2, 0x1F, 0x65, 0xFC, 0x66, 0x8B, 0x87, 0xD1, 0x4E, 0x8B, 0x11, 0x8F, 0xC0,
    0xF7, 0x09, 0xE1, 0x99, 0xD2, 0x57, 0x9F, 0x89, 0xF1, 0x78, 0x4A, 0x3A, 0xAF, 0x86, 0xC4, 0x93,
    0x6E, 0x83, 0x47, 0x8F, 0x4F, 0xD9, 0x13, 0x9D, 0x4E, 0x0B, 0x05, 0x68, 0x85, 0x8B, 0x92, 0x8A,
    0x05, 0xA9, 0xBD, 0xC4, 0x91, 0xD5, 0x11, 0x4C, 0x2E, 0xB0, 0x2A, 0x32, 0xBD, 0x80, 0x17, 0x57,
    0xC1, 0xC0, 0x17, 0x53, 0x0C, 0xBC, 0x5C, 0x54, 0x32, 0xA0, 0x7A, 0xD4, 0xD2, 0x04, 0x49, 0x5C,
    0x45, 0x43, 0x2B, 0xB5, 0x3C, 0x67, 0x7F, 0x89, 0x20, 0x91, 0x0D, 0xB2, 0x54, 0x45, 0x2E, 0xC8,
    0x1B, 0x1B, 0xAD, 0x4A, 0xED, 0x86, 0x19, 0xA8, 0x74, 0x90, 0x22, 0x54, 0xB4, 0x43, 0xA6, 0x52,
    0x51, 0xC4, 0x03, 0x17, 0x1B, 0x49, 0x3D, 0x88, 0x7C, 0x18, 0xB5, 0x92, 0x3F, 0xF5, 0x03, 0x6B,
    0x45, 0xA7, 0xA4, 0x20, 0x4E, 0x09, 0x71, 0xD6, 0xFE, 0x2F, 0x43, 0x63, 0xB8, 0x55, 0x13, 0xA7,
    0x9C, 0x38, 0xF5, 0xC4, 0x29, 0x28, 0x4E, 0x45, 0x71, 0x4A, 0x8A, 0x53, 0x53, 0xB8, 0xA8, 0xF0,
    0x4F, 0x37, 0x39, 0x0D, 0x57, 0x27, 0x18, 0x46, 0x34, 0x07, 0x93, 0x89, 0x0E, 0x26, 0x53, 0x1D,
    0x19, 0xF2, 0x9D, 0x54, 0x01, 0x58, 0x47, 0xBA, 0x2A, 0x45, 0xFF, 0x8A, 0xF0, 0x60, 0xAF, 0x9A,
    0xF2, 0xE0, 0xE0, 0x77, 0xE9, 0xC1, 0x06, 0xD6, 0x2A, 0xC0, 0x7C, 0x19, 0xE8, 0xB5, 0xF9, 0x52,
    0xAA, 0xBA, 0xA0, 0xF2, 0x03, 0x09, 0x43, 0xF5, 0x87, 0xFB, 0xCD, 0x6E, 0x16, 0x05, 0x82, 0x0A,
    0xC3, 0x24, 0x08, 0x94, 0xBD, 0x6A, 0x10, 0x6C, 0x24, 0x10, 0x21, 0x07, 0x12, 0x51, 0x52, 0x21,
    0xE1, 0x94, 0x21, 0xB7, 0x3A, 0xE4, 0x14, 0x22, 0xA7, 0x12, 0x39, 0xA5, 0xC8, 0x99, 0xD7, 0x5E,
    0x86, 0xE6, 0x70, 0x9B, 0x29, 0xCF, 0x54, 0x79, 0xEA, 0x92, 0x33, 0x59, 0x9E, 0xCA, 0xE4, 0x4C,
    0x97, 0x37, 0xDA, 0x24, 0xED, 0xF0, 0x38, 0x0B, 0xA1, 0xA7, 0xE4, 0xCA, 0x46, 0xEB, 0x92, 0x14,
    0x34, 0x94, 0x46, 0xD1, 0x6D, 0x83, 0x7C, 0x47, 0xC7, 0x36, 0x40, 0x29, 0xC9, 0xCA, 0xAA, 0xC3,
    0x80, 0x99, 0x76, 0x8E, 0x4B, 0xA6, 0xDF, 0xB7, 0xAA, 0x4F, 0x97, 0xC2, 0x97, 0xC2, 0x45, 0x9A,
    0x76, 0x76, 0x52, 0xA8, 0x8C, 0x5D, 0xEA, 0xC3, 0xC2, 0x4A, 0xE5, 0xAD, 0x65, 0x5B, 0x97, 0xBD,
    0x96, 0x72, 0xBD, 0x69, 0xDB, 0xA1, 0x37, 0x87, 0xFB, 0x9B, 0x07, 0x9B, 0x96, 0x35, 0x1B, 0x35,
    0x86, 0x37, 0x33, 0x7D, 0xF9, 0x24, 0xA8, 0xBB, 0xE5, 0xAE, 0xA9, 0x0F, 0x4E, 0xCD, 0xE6, 0xBE,
    0xA9, 0xC7, 0x18, 0x2F, 0xD7, 0xD4, 0x3D, 0xCC, 0x9B, 0x39, 0xA5, 0x4D, 0xFA, 0x80, 0x6C, 0xD0,
    0xCD, 0x4F, 0x37, 0x5D, 0xB3, 0xFD, 0x6C, 0x4D, 0xE8, 0xE7, 0xF8, 0xAD, 0x06, 0xAC, 0x6C, 0xC9,
    0xDD, 0x18, 0xE7, 0x47, 0x08, 0x6E, 0xEE, 0x8B, 0x5A, 0xEC, 0x12, 0xE7, 0x92, 0x44, 0xD1, 0x40,
    0x30, 0x10, 0x22, 0xA9, 0xDB, 0xD0, 0x84, 0x90, 0x90, 0x66, 0x4D, 0x77, 0xCD, 0x02, 0xCF, 0x38,
    0x9B, 0x5C, 0xD7, 0x58, 0xDF, 0xA1, 0x47, 0x13, 0xF2, 0xA5, 0x82, 0xE4, 0xE8, 0x26, 0x34, 0x21,
    0x5B, 0x11, 0x64, 0x96, 0xF4, 0x0B, 0x92, 0x52, 0x43, 0x8A, 0x5C, 0xA9, 0xA2, 0x16, 0xCC, 0x4D,
    0x6E, 0x41, 0x8C, 0xC2, 0xE6, 0x52, 0x4C, 0x3F, 0xA6, 0x1C, 0x92, 0x0E, 0xE4, 0x42, 0xF8, 0xD9,
    0xEF, 0x2C, 0x08, 0x17, 0x97, 0x71, 0xC1, 0x0F, 0xE7, 0xB4, 0x59, 0xA6, 0x5D, 0x5C, 0x9A, 0xE9,
    0xA0, 0x4E, 0x9B, 0x9D, 0x1D, 0xD7, 0x69, 0xD3, 0x82, 0x70, 0x30, 0xD1, 0x69, 0x41, 0xD8, 0xEE,
    0xDA, 0x4C, 0x07, 0x78, 0xDA, 0xAC, 0xFD, 0x18, 0x4F, 0x9B, 0xE7, 0x96, 0x2F, 0xCD, 0xB8, 0xDE,
    0x35, 0xD3, 0xC1, 0x9E, 0x36, 0x87, 0xFB, 0x9B, 0x2D, 0x08, 0xBD, 0xD9, 0xF8, 0x51, 0x9F, 0xBF,
    0xD5, 0x7C, 0xDB, 0x3C, 0x8F, 0xFD, 0x6C, 0x46, 0xDB, 0x5D, 0xB3, 0xB9, 0x6F, 0xA6, 0xB3, 0xB4,
    0x1F, 0xBB, 0x89, 0x20, 0xBC, 0x69, 0x8A, 0x83, 0x6E, 0x9B, 0xFB, 0x7D, 0x93, 0xEE, 0xFA, 0x62,
    0x93, 0x3F, 0x9B, 0x08, 0x24, 0x6B, 0xB6, 0x9B, 0x86, 0x99, 0x35, 0xD9, 0xCA, 0xB7, 0xCD, 0x6E,
    0xB9, 0x6D, 0xC2, 0x6E, 0xDE, 0xD7, 0x9C, 0x2E, 0x41, 0xE8, 0xD5, 0xF4, 0xA8, 0x41, 0xE8, 0xCD,
    0x8B, 0x06, 0xA1, 0x95, 0x82, 0xA2, 0x15, 0x24, 0x2E, 0xA4, 0x0C, 0x7C, 0x72, 0x45, 0xF7, 0x83,
    0x3E, 0xAF, 0xDE, 0x5A, 0xC4, 0xDA, 0x9E, 0x27, 0x62, 0x71, 0x4B, 0x45, 0x0C, 0xFC, 0x5C, 0x5B,
    0xBE, 0x0D, 0xE5, 0x5A, 0x2D, 0x72, 0x0E, 0xA7, 0x9F, 0x6A, 0x42, 0xED, 0xA6, 0x29, 0x1D, 0x41,
    0x38, 0x86, 0x4D, 0x76, 0x9A, 0xDB, 0x26, 0xF9, 0x6E, 0x5A, 0x5F, 0xB3, 0xCD, 0x92, 0xA5, 0xF4,
    0x5D, 0xCA, 0x55, 0x0A, 0xAA, 0xE0, 0x87, 0xCA, 0xB3, 0xE5, 0xDD, 0x90, 0xCE, 0x99, 0xD6, 0x70,
    0xBE, 0x55, 0xDA, 0xB7, 0x7D, 0x3F, 0xA7, 0x73, 0x0A, 0x79, 0x5A, 0x6A, 0xFA, 0xF9, 0xC8, 0x77,
    0xF6, 0x07, 0x13, 0x31, 0x58, 0xFC, 0x56, 0x77, 0x57, 0x69, 0xA9, 0xC5, 0x64, 0x53, 0xF2, 0xD5,
    0x59, 0x48, 0x47, 0xAC, 0xBF, 0xCA, 0x4E, 0x4D, 0x47, 0x7B, 0x47, 0xC8, 0x29, 0x15, 0x79, 0xD8,
    0x47, 0x35, 0xDA, 0x51, 0x9C, 0x91, 0xEB, 0x1A, 0x9F, 0x68, 0x37, 0x5B, 0x6D, 0x22, 0xAA, 0x6F,
    0x0A, 0xAE, 0x03, 0x77, 0xBF, 0xAF, 0x53, 0x8F, 0x31, 0x95, 0x7A, 0xA3, 0xAB, 0x3B, 0xD3, 0x77,
    0x8B, 0x93, 0xAE, 0xD6, 0x4E, 0x2B, 0xDA, 0xFF, 0x25, 0x0D, 0x64, 0x54, 0x92, 0x53, 0x93, 0x28,
    0x26, 0x1A, 0x26, 0xEF, 0x41, 0x7D, 0xE1, 0x14, 0x4E, 0xCA, 0xBF, 0xF3, 0xDD, 0x90, 0xEE, 0xE3,
    0xBA, 0x7D, 0x49, 0xE3, 0xCD, 0xE9, 0x19, 0xD7, 0xF4, 0x5C, 0xB7, 0x81, 0x59, 0xB2, 0x9B, 0x53,
    0x1D, 0xF6, 0xBD, 0x24, 0xC7, 0x61, 0x6A, 0x2B, 0x5D, 0x0B, 0xB3, 0x29, 0x36, 0xD1, 0xCD, 0x07,
    0x2A, 0x69, 0x51, 0xD2, 0x2B, 0x4E, 0x0D, 0x10, 0x8E, 0x35, 0xA6, 0xDC, 0xC3, 0x6F, 0x42, 0x8B,
    0x1C, 0xA5, 0x80, 0x08, 0x87, 0x63, 0x1C, 0xDC, 0x47, 0x2B, 0xC1, 0x51, 0x1D, 0xE5, 0x5E, 0x58,
    0x1C, 0xC8, 0x21, 0xDB, 0x2A, 0xA1, 0xC5, 0x7B, 0xA8, 0xF8, 0x71, 0xE0, 0xD7, 0x2F, 0x24, 0x18,
    0x2A, 0x64, 0xD9, 0xCF, 0xFE, 0x5B, 0x84, 0x95, 0x29, 0xC2, 0xDA, 0x14, 0x61, 0x83, 0x47, 0x58,
    0x96, 0x22, 0xAC, 0x48, 0x11, 0x56, 0xA7, 0x08, 0x6B, 0x52, 0x84, 0xC5, 0x14, 0x61, 0xDD, 0x77,
    0x23, 0x2C, 0xA4, 0x08, 0xCB, 0x52, 0x84, 0xE5, 0x67, 0x84, 0x3D, 0x26, 0xEB, 0x16, 0xCF, 0x45,
    0x58, 0x4C, 0x11, 0xD6, 0xFE, 0x84, 0x22, 0xAC, 0x7C, 0x26, 0xC2, 0x8A, 0x67, 0x22, 0xAC, 0xFC,
    0x11, 0x22, 0x2C, 0xD1, 0xC3, 0xE1, 0xA3, 0xC4, 0x64, 0x3F, 0xE4, 0xE3, 0xB2, 0x87, 0xED, 0x0F,
    0x16, 0xAD, 0xF5, 0x04, 0xDB, 0xCB, 0x1F, 0x62, 0x56, 0x08, 0x26, 0x3C, 0x6F, 0x20, 0x6E, 0x82,
    0x0E, 0x42, 0xB9, 0x0E, 0xD2, 0x12, 0x14, 0xF7, 0xD1, 0x16, 0x21, 0x1E, 0x8E, 0x7C, 0xEF, 0xB8,
    0x82, 0x94, 0xCA, 0x60, 0x6D, 0xA6, 0x1C, 0xC3, 0xF3, 0x33, 0xCA, 0x91, 0x4B, 0xFA, 0x60, 0xCF,
    0xFD, 0xB9, 0x88, 0x4C, 0xAB, 0x29, 0xF4, 0x20, 0x2C, 0xEB, 0x65, 0xAC, 0x25, 0xBC, 0xEA, 0x33,
    0x3B, 0x00, 0xE8, 0xFD, 0x1C, 0xA6, 0xAF, 0x79, 0x47, 0x78, 0x04, 0x34, 0x72, 0x86, 0xC7, 0xE1,
    0x26, 0x0E, 0x7E, 0x40, 0x38, 0xF9, 0xAC, 0x12, 0x74, 0x5E, 0xB8, 0x0C, 0x5E, 0xB5, 0xA4, 0xFA,
    0x65, 0x48, 0x47, 0x13, 0x9F, 0xA7, 0x24, 0xFC, 0x87, 0x94, 0x7F, 0x5F, 0x79, 0x6D, 0x1D, 0x9A,
    0x94, 0x92, 0x65, 0x21, 0x3E, 0xC8, 0xFE, 0x88, 0x72, 0x4F, 0x8A, 0xA5, 0x45, 0x8F, 0xF7, 0x54,
    0xA3, 0xD9, 0x81, 0x4A, 0xC9, 0xDA, 0x52, 0x14, 0x07, 0x2F, 0xCE, 0x4E, 0x44, 0x88, 0x6E, 0x8D,
    0x0A, 0xED, 0x3B, 0xDF, 0xAC, 0x06, 0xE8, 0x35, 0xFA, 0x38, 0xA3, 0x1D, 0x02, 0x99, 0x86, 0xE9,
    0x1C, 0x4A, 0x81, 0xD9, 0x2A, 0xD2, 0xCE, 0x81, 0x0C, 0xF4, 0x00, 0x2E, 0xA3, 0x74, 0x18, 0x48,
    0xE7, 0xE9, 0x60, 0x3A, 0x2E, 0xB4, 0x72, 0xCD, 0x0D, 0x72, 0xFB, 0xA9, 0x7C, 0x2F, 0xEA, 0x7C,
    0xC3, 0x4D, 0x3A, 0x72, 0xAD, 0x75, 0x0D, 0x16, 0x73, 0x39, 0x9F, 0x00, 0x15, 0x09, 0x28, 0xE1,
    0xE3, 0x7C, 0x6B, 0xE6, 0x56, 0x1E, 0xC8, 0xB1, 0x8A, 0xF3, 0x5A, 0x8C, 0xC3, 0xC1, 0x5C, 0x2F,
    0xE1, 0xE3, 0xEA, 0xEB, 0x59, 0xFE, 0xBA, 0x88, 0x22, 0x02, 0x67, 0x69, 0xBF, 0x22, 0x83, 0xAF,
    0x58, 0x3B, 0x0A, 0x70, 0x32, 0x89, 0x57, 0xBE, 0x99, 0xE1, 0x2D, 0x17, 0xC4, 0x53, 0xF7, 0x9A,
    0xFE, 0x49, 0x72, 0xD6, 0xF2, 0x27, 0xC2, 0x9E, 0x59, 0xB2, 0xB7, 0x3E, 0x15, 0x01, 0xCB, 0xC9,
    0xEE, 0x83, 0xF0, 0x0B, 0xCC, 0x61, 0x09, 0x3C, 0x89, 0xE2, 0x40, 0x5A, 0xD9, 0x0B, 0x39, 0x34,
    0x99, 0x30, 0xD2, 0x6F, 0xD9, 0x9D, 0x2D, 0xAD, 0x5A, 0x9D, 0xA2, 0xD2, 0xDC, 0x75, 0x1B, 0x3C,
    0x44, 0x62, 0xE2, 0x04, 0xFB, 0xD7, 0x94, 0x13, 0x17, 0x95, 0x2C, 0x5E, 0xB9, 0xC6, 0x43, 0x3E,
    0xEC, 0x79, 0x26, 0x7F, 0x0C, 0x54, 0xAF, 0x9C, 0x36, 0x55, 0xBE, 0x46, 0x6C, 0x71, 0x2A, 0x49,
    0x87, 0x51, 0x11, 0x02, 0xF6, 0x02, 0x14, 0x05, 0x7B, 0xC0, 0xE2, 0x90, 0xB0, 0xA8, 0x5D, 0x81,
    0x72, 0x7E, 0x3D, 0x3B, 0x22, 0xF3, 0x19, 0x96, 0x1C, 0x0E, 0x8C, 0x90, 0xB1, 0xC8, 0x82, 0xF8,
    0x03, 0x9B, 0xFE, 0x15, 0x14, 0xE8, 0xC7, 0xD9, 0x19, 0x34, 0xF7, 0x21, 0x13, 0x84, 0x4B, 0x21,
    0x65, 0x47, 0x17, 0x1E, 0xB9, 0x0A, 0xB6, 0xD1, 0x24, 0xAC, 0x61, 0xB5, 0x27, 0x94, 0x52, 0x46,
    0xB1, 0x5D, 0x6F, 0xF5, 0x4A, 0xC2, 0xF9, 0x39, 0xEC, 0x7E, 0x42, 0xF8, 0x1F, 0xED, 0x99, 0xBD,
    0xAE, 0xDD, 0xC6, 0x11, 0xC7, 0xF7, 0x9C, 0x03, 0x88, 0x06, 0x58, 0xB0, 0x31, 0x92, 0x42, 0x05,
    0x1F, 0x81, 0x8F, 0x40, 0x06, 0x2E, 0x5D, 0x38, 0x6F, 0x90, 0x47, 0xD0, 0x13, 0x04, 0x4B, 0x55,
    0x6E, 0x55, 0xF8, 0x01, 0x54, 0xBB, 0xC9, 0x23, 0x90, 0x40, 0x8A, 0xB4, 0x07, 0x6E, 0x54, 0xA8,
    0x30, 0x83, 0x08, 0x48, 0x29, 0x26, 0x26, 0x1C, 0x0A, 0x22, 0x39, 0x9E, 0xFF, 0x7C, 0xEC, 0x9E,
    0x2B, 0x5D, 0x49, 0x86, 0x61, 0xC3, 0x8A, 0xE1, 0x0B, 0x9C, 0x83, 0xDF, 0xDC, 0x43, 0xEE, 0xC7,
    0xCC, 0xEC, 0xEC, 0xCC, 0x6E, 0x38, 0x0D, 0x53, 0x08, 0xF4, 0x24, 0xD8, 0x5F, 0x43, 0x6B, 0xB8,
    0xD0, 0x0E, 0x3C, 0xD1, 0x18, 0x88, 0x28, 0xD4, 0x44, 0xBD, 0x8A, 0x17, 0x16, 0xC7, 0x48, 0x34,
    0xA9, 0x58, 0xB2, 0xF8, 0x5F, 0xFE, 0x2C, 0x2A, 0xD6, 0xD4, 0x45, 0xFC, 0xBE, 0xA9, 0xD8, 0xEE,
    0xA1, 0xA2, 0x23, 0x34, 0x2E, 0xA2, 0xDD, 0x35, 0x54, 0x87, 0x8A, 0x71, 0xE6, 0x5E, 0xAF, 0xA1,
    0x24, 0x15, 0x31, 0x88, 0xA6, 0x0B, 0x85, 0x89, 0xE8, 0xE1, 0x93, 0xC0, 0x2F, 0x98, 0x78, 0x95,
    0xB1, 0xBD, 0x25, 0x76, 0x3F, 0x49, 0xAC, 0xF7, 0x5B, 0xF1, 0x44, 0xFC, 0xAF, 0x2C, 0x16, 0x98,
    0x4E, 0x16, 0x2B, 0xA2, 0xED, 0x46, 0xAC, 0xD7, 0x72, 0xBF, 0x11, 0xDB, 0xE9, 0x4C, 0xB7, 0x22,
    0xEB, 0xEB, 0xC7, 0x8B, 0x77, 0xDF, 0x6D, 0xD6, 0xF2, 0x08, 0x7F, 0xC4, 0x60, 0xBD, 0xDF, 0x9D,
    0x47, 0xC6, 0x8A, 0xF7, 0x51, 0x6D, 0xFC, 0x61, 0xFD, 0xF9, 0x98, 0x37, 0xB6, 0x0A, 0xFF, 0xAC,
    0x33, 0x6A, 0x68, 0x69, 0x21, 0xCE, 0x36, 0xDF, 0x66, 0x8E, 0x2F, 0xDA, 0xE7, 0x68, 0x41, 0xC4,
    0x78, 0x1D, 0xFA, 0x96, 0xED, 0xF6, 0x58, 0x45, 0xFE, 0x0E, 0xED, 0x58, 0xD0, 0x3F, 0x45, 0x64,
    0x95, 0x43, 0x0C, 0xB4, 0x6B, 0x53, 0xBB, 0x8A, 0x0D, 0x41, 0x7C, 0xC0, 0xCA, 0x10, 0xB1, 0x80,
    0x48, 0x50, 0xD5, 0xD0, 0xB1, 0x78, 0x32, 0xB1, 0xE3, 0xB6, 0x59, 0x0C, 0x51, 0xC4, 0x35, 0x04,
    0x1E, 0x06, 0x8B, 0xB5, 0x88, 0x3D, 0x00, 0x62, 0x01, 0xF1, 0x45, 0x00, 0xE0, 0x9F, 0x67, 0xFC,
    0x4F, 0xFE, 0x86, 0xC5, 0xDD, 0xEE, 0x34, 0x10, 0xBD, 0x0A, 0xF9, 0x4F, 0x66, 0x37, 0xB9, 0x17,
    0x06, 0xF8, 0x21, 0x2C, 0xE1, 0x72, 0x21, 0x32, 0x25, 0xB9, 0x56, 0x79, 0x74, 0x39, 0x42, 0xAF,
    0x0F, 0xDD, 0x4F, 0xF9, 0xF5, 0x55, 0x68, 0x36, 0xF9, 0xA2, 0x4E, 0x11, 0x57, 0x93, 0x0B, 0x3C,
    0xCE, 0x83, 0x37, 0x57, 0x65, 0xBF, 0xD5, 0x41, 0xB8, 0x2C, 0x10, 0x42, 0xE5, 0x72, 0xBB, 0xAA,
    0xBC, 0xBB, 0x3C, 0xDF, 0x95, 0xE3, 0x72, 0x57, 0x1E, 0x8E, 0x37, 0x7E, 0x57, 0x0D, 0x24, 0xF9,
    0xA2, 0x53, 0x4D, 0x72, 0x18, 0xE6, 0xBB, 0xB2, 0x76, 0x98, 0x65, 0x1D, 0x50, 0x96, 0xAB, 0x37,
    0xE5, 0xFD, 0xD7, 0x92, 0x4F, 0x8F, 0x44, 0x16, 0x43, 0x43, 0x6E, 0xE0, 0x33, 0x90, 0x57, 0x91,
    0xD5, 0x89, 0x21, 0x1F, 0x22, 0xC3, 0x6D, 0x41, 0x07, 0x2F, 0x06, 0x96, 0xCF, 0x2C, 0x9D, 0xD9,
    0x18, 0xD5, 0x1A, 0x86, 0x9E, 0xE5, 0x8A, 0x9E, 0x2B, 0xCD, 0x70, 0xC2, 0x6A, 0x8F, 0xBB, 0x91,
    0x7E, 0x1F, 0x34, 0xDD, 0x91, 0xB9, 0x57, 0x23, 0x7E, 0x0B, 0xF2, 0x6E, 0x54, 0x72, 0xAB, 0xDC,
    0x0A, 0x7B, 0xB3, 0xD2, 0x45, 0x9C, 0xA7, 0x92, 0x95, 0x0F, 0x62, 0x7F, 0xDE, 0x21, 0x77, 0x46,
    0x6C, 0xA1, 0x25, 0x68, 0xAC, 0x12, 0xE2, 0x38, 0xD5, 0x9B, 0x67, 0xAA, 0xAF, 0x3C, 0x24, 0xF5,
    0xE8, 0x33, 0xE9, 0x32, 0xC0, 0x3C, 0xB1, 0x00, 0xD9, 0x74, 0x02, 0xBB, 0xFD, 0xC2, 0x8D, 0x97,
    0xD2, 0x40, 0x43, 0x63, 0x25, 0x6D, 0xB0, 0xAD, 0x1B, 0x75, 0x07, 0x9A, 0x5B, 0xF5, 0xAB, 0xB8,
    0x44, 0x75, 0xA0, 0x76, 0x53, 0xC3, 0xB3, 0x7D, 0xD5, 0x23, 0xD8, 0xB0, 0x16, 0xBF, 0x32, 0xEC,
    0xB7, 0x80, 0xD1, 0x08, 0x60, 0x98, 0x00, 0x19, 0x3F, 0x40, 0x26, 0x06, 0x28, 0xA0, 0x51, 0x80,
    0x28, 0x55, 0x00, 0x3A, 0x7A, 0x07, 0x40, 0x5D, 0x00, 0xE8, 0x69, 0xF4, 0x76, 0x7A, 0x6B, 0x59,
    0xDB, 0xE1, 0xBE, 0xB4, 0x65, 0x9E, 0x9A, 0x41, 0x28, 0x76, 0x03, 0xF6, 0x44, 0x85, 0x66, 0x31,
    0xE0, 0x29, 0x09, 0x5C, 0xB0, 0xB0, 0x00, 0xB5, 0x8D, 0xF9, 0x81, 0xE8, 0x7C, 0x27, 0xDD, 0x41,
    0x14, 0x46, 0x83, 0x3D, 0x18, 0x5C, 0x0D, 0x5E, 0x98, 0x83, 0xC9, 0x72, 0x39, 0x44, 0xE1, 0xB3,
    0x18, 0x34, 0xE0, 0xE1, 0xC8, 0x4E, 0x84, 0x81, 0xFE, 0x49, 0x06, 0xCB, 0x5F, 0xCF, 0xD0, 0x16,
    0x77, 0x34, 0xC0, 0x9F, 0xA0, 0x67, 0xEC, 0x6B, 0xC3, 0xDC, 0xB2, 0x03, 0xB0, 0x66, 0xDB, 0x95,
    0x15, 0x0E, 0x3F, 0x6B, 0x36, 0x6C, 0x3C, 0x7F, 0x75, 0x85, 0x7F, 0xFA, 0x61, 0x85, 0xBF, 0x0D,
    0xE5, 0x87, 0x4D, 0x50, 0x26, 0x13, 0x2C, 0x21, 0xBE, 0x4B, 0xF3, 0xFE, 0xD3, 0x1D, 0xCD, 0x0B,
    0x9C, 0xDD, 0x04, 0x70, 0x2E, 0x35, 0x41, 0xF9, 0x3A, 0x69, 0xFE, 0x78, 0x4B, 0xF3, 0xEB, 0x1B,
    0x9A, 0x3F, 0xF3, 0xC7, 0x34, 0xDF, 0x9B, 0xE6, 0x8F, 0xB7, 0x34, 0x7F, 0x35, 0x38, 0xDE, 0xA5,
    0x79, 0x89, 0xD1, 0x47, 0x97, 0xA2, 0xB3, 0x06, 0x4F, 0x8F, 0xC3, 0x45, 0x8A, 0xC0, 0xBA, 0x12,
    0xB0, 0x14, 0x24, 0x0A, 0x9F, 0x65, 0xD3, 0x92, 0xF8, 0x15, 0x37, 0x8F, 0xBC, 0xF5, 0x21, 0x6A,
    0x43, 0xC3, 0xA4, 0xCB, 0x0C, 0x2D, 0x68, 0xAE, 0x20, 0xFB, 0xBC, 0x45, 0x58, 0xDE, 0x1F, 0x6D,
    0x69, 0x30, 0x0D, 0x5B, 0x22, 0x7D, 0x97, 0xA9, 0xD6, 0x48, 0xCA, 0xA4, 0xD1, 0x5D, 0x76, 0x54,
    0x0D, 0xBF, 0x17, 0xB1, 0xAF, 0x53, 0x9D, 0x48, 0x63, 0xD5, 0xCF, 0x48, 0x07, 0xD6, 0xB5, 0x90,
    0xA8, 0xD3, 0x68, 0x4F, 0x44, 0xFE, 0x9C, 0x46, 0x9E, 0xCE, 0x62, 0x92, 0x90, 0x44, 0xAB, 0x77,
    0x52, 0x7A, 0x4E, 0x1C, 0x48, 0xE8, 0x92, 0xDA, 0x3B, 0xA5, 0x3E, 0x34, 0x46, 0x09, 0xD9, 0x4E,
    0x16, 0x4C, 0x07, 0x30, 0x5E, 0x41, 0x6A, 0x06, 0x28, 0x41, 0xAC, 0x7A, 0xC1, 0xCE, 0xDA, 0x8A,
    0x85, 0x24, 0xDB, 0x89, 0x53, 0xA3, 0x21, 0x79, 0x0B, 0xD4, 0x97, 0xAC, 0xA7, 0x6A, 0x95, 0x2C,
    0xE0, 0xB2, 0x21, 0x93, 0xA8, 0xC8, 0xB0, 0x9D, 0x0B, 0xC7, 0xC8, 0xBE, 0x69, 0xCF, 0x0E, 0x23,
    0xEC, 0x31, 0x41, 0xD1, 0xD4, 0x33, 0xB6, 0x68, 0x46, 0x33, 0x9B, 0x5A, 0x72, 0x27, 0x2C, 0xCC,
    0x0E, 0xF9, 0x0B, 0x62, 0x04, 0xC6, 0x38, 0xBC, 0xDC, 0x42, 0x69, 0x49, 0x15, 0x5B, 0xA5, 0x5A,
    0x13, 0xD6, 0x73, 0xC2, 0x76, 0x4A, 0x18, 0xAF, 0x09, 0x4D, 0x1B, 0x40, 0x53, 0x25, 0xE3, 0xC9,
    0xF4, 0xC1, 0xC8, 0x9D, 0x25, 0xDC, 0x13, 0x62, 0x98, 0x86, 0xD5, 0x92, 0x90, 0x3B, 0x73, 0xE4,
    0xCE, 0x12, 0x5E, 0x13, 0x72, 0x67, 0x8E, 0xF8, 0x56, 0xDC, 0xC9, 0x73, 0xC9, 0x5A, 0x56, 0x8A,
    0xE1, 0x9E, 0x71, 0xCB, 0xB8, 0x64, 0x9C, 0x33, 0x4E, 0x19, 0xC7, 0x7B, 0xB1, 0xCB, 0x98, 0x32,
    0xD7, 0x47, 0x96, 0xA1, 0x17, 0xBA, 0x04, 0xFF, 0x2C, 0x1B, 0xE7, 0xAB, 0x50, 0x4C, 0xC1, 0xB6,
    0x99, 0xC9, 0xF7, 0x9B, 0xA9, 0xE0, 0x1E, 0x1E, 0x61, 0xFD, 0x4A, 0x16, 0x33, 0x20, 0x74, 0x48,
    0xDE, 0x32, 0xAC, 0x88, 0x0C, 0xFA, 0x67, 0x09, 0xCB, 0x7D, 0x10, 0xE9, 0x2B, 0x07, 0x5D, 0xFA,
    0x00, 0x99, 0x8A, 0xAE, 0x6C, 0xF9, 0xDF, 0x1F, 0x40, 0x4F, 0x3C, 0x71, 0x3B, 0x52, 0x0A, 0x37,
    0x39, 0x1D, 0xBE, 0x59, 0xBA, 0x3F, 0x36, 0x0C, 0x5F, 0xF7, 0x36, 0x1D, 0x09, 0x02, 0xBF, 0x24,
    0x04, 0x85, 0xC2, 0xA1, 0x72, 0x88, 0xBB, 0xE5, 0x92, 0xB0, 0x93, 0xC2, 0xE2, 0x7B, 0xF6, 0x55,
    0xD2, 0x57, 0xDD, 0xCE, 0x4B, 0x9F, 0x6A, 0x4C, 0x29, 0xAA, 0xCF, 0x85, 0xF7, 0x10, 0x5D, 0x47,
    0x82, 0xBA, 0x8E, 0x04, 0x75, 0x1D, 0x09, 0xEA, 0xDA, 0x50, 0x94, 0x15, 0xF3, 0x3E, 0xCC, 0xCF,
    0xEA, 0x3A, 0xF2, 0x76, 0xB7, 0xDC, 0x9B, 0x63, 0x91, 0x51, 0xD6, 0x91, 0xA1, 0x45, 0xB7, 0x8F,
    0x01, 0x63, 0xC2, 0xBF, 0x91, 0x63, 0xA3, 0xFB, 0x39, 0xA3, 0xEC, 0x12, 0xBD, 0x2E, 0x6B, 0xCB,
    0xF0, 0xEB, 0x0D, 0x9E, 0x3B, 0x71, 0xBA, 0x80, 0x45, 0x49, 0xEB, 0xD0, 0x97, 0xAB, 0x2C, 0x3F,
    0xEA, 0x54, 0x49, 0xF5, 0xC1, 0xBB, 0x87, 0x21, 0x36, 0x18, 0xC7, 0x23, 0x98, 0xEA, 0x64, 0xA1,
    0x0D, 0xDA, 0x82, 0x19, 0x71, 0xB6, 0x75, 0xA4, 0x86, 0x42, 0xC1, 0x77, 0xE3, 0x8A, 0x3A, 0xC8,
    0xB8, 0xBE, 0x69, 0x58, 0x0D, 0x59, 0x57, 0x43, 0x37, 0x2C, 0xB6, 0x20, 0x33, 0x2C, 0xA3, 0x1B,
    0xEB, 0xE2, 0xA3, 0x7B, 0x1F, 0xE6, 0x67, 0xDD, 0xB0, 0x1E, 0x20, 0x53, 0x6F, 0x8E, 0x45, 0x46,
    0x37, 0xAC, 0x47, 0xBA, 0xDF, 0x10, 0x26, 0x2F, 0x29, 0x32, 0x56, 0x19, 0xE3, 0x1E, 0x52, 0x29,
    0xB7, 0xC9, 0x4F, 0xBE, 0x40, 0x1D, 0xA7, 0x9C, 0x69, 0x74, 0x16, 0x72, 0x3C, 0x4A, 0xE5, 0x2A,
    0xFF, 0xA3, 0xC5, 0x98, 0x92, 0x9A, 0xDF, 0x5D, 0xEE, 0xFF, 0xDF, 0xE5, 0xFC, 0xF0, 0xC2, 0x6C,
    0xD9, 0x2E, 0x66, 0xC9, 0x76, 0x31, 0x3B, 0xB6, 0x8B, 0x06, 0x25, 0x06, 0xB3, 0x0B, 0x83, 0xDA,
    0xEA, 0x5E, 0xE8, 0xFC, 0x19, 0xB5, 0x3D, 0x83, 0xB7, 0x43, 0xDE, 0x32, 0x79, 0x5F, 0xF4, 0xD2,
    0xB6, 0x1A, 0xAB, 0x44, 0x3E, 0x08, 0x4F, 0x0D, 0xCE, 0x9B, 0x01, 0x72, 0x25, 0x01, 0x54, 0xBD,
    0x02, 0x0D, 0x4E, 0x32, 0x16, 0x29, 0x64, 0x26, 0x05, 0x7A, 0xB9, 0x08, 0x9C, 0xE9, 0x8B, 0x4D,
    0xA0, 0x38, 0xF8, 0x35, 0x40, 0xC5, 0x51, 0xBB, 0x03, 0x34, 0x73, 0xA0, 0x11, 0x10, 0xF9, 0x9D,
    0x09, 0xC0, 0xAD, 0x34, 0x0B, 0xC3, 0x37, 0xA8, 0xB0, 0x37, 0x86, 0x67, 0x92, 0x8A, 0x31, 0x7C,
    0xBB, 0xA1, 0x62, 0x88, 0x8B, 0x4E, 0x8B, 0xB5, 0x6C, 0xD3, 0x02, 0x8C, 0x62, 0x87, 0x45, 0xCF,
    0x74, 0xB8, 0x64, 0x1E, 0x2C, 0xBF, 0x9E, 0xB5, 0x12, 0x38, 0x49, 0xA5, 0x24, 0x67, 0x46, 0xBE,
    0xA4, 0xEC, 0x50, 0xE6, 0xD7, 0x03, 0x75, 0x80, 0x7A, 0x33, 0x07, 0xC0, 0xEE, 0x25, 0xF3, 0xE1,
    0x2C, 0x52, 0x67, 0xC8, 0x9B, 0x98, 0x3A, 0x00, 0x67, 0x90, 0xEA, 0x00, 0x0C, 0x6A, 0xEE, 0x7B,
    0xA1, 0xF3, 0x67, 0xD4, 0x01, 0x18, 0xBC, 0x1D, 0xF2, 0x96, 0xC9, 0xFB, 0x32, 0x07, 0xA8, 0xBD,
    0x4A, 0xFD, 0x20, 0x3C, 0x35, 0x38, 0x6D, 0x06, 0x58, 0x1B, 0x02, 0x38, 0x97, 0x10, 0xC0, 0xEE,
    0x29, 0xD0, 0x72, 0xB7, 0x02, 0xE8, 0x05, 0x70, 0xA6, 0xCF, 0x77, 0x81, 0xCB, 0xC1, 0xAF, 0x01,
    0xAA, 0x0D, 0x27, 0xBE, 0x0C, 0x0D, 0xD2, 0x16, 0x00, 0x1C, 0x60, 0x01, 0xA0, 0xCE, 0xDF, 0x18,
    0xBE, 0xE1, 0xA1, 0x16, 0x07, 0xC3, 0xB3, 0x03, 0xF5, 0xC7, 0x5F, 0x36, 0x71, 0x80, 0xC0, 0xDF,
    0x3A, 0xAD, 0x48, 0x9B, 0x4E, 0xAB, 0x01, 0x8C, 0xB2, 0xE4, 0x36, 0xB2, 0x9C, 0x77, 0x1B, 0xEC,
    0x0C, 0x7A, 0xB5, 0x52, 0x90, 0x66, 0x73, 0x80, 0xB6, 0xBF, 0x27, 0x29, 0x63, 0xF0, 0x40, 0xCA,
    0xE8, 0x81, 0x94, 0xD1, 0x03, 0xA9, 0x9C, 0x3D, 0x42, 0xBF, 0x8D, 0xA0, 0x56, 0x34, 0x7D, 0xC2,
    0x38, 0x26, 0x1C, 0xAE, 0xE9, 0x59, 0x6E, 0xA5, 0x20, 0x09, 0xA4, 0x27, 0x41, 0x2B, 0x6E, 0x16,
    0xED, 0x0D, 0x35, 0x0C, 0x52, 0x1A, 0x2D, 0x6E, 0xE4, 0x23, 0x81, 0xB4, 0xFA, 0xFE, 0x90, 0x68,
    0x83, 0xE2, 0x66, 0x26, 0xC7, 0x7A, 0x42, 0xC8, 0xD5, 0xE2, 0xE6, 0x3A, 0xF4, 0x8E, 0x23, 0x4E,
    0x62, 0xD5, 0x9D, 0xFA, 0xF6, 0x6A, 0xC8, 0x71, 0x7A, 0x72, 0xE4, 0x36, 0x14, 0xCF, 0x5C, 0xE8,
    0x2F, 0x8A, 0x3C, 0xCC, 0x62, 0x55, 0x2C, 0x78, 0x14, 0x9B, 0x62, 0xB9, 0x84, 0xF3, 0xAE, 0xC8,
    0xAA, 0x3A, 0x91, 0x22, 0xEA, 0x1C, 0xC3, 0x06, 0x67, 0x02, 0x5F, 0x0A, 0xCA, 0xA1, 0xED, 0x3F,
    0x04, 0x23, 0xE7, 0x63, 0xAD, 0xA2, 0x1C, 0x64, 0xFD, 0x5B, 0x11, 0x8E, 0xF3, 0x3F, 0xE0, 0x21,
    0x27, 0x02, 0xAF, 0xC9, 0xEB, 0x1C, 0x1C, 0xFA, 0xA4, 0x3A, 0x47, 0x70, 0xCD, 0xA8, 0x27, 0xAC,
    0x72, 0xB6, 0x26, 0x16, 0x50, 0x94, 0xB2, 0x00, 0x09, 0x5B, 0xA1, 0xE5, 0x3A, 0xAE, 0x08, 0x4E,
    0x83, 0x60, 0x3B, 0xDD, 0xB7, 0x79, 0x7F, 0xF4, 0xEC, 0x1E, 0x78, 0xB3, 0x97, 0xDF, 0x6E, 0xE6,
    0xB7, 0xBB, 0xF9, 0xED, 0x76, 0x9E, 0xF7, 0xE8, 0xFA, 0x66, 0xEB, 0xD6, 0x72, 0xDF, 0xF8, 0x9A,
    0x39, 0x4E, 0xF9, 0x79, 0x9A, 0xF3, 0xA6, 0xAE, 0x37, 0x14, 0xE6, 0x8C, 0x6B, 0x2E, 0xB5, 0xF5,
    0xAA, 0xC2, 0xDC, 0xF1, 0xA6, 0xD8, 0x7E, 0x45, 0xB9, 0xDA, 0x9E, 0xE9, 0xA6, 0xDC, 0x1E, 0x3A,
    0xE7, 0xE6, 0x1A, 0xC7, 0x54, 0x7B, 0xB3, 0x4F, 0xA6, 0xE2, 0x7B, 0x6C, 0xA6, 0x54, 0x72, 0x77,
    0xF5, 0x9C, 0x98, 0x7D, 0xD1, 0x98, 0xFD, 0xB2, 0x5C, 0x73, 0xD5, 0x7D, 0xD9, 0x8C, 0xE1, 0x99,
    0xBB, 0x97, 0xE0, 0x6B, 0x38, 0x1D, 0x5E, 0x83, 0xC3, 0x21, 0x6F, 0x8A, 0x70, 0xFA, 0x4C, 0xB9,
    0x61, 0x4F, 0x88, 0x7F, 0xB7, 0x32, 0x1C, 0x67, 0xDE, 0xC6, 0x11, 0x67, 0x4A, 0xFF, 0xCA, 0x85,
    0x78, 0xFD, 0x9D, 0x31, 0xDC, 0x52, 0x59, 0x5C, 0xB4, 0x7C, 0x9D, 0x6B, 0x71, 0xB5, 0x49, 0x72,
    0xD2, 0xCE, 0xBD, 0xF4, 0x4C, 0xB9, 0x32, 0x0F, 0xC2, 0x37, 0x7E, 0xEA, 0x8E, 0x1A, 0xF5, 0x3C,
    0x4B, 0xDD, 0x53, 0x8E, 0xB8, 0xCD, 0x55, 0x25, 0xD1, 0x7C, 0x90, 0x32, 0xCE, 0xC1, 0x73, 0x82,
    0x32, 0x25, 0x0A, 0x6D, 0x4A, 0x24, 0x34, 0x63, 0x90, 0xF3, 0x88, 0x57, 0x41, 0x8F, 0xC2, 0x4A,
    0xF1, 0x8D, 0x12, 0xF7, 0x09, 0x12, 0xE4, 0x70, 0x2C, 0x67, 0x27, 0xC0, 0xFC, 0xB2, 0x79, 0xD4,
    0x30, 0x07, 0x73, 0x9B, 0x38, 0x07, 0x73, 0xA6, 0x38, 0x9F, 0xEC, 0xCA, 0x24, 0xCE, 0x67, 0xAB,
    0xB1, 0xE3, 0x6C, 0xB7, 0x74, 0x78, 0x2E, 0xAA, 0x07, 0xC6, 0x39, 0x2D, 0xB0, 0x39, 0x58, 0x33,
    0x20, 0x6D, 0x1A, 0xA4, 0xB1, 0x14, 0x64, 0xE9, 0xCF, 0xCF, 0x45, 0x03, 0x19, 0x79, 0x56, 0x19,
    0xE7, 0x3A, 0x51, 0x9B, 0x08, 0x3B, 0x85, 0x12, 0xF5, 0x85, 0x93, 0xA5, 0xAF, 0xF7, 0xD3, 0x90,
    0x9E, 0x8B, 0x53, 0xBD, 0xA4, 0xF6, 0xE6, 0xD4, 0xC7, 0x35, 0xF5, 0xEB, 0x3A, 0xC8, 0xBB, 0x43,
    0xAA, 0xF1, 0xEC, 0x57, 0xB9, 0xA4, 0x94, 0x37, 0x70, 0x21, 0x49, 0x7E, 0x1F, 0x64, 0xAB, 0x13,
    0xB7, 0x65, 0xBD, 0xDF, 0xF1, 0x70, 0xDC, 0x7E, 0x1F, 0xA5, 0xE7, 0x2C, 0xCD, 0xD6, 0xF6, 0xB6,
    0xD4, 0x87, 0x51, 0x91, 0xC8, 0x52, 0xEC, 0x7C, 0x7B, 0xF3, 0xCB, 0xD2, 0x83, 0x21, 0xDD, 0x4D,
    0xC9, 0xC5, 0x1A, 0xD3, 0x49, 0xCF, 0x38, 0xEC, 0x1A, 0x97, 0xE4, 0x28, 0x5D, 0x73, 0x5C, 0xDC,
    0x22, 0xD6, 0x3B, 0xD7, 0xD9, 0xB4, 0x30, 0x35, 0x33, 0xAF, 0x57, 0x3A, 0x30, 0xA3, 0xAB, 0xD4,
    0xE9, 0x8F, 0x99, 0x46, 0x29, 0xDE, 0xFF, 0x63, 0x24, 0x97, 0x85, 0x4A, 0xB8, 0x27, 0x54, 0xC2,
    0x15, 0x61, 0xA3, 0xF6, 0xC5, 0xB9, 0xF5, 0x2A, 0xD4, 0xCA, 0x2D, 0xB1, 0x66, 0xD6, 0xE8, 0x77,
    0xB3, 0xA5, 0x45, 0xB6, 0x1C, 0xC7, 0xF0, 0xF0, 0xB0, 0xC8, 0xFA, 0x03, 0xED, 0x59, 0x3D, 0xD2,
    0xE5, 0x46, 0x15, 0x6D, 0x49, 0x35, 0x9F, 0xAA, 0x50, 0xA0, 0x9C, 0x09, 0x94, 0x93, 0x68, 0x09,
    0x2D, 0x17, 0x1B, 0x70, 0xC4, 0x22, 0x20, 0xF8, 0x76, 0x80, 0x44, 0xB1, 0x81, 0x59, 0x02, 0x01,
    0x01, 0x36, 0xC1, 0x2C, 0xA1, 0x05, 0x04, 0x0E, 0x08, 0x78, 0xAE, 0x09, 0x08, 0x08, 0x46, 0xC1,
    0x24, 0x90, 0x8C, 0xAA, 0x90, 0x29, 0xD9, 0x96, 0xD4, 0xDC, 0x9F, 0x73, 0x5B, 0x7A, 0x30, 0x63,
    0x1B, 0x6A, 0x3C, 0xB8, 0x28, 0xBF, 0xFA, 0x6A, 0xFA, 0xDC, 0x37, 0xAD, 0xEE, 0xAB, 0xDB, 0xE7,
    0xFE, 0xF4, 0x7D, 0x2E, 0x8F, 0xCF, 0x9C, 0x7C, 0xDA, 0xB8, 0xD3, 0xBF, 0xF1, 0xE6, 0x62, 0x8C,
    0x1D, 0x83, 0x82, 0xC0, 0xC8, 0xA0, 0x8A, 0x5D, 0xB8, 0x31, 0x68, 0x76, 0xD7, 0xCE, 0x0C, 0xFC,
    0xE6, 0x6A, 0x05, 0x2B, 0x40, 0x6F, 0xDF, 0x04, 0x9B, 0x43, 0xAB, 0x84, 0x49, 0x01, 0xD6, 0x89,
    0x2F, 0xB1, 0x72, 0x7C, 0x81, 0xBD, 0xE8, 0xB9, 0x49, 0xC1, 0x24, 0x3A, 0xD0, 0xE3, 0x33, 0x40,
    0xBF, 0x00, 0xF8, 0x1D, 0xA0, 0x26, 0xDD, 0xDC, 0x9D, 0x62, 0x2E, 0x18, 0xA8, 0x0D, 0x78, 0x03,
    0x36, 0xA7, 0x88, 0x8B, 0x3E, 0x55, 0xC5, 0x41, 0x41, 0x73, 0x60, 0xC1, 0x76, 0xB3, 0x2D, 0xD2,
    0x5E, 0x69, 0xF7, 0xB7, 0x82, 0x51, 0x41, 0x66, 0xA0, 0x30, 0x50, 0xC7, 0xAE, 0x8F, 0xFA, 0x61,
    0x2D, 0xF8, 0xB3, 0x1B, 0x58, 0x5D, 0xA3, 0xE0, 0xE6, 0x1E, 0x64, 0xFC, 0x9C, 0x9F, 0x78, 0x3C,
    0x3A, 0x1E, 0x2A, 0x11, 0x9F, 0xC8, 0xDC, 0xC9, 0xFD, 0xDC, 0xE9, 0xCC, 0xA3, 0xC0, 0x58, 0xE9,
    0x7B, 0xEE, 0x35, 0xA9, 0x9D, 0xD3, 0x52, 0xED, 0x4A, 0xCF, 0x3C, 0x8D, 0x03, 0x74, 0x75, 0x5E,
    0x4D, 0xE7, 0x7A, 0x8C, 0xE1, 0xA6, 0x63, 0x7C, 0x85, 0x11, 0x40, 0x56, 0xD7, 0x51, 0x8E, 0xFC,
    0x09, 0x2D, 0x2A, 0x96, 0xC8, 0x08, 0x2C, 0x06, 0x44, 0xA3, 0x07, 0x7C, 0x41, 0xDB, 0xEC, 0x58,
    0x14, 0x63, 0xFD, 0x9F, 0x8D, 0xFD, 0x6B, 0x19, 0xCB, 0xA8, 0xEB, 0x34, 0x18, 0x3D, 0xC6, 0x7E,
    0x6A, 0x64, 0x8C, 0x43, 0xA1, 0xA3, 0xCB, 0xDF, 0x3C, 0x0E, 0xC5, 0x86, 0xF9, 0x1B, 0x9E, 0x5F,
    0xB0, 0xDE, 0x84, 0xF5, 0xE5, 0x6C, 0xDD, 0xE3, 0x6A, 0xEF, 0xA1, 0xA6, 0x6D, 0xD5, 0xF8, 0x7C,
    0x5C, 0x7A, 0x30, 0x32, 0x17, 0x84, 0x6C, 0x15, 0x91, 0x19, 0x03, 0xBF, 0x76, 0x4E, 0x13, 0x33,
    0x99, 0xEC, 0x88, 0xCC, 0x85, 0x92, 0x8D, 0xB8, 0x52, 0xA9, 0x4D, 0xEA, 0xE8, 0x6A, 0x25, 0x4E,
    0x19, 0x1D, 0x98, 0x53, 0xD0, 0x49, 0xAF, 0x40, 0x1D, 0x08, 0x42, 0x28, 0x6C, 0x09, 0xE9, 0xB3,
    0x84, 0x1A, 0x5D, 0x8F, 0x50, 0x16, 0xC1, 0x9B, 0xCE, 0x29, 0xC7, 0x19, 0xE9, 0x82, 0x8C, 0x9A,
    0x84, 0xD4, 0x86, 0xEF, 0x10, 0x1D, 0x6C, 0x25, 0x41, 0x62, 0x3F, 0xA0, 0x3D, 0xA1, 0x68, 0xF3,
    0x72, 0x9A, 0x28, 0x68, 0x75, 0x61, 0x54, 0x34, 0x3B, 0xFF, 0x15, 0x28, 0xCD, 0xAB, 0xE8, 0xD9,
    0x4E, 0x50, 0x91, 0xD6, 0xCB, 0xD2, 0x1E, 0xAE, 0xB7, 0x7D, 0xC9, 0x88, 0x1D, 0x90, 0xD9, 0xEA,
    0xBB, 0x80, 0x1E, 0xE1, 0x1B, 0x42, 0x92, 0x43, 0x99, 0x26, 0x64, 0xC9, 0x8C, 0x2B, 0xF0, 0x4A,
    0x8A, 0x76, 0x42, 0xBD, 0xFE, 0x20, 0x1A, 0x81, 0x1E, 0x1E, 0x27, 0x37, 0xE8, 0xB1, 0xE6, 0x71,
    0x0C, 0x16, 0x2A, 0x2C, 0xBC, 0x8D, 0xCA, 0x02, 0x0A, 0x27, 0x1F, 0x3F, 0x03, 0xC0, 0xF6, 0x6F,
    0x06, 0xD9, 0xF3, 0x5F, 0x2B, 0x08, 0x1C, 0x3A, 0xE8, 0xAF, 0x94, 0xA8, 0x42, 0x40, 0xC8, 0x3B,
    0x10, 0x90, 0x98, 0x33, 0xC7, 0x5B, 0x46, 0x94, 0x2F, 0xE3, 0xC6, 0x01, 0x8F, 0x36, 0xF3, 0x7B,
    0xBC, 0x95, 0x7C, 0xDC, 0xF4, 0x00, 0x45, 0x3E, 0xF5, 0x80, 0x9B, 0x72, 0x21, 0x10, 0x80, 0x1B,
    0x01, 0xD4, 0x1C, 0x14, 0x79, 0x36, 0xC5, 0x9A, 0x46, 0xB8, 0x51, 0x0A, 0x90, 0x63, 0x63, 0x10,
    0xF9, 0x75, 0x28, 0xFC, 0x33, 0x31, 0x18, 0xCC, 0x7C, 0xDE, 0x99, 0x00, 0x2F, 0x51, 0xB6, 0x99,
    0x0C, 0xD8, 0x37, 0xB5, 0xCC, 0x61, 0xB0, 0xE7, 0x1A, 0xF5, 0x4B, 0x75, 0xC0, 0x78, 0xCB, 0xA3,
    0xA5, 0x9A, 0x20, 0x7E, 0x4C, 0xA0, 0x3A, 0xEC, 0x1C, 0x24, 0x40, 0x6A, 0xC4, 0x0A, 0x51, 0x53,
    0x11, 0x47, 0x48, 0x44, 0x2F, 0x0F, 0xEB, 0x3B, 0x8B, 0x92, 0xAC, 0x21, 0x07, 0xD3, 0x9E, 0xC9,
    0x27, 0xB6, 0xAB, 0xE8, 0xB8, 0x9A, 0xA8, 0x27, 0x70, 0xC3, 0xA1, 0x38, 0x7A, 0x18, 0x09, 0x85,
    0xCE, 0x44, 0x1D, 0xD0, 0x91, 0xC3, 0xC2, 0xD8, 0xFD, 0x9C, 0x71, 0x40, 0x10, 0x94, 0xE3, 0xAC,
    0xFA, 0xB9, 0x40, 0xF0, 0xA3, 0x79, 0xBD, 0xD2, 0x84, 0x50, 0xA9, 0x13, 0xD9, 0xD9, 0x75, 0x19,
    0x46, 0xBA, 0x34, 0x23, 0x0D, 0x07, 0x8C, 0xD4, 0x8F, 0xDF, 0x19, 0x0A, 0x11, 0xA8, 0x8C, 0x86,
    0x9A, 0x84, 0x7C, 0x42, 0x61, 0xB2, 0x27, 0xE2, 0x50, 0x1A, 0x72, 0xC5, 0x57, 0xA0, 0x90, 0xE6,
    0x51, 0x74, 0x5D, 0xD2, 0x7A, 0x73, 0xDA, 0xE3, 0x96, 0xF6, 0x35, 0x1B, 0xC0, 0x92, 0x08, 0x78,
    0xDF, 0x19, 0xF4, 0xA8, 0x69, 0xB5, 0x02, 0x57, 0xBC, 0x32, 0xC5, 0x22, 0x3F, 0x1C, 0x77, 0x14,
    0xBF, 0x2D, 0xE3, 0xA4, 0x14, 0x89, 0xB3, 0x12, 0xC4, 0xAF, 0x5A, 0x03, 0xB4, 0x9B, 0xAE, 0xD9,
    0x6C, 0x41, 0x68, 0x50, 0x6F, 0x4A, 0x87, 0x7A, 0x57, 0x3B, 0xD4, 0xFB, 0xC7, 0xC3, 0x7F, 0x91,
    0x07, 0xDF, 0xD5, 0xF8, 0xBF, 0xC9, 0xA7, 0x52, 0xA4, 0x1C, 0xEE, 0x5E, 0x23, 0xF3, 0x2C, 0xF2,
    0xD7, 0x85, 0x0B, 0x05, 0xB5, 0x7A, 0xAE, 0x56, 0x1E, 0x90, 0x5C, 0x77, 0xF3, 0xD3, 0xD5, 0xEC,
    0xCF, 0xF9, 0x74, 0x11, 0x7F, 0x1D, 0x6A, 0xD9, 0x84, 0x1C, 0xAA, 0xD5, 0x32, 0x84, 0xCE, 0x62,
    0x85, 0x8B, 0xE2, 0x60, 0xFD, 0x82, 0x72, 0xD0, 0xAF, 0xF0, 0xCA, 0x76, 0x83, 0xCB, 0x36, 0x5F,
    0x03, 0x1E, 0x68, 0x71, 0x01, 0x2D, 0x6D, 0x27, 0x20, 0xD0, 0xDE, 0x0C, 0x98, 0x10, 0x02, 0x0A,
    0xCE, 0x73, 0x0C, 0xCA, 0xC5, 0xF5, 0x23, 0x03, 0xC9, 0x68, 0x0C, 0x1A, 0x03, 0xAD, 0xFD, 0x97,
    0xB7, 0xC9, 0xC1, 0x1E, 0x8F, 0x3D, 0xBD, 0x1E, 0x81, 0x4F, 0x8F, 0x46, 0xB7, 0x78, 0xB1, 0xE5,
    0xBA, 0xE9, 0x8B, 0x0D, 0x6A, 0xFC, 0x65, 0x01, 0x78, 0x09, 0x52, 0xC5, 0xD7, 0x13, 0x80, 0x86,
    0x11, 0x06, 0x83, 0x81, 0xCE, 0x80, 0xBD, 0xC5, 0x6E, 0x60, 0x33, 0xB0, 0x1A, 0x98, 0x01, 0x5C,
    0xAF, 0x5F, 0x49, 0xFC, 0x32, 0x17, 0x15, 0xC1, 0x3C, 0x57, 0x04, 0x73, 0x68, 0x11, 0xFA, 0xA9,
    0x5D, 0x93, 0x10, 0x87, 0x6A, 0x3B, 0x05, 0x44, 0x85, 0xAF, 0x13, 0xAE, 0xCF, 0x84, 0xA9, 0xDD,
    0xAE, 0xFB, 0x6C, 0x57, 0x0D, 0x36, 0x22, 0xC4, 0x60, 0xBA, 0x6D, 0xF4, 0xCD, 0xAA, 0x81, 0x36,
    0xBC, 0x26, 0xCD, 0xE3, 0x91, 0x99, 0x15, 0x98, 0x25, 0x49, 0xC8, 0xE3, 0x07, 0xF1, 0x17, 0x94,
    0x3C, 0x07, 0x16, 0x88, 0xC8, 0xFD, 0xEF, 0x28, 0x6F, 0xAA, 0xB0, 0x39, 0xCF, 0x42, 0x77, 0x0A,
    0xBF, 0x8F, 0xEE, 0x14, 0x3E, 0x39, 0x74, 0x81, 0xC3, 0x85, 0x0F, 0x54, 0x93, 0x66, 0xCB, 0xE2,
    0x9F, 0xAD, 0x08, 0xD4, 0x7D, 0x90, 0x49, 0x48, 0xF0, 0xE0, 0xAA, 0x08, 0x35, 0xF8, 0x2A, 0x42,
    0xF6, 0x3C, 0xA6, 0x13, 0x4A, 0xEF, 0xF3, 0xED, 0x08, 0xB9, 0x11, 0x00, 0xC5, 0xC3, 0x29, 0x34,
    0x20, 0x42, 0xCA, 0x74, 0x92, 0xA9, 0x53, 0x02, 0x4C, 0xC2, 0x82, 0xAA, 0xD4, 0xEA, 0x5A, 0x54,
    0xC0, 0xB8, 0x64, 0xE0, 0xD3, 0x6C, 0xE6, 0xB6, 0x0B, 0x00, 0x5C, 0x8B, 0x63, 0xA1, 0x16, 0x3E,
    0xFC, 0x70, 0x69, 0x75, 0xB2, 0x87, 0xDB, 0x7E, 0x5F, 0xF8, 0xBC, 0xA7, 0xC2, 0x47, 0x6D, 0x97,
    0x51, 0xF9, 0x09, 0x37, 0x6E, 0x38, 0xBC, 0xA8, 0x13, 0xD3, 0xAB, 0x76, 0x70, 0x61, 0x3E, 0x25,
    0x75, 0xE0, 0x2C, 0x0E, 0xE1, 0xA6, 0xAE, 0x58, 0xD0, 0x61, 0x20, 0xA5, 0x17, 0x7C, 0x0F, 0x7F,
    0x0B, 0x94, 0xB9, 0xE4, 0x1C, 0xED, 0xA4, 0x4E, 0x2B, 0x2B, 0xC0, 0x65, 0xC9, 0xCE, 0x03, 0x0A,
    0x0A, 0xB2, 0xB0, 0x43, 0x95, 0x51, 0xB3, 0x9A, 0xEC, 0xAC, 0xAC, 0xCE, 0x6A, 0x34, 0xF2, 0x70,
    0x2D, 0x51, 0xE7, 0x00, 0xCC, 0xE3, 0x9F, 0x22, 0x60, 0x19, 0x4B, 0x83, 0xF5, 0x9E, 0x60, 0xBB,
    0x26, 0xC8, 0xD5, 0x04, 0x20, 0x5B, 0x47, 0x21, 0xF1, 0xC7, 0x60, 0xC5, 0x0A, 0x28, 0xA4, 0x3F,
    0x83, 0xC4, 0x5C, 0x83, 0x94, 0x9C, 0x01, 0x33, 0x21, 0xAD, 0xC6, 0x00, 0x32, 0x1B, 0x20, 0xDF,
    0xD4, 0x00, 0xDB, 0x2D, 0x41, 0xCE, 0x2A, 0x80, 0x6C, 0x56, 0x85, 0x87, 0x92, 0x45, 0x1D, 0xCD,
    0x25, 0xB8, 0x9F, 0x70, 0x3D, 0xE1, 0x7C, 0xC2, 0xF1, 0x84, 0x5D, 0x82, 0x87, 0x33, 0x68, 0xB9,
    0x71, 0x38, 0x5D, 0xB0, 0x8F, 0x4B, 0xC2, 0x7C, 0x27, 0xCA, 0x3E, 0x4A, 0x57, 0x8F, 0x18, 0x73,
    0x4B, 0xAB, 0x25, 0x25, 0x9A, 0x5F, 0x9A, 0xB3, 0xF2, 0xC5, 0xEA, 0x13, 0xCB, 0xC1, 0x9C, 0x9D,
    0xFE, 0xB8, 0x5C, 0x84, 0x97, 0xF3, 0x45, 0x48, 0xEE, 0xC3, 0xCF, 0x20, 0x0C, 0xE8, 0x6A, 0x49,
    0x9D, 0x22, 0x45, 0x8E, 0x6B, 0x3F, 0xC0, 0xA1, 0x02, 0x18, 0x2E, 0x5A, 0xA7, 0x5B, 0x91, 0x5D,
    0x8C, 0x50, 0xF2, 0x39, 0xB5, 0x31, 0xFE, 0x5B, 0xAE, 0xAB, 0x48, 0x33, 0x22, 0x58, 0x9A, 0xD1,
    0xCB, 0x2D, 0xD2, 0x8C, 0x08, 0xCA, 0xBD, 0x16, 0x82, 0x70, 0xD2, 0x0F, 0x17, 0xA1, 0x1F, 0x2F,
    0x42, 0xB8, 0x5D, 0x9E, 0x91, 0xD0, 0xD3, 0x69, 0x9A, 0xC9, 0x20, 0x78, 0xCD, 0x2C, 0xAB, 0x69,
    0xC0, 0xE4, 0xD9, 0x4C, 0x37, 0x26, 0xCC, 0xAE, 0x5A, 0x33, 0x73, 0xEB, 0x7F, 0x1C, 0xB8, 0xE5,
    0x35, 0xF0, 0x07, 0x13, 0x9A, 0x29, 0x76, 0x49, 0xF0, 0xB7, 0x30, 0x9E, 0xC2, 0xE8, 0x4F, 0x21,
    0x0C, 0xFE, 0x96, 0x04, 0x4A, 0xFD, 0xB3, 0x09, 0x59, 0xA4, 0xF5, 0x4C, 0x20, 0xB7, 0xAA, 0x56,
    0x13, 0xE8, 0x25, 0xCA, 0xCD, 0x04, 0x2A, 0xAF, 0x8B, 0xDD, 0x84, 0x6A, 0x21, 0x07, 0x34, 0x81,
    0x8E, 0x2D, 0x8B, 0x26, 0x34, 0x7C, 0xA3, 0xF8, 0x31, 0x84, 0x96, 0x23, 0xDF, 0x1F, 0x20, 0x70,
    0x58, 0xF1, 0x26, 0xF4, 0x74, 0x4C, 0xFE, 0x05, 0x04, 0x49, 0x84, 0x7F, 0x37, 0x81, 0xCF, 0x1E,
    0xC2, 0xC1, 0x44, 0xAC, 0xBE, 0x4C, 0x71, 0xC4, 0x9D, 0x41, 0x65, 0x53, 0x22, 0x74, 0x89, 0xDA,
    0xB9, 0x09, 0xB3, 0xF2, 0xB2, 0x13, 0xBF, 0x9F, 0x95, 0x22, 0x1A, 0x24, 0x27, 0x8D, 0x9E, 0x4A,
    0x6E, 0xA1, 0x96, 0x36, 0xE5, 0xB2, 0xA0, 0x82, 0x5C, 0xD7, 0x1E, 0x91, 0x71, 0x4A, 0x34, 0xBA,
    0xFE, 0x35, 0x85, 0x44, 0x4B, 0x2E, 0x5C, 0xF9, 0x4D, 0x52, 0xA8, 0xDF, 0x34, 0x85, 0x64, 0x56,
    0x85, 0xBB, 0xB0, 0x80, 0x68, 0x7E, 0x45, 0x7A, 0x6A, 0x51, 0x80, 0x5F, 0xCB, 0xBB, 0x9F, 0x0E,
    0xF7, 0x29, 0xED, 0x0A, 0x32, 0x99, 0xC5, 0xA7, 0x2B, 0xAF, 0xCD, 0x15, 0x52, 0xD4, 0x7A, 0x01,
    0x1D, 0x41, 0xAE, 0x2F, 0x06, 0xEE, 0x91, 0xD1, 0x31, 0x1D, 0xD2, 0xAA, 0x94, 0xF3, 0xAA, 0xDF,
    0x06, 0xD2, 0x1C, 0x7A, 0x6A, 0x52, 0x80, 0x75, 0x8A, 0x88, 0x95, 0x8B, 0x88, 0xBD, 0x8A, 0x18,
    0xA6, 0x14, 0x8A, 0xBE, 0x21, 0x68, 0xC1, 0x1A, 0x0A, 0x6F, 0x0A, 0xC8, 0x1A, 0xC8, 0xB5, 0x71,
    0x32, 0x30, 0xE6, 0x66, 0xC3, 0x54, 0x4F, 0xA3, 0xC2, 0x36, 0xAF, 0x2D, 0x8E, 0x7F, 0x03, 0x29,
    0xA2, 0xEC, 0x56, 0x9F, 0xA7, 0xDB, 0xD0, 0x86, 0x2B, 0x35, 0x81, 0x36, 0xF5, 0x2C, 0x0F, 0xAD,
    0x36, 0x06, 0xB5, 0x7C, 0x6B, 0xC9, 0xDB, 0xC7, 0x49, 0x2D, 0x1F, 0x38, 0xDB, 0x0A, 0x2D, 0xE8,
    0xFE, 0x38, 0xC9, 0x56, 0x7E, 0x96, 0xC9, 0xF5, 0xE6, 0x97, 0x9E, 0xB7, 0x0B, 0x74, 0x8D, 0xD2,
    0x63, 0x9F, 0xFD, 0xA2, 0xE5, 0xC9, 0xE8, 0x97, 0x1C, 0xBD, 0xD0, 0x45, 0x36, 0x7B, 0x76, 0x96,
    0x20, 0x57, 0x20, 0x0D, 0x21, 0x06, 0x1A, 0x26, 0xFD, 0xA2, 0x6D, 0x23, 0x31, 0x8B, 0xF0, 0xD0,
    0x2F, 0x55, 0x94, 0x84, 0x4A, 0x2B, 0x6F, 0x92, 0x62, 0x09, 0x2C, 0x92, 0x74, 0xDF, 0x08, 0xD2,
    0x1C, 0x69, 0x67, 0x39, 0xD5, 0xC7, 0x01, 0xEC, 0x06, 0x74, 0x2F, 0x6D, 0x8D, 0x31, 0x50, 0xA3,
    0xF9, 0xD9, 0x2E, 0x5C, 0x06, 0x22, 0x40, 0xCE, 0x7D, 0xE8, 0x74, 0x95, 0xD4, 0x4F, 0x57, 0x59,
    0x89, 0x56, 0xA4, 0x8A, 0x4C, 0x0A, 0x30, 0xCE, 0xED, 0x28, 0xD0, 0xE1, 0x80, 0x94, 0xAE, 0x34,
    0x62, 0x12, 0xD0, 0x68, 0x99, 0x5B, 0x3E, 0xE7, 0xB2, 0x49, 0xB3, 0x39, 0x59, 0x5E, 0xB3, 0xB6,
    0x81, 0xCA, 0x40, 0xCD, 0x95, 0x70, 0x25, 0x87, 0x3F, 0x52, 0x44, 0x94, 0x7D, 0x78, 0x1D, 0xB9,
    0x78, 0x8D, 0x2D, 0xD3, 0xA1, 0x11, 0xC5, 0x0E, 0x0A, 0xE2, 0x47, 0x1C, 0x55, 0x9F, 0xCF, 0x88,
    0xAF, 0x02, 0x3E, 0x95, 0xD6, 0x08, 0x6A, 0x6D, 0xA6, 0xC2, 0x2B, 0x29, 0x45, 0x9F, 0xFC, 0xF6,
    0x23, 0xAB, 0x49, 0xDD, 0x7B, 0x05, 0xB9, 0x81, 0xC2, 0x78, 0x9C, 0xFA, 0x71, 0x95, 0x65, 0xAD,
    0xC6, 0x00, 0x5A, 0xD0, 0xD6, 0xFF, 0x60, 0x30, 0x1B, 0x18, 0x01, 0x0E, 0xB3, 0xF5, 0x33, 0xAB,
    0xA8, 0x9E, 0x7C, 0xA8, 0x86, 0x6F, 0x16, 0xB5, 0x7B, 0xBB, 0xA8, 0xD9, 0x89, 0xB0, 0x62, 0x75,
    0x8F, 0xB2, 0xC8, 0x5A, 0x22, 0x51, 0xC7, 0x8C, 0x48, 0xCF, 0x63, 0x21, 0x06, 0x5F, 0x48, 0x9D,
    0xA1, 0x7F, 0xF5, 0x38, 0x73, 0xCD, 0x2B, 0xBF, 0x30, 0x84, 0x83, 0x0D, 0xD9, 0x3D, 0x4D, 0x9E,
    0x34, 0xC3, 0xB5, 0x06, 0x8D, 0x7B, 0x3B, 0x1A, 0x59, 0xE2, 0x41, 0x0F, 0x5C, 0xCC, 0x7E, 0xF3,
    0x8F, 0x30, 0xE6, 0xED, 0x7A, 0x87, 0x3B, 0xBD, 0x83, 0xE9, 0xAD, 0xFA, 0x12, 0x3D, 0x63, 0x57,
    0xAE, 0x1C, 0xA6, 0x03, 0x97, 0xA4, 0xB5, 0x14, 0x8E, 0x5C, 0x2C, 0xB3, 0xEF, 0x71, 0x9D, 0x8C,
    0x5B, 0xC3, 0x02, 0xAE, 0xDE, 0x40, 0x55, 0x34, 0x4E, 0x16, 0xED, 0xFA, 0xCB, 0xCD, 0x21, 0xB0,
    0x1E, 0x3F, 0xF8, 0x8D, 0x36, 0x03, 0xEA, 0x5D, 0x9B, 0x03, 0xE4, 0xEA, 0xC2, 0xBB, 0x66, 0x0B,
    0x4A, 0xC4, 0x0D, 0xD9, 0x7C, 0x45, 0x22, 0x5F, 0x92, 0x1D, 0xD9, 0x6E, 0x54, 0x45, 0x87, 0xCF,
    0xFA, 0x89, 0xEB, 0x25, 0x2E, 0x31, 0x32, 0xBE, 0x3B, 0xA3, 0x33, 0x50, 0x5A, 0xF7, 0xDD, 0xEC,
    0xF6, 0x14, 0xD7, 0x34, 0xF7, 0xB3, 0xF8, 0x45, 0x87, 0x8C, 0xF2, 0xCA, 0x1A, 0x3A, 0x1D, 0xF2,
    0xC9, 0x04, 0x3B, 0x6F, 0xD0, 0xFF, 0xD0, 0xF4, 0xD4, 0x72, 0x87, 0x5D, 0xD3, 0x93, 0xA4, 0x92,
    0x5C, 0x7E, 0x9A, 0x92, 0xC6, 0x9F, 0xF6, 0x12, 0xC2, 0xAC, 0x0D, 0x1D, 0x84, 0x2E, 0x1E, 0xD1,
    0xD8, 0xD2, 0x86, 0x8E, 0xB5, 0x92, 0xFE, 0x8F, 0xC7, 0xC7, 0xCF, 0xAF, 0x45, 0x5D, 0x2A, 0x11,
    0xE5, 0x1E, 0x39, 0x5F, 0x2B, 0xC1, 0xB3, 0x46, 0xEC, 0x97, 0x66, 0x4F, 0x02, 0x15, 0x48, 0xC7,
    0x59, 0x3D, 0x76, 0xD9, 0x59, 0xE6, 0x46, 0xF9, 0x7B, 0xA3, 0x70, 0x9D, 0x76, 0xB7, 0xC0, 0xDD,
    0xD2, 0x77, 0x9B, 0xDE, 0xA9, 0x73, 0xA7, 0xE8, 0xDD, 0x2B, 0x7C, 0x2B, 0x9F, 0xC6, 0x7A, 0xCF,
    0x28, 0x97, 0x53, 0x7E, 0x6D, 0x41, 0xD6, 0xB3, 0x31, 0xBD, 0xA7, 0x4A, 0x1E, 0xFE, 0x23, 0x8F,
    0x2C, 0x92, 0x42, 0x11, 0xC2, 0xE4, 0xE7, 0x96, 0x11, 0x2F, 0x85, 0x36, 0xB4, 0x16, 0x35, 0x97,
    0x0B, 0xF8, 0xD9, 0x32, 0x4E, 0x19, 0x11, 0x3F, 0xED, 0xE9, 0x80, 0x24, 0x79, 0x27, 0xFC, 0xE8,
    0x57, 0x77, 0xE9, 0xF3, 0x7B, 0xE1, 0xBD, 0x08, 0xD9, 0x73, 0xFC, 0x56, 0xDE, 0xA2, 0x1D, 0x93,
    0x5B, 0x33, 0x29, 0x35, 0x8F, 0xB4, 0xF8, 0xE1, 0x5B, 0xFF, 0xC1, 0xF1, 0x6B, 0xD4, 0xDF, 0x11,
    0xF9, 0xDE, 0xA2, 0x09, 0x8D, 0x7F, 0x2F, 0xD7, 0xCE, 0x83, 0x54, 0x5E, 0x7F, 0xFB, 0x90, 0x6E,
    0x68, 0xFA, 0xD0, 0x5F, 0x8B, 0xA8, 0x2D, 0x8D, 0xF8, 0x25, 0xFF, 0x6E, 0x68, 0x7D, 0x54, 0x97,
    0xFD, 0x24, 0x24, 0x1A, 0xFE, 0x30, 0x39, 0xC3, 0x43, 0xF2, 0x8A, 0x87, 0xF1, 0x9F, 0xED, 0x59,
    0x3D, 0x8E, 0xDD, 0xC8, 0x11, 0x6E, 0x92, 0xC0, 0x10, 0x30, 0x03, 0x3A, 0x5A, 0x03, 0x1E, 0xC0,
    0xCC, 0x9D, 0xF0, 0x08, 0x4D, 0xED, 0x09, 0x36, 0xF2, 0x25, 0x1C, 0xCC, 0x11, 0x9A, 0x37, 0xF0,
    0x00, 0x0E, 0x9D, 0x6C, 0xA0, 0xC0, 0xD8, 0x44, 0xB9, 0x01, 0xA3, 0x19, 0x39, 0x35, 0x6F, 0xB0,
    0x0C, 0x26, 0xD1, 0x3A, 0x30, 0x83, 0x0E, 0x38, 0x12, 0xC9, 0x76, 0x7D, 0x55, 0xD5, 0x24, 0x47,
    0x1A, 0x69, 0x25, 0x63, 0xD7, 0xB0, 0x61, 0x3D, 0xE9, 0x4D, 0x55, 0x3F, 0x92, 0xD5, 0xF5, 0xD7,
    0xF5, 0x47, 0x63, 0xF8, 0xF3, 0x5D, 0x2F, 0xD0, 0xC4, 0xF1, 0x59, 0xE4, 0x2E, 0xDE, 0x33, 0xD2,
    0xC4, 0xB8, 0x03, 0xC9, 0x22, 0x7D, 0x46, 0x42, 0x2A, 0x20, 0x0B, 0x21, 0x16, 0xC8, 0x4E, 0x48,
    0xDC, 0x3B, 0xD3, 0xD2, 0xC5, 0x3C, 0x4E, 0x06, 0xF7, 0x8D, 0x65, 0xEC, 0x88, 0x42, 0x1B, 0xC7,
    0x7A, 0x03, 0xBD, 0x3A, 0x8E, 0x44, 0xE5, 0x87, 0x6F, 0x4C, 0x11, 0x47, 0x7E, 0xE8, 0x75, 0xAE,
    0x48, 0x7C, 0x13, 0x47, 0x17, 0xE5, 0x43, 0x7B, 0x65, 0xBF, 0x7B, 0x25, 0x08, 0x7D, 0xBE, 0x4A,
    0x88, 0xB9, 0xF1, 0x89, 0xB1, 0x5C, 0x91, 0x3C, 0x26, 0xE6, 0xDB, 0xB8, 0x28, 0xE6, 0x89, 0x4D,
    0x65, 0xFF, 0x6B, 0xDE, 0x9E, 0x6E, 0x5B, 0x8D, 0xEF, 0x59, 0x94, 0x3F, 0x2E, 0xC6, 0x0E, 0x2C,
    0x4B, 0x64, 0x8C, 0x85, 0x61, 0x8C, 0xA5, 0x59, 0x8D, 0xEB, 0x45, 0x9C, 0xCD, 0xD0, 0xB3, 0x22,
    0xCF, 0x9F, 0x76, 0x93, 0x04, 0x5A, 0x4C, 0x92, 0xE8, 0xDE, 0xA8, 0x48, 0x2B, 0x53, 0x83, 0x4C,
    0xB4, 0x6D, 0x12, 0x4A, 0x31, 0x92, 0xAA, 0x33, 0x49, 0x2C, 0x30, 0x20, 0x72, 0x0D, 0x26, 0x09,
    0xA6, 0x98, 0xB9, 0x39, 0x30, 0x73, 0x23, 0x58, 0xFE, 0x9D, 0x1A, 0xA6, 0x88, 0x9D, 0xC8, 0xFF,
    0x2E, 0x92, 0xF9, 0x28, 0x08, 0x69, 0x9C, 0x91, 0x9C, 0x77, 0x21, 0xA4, 0x06, 0x32, 0x27, 0xC3,
    0xAC, 0x30, 0x0C, 0xF1, 0x4A, 0x7C, 0x8C, 0x05, 0xEE, 0xCF, 0xD9, 0x30, 0xA0, 0xE4, 0xDE, 0x33,
    0x4C, 0x99, 0x0C, 0x93, 0x2C, 0x14, 0xDF, 0x7E, 0xAE, 0x61, 0xFC, 0x03, 0x51, 0xD9, 0xA1, 0x94,
    0x81, 0x28, 0x8C, 0x7E, 0xB2, 0x73, 0xEC, 0xEB, 0x39, 0x9A, 0x32, 0xA4, 0xAF, 0xEF, 0xEB, 0x60,
    0xA7, 0x36, 0x10, 0xE7, 0x81, 0xF4, 0x1E, 0xC8, 0x66, 0x81, 0x54, 0xF6, 0x91, 0xEF, 0x6F, 0xBF,
    0x05, 0x5D, 0xD3, 0xAC, 0x20, 0x4D, 0x00, 0xD4, 0x09, 0xD0, 0x06, 0x13, 0x01, 0x3F, 0xB9, 0x99,
    0x00, 0xB6, 0x01, 0x30, 0x55, 0x78, 0x0F, 0x60, 0x4B, 0x3C, 0x30, 0x39, 0x00, 0x6C, 0x4C, 0xA0,
    0x12, 0x90, 0x79, 0x0F, 0xC0, 0x3B, 0x3D, 0x05, 0xED, 0x2A, 0x96, 0x7C, 0x0A, 0x82, 0x80, 0x49,
    0xCE, 0x44, 0x57, 0x91, 0xFF, 0x44, 0x12, 0xA1, 0x27, 0x9E, 0xE4, 0x3F, 0xE1, 0xF4, 0x4B, 0xB5,
    0xA8, 0xB5, 0x92, 0x69, 0x7F, 0x3A, 0x94, 0xCD, 0xB1, 0xBF, 0x3C, 0x50, 0xB1, 0x84, 0xA2, 0xDB,
    0x89, 0xC2, 0xAD, 0x12, 0x3A, 0xA7, 0x83, 0x7D, 0x0B, 0x39, 0xD4, 0x74, 0x7E, 0x3F, 0xD0, 0x26,
    0x1E, 0x28, 0x9C, 0x5C, 0xD1, 0x82, 0xFC, 0x56, 0xD1, 0x8C, 0xA8, 0xFD, 0x1C, 0x68, 0x7E, 0x6E,
    0x51, 0x9C, 0x1B, 0x97, 0x27, 0x3B, 0xF5, 0xC9, 0xA4, 0x3D, 0x58, 0xCF, 0x61, 0x86, 0x24, 0xDB,
    0xF4, 0xAC, 0xC4, 0xCB, 0x89, 0x82, 0x6E, 0x3C, 0x54, 0xA5, 0xC4, 0x6E, 0x89, 0x44, 0x72, 0x61,
    0xD2, 0x49, 0x42, 0xDB, 0xED, 0x40, 0xEB, 0x78, 0xA0, 0xE5, 0x89, 0x16, 0x57, 0xB4, 0xFB, 0xF7,
    0xD0, 0xE7, 0x88, 0x5D, 0xB6, 0xB8, 0x6C, 0xDC, 0x9C, 0xEC, 0xB8, 0xF5, 0xD4, 0xD9, 0x72, 0xDA,
    0x6D, 0x3E, 0x65, 0x1B, 0x4E, 0xD4, 0x1C, 0x91, 0x67, 0x91, 0x18, 0x81, 0xCF, 0x3D, 0x76, 0xE1,
    0xCF, 0xC3, 0x4F, 0xED, 0x93, 0x57, 0xF7, 0x1C, 0xFF, 0x83, 0xDF, 0x7F, 0x2E, 0x86, 0x03, 0x20,
    0x92, 0x12, 0xC2, 0xDE, 0xD4, 0x2E, 0xB1, 0xAF, 0xE8, 0xDC, 0x17, 0xE7, 0xB7, 0xAB, 0x28, 0x46,
    0xB4, 0x81, 0x4E, 0xED, 0xDC, 0x70, 0xF4, 0x23, 0x46, 0xBD, 0x1A, 0xDF, 0xA5, 0x83, 0xF1, 0xFF,
    0x81, 0x90, 0xBA, 0x8C, 0x7B, 0xBB, 0xB3, 0xCE, 0x38, 0x27, 0xF0, 0x89, 0x20, 0x24, 0x70, 0x8C,
    0x70, 0x48, 0x18, 0xA4, 0x42, 0xE3, 0x42, 0xB5, 0x43, 0x8F, 0xC6, 0x0D, 0x94, 0x30, 0x48, 0x89,
    0x84, 0x18, 0x45, 0x7A, 0x73, 0xF9, 0x85, 0x74, 0x4B, 0xF9, 0x33, 0x8F, 0x50, 0x30, 0xC5, 0xCC,
    0x6A, 0x83, 0x96, 0x11, 0x19, 0x11, 0xA4, 0xB9, 0x4A, 0x08, 0xAC, 0x6F, 0xA4, 0x1D, 0x28, 0x9D,
    0x9C, 0xF1, 0x11, 0x91, 0xE7, 0x51, 0x1D, 0x1D, 0xAC, 0xFD, 0x92, 0xC2, 0x27, 0xE2, 0xD6, 0xC4,
    0x39, 0x6C, 0xBC, 0x9D, 0xD4, 0x49, 0xA7, 0x3A, 0xF6, 0x37, 0x80, 0x74, 0x08, 0xE0, 0xC3, 0x03,
    0x72, 0x41, 0x4E, 0x29, 0xC0, 0xCE, 0x38, 0xBF, 0x2F, 0x8D, 0x9B, 0x34, 0xE9, 0x8F, 0x4F, 0x4B,
    0x97, 0x54, 0x0D, 0xA4, 0x14, 0x15, 0xB5, 0x28, 0xA8, 0x38, 0x56, 0x70, 0x06, 0xDF, 0x34, 0x0E,
    0x69, 0xEA, 0xC5, 0x31, 0x92, 0x1F, 0xD6, 0x23, 0x0C, 0x08, 0x87, 0x5F, 0xE0, 0xC7, 0xE1, 0x2E,
    0x45, 0x58, 0xCD, 0x89, 0x91, 0xA1, 0xD6, 0x14, 0x31, 0xCA, 0x75, 0xA9, 0xD2, 0x28, 0xFF, 0x7A,
    0xA8, 0x9A, 0x72, 0xB4, 0x7D, 0x16, 0xEA, 0xF5, 0x8A, 0xEE, 0xEF, 0x38, 0x98, 0xC8, 0xF3, 0x99,
    0xD2, 0x23, 0xD7, 0x0C, 0x6A, 0xC3, 0x8E, 0xAB, 0x9F, 0x07, 0x31, 0x9B, 0x54, 0x56, 0x51, 0xF2,
    0x72, 0xA1, 0x09, 0xB0, 0xD6, 0x10, 0xD8, 0x46, 0x54, 0x70, 0x54, 0xD3, 0x2D, 0x08, 0x7C, 0x03,
    0x1F, 0x81, 0x0C, 0x7E, 0x88, 0x63, 0x40, 0xAE, 0xC0, 0x4F, 0x7B, 0x0E, 0xA0, 0x13, 0x2E, 0x92,
    0xEB, 0xCF, 0x0C, 0x7B, 0xCA, 0xDE, 0x80, 0xEC, 0xE6, 0xEF, 0x40, 0xBA, 0xDF, 0xE3, 0x64, 0xE0,
    0x11, 0x1C, 0x15, 0xA9, 0xB4, 0xE6, 0x9C, 0xE8, 0xD7, 0x5A, 0xF4, 0x12, 0x1F, 0x1D, 0xD2, 0x96,
    0xB9, 0x5B, 0xB8, 0x88, 0x60, 0xFE, 0x83, 0xFA, 0xE4, 0xA4, 0xC1, 0x72, 0x38, 0x92, 0x6D, 0xCA,
    0x72, 0x5F, 0xFC, 0xE7, 0x23, 0xFE, 0xB3, 0xFC, 0x88, 0xFF, 0x2C, 0x9F, 0xE1, 0x3F, 0x1C, 0x3F,
    0x2C, 0xC8, 0xA2, 0xD2, 0x33, 0x7C, 0xF6, 0xAB, 0x0D, 0xB1, 0x65, 0x95, 0x9C, 0x4C, 0x66, 0x59,
    0x39, 0xCF, 0x76, 0xC4, 0x08, 0x3F, 0x4F, 0xE6, 0xB2, 0x82, 0x51, 0xD0, 0xF1, 0x7F, 0x67, 0xCC,
    0xCE, 0x59, 0xFC, 0x03, 0x63, 0xCD, 0x52, 0x44, 0x91, 0xA8, 0x5A, 0xEB, 0x55, 0xB0, 0x62, 0x6F,
    0x83, 0x60, 0x88, 0x8E, 0x2A, 0x2F, 0xC5, 0x9B, 0x3A, 0xF1, 0x93, 0x74, 0x60, 0xB7, 0x84, 0x35,
    0x4B, 0xC2, 0xAA, 0x39, 0x61, 0xF9, 0x70, 0xE8, 0xCA, 0x7C, 0xC1, 0xFE, 0x3B, 0xB0, 0x3D, 0x35,
    0x9E, 0xC9, 0x6B, 0x4F, 0xBF, 0x3D, 0x3D, 0xF7, 0xF4, 0xDD, 0xD3, 0x3B, 0x4F, 0x7F, 0xFD, 0x00,
    0x16, 0xD2, 0x7D, 0xC9, 0x8F, 0x4F, 0x4F, 0xBE, 0xF8, 0xF2, 0xE9, 0xCD, 0x29, 0x80, 0xDC, 0x49,
    0x49, 0x57, 0x49, 0xB1, 0x2B, 0xAD, 0xDF, 0x24, 0xFD, 0x2D, 0x79, 0x72, 0x21, 0x1D, 0x03, 0xB1,
    0x36, 0x71, 0x50, 0x44, 0xB1, 0x8F, 0x80, 0x68, 0xC5, 0xC9, 0x47, 0xBB, 0x48, 0x64, 0x72, 0x9C,
    0x04, 0xFD, 0xEC, 0x39, 0x46, 0xB9, 0x39, 0x26, 0x38, 0x0A, 0x94, 0x9E, 0x54, 0xEE, 0xFA, 0x02,
    0x7F, 0x06, 0x78, 0x43, 0x86, 0x69, 0x1E, 0x61, 0x23, 0x84, 0x1B, 0xD4, 0x57, 0x48, 0x52, 0x33,
    0xD9, 0x6F, 0xC1, 0x97, 0xEA, 0xA2, 0x9D, 0xDC, 0x6B, 0xAD, 0x23, 0x85, 0x94, 0xD0, 0x6E, 0x14,
    0xBD, 0x28, 0xE3, 0xD4, 0x3B, 0xC5, 0x33, 0x4B, 0x39, 0x2B, 0x12, 0xA4, 0x3C, 0x52, 0x46, 0x37,
    0x9A, 0x02, 0xC3, 0x0A, 0xF8, 0xD2, 0xA4, 0x90, 0x4B, 0x7F, 0xE4, 0x3D, 0x69, 0x01, 0x3A, 0x85,
    0xA3, 0xC2, 0x99, 0x21, 0x8A, 0x38, 0x40, 0xE4, 0x37, 0x40, 0xE4, 0xBB, 0x67, 0xA0, 0xD7, 0xEB,
    0x4E, 0xEF, 0xB7, 0xFA, 0x7C, 0xAD, 0xF4, 0x0A, 0xA5, 0x6F, 0xEE, 0x82, 0xF6, 0x72, 0xE6, 0x7F,
    0x18, 0x56, 0x09, 0xA6, 0x14, 0xBD, 0x1F, 0xAD, 0xD9, 0xD1, 0x95, 0xF2, 0xE9, 0x5C, 0xF4, 0xF8,
    0xCF, 0x67, 0x69, 0xCB, 0xB0, 0x13, 0xB8, 0xEA, 0xD3, 0xA9, 0x61, 0xD2, 0x33, 0x7F, 0x40, 0xA7,
    0x50, 0x63, 0x06, 0xB6, 0xC7, 0x94, 0x07, 0xB5, 0xAB, 0xBB, 0x9E, 0xE3, 0x49, 0xEA, 0x1B, 0x9E,
    0x4E, 0xDD, 0x0B, 0x85, 0xE5, 0xA9, 0x27, 0xF1, 0xCE, 0x28, 0x4D, 0x86, 0xEC, 0x5B, 0x8A, 0x01,
    0x04, 0x0B, 0xF8, 0xD0, 0x10, 0x87, 0x32, 0x54, 0xA1, 0x99, 0x28, 0x09, 0xAD, 0xF5, 0x58, 0xCE,
    0x7E, 0x6C, 0xB6, 0x9A, 0xAE, 0xB9, 0xD9, 0x46, 0x40, 0xBB, 0x58, 0xFF, 0x3D, 0xFD, 0x4E, 0x65,
    0x55, 0x1B, 0x43, 0x33, 0x56, 0x71, 0x83, 0x73, 0x0C, 0xA8, 0x8A, 0x3D, 0xA2, 0x50, 0x13, 0xC8,
    0x45, 0x1F, 0x0C, 0x06, 0x80, 0x1F, 0xFE, 0x97, 0xF9, 0x7B, 0x73, 0x48, 0x9C, 0x47, 0x04, 0x23,
    0x4E, 0xAA, 0xEE, 0x05, 0x97, 0x46, 0x66, 0x83, 0xA4, 0xE5, 0x6E, 0x56, 0x1E, 0xBC, 0x6D, 0x02,
    0xEB, 0x55, 0x7E, 0x27, 0x97, 0xF6, 0x2F, 0x50, 0xB2, 0x05, 0x3C, 0xD7, 0xA1, 0xDA, 0x22, 0x69,
    0x11, 0xA4, 0x48, 0x19, 0x3B, 0xD9, 0xA2, 0x47, 0x8E, 0x35, 0x0E, 0x36, 0x68, 0xC3, 0x2D, 0x74,
    0xFE, 0x7B, 0xF5, 0x63, 0x2D, 0xFA, 0x8C, 0x8E, 0x04, 0xF0, 0xFB, 0x6B, 0x9D, 0xAF, 0x99, 0x32,
    0x48, 0xD4, 0xEC, 0x9B, 0x5D, 0x02, 0xE9, 0x64, 0x63, 0x57, 0xAC, 0x25, 0x37, 0x3E, 0x43, 0x41,
    0x29, 0xBB, 0x8C, 0xBB, 0x1D, 0x8B, 0xB5, 0x9D, 0xC8, 0x8E, 0xCD, 0x54, 0xAC, 0x76, 0xEF, 0xDC,
    0x54, 0xCF, 0xE5, 0x4A, 0xA1, 0xB6, 0xE9, 0x09, 0x59, 0x7C, 0x5C, 0x4B, 0x8A, 0xD5, 0xD5, 0x12,
    0x5F, 0xEC, 0x08, 0xDA, 0x75, 0x20, 0x8E, 0x81, 0x34, 0x33, 0x89, 0x40, 0xCA, 0x99, 0xAC, 0x20,
    0xED, 0xE8, 0xC7, 0xBF, 0xE2, 0x92, 0xFD, 0x5B, 0x1C, 0x1C, 0x6E, 0xC6, 0xB0, 0xCE, 0xF2, 0xE0,
    0x85, 0xA3, 0xF0, 0x6C, 0x78, 0xE6, 0x95, 0x41, 0x18, 0xCB, 0xFE, 0x60, 0x99, 0xBF, 0x1F, 0xFF,
    0x2B, 0xB3, 0x9C, 0x0F, 0xFD, 0xFD, 0x74, 0x3A, 0xA2, 0x97, 0x3F, 0x9B, 0x34, 0xC4, 0x4C, 0xA5,
    0x50, 0xF2, 0xA5, 0x9C, 0x88, 0x79, 0x56, 0xA4, 0xF4, 0x62, 0x43, 0x23, 0xDA, 0xB5, 0x52, 0x69,
    0x53, 0xB7, 0x17, 0xDF, 0x74, 0x52, 0x27, 0x1B, 0x29, 0x8B, 0xDF, 0x05, 0x5E, 0xAE, 0x59, 0x0E,
    0x11, 0x28, 0xD4, 0x27, 0x09, 0x3D, 0xEC, 0xDC, 0x5E, 0x1C, 0xF6, 0xEE, 0x11, 0x2E, 0x3D, 0xE0,
    0xC8, 0x10, 0xE1, 0xD5, 0x85, 0x66, 0xF3, 0x43, 0xB1, 0xC7, 0x0E, 0x4E, 0x6B, 0xE4, 0x4B, 0x38,
    0x7E, 0xC3, 0x35, 0xCB, 0xA1, 0x8F, 0xC3, 0xE1, 0x80, 0x67, 0x71, 0x3E, 0xA0, 0x3D, 0x9E, 0xE7,
    0x65, 0x3C, 0xEA, 0x28, 0xF8, 0x6F, 0x15, 0xEF, 0xB3, 0x97, 0x7A, 0x4E, 0x45, 0x2C, 0xF9, 0x2B,
    0x92, 0xCA, 0x39, 0x2E, 0x98, 0x93, 0x5F, 0xC5, 0x47, 0x1E, 0x89, 0x4A, 0xF1, 0xCE, 0x51, 0xF7,
    0x87, 0x57, 0xD4, 0x28, 0x10, 0x7F, 0xEC, 0x7B, 0x47, 0x53, 0xF9, 0xE4, 0x2F, 0xFF, 0xEE, 0x36,
    0xF3, 0x1B, 0xCE, 0xB4, 0x3B, 0x1F, 0xF2, 0x9D, 0xE9, 0x6C, 0x3C, 0x58, 0x12, 0xFF, 0xCF, 0x5E,
    0xA9, 0xFF, 0x71, 0x7A, 0xD6, 0x91, 0x4B, 0xA9, 0xF3, 0x28, 0x93, 0x86, 0xC4, 0xB3, 0xF8, 0x63,
    0x1A, 0xDD, 0x55, 0xB8, 0x28, 0x6A, 0x6A, 0x59, 0x65, 0xFC, 0xD7, 0xF1, 0x13, 0x25, 0x0F, 0xBD,
    0xD6, 0x34, 0xB1, 0x2A, 0x8E, 0x66, 0x96, 0x9B, 0x9B, 0x9B, 0xBF, 0xA0, 0x58, 0xED, 0xEA, 0x28,
    0x75, 0x02, 0x35, 0x18, 0xCD, 0xCE, 0x05, 0x41, 0x4F, 0x87, 0x87, 0xBA, 0x10, 0xCB, 0x9B, 0x91,
    0xE3, 0xF3, 0xC4, 0x84, 0xB4, 0xE4, 0x67, 0x17, 0xB2, 0xF8, 0x98, 0x79, 0x72, 0xE3, 0xE0, 0x66,
    0x4C, 0x87, 0xA9, 0x30, 0xB0, 0xC1, 0x4F, 0x25, 0xF3, 0xD0, 0xB5, 0x4B, 0x9C, 0x2A, 0x96, 0xAB,
    0x6F, 0x57, 0x19, 0x16, 0x67, 0x44, 0x15, 0x28, 0x1B, 0xFA, 0x93, 0xD0, 0x93, 0x02, 0xE8, 0xF2,
    0x94, 0xA8, 0x5D, 0xFC, 0x5C, 0xB0, 0xC6, 0xC9, 0xDB, 0xDC, 0x8C, 0x59, 0x1E, 0x9D, 0x67, 0x1B,
    0x94, 0x33, 0xB4, 0x58, 0x17, 0x7E, 0x29, 0xCC, 0xD6, 0x12, 0x84, 0xC6, 0x1A, 0x81, 0x80, 0x34,
    0x4D, 0x0F, 0x43, 0x62, 0x28, 0x9A, 0x24, 0xBE, 0xE8, 0x21, 0x75, 0xFE, 0x7E, 0xE5, 0x02, 0x9B,
    0xCD, 0x1C, 0x9E, 0x68, 0xF2, 0xA2, 0xDF, 0x8B, 0xD6, 0x2F, 0xB6, 0xB8, 0x5A, 0xE8, 0x62, 0xB7,
    0xAB, 0x35, 0x7F, 0xED, 0xDF, 0x74, 0x69, 0x9E, 0xA0, 0x93, 0x05, 0x9F, 0x1E, 0x2F, 0xB5, 0xD4,
    0x92, 0xDE, 0x54, 0xDA, 0x53, 0x47, 0x34, 0x28, 0x92, 0xA3, 0x1E, 0xDB, 0xF9, 0x16, 0xF8, 0xA9,
    0x94, 0x5A, 0x1B, 0xD1, 0x18, 0x94, 0xF9, 0x3A, 0xA6, 0x06, 0x45, 0x87, 0x0F, 0x85, 0x56, 0x68,
    0xDC, 0xB4, 0x9E, 0xFD, 0xA3, 0xD7, 0x28, 0x9F, 0xEA, 0xB4, 0xB3, 0x52, 0x43, 0x4B, 0x92, 0x66,
    0x20, 0x17, 0x2C, 0x7C, 0x36, 0x76, 0xA1, 0x77, 0xEE, 0x71, 0xEE, 0x7B, 0xF2, 0xA2, 0x99, 0x27,
    0x63, 0x0F, 0x53, 0x9E, 0x0F, 0x39, 0xFA, 0x4A, 0x4E, 0x3B, 0x79, 0x95, 0xDA, 0x88, 0xCE, 0x4C,
    0xC6, 0x0A, 0xC7, 0x04, 0x93, 0x94, 0x36, 0x42, 0xC5, 0xF3, 0x31, 0xA0, 0x1C, 0xAE, 0xFA, 0x93,
    0x58, 0x17, 0x64, 0x54, 0x7B, 0xB5, 0xC8, 0xBD, 0x79, 0x8A, 0x35, 0xE9, 0x6A, 0x76, 0x3C, 0x51,
    0x1D, 0x54, 0xEC, 0x65, 0x2E, 0x7C, 0x2F, 0xBB, 0x15, 0xEC, 0x24, 0xE8, 0xF5, 0x4A, 0x2D, 0x6C,
    0xE1, 0x61, 0x9D, 0x72, 0xDA, 0xA6, 0x51, 0x51, 0x6F, 0x0F, 0x89, 0x54, 0x5E, 0x92, 0x32, 0xE9,
    0x80, 0xAC, 0x90, 0x66, 0x4F, 0x87, 0xAE, 0xB8, 0x4E, 0xC6, 0x78, 0x41, 0x74, 0xDF, 0x40, 0x50,
    0xD6, 0xA9, 0x03, 0x7B, 0x8C, 0x49, 0x88, 0x09, 0x78, 0x47, 0xD6, 0x13, 0x01, 0x60, 0xC5, 0x6E,
    0xDA, 0x99, 0x4F, 0x1D, 0x85, 0x4D, 0x74, 0x02, 0x38, 0x8A, 0x82, 0xCD, 0x36, 0x24, 0xAC, 0x5D,
    0xF3, 0x8D, 0x12, 0x0C, 0xED, 0x41, 0x9C, 0xD2, 0xB1, 0x19, 0x69, 0xDF, 0x32, 0x3E, 0xB8, 0x7F,
    0xA0, 0x48, 0x94, 0xB9, 0x99, 0x0C, 0xCF, 0x1D, 0x7B, 0x34, 0x86, 0x11, 0x25, 0xA7, 0x41, 0x9E,
    0x33, 0xDC, 0x22, 0xCA, 0x55, 0xC7, 0xA4, 0xB6, 0x89, 0xA9, 0x93, 0xB1, 0xA9, 0x9F, 0xC8, 0x8E,
    0x17, 0x68, 0x95, 0x4E, 0xC2, 0xE0, 0xB1, 0x83, 0x9E, 0xAB, 0xD4, 0x80, 0xD8, 0x98, 0x6E, 0xB3,
    0xC7, 0xDB, 0x1F, 0x7B, 0xF4, 0x24, 0xF6, 0xA8, 0x6C, 0x8E, 0x4F, 0xD1, 0x5F, 0x16, 0xD5, 0x7C,
    0x59, 0xA4, 0xB1, 0x88, 0x68, 0x6E, 0xBF, 0x5E, 0x89, 0x17, 0x32, 0xD5, 0xF9, 0x6A, 0x8C, 0x3B,
    0x95, 0xCB, 0x7D, 0xF1, 0x4A, 0xCE, 0x5F, 0x17, 0x47, 0x82, 0xBB, 0xD6, 0x46, 0xEF, 0xEF, 0xDA,
    0x7C, 0x70, 0x51, 0xBF, 0xBB, 0xB8, 0x21, 0xAF, 0x2A, 0x5E, 0x6B, 0x13, 0x88, 0xBA, 0xA4, 0x06,
    0x2B, 0xF5, 0xC6, 0x2E, 0x37, 0xF2, 0xDB, 0xC7, 0x7A, 0xE3, 0xE4, 0x13, 0x1C, 0x0F, 0xA0, 0x36,
    0x76, 0xC1, 0x95, 0x35, 0x57, 0xC3, 0xBD, 0xB0, 0x86, 0x05, 0x68, 0x41, 0x4C, 0x90, 0xF3, 0x71,
    0x00, 0xDC, 0x98, 0x3D, 0xBF, 0x64, 0xBA, 0xC0, 0xBB, 0xA5, 0xD9, 0xE8, 0x02, 0xE7, 0x62, 0xD0,
    0x05, 0x2A, 0xBB, 0x9A, 0x0D, 0xAC, 0x8B, 0x5F, 0x98, 0xB4, 0x78, 0xBB, 0x6B, 0x66, 0xC2, 0x42,
    0x5F, 0x05, 0xA5, 0x45, 0xB8, 0x2E, 0xD6, 0x73, 0xB1, 0x70, 0x0E, 0xD4, 0xC5, 0x98, 0xC7, 0x73,
    0x41, 0x1B, 0x7E, 0xC2, 0xC2, 0x4E, 0xF9, 0x49, 0xC0, 0x2E, 0xD5, 0x76, 0x2C, 0x9A, 0xEB, 0x3E,
    0xD5, 0x95, 0x83, 0xFC, 0xE4, 0x6D, 0xD7, 0x29, 0x30, 0x84, 0x4B, 0xD5, 0x35, 0xBF, 0x13, 0x4A,
    0x25, 0x37, 0xBB, 0x6D, 0x91, 0xBA, 0xEC, 0x92, 0x90, 0x14, 0xE4, 0x39, 0x4A, 0x1E, 0xDE, 0xCA,
    0x8E, 0xE3, 0xC5, 0x61, 0x64, 0x64, 0x63, 0x2F, 0x2F, 0xBC, 0x74, 0x0E, 0xA8, 0xEF, 0xC7, 0xF2,
    0xF3, 0xD5, 0x88, 0x39, 0x22, 0x4E, 0x48, 0xAE, 0x4E, 0x1F, 0x70, 0xF4, 0x2F, 0xCD, 0x58, 0x4D,
    0x8E, 0xDC, 0x44, 0x14, 0x2E, 0xDB, 0xCA, 0x78, 0xE1, 0x85, 0x77, 0x08, 0x91, 0x85, 0x0F, 0xC0,
    0xC2, 0x27, 0x40, 0xD5, 0x22, 0x17, 0xC8, 0x0D, 0x38, 0x40, 0x16, 0x73, 0x04, 0x5B, 0xCA, 0x05,
    0x66, 0xC1, 0x01, 0x58, 0xB0, 0x21, 0x2C, 0x72, 0x02, 0x28, 0x0F, 0x59, 0x66, 0x11, 0x23, 0x2E,
    0xE0, 0xC5, 0x20, 0xC4, 0x0A, 0x43, 0x3A, 0xC2, 0x0C, 0xB6, 0x1F, 0xEF, 0x7B, 0xF5, 0xDB, 0x93,
    0x26, 0x91, 0x90, 0x80, 0x69, 0xA5, 0x3B, 0xDF, 0xAB, 0x71, 0x57, 0xBD, 0x7A, 0xF5, 0xBD, 0xF7,
    0xBE, 0x6A, 0xA5, 0x3E, 0x9A, 0x94, 0xCA, 0x6E, 0x0F, 0x4A, 0xE5, 0xB4, 0x28, 0x55, 0xD2, 0x51,
    0xA9, 0x86, 0x76, 0xF7, 0xD1, 0x11, 0xF5, 0x4A, 0xE3, 0x83, 0x88, 0x26, 0x7C, 0x8C, 0x05, 0x4D,
    0x7A, 0x29, 0xE8, 0x9A, 0xE6, 0x92, 0xFA, 0x66, 0xAF, 0x49, 0x75, 0x47, 0xFE, 0x28, 0xC9, 0xAC,
    0x4A, 0x2F, 0xCD, 0xAA, 0x32, 0xA2, 0x59, 0xB5, 0x4B, 0xBB, 0xE0, 0xEB, 0x83, 0x6A, 0x56, 0xCD,
    0x53, 0xB6, 0x74, 0x60, 0xD4, 0xCD, 0x4A, 0x55, 0x9B, 0x72, 0x28, 0xC7, 0x52, 0xAB, 0xE1, 0xF5,
    0xD5, 0x15, 0x10, 0x01, 0x29, 0x41, 0xE3, 0xBF, 0x86, 0xA6, 0x8C, 0xAE, 0x94, 0x5D, 0xB7, 0xA6,
    0x4D, 0x59, 0x5F, 0x78, 0x87, 0x07, 0x20, 0x3D, 0xF3, 0x0E, 0x07, 0x41, 0x6F, 0xE8, 0x60, 0x46,
    0xA0, 0x76, 0x5F, 0x55, 0x3B, 0x03, 0xD5, 0x1C, 0xA0, 0x5A, 0x50, 0x15, 0x50, 0x11, 0x50, 0x4E,
    0xFC, 0xDC, 0x04, 0xA4, 0x8C, 0xFF, 0x2E, 0x42, 0x67, 0xE7, 0x53, 0x15, 0x23, 0x59, 0x0D, 0xF1,
    0x59, 0x2D, 0xE2, 0xC1, 0x2B, 0x95, 0xBE, 0x32, 0x3C, 0xFC, 0x2E, 0x98, 0x9F, 0x85, 0x05, 0x9F,
    0x4F, 0x80, 0x07, 0x0F, 0xCB, 0x08, 0x2B, 0x0A, 0x4B, 0xD4, 0x11, 0xB6, 0x5B, 0x80, 0x7A, 0x0D,
    0x10, 0x2C, 0xF0, 0x13, 0xCC, 0xDE, 0x03, 0x63, 0x23, 0xF8, 0x84, 0xF0, 0xEA, 0x65, 0x46, 0xBC,
    0x76, 0x0C, 0x1A, 0x81, 0x47, 0xF9, 0x82, 0xBC, 0xB0, 0x6C, 0x0B, 0x70, 0x7B, 0x65, 0xFF, 0x3E,
    0x86, 0x8D, 0x6C, 0xD1, 0xCF, 0x29, 0x3A, 0xD7, 0x9F, 0x73, 0x2E, 0x7A, 0xA4, 0x17, 0xF9, 0x2E,
    0x66, 0x01, 0x6D, 0x98, 0x99, 0x98, 0xC6, 0x00, 0x76, 0xB2, 0x9A, 0x50, 0xC8, 0x46, 0x1A, 0xD3,
    0x66, 0xD4, 0x23, 0xFC, 0xF8, 0x42, 0xB1, 0xCB, 0xD9, 0x09, 0x5C, 0xE5, 0xA0, 0xDE, 0x01, 0xE3,
    0xB3, 0x39, 0xCF, 0x30, 0x59, 0x98, 0xC5, 0x79, 0x15, 0xC5, 0xD5, 0xBA, 0xE8, 0x83, 0x96, 0xBF,
    0x89, 0x67, 0xF5, 0x16, 0xFC, 0x2D, 0x65, 0x57, 0xB2, 0x8B, 0x4C, 0xE2, 0xD8, 0x48, 0xB0, 0xF4,
    0x2E, 0xDB, 0xEC, 0xE5, 0x73, 0xF2, 0x71, 0xC8, 0x69, 0x3F, 0xF0, 0x63, 0xFC, 0x71, 0xC1, 0xD1,
    0x5C, 0x7C, 0x4C, 0x65, 0xE9, 0xD6, 0xC3, 0xDE, 0xC7, 0x57, 0xBC, 0xE0, 0x9D, 0xD3, 0x8F, 0xEA,
    0x03, 0xB2, 0xA7, 0xF3, 0x39, 0xE2, 0xF8, 0xF7, 0x34, 0x7A, 0xC8, 0x33, 0x3B, 0x88, 0xE4, 0xB4,
    0xDC, 0x29, 0x84, 0x87, 0x02, 0x6B, 0x21, 0xA7, 0xD0, 0xA8, 0xD9, 0xC0, 0x1B, 0xA1, 0x11, 0x47,
    0x43, 0x16, 0x65, 0xA8, 0x47, 0xD5, 0x0D, 0x96, 0x46, 0x7A, 0xC0, 0xBF, 0x3A, 0x42, 0xA1, 0x91,
    0x85, 0x42, 0x23, 0x4E, 0x02, 0xD3, 0x5B, 0x1A, 0x35, 0xC7, 0x8C, 0x0E, 0x95, 0x6C, 0xBF, 0xA6,
    0xE7, 0xE4, 0x68, 0x54, 0x50, 0xA0, 0x51, 0x13, 0x68, 0x94, 0x51, 0xA0, 0x51, 0xF5, 0x1E, 0x1A,
    0xE5, 0x91, 0x46, 0x65, 0xA4, 0x51, 0x1D, 0x69, 0xD4, 0xFC, 0x33, 0x1A, 0xD1, 0x7F, 0x4F, 0x23,
    0x73, 0x9F, 0x69, 0x24, 0xAF, 0x21, 0xC2, 0x72, 0x8E, 0xB8, 0x89, 0x71, 0x55, 0xED, 0x1E, 0x71,
    0x92, 0xCC, 0xEC, 0x54, 0xF2, 0x65, 0x4A, 0xBE, 0xDC, 0x2D, 0xEA, 0xDC, 0x01, 0xA9, 0x3A, 0x99,
    0xA8, 0x8C, 0x67, 0x98, 0xD6, 0xB7, 0x94, 0xDB, 0x36, 0xB2, 0x61, 0xD2, 0x29, 0x62, 0x3D, 0x73,
    0x04, 0x6E, 0x1F, 0x5B, 0x7C, 0xCC, 0x41, 0x31, 0xA9, 0x85, 0xCD, 0xD2, 0x7A, 0x92, 0x71, 0x90,
    0x63, 0x09, 0xAB, 0x43, 0x98, 0x84, 0x7D, 0x37, 0x88, 0xCB, 0x2C, 0x4E, 0x6C, 0xB2, 0xFC, 0x1A,
    0x2B, 0x56, 0x67, 0x47, 0x22, 0xCF, 0x8A, 0xF5, 0x9D, 0x1B, 0xCF, 0x52, 0x1F, 0x29, 0xF1, 0xD1,
    0xA4, 0x01, 0x99, 0x4F, 0x7C, 0x8F, 0xF8, 0x78, 0x07, 0x3F, 0xDC, 0x02, 0x66, 0x46, 0x8D, 0x1E,
    0x97, 0x6E, 0x4F, 0xC0, 0xB5, 0x6D, 0x2F, 0x82, 0x9B, 0xA5, 0xDA, 0xFC, 0x9C, 0xED, 0x94, 0xEF,
    0x1E, 0x73, 0xAA, 0x92, 0x5F, 0xD7, 0x63, 0x93, 0x60, 0xF8, 0xA9, 0xC7, 0x8C, 0xBC, 0xFF, 0xED,
    0x5C, 0xEC, 0x7E, 0x5F, 0xCD, 0xFE, 0x7C, 0xF5, 0xFB, 0xAD, 0xED, 0xBA, 0x12, 0x87, 0xD2, 0xFA,
    0x63, 0x6C, 0x7C, 0xEC, 0xA7, 0x9C, 0x33, 0xA1, 0xC9, 0x5D, 0xDA, 0xF3, 0xD7, 0x31, 0xCE, 0x2E,
    0xE8, 0xBB, 0x8B, 0x52, 0x38, 0x17, 0x57, 0x14, 0x7C, 0xEF, 0xBA, 0xA4, 0x3B, 0x3D, 0x52, 0xE5,
    0xCF, 0xD4, 0x79, 0x9A, 0xDC, 0x7B, 0x03, 0x52, 0xAB, 0xFC, 0xD9, 0x1A, 0xA2, 0xB6, 0x6A, 0x84,
    0x8C, 0x0D, 0xD1, 0x5A, 0xDA, 0xEA, 0x2F, 0x5B, 0x8C, 0x24, 0x30, 0x6C, 0x40, 0x71, 0xE5, 0x12,
    0x8E, 0x92, 0x98, 0x81, 0xDD, 0xB1, 0xA2, 0x92, 0xC3, 0x57, 0x12, 0xC4, 0xD7, 0xDA, 0xAC, 0x38,
    0x9E, 0x92, 0x44, 0x7F, 0xF1, 0x61, 0xF2, 0xB9, 0x95, 0xC4, 0xA9, 0x99, 0xE3, 0x2C, 0x0C, 0x8C,
    0x56, 0xAA, 0xC0, 0x01, 0x27, 0x5D, 0x12, 0x28, 0x81, 0xCA, 0x21, 0x06, 0xCE, 0xBE, 0x5E, 0x12,
    0xA3, 0x98, 0x9D, 0x21, 0x95, 0x69, 0x70, 0x86, 0xA7, 0xAC, 0x35, 0xC6, 0xFF, 0xC3, 0x70, 0x92,
    0xCD, 0xF9, 0x66, 0x55, 0x9B, 0xF3, 0xDA, 0x0A, 0x37, 0xBB, 0x39, 0xA7, 0xDD, 0xAC, 0xE1, 0xE4,
    0x9B, 0x18, 0xED, 0xAD, 0x55, 0x70, 0x6C, 0x54, 0xE4, 0x45, 0x1C, 0x1B, 0xF5, 0x5E, 0x45, 0xA3,
    0xD9, 0x8A, 0x68, 0x74, 0x41, 0xCD, 0xA1, 0x3E, 0x2E, 0x5E, 0xD0, 0xC1, 0x98, 0xBD, 0xA6, 0x83,
    0x31, 0x7A, 0x59, 0xD7, 0xC9, 0x11, 0x39, 0x65, 0xD7, 0x49, 0x05, 0x79, 0x4B, 0xDC, 0xDD, 0x49,
    0xF4, 0xF7, 0xC2, 0xA4, 0x40, 0x98, 0xE9, 0x5C, 0x09, 0x89, 0x95, 0x25, 0x29, 0x32, 0x27, 0xB2,
    0x70, 0x88, 0xCD, 0x31, 0x68, 0xC1, 0x36, 0xB2, 0x92, 0x42, 0xBD, 0xFD, 0x4C, 0x1C, 0xCF, 0x9E,
    0x4B, 0x1A, 0xCE, 0xBE, 0xF1, 0xCA, 0x3E, 0x73, 0x0A, 0x79, 0xEA, 0xCA, 0xE4, 0xE4, 0x13, 0x79,
    0xFF, 0xD2, 0xE6, 0x77, 0x1F, 0xD6, 0x4E, 0xB4, 0xE3, 0x78, 0x66, 0xED, 0x66, 0x3F, 0xA7, 0x38,
    0x93, 0x2A, 0xE7, 0xB6, 0x8F, 0xFD, 0xB8, 0xED, 0xA3, 0x4B, 0xBB, 0x3D, 0x23, 0x31, 0xDC, 0xB4,
    0x70, 0xCD, 0x42, 0xE9, 0xD2, 0x16, 0xA2, 0xF3, 0x4E, 0x0E, 0xA2, 0x1F, 0x33, 0xCC, 0x8E, 0x01,
    0x16, 0x09, 0x5C, 0x6C, 0x97, 0xC6, 0xF9, 0xAD, 0xD2, 0xA5, 0x67, 0x5E, 0xA2, 0x5E, 0x65, 0xDE,
    0x99, 0x83, 0xDD, 0x6C, 0xB2, 0xDA, 0xCC, 0xEE, 0x68, 0xB9, 0x0A, 0x21, 0xF3, 0x78, 0x44, 0xA2,
    0x31, 0x6A, 0x10, 0x02, 0x7B, 0x36, 0x03, 0x77, 0x2F, 0x32, 0x22, 0xAB, 0x86, 0x7A, 0xCF, 0x77,
    0x6D, 0x65, 0x43, 0x45, 0x8F, 0x36, 0x24, 0x1E, 0xB7, 0x89, 0x82, 0x7E, 0x5A, 0xD1, 0xD6, 0x38,
    0x43, 0x99, 0x1D, 0x9C, 0xBD, 0x2C, 0xA4, 0x56, 0xA4, 0xE4, 0x2C, 0x2A, 0x68, 0x41, 0xA4, 0xE5,
    0x5E, 0x85, 0x3D, 0x96, 0xAE, 0x4F, 0xCB, 0xDC, 0xD2, 0xA7, 0xA5, 0x7A, 0x5F, 0x1C, 0x50, 0x06,
    0x4F, 0xC9, 0xF4, 0xAC, 0x57, 0xE7, 0x5B, 0xE2, 0x3D, 0x32, 0x3E, 0xBE, 0x89, 0x46, 0x4E, 0x12,
    0xBC, 0xDE, 0xF5, 0x4A, 0x1E, 0x15, 0xE3, 0x92, 0xBE, 0x68, 0x40, 0xB8, 0xDC, 0xCA, 0x92, 0x5D,
    0x23, 0x24, 0x10, 0x9F, 0xC2, 0xBF, 0x89, 0xA5, 0x25, 0x5A, 0xAD, 0xC8, 0x18, 0x8E, 0x2A, 0x0C,
    0x4B, 0x47, 0x3C, 0x53, 0x92, 0xF4, 0xE4, 0x6E, 0xC7, 0x22, 0x1C, 0x63, 0xF0, 0x0C, 0xB2, 0xD4,
    0xCC, 0x5C, 0x01, 0x6B, 0x5B, 0x3E, 0xC1, 0xD3, 0x55, 0x34, 0x06, 0xE6, 0x69, 0xD0, 0x62, 0x20,
    0xAB, 0x72, 0x7E, 0xB4, 0x42, 0xC8, 0xC1, 0x37, 0x3E, 0x30, 0xCC, 0xDA, 0x5B, 0xF2, 0xC1, 0xDF,
    0xCB, 0x3F, 0xFC, 0x9D, 0x62, 0x4C, 0x92, 0xCE, 0x27, 0x61, 0x54, 0x90, 0xDE, 0xD0, 0x4B, 0x62,
    0x34, 0x5B, 0x62, 0xF8, 0x0B, 0x8D, 0x18, 0xA5, 0xDB, 0xBE, 0x13, 0xC1, 0x63, 0x92, 0xC4, 0x4E,
    0x1D, 0x59, 0xA3, 0x5B, 0x93, 0x4C, 0x77, 0xE9, 0xCA, 0xD9, 0x60, 0x6E, 0x6C, 0xBF, 0xC0, 0xE2,
    0x1C, 0xAB, 0x43, 0xE1, 0x7A, 0xFE, 0xDC, 0xA0, 0x10, 0xD9, 0x5C, 0xD6, 0x8B, 0x96, 0xDB, 0xB7,
    0x3C, 0xD7, 0xAE, 0x66, 0x6C, 0x8F, 0xBC, 0xD1, 0x49, 0x52, 0x8F, 0x40, 0x76, 0x7B, 0x1E, 0x35,
    0x3F, 0x0D, 0xDD, 0xD2, 0x2A, 0x27, 0x72, 0x60, 0x3C, 0xB0, 0xE7, 0xB4, 0x7B, 0x45, 0x23, 0x69,
    0xA6, 0xAA, 0x90, 0xD2, 0x9A, 0x30, 0x5B, 0x48, 0x6A, 0x8A, 0x8A, 0xAE, 0xF0, 0x2D, 0xDD, 0xA7,
    0x69, 0x24, 0xC3, 0x85, 0x94, 0xC2, 0xB7, 0x65, 0x5F, 0x29, 0x85, 0x1B, 0xDE, 0xF0, 0x5B, 0x36,
    0xE0, 0x0D, 0x1D, 0x6E, 0x28, 0xFC, 0xEE, 0xA6, 0x76, 0xB1, 0x06, 0x17, 0x33, 0xD3, 0x57, 0xAB,
    0xAD, 0x6A, 0xFC, 0x26, 0x71, 0x13, 0x46, 0xE5, 0x0D, 0x06, 0xEC, 0x97, 0x33, 0x6A, 0xC9, 0xA5,
    0x81, 0x69, 0x23, 0x39, 0x36, 0x30, 0x89, 0x06, 0x33, 0x61, 0x03, 0x0C, 0xF8, 0xB8, 0xB1, 0xCE,
    0x84, 0x73, 0x1F, 0x78, 0x2B, 0x43, 0x8B, 0xF3, 0x67, 0x37, 0xAE, 0xCD, 0x86, 0x81, 0x9D, 0xFD,
    0xDE, 0x79, 0x53, 0xBF, 0xD2, 0x60, 0x2F, 0x2B, 0x6F, 0xF8, 0x7D, 0xCD, 0x93, 0x88, 0xF1, 0x3D,
    0x13, 0x15, 0xCE, 0x8A, 0x4E, 0xC9, 0xA4, 0x3F, 0x0D, 0xA2, 0x60, 0x6E, 0x70, 0xC1, 0x95, 0x08,
    0x3F, 0xF8, 0xFA, 0x2B, 0xBF, 0x9F, 0x98, 0x14, 0xF7, 0xD5, 0xC8, 0x53, 0x03, 0x5A, 0x3B, 0x31,
    0x0E, 0xD1, 0xA8, 0x52, 0x03, 0x92, 0x2F, 0x18, 0xD0, 0x7C, 0xCE, 0x28, 0xA5, 0x05, 0x46, 0x63,
    0x4E, 0x8D, 0x21, 0x31, 0x76, 0x95, 0x18, 0x57, 0xC1, 0xB8, 0x70, 0x4A, 0xFD, 0x44, 0xF0, 0x11,
    0xC5, 0x1B, 0x5F, 0x6C, 0x63, 0x27, 0xA4, 0x4B, 0x54, 0xE4, 0x72, 0x3A, 0x98, 0xFC, 0x52, 0x91,
    0x7E, 0x7B, 0xC1, 0xD3, 0xFD, 0xC9, 0xA0, 0x91, 0x1F, 0x81, 0x98, 0x15, 0x8F, 0xD3, 0x29, 0x17,
    0xF1, 0x60, 0x56, 0x5B, 0x7A, 0x1F, 0x91, 0xD4, 0x34, 0xAB, 0xA2, 0x74, 0x1D, 0xF1, 0x46, 0x6F,
    0xCA, 0x0C, 0x77, 0x7F, 0x6D, 0xE1, 0x6A, 0x94, 0x74, 0x73, 0x57, 0x21, 0xB8, 0x9E, 0x71, 0x46,
    0x7C, 0x7B, 0xDA, 0x0F, 0x39, 0xE2, 0x7C, 0xC3, 0xE8, 0xFA, 0xD0, 0x19, 0x33, 0x4E, 0x7B, 0x3E,
    0x13, 0x4D, 0xB8, 0x83, 0xFB, 0x1E, 0xC9, 0x94, 0x45, 0xC9, 0xD4, 0xFC, 0x6F, 0xAE, 0x06, 0x57,
    0x1F, 0x98, 0xD0, 0x83, 0xE4, 0xCF, 0xA0, 0xD7, 0xF2, 0xE8, 0x64, 0x03, 0xD2, 0x54, 0x06, 0x27,
    0xBD, 0x17, 0x1B, 0x76, 0x06, 0xBA, 0xF6, 0xED, 0x51, 0x06, 0x59, 0x3F, 0x3D, 0xA2, 0x03, 0xFA,
    0xDE, 0xC8, 0x97, 0x83, 0x6A, 0xC1, 0xE0, 0x2B, 0x2E, 0x21, 0x2F, 0x68, 0xD8, 0x31, 0xC8, 0x89,
    0x54, 0xAC, 0x18, 0x7C, 0xB9, 0xEA, 0x5F, 0x7E, 0xA0, 0x99, 0xAE, 0x3E, 0x74, 0x83, 0xCC, 0x19,
    0xFD, 0x62, 0xD3, 0xAF, 0x5E, 0xBF, 0xE6, 0xD4, 0x58, 0xDD, 0x20, 0xFB, 0xD9, 0x7D, 0x47, 0xDD,
    0xCB, 0xDF, 0x7F, 0xBB, 0xFD, 0x53, 0x06, 0x37, 0x55, 0x2E, 0xD8, 0xD1, 0x35, 0x99, 0xA7, 0x9C,
    0x4C, 0xB3, 0xB9, 0xA1, 0x89, 0x6B, 0x6F, 0xC3, 0x7D, 0x90, 0x1B, 0x1C, 0xD1, 0x53, 0x9A, 0xC0,
    0x10, 0xC3, 0x2E, 0xDD, 0xD2, 0xC4, 0xEA, 0x80, 0x5B, 0x31, 0x7D, 0x4A, 0x23, 0xC4, 0x16, 0xEF,
    0x08, 0x55, 0x9F, 0xA3, 0xC1, 0x13, 0x70, 0x9A, 0x0D, 0x9D, 0x15, 0x77, 0x1D, 0xAD, 0x17, 0xB4,
    0xE4, 0x1C, 0x0F, 0x56, 0xC7, 0x43, 0x67, 0xCB, 0xAF, 0xB0, 0x81, 0x5B, 0x2A, 0xDA, 0x35, 0xF5,
    0x9F, 0xD8, 0x78, 0xCA, 0xC9, 0x0F, 0xD5, 0x0E, 0x4C, 0x3E, 0xF2, 0xC2, 0x11, 0xF4, 0x7A, 0x6E,
    0x0A, 0x7B, 0x38, 0xA3, 0x56, 0x3A, 0x03, 0x0F, 0x2E, 0xEA, 0x9B, 0x78, 0x9D, 0x7B, 0xC2, 0x5A,
    0xDD, 0x1C, 0x55, 0x33, 0xDF, 0xF9, 0xD1, 0x2A, 0xE7, 0xFF, 0x9B, 0xE9, 0x84, 0x21, 0xB6, 0xE0,
    0x34, 0x41, 0xF4, 0x98, 0xDD, 0xD5, 0xC2, 0x94, 0xCD, 0xF6, 0x8A, 0x5F, 0x9E, 0x92, 0xB9, 0x96,
    0x4B, 0xBB, 0xA1, 0x63, 0x3A, 0x58, 0x24, 0x17, 0xD2, 0x94, 0xA0, 0x67, 0xA8, 0x5C, 0x05, 0x4D,
    0x76, 0xF7, 0xD1, 0xB7, 0x72, 0x86, 0xF5, 0xDD, 0x1F, 0xA7, 0xD9, 0xF5, 0x17, 0xED, 0x99, 0x3B,
    0x92, 0x9E, 0x46, 0x10, 0x80, 0x07, 0x28, 0x2D, 0x55, 0x26, 0x20, 0x72, 0x22, 0x07, 0xC4, 0xDE,
    0x84, 0x23, 0x0C, 0x99, 0x53, 0x07, 0xD6, 0x21, 0x2C, 0x05, 0x3A, 0x02, 0x1C, 0x41, 0x87, 0x50,
    0x20, 0xED, 0x25, 0xE0, 0x08, 0x64, 0x4E, 0x09, 0x5C, 0xE5, 0x72, 0x86, 0xAB, 0x70, 0x19, 0xCB,
    0xC0, 0x78, 0x1E, 0xFD, 0xE2, 0x5F, 0xA8, 0x7D, 0xCA, 0xE5, 0x60, 0x49, 0xE8, 0x5D, 0x60, 0xBA,
    0xA7, 0xA7, 0xFB, 0xEB, 0x9E, 0xF9, 0x95, 0xB2, 0xD7, 0xCF, 0x8A, 0x2F, 0xD3, 0x0B, 0x79, 0x24,
    0x31, 0x36, 0x33, 0xC9, 0x89, 0x59, 0x48, 0x4E, 0xCD, 0x4A, 0x72, 0x66, 0x0C, 0xC9, 0xB9, 0x90,
    0xCB, 0x2F, 0xA6, 0x41, 0x59, 0xFF, 0x69, 0x3A, 0x94, 0xEB, 0x91, 0x95, 0xB5, 0x43, 0x3B, 0x90,
    0xDA, 0x4E, 0xA3, 0xE2, 0xC8, 0xCA, 0x13, 0xA9, 0xAD, 0xCA, 0x85, 0x64, 0x95, 0xA3, 0x9C, 0x6D,
    0x2A, 0xDF, 0x50, 0xED, 0x6A, 0x2D, 0x02, 0xB9, 0x58, 0xDC, 0x27, 0x60, 0xC2, 0x6C, 0x67, 0x00,
    0x8A, 0xED, 0xE0, 0x11, 0xCA, 0xAD, 0x55, 0x64, 0x06, 0x9E, 0x79, 0x3B, 0xA2, 0x5A, 0xFB, 0xDE,
    0x04, 0x33, 0xB7, 0xC6, 0xEB, 0x19, 0x4D, 0xF0, 0xE3, 0x86, 0x99, 0x07, 0x7D, 0x5E, 0xED, 0xE6,
    0xA7, 0x8F, 0x26, 0x28, 0x34, 0xC2, 0xDB, 0x9B, 0x84, 0xD9, 0xFB, 0x21, 0xC0, 0x88, 0x7A, 0x64,
    0x57, 0x07, 0x95, 0xC1, 0x88, 0xF0, 0x1F, 0xFF, 0x34, 0x32, 0xE1, 0x9A, 0xFC, 0x08, 0xE1, 0x5A,
    0xFC, 0xC8, 0x2C, 0x67, 0x20, 0x6F, 0xC1, 0xE1, 0xE1, 0x52, 0xC2, 0x42, 0x6B, 0xAD, 0x5E, 0xC0,
    0x72, 0x39, 0xA3, 0x8E, 0x66, 0xEA, 0x15, 0x93, 0x07, 0x9C, 0x67, 0x60, 0x49, 0xEA, 0x49, 0x78,
    0x6C, 0xC6, 0x49, 0xF8, 0x29, 0xB1, 0x87, 0x57, 0xAB, 0x96, 0x16, 0xDC, 0xFD, 0x89, 0x81, 0xA0,
    0xC4, 0x4A, 0x35, 0x7A, 0xA6, 0x20, 0xEA, 0xEA, 0x89, 0x56, 0x56, 0x04, 0xDA, 0x23, 0xAF, 0xB2,
    0x79, 0x50, 0xAC, 0x4A, 0x59, 0xBE, 0x23, 0xBF, 0xE5, 0x31, 0xDF, 0x19, 0xF3, 0x37, 0xFA, 0xDB,
    0x1A, 0xAD, 0x83, 0xA3, 0x61, 0x59, 0x1A, 0x58, 0x92, 0x21, 0x77, 0xBE, 0x4B, 0xCD, 0x54, 0x78,
    0x3F, 0xB4, 0x4B, 0x98, 0xB7, 0x5E, 0xC3, 0x9C, 0xF3, 0x2D, 0xB8, 0x1C, 0xBD, 0x04, 0x21, 0x42,
    0x1E, 0x3C, 0xBA, 0xBF, 0x35, 0x5F, 0x2A, 0x7B, 0xFF, 0xCE, 0xA9, 0xB3, 0xF7, 0xD6, 0xA9, 0xF9,
    0xCD, 0x60, 0x08, 0xE0, 0x32, 0x97, 0xCE, 0x7D, 0xEF, 0x8D, 0xD1, 0xCE, 0xE7, 0x51, 0x6B, 0x82,
    0x5F, 0x0B, 0x13, 0xA6, 0x62, 0x8D, 0x1E, 0xE0, 0xDE, 0xCB, 0x7B, 0x06, 0xF7, 0x1C, 0xEE, 0x05,
    0xBC, 0xA7, 0xE1, 0x3B, 0x63, 0x5A, 0x88, 0x37, 0x3F, 0x6E, 0xE1, 0xF4, 0x7C, 0xB0, 0x73, 0xFE,
    0x07, 0xF4, 0xFE, 0x02, 0x76, 0xFC, 0x60, 0x94, 0xBB, 0xAD, 0xD6, 0xBE, 0xC2, 0x79, 0xC1, 0xD9,
    0xFD, 0xCE, 0xFC, 0xFE, 0xB0, 0xD5, 0x8B, 0x67, 0x8A, 0x9C, 0xE0, 0x79, 0x08, 0x31, 0x0D, 0x61,
    0x87, 0x77, 0xFC, 0x3F, 0xBE, 0x87, 0xDF, 0xA9, 0x2B, 0xBF, 0x40, 0xF8, 0x31, 0x73, 0xA5, 0x35,
    0x86, 0xF9, 0x11, 0x32, 0x28, 0x2C, 0x79, 0xA5, 0x29, 0x2A, 0x57, 0xE6, 0x47, 0xB2, 0xB0, 0xEC,
    0xD4, 0x08, 0xB9, 0x10, 0x32, 0x45, 0xAE, 0x1B, 0x69, 0x10, 0xA0, 0xE3, 0x20, 0xD4, 0xCC, 0x42,
    0xCA, 0xAF, 0x00, 0xB4, 0x63, 0xF9, 0x4D, 0xF5, 0xF8, 0xD8, 0xFF, 0xCC, 0x62, 0x24, 0xC6, 0x8C,
    0x45, 0x2C, 0x27, 0x66, 0x12, 0x9C, 0x5E, 0x04, 0xA7, 0x17, 0x61, 0xFE, 0xC6, 0xB3, 0x15, 0xCC,
    0xD6, 0x7F, 0x19, 0x32, 0x4E, 0xFF, 0xC1, 0x73, 0x6C, 0x07, 0x56, 0x66, 0xFA, 0xB6, 0x67, 0x13,
    0xEA, 0x91, 0x4C, 0x68, 0x76, 0xCC, 0x9E, 0xC9, 0x04, 0xF6, 0xAD, 0x05, 0x66, 0xBE, 0xB2, 0xC3,
    0x89, 0x28, 0xA5, 0x63, 0xB6, 0x22, 0xEA, 0xC4, 0xA8, 0xB8, 0xBE, 0x64, 0x76, 0x7F, 0xC2, 0xEC,
    0x11, 0xA1, 0x73, 0xC8, 0xEC, 0xEC, 0x16, 0xB3, 0x37, 0x04, 0xD9, 0x25, 0xB3, 0xAB, 0x13, 0x66,
    0x77, 0x0C, 0x0C, 0x60, 0xF6, 0x40, 0x4F, 0xE3, 0xA7, 0x30, 0x7B, 0x3D, 0x60, 0x36, 0xCF, 0x62,
    0xCF, 0xEC, 0x9E, 0x99, 0x75, 0x6F, 0x66, 0x57, 0x54, 0x21, 0x25, 0xB3, 0xA9, 0x72, 0xA6, 0x17,
    0xCC, 0x5E, 0x4E, 0x99, 0xFD, 0xDE, 0x22, 0x21, 0x4C, 0x76, 0x01, 0xA6, 0x18, 0x88, 0x1E, 0xAF,
    0xA3, 0x9C, 0x7C, 0xAD, 0x51, 0xBA, 0x0F, 0xCE, 0xD2, 0x1D, 0xC5, 0x3C, 0xDC, 0x71, 0x25, 0xD1,
    0xA6, 0x12, 0xEC, 0x31, 0xB8, 0x60, 0x03, 0x2C, 0x56, 0xC5, 0x05, 0x55, 0x24, 0xE6, 0xAB, 0x9F,
    0xEE, 0x95, 0x20, 0x2F, 0xFC, 0x7E, 0x12, 0xBF, 0xDF, 0x36, 0x87, 0x7C, 0x49, 0x18, 0x11, 0x2A,
    0x5D, 0x8F, 0xA9, 0x59, 0x0A, 0xF4, 0x69, 0x51, 0xE5, 0x5B, 0x1C, 0xF2, 0xF5, 0x87, 0xC8, 0x1C,
    0x70, 0x32, 0xDA, 0xD5, 0x6A, 0xE6, 0x52, 0xBE, 0x32, 0x8B, 0xCA, 0xB1, 0xE5, 0xFE, 0xB1, 0xA7,
    0x3E, 0x51, 0x99, 0x26, 0x17, 0xBD, 0x61, 0xBA, 0xB1, 0x59, 0x31, 0xF5, 0x80, 0x13, 0xD3, 0xB7,
    0x1E, 0x88, 0x15, 0x7E, 0xA6, 0xAF, 0x3F, 0xAA, 0x67, 0xB8, 0xBE, 0x17, 0x3C, 0xE7, 0x76, 0xD6,
    0x6A, 0x9D, 0x0E, 0xE7, 0x18, 0x8B, 0xDE, 0x59, 0xCE, 0x37, 0xDD, 0xF7, 0xD1, 0x95, 0xF0, 0x03,
    0xCD, 0xBD, 0x9C, 0xB9, 0x7F, 0xD2, 0x23, 0x2B, 0xAB, 0xC7, 0x9A, 0x7D, 0xD2, 0x13, 0x87, 0xED,
    0xC4, 0x4B, 0xCE, 0x68, 0xE9, 0xAB, 0x4A, 0x12, 0x80, 0x38, 0x6C, 0xB9, 0x48, 0xBD, 0xB3, 0xF7,
    0x61, 0x43, 0x05, 0x91, 0xA2, 0xC1, 0x0D, 0x8E, 0x46, 0x38, 0x5F, 0xE2, 0x4A, 0xB6, 0xC2, 0xB7,
    0xEE, 0x39, 0x10, 0xCC, 0x7F, 0x57, 0x08, 0xB2, 0x41, 0x5E, 0x7B, 0x3D, 0xC0, 0x61, 0x9F, 0x5F,
    0x60, 0x84, 0xB7, 0x0B, 0x10, 0xE6, 0x3F, 0x03, 0xB4, 0xF9, 0x79, 0x00, 0xF2, 0xC2, 0xFC, 0x04,
    0x81, 0x77, 0xDD, 0x34, 0x3C, 0x65, 0xF6, 0xC6, 0x42, 0x4E, 0x04, 0x87, 0x53, 0xC1, 0x61, 0x62,
    0x72, 0x25, 0x2C, 0x6C, 0x14, 0xC2, 0xD1, 0x1B, 0x81, 0x0D, 0xAD, 0x33, 0x02, 0xE1, 0x68, 0x84,
    0x07, 0x6A, 0xB1, 0xAB, 0xB0, 0xEF, 0x92, 0xC7, 0x7C, 0x75, 0xEB, 0xA8, 0x77, 0x66, 0x0F, 0x1B,
    0x22, 0x8B, 0x13, 0x68, 0x45, 0xAC, 0x62, 0xEA, 0xA9, 0xED, 0x87, 0xC4, 0x64, 0x3B, 0x7B, 0xEA,
    0xA9, 0x49, 0x11, 0xC7, 0x30, 0x65, 0x05, 0x85, 0x05, 0x2A, 0x8D, 0x51, 0x8B, 0x4C, 0x10, 0xB0,
    0xC7, 0x7F, 0x74, 0xF5, 0x11, 0x32, 0x96, 0xAA, 0xB3, 0x46, 0x23, 0x5B, 0x18, 0x24, 0x36, 0x10,
    0x61, 0xE9, 0x56, 0xCC, 0x30, 0x46, 0xB6, 0x82, 0x62, 0xC0, 0x43, 0x0B, 0xEC, 0x8F, 0xAC, 0xE7,
    0x5C, 0xAA, 0x79, 0x6C, 0xB8, 0xFC, 0xF3, 0xFA, 0xFC, 0xD8, 0xDF, 0x58, 0x6B, 0xE3, 0xCF, 0x0F,
    0x4E, 0x31, 0xA0, 0x3A, 0x61, 0x1D, 0xB9, 0x4E, 0x60, 0xC7, 0x85, 0x1D, 0x14, 0xA2, 0x5D, 0x21,
    0xDB, 0x15, 0xC2, 0x5D, 0x21, 0xDD, 0xD5, 0x1E, 0xEF, 0xBC, 0x0A, 0xE9, 0x1D, 0x02, 0x40, 0x9E,
    0x28, 0x8F, 0x98, 0xA7, 0xB0, 0xA2, 0x38, 0x52, 0x48, 0x7A, 0x85, 0xA8, 0x57, 0xC8, 0x7A, 0x85,
    0xB0, 0x57, 0x48, 0x7B, 0x85, 0xB8, 0x57, 0xC8, 0x7B, 0x85, 0xC0, 0x57, 0x48, 0x7C, 0x0C, 0x6E,
    0xFC, 0xDC, 0x8E, 0x8C, 0xD0, 0x57, 0x48, 0x7D, 0x85, 0xD8, 0x57, 0xC8, 0x7D, 0x45, 0xE0, 0x27,
    0xF2, 0x33, 0xFA, 0x2F, 0xD8, 0x2F, 0x5B, 0xD4, 0x5A, 0x60, 0xAC, 0x9C, 0x8E, 0x79, 0x2F, 0xEB,
    0x40, 0x6C, 0xE4, 0x40, 0x62, 0x7F, 0x56, 0x77, 0x44, 0x28, 0x75, 0xFD, 0x41, 0xED, 0x2A, 0x7E,
    0x88, 0xEF, 0xE3, 0x83, 0x84, 0x62, 0x66, 0x73, 0xF4, 0x58, 0x8B, 0x43, 0x82, 0x52, 0x34, 0xF6,
    0x64, 0x4E, 0xBA, 0x71, 0x89, 0xCA, 0x17, 0x1F, 0x80, 0x0C, 0x28, 0xF8, 0xD8, 0x75, 0xAD, 0x7A,
    0x52, 0xCF, 0x7C, 0xD5, 0xCD, 0x49, 0xF3, 0x3F, 0x9F, 0x14, 0x38, 0x09, 0x7F, 0x73, 0x76, 0x88,
    0x42, 0x83, 0x16, 0x12, 0xFE, 0xD3, 0x31, 0xFC, 0xDB, 0x41, 0x1F, 0xC1, 0xDF, 0xF2, 0xA7, 0x90,
    0xF0, 0x5F, 0xEF, 0x80, 0x7F, 0x7E, 0x09, 0x7F, 0xC6, 0xD7, 0x1E, 0xFE, 0x03, 0xE3, 0x6E, 0x07,
    0xFF, 0xE9, 0x01, 0xF0, 0xE7, 0xAC, 0xDB, 0xC1, 0x7F, 0x3D, 0x86, 0x7F, 0x40, 0xE0, 0x6D, 0xF8,
    0xB7, 0xC7, 0xF0, 0x8F, 0xBE, 0x26, 0xFC, 0x87, 0x13, 0xF8, 0x4F, 0xFF, 0x3D, 0xFC, 0x71, 0x8F,
    0x85, 0x69, 0x80, 0x78, 0xA7, 0x6C, 0xA4, 0xBE, 0xA7, 0xDF, 0xB7, 0x68, 0x39, 0x30, 0xF9, 0xEA,
    0x93, 0xE8, 0xC3, 0x6B, 0x88, 0x3A, 0x68, 0x32, 0x13, 0x13, 0x32, 0x2D, 0x5B, 0xC3, 0xF0, 0xC5,
    0x1C, 0x32, 0xAC, 0x1E, 0x42, 0x76, 0xD9, 0xB1, 0x5D, 0x46, 0xB9, 0x3E, 0xCB, 0x85, 0x9F, 0x2B,
    0xE5, 0xEE, 0x45, 0x57, 0x1C, 0xD2, 0xED, 0x11, 0x89, 0xF4, 0xD2, 0xB8, 0x3F, 0xA1, 0x71, 0xCF,
    0xCC, 0xAF, 0x4C, 0x24, 0xEE, 0x29, 0x23, 0xC3, 0x7D, 0xA4, 0x0D, 0x0A, 0xEA, 0xA1, 0x93, 0xC5,
    0xED, 0xCF, 0xE0, 0xFF, 0x9F, 0x58, 0x96, 0xC0, 0x56, 0x4C, 0x51, 0x59, 0x22, 0x45, 0xD8, 0x21,
    0x54, 0x43, 0xCC, 0x0F, 0xCA, 0x88, 0xC6, 0xF7, 0x86, 0xB4, 0x2E, 0xC7, 0x0D, 0xEE, 0x2A, 0xF9,
    0x2E, 0x58, 0xD6, 0x97, 0xCC, 0xAF, 0x5D, 0x73, 0xBF, 0xE7, 0x7B, 0xC7, 0xB5, 0x09, 0x3F, 0xAE,
    0x05, 0x83, 0xDC, 0x11, 0xCB, 0x3D, 0x37, 0x8C, 0x8F, 0x6D, 0xEE, 0xBF, 0x02, 0xDF, 0xF7, 0xCD,
    0xFD, 0x78, 0xD2, 0xDC, 0xCF, 0x27, 0xCD, 0xBD, 0xE0, 0x7B, 0x76, 0xCA, 0xF7, 0xE6, 0x90, 0xEF,
    0xDC, 0xD0, 0x5F, 0xF0, 0xBD, 0x3E, 0xE1, 0x3B, 0x28, 0xF6, 0xEB, 0x20, 0x89, 0x09, 0x18, 0x4B,
    0x04, 0xD3, 0x7D, 0xE4, 0x00, 0xF6, 0xFC, 0xAB, 0xA0, 0xB8, 0x58, 0x78, 0x8F, 0x19, 0x22, 0x4A,
    0xB6, 0xEF, 0x92, 0xEC, 0x92, 0xF8, 0xB0, 0x0D, 0xB8, 0xCD, 0xF7, 0x4D, 0xF0, 0xDD, 0x48, 0xBE,
    0x57, 0x82, 0xEF, 0x5C, 0x81, 0xBC, 0x62, 0x74, 0x9F, 0x1B, 0x1A, 0xDD, 0xEA, 0x54, 0x22, 0xDF,
    0xDD, 0x1D, 0x97, 0xC1, 0x3D, 0x47, 0xCF, 0x94, 0xC2, 0x7B, 0xF9, 0xCA, 0x7C, 0xCF, 0x0D, 0x1F,
    0xB8, 0x58, 0x81, 0x72, 0xC6, 0xBA, 0x86, 0xF8, 0x1E, 0x8B, 0xAA, 0xEC, 0x98, 0xBE, 0xF0, 0x69,
    0x34, 0x37, 0x27, 0xA0, 0x34, 0xC6, 0x93, 0xCE, 0x02, 0x23, 0xA6, 0x06, 0x90, 0xD8, 0x54, 0x06,
    0x96, 0xDB, 0xD2, 0x11, 0x84, 0x1B, 0x14, 0xB0, 0xA9, 0x17, 0x6D, 0x1C, 0x59, 0x4B, 0x81, 0x01,
    0x6C, 0x9F, 0x21, 0xF7, 0xCB, 0x55, 0x5D, 0x37, 0x41, 0x01, 0x9A, 0x03, 0x9F, 0x24, 0x06, 0x06,
    0xC9, 0x56, 0xE8, 0xFB, 0x8B, 0xF9, 0xB2, 0xEF, 0x37, 0x1D, 0xF6, 0xFD, 0x15, 0xF4, 0xFD, 0x1B,
    0xAC, 0x29, 0xF5, 0xFD, 0xAF, 0x7E, 0xB4, 0x8F, 0xDF, 0xBC, 0xF4, 0xFD, 0xFF, 0xB7, 0xBE, 0x5F,
    0x34, 0xFA, 0xEE, 0x77, 0x12, 0x0C, 0x21, 0x87, 0x2B, 0x94, 0x8B, 0xA9, 0xEC, 0x0A, 0x8C, 0xFC,
    0x21, 0x1B, 0xF1, 0x6C, 0x47, 0x77, 0x09, 0x9D, 0xBE, 0xBB, 0xD3, 0x3E, 0x51, 0x21, 0x8A, 0xBB,
    0xDB, 0xEC, 0x6F, 0x05, 0x57, 0xEB, 0xE3, 0xBE, 0x59, 0x1E, 0x8E, 0x64, 0x1B, 0x1F, 0x88, 0xEC,
    0xF7, 0x06, 0xA2, 0xF7, 0xED, 0x0A, 0xFE, 0xC9, 0xA9, 0xCA, 0x56, 0x79, 0xA8, 0xA1, 0x8E, 0x0F,
    0x32, 0x30, 0xBB, 0x6F, 0xEC, 0xD6, 0xE4, 0xFA, 0x59, 0x0E, 0x83, 0x76, 0x7B, 0x03, 0x51, 0x2F,
    0x5A, 0xE1, 0x12, 0x51, 0x2F, 0xA2, 0x93, 0x7A, 0x71, 0x51, 0x3B, 0xA8, 0x5E, 0xE4, 0x1B, 0xCF,
    0xBD, 0x90, 0xF5, 0x62, 0xE2, 0xE2, 0xA4, 0x45, 0xBD, 0xB0, 0x7B, 0x83, 0xA3, 0xC3, 0x20, 0xEB,
    0x84, 0x7C, 0x11, 0xFB, 0xA8, 0x4D, 0x1C, 0xA2, 0x19, 0xB9, 0xA7, 0xE2, 0xE3, 0xE3, 0xC3, 0xC3,
    0x20, 0x97, 0xE4, 0x47, 0x87, 0x41, 0xB5, 0xA0, 0xA8, 0xD8, 0x0F, 0x28, 0x41, 0xDD, 0xF8, 0xF2,
    0x30, 0x08, 0xD2, 0x32, 0x3D, 0x39, 0x0C, 0x92, 0xB5, 0x63, 0x77, 0x18, 0x34, 0x1F, 0x1F, 0x06,
    0xED, 0x6A, 0x07, 0xD7, 0x8B, 0xE8, 0x1E, 0xFB, 0x81, 0x4C, 0xD6, 0x8E, 0x8D, 0x7F, 0x48, 0x2D,
    0xE4, 0x7E, 0x40, 0xD6, 0x8E, 0x67, 0xDE, 0x0F, 0xA4, 0x27, 0xFB, 0x81, 0x78, 0xB7, 0x82, 0xBB,
    0xFD, 0xC0, 0xBF, 0xED, 0x59, 0xBD, 0x8E, 0xDC, 0x36, 0x10, 0xE6, 0xAE, 0x90, 0x13, 0x10, 0x16,
    0xAA, 0xD2, 0x9C, 0x0B, 0xF5, 0x69, 0xF4, 0x08, 0x54, 0xE7, 0x36, 0x45, 0xF2, 0x08, 0x29, 0x62,
    0x17, 0xF7, 0x08, 0xD2, 0x23, 0xF8, 0x11, 0x52, 0xB8, 0x71, 0x5E, 0x42, 0x7A, 0x04, 0x75, 0x69,
    0xB7, 0x33, 0xD2, 0x29, 0x80, 0x02, 0x28, 0xB6, 0xA4, 0x09, 0x67, 0x38, 0x24, 0x47, 0x77, 0xD2,
    0xF9, 0x16, 0x3E, 0x2F, 0x0E, 0xC1, 0x12, 0x58, 0x0C, 0xB1, 0xA2, 0x38, 0x3F, 0x9C, 0xF9, 0xBE,
    0x59, 0xAE, 0x52, 0xAF, 0x66, 0x45, 0xA3, 0x81, 0x5A, 0x81, 0x52, 0x47, 0x80, 0x1E, 0x65, 0x3A,
    0xEB, 0xF1, 0xB8, 0x28, 0xA5, 0xC7, 0x03, 0xA4, 0x76, 0x49, 0xD6, 0xAB, 0x0A, 0x46, 0x92, 0x39,
    0x9C, 0xE8, 0x8D, 0x23, 0x94, 0x6A, 0x63, 0x1C, 0x7E, 0x76, 0x32, 0x5B, 0x9C, 0x34, 0xBC, 0xAC,
    0x81, 0x8E, 0x1E, 0x43, 0xD3, 0xA3, 0x4C, 0x20, 0x9B, 0x68, 0xD9, 0x94, 0xD2, 0xC2, 0x62, 0x38,
    0x5A, 0x0B, 0x94, 0xAA, 0x4E, 0x0A, 0x17, 0x1E, 0xA0, 0x55, 0xA6, 0xC7, 0x65, 0x4A, 0xE5, 0x76,
    0x61, 0x66, 0x6D, 0xD0, 0x76, 0x7E, 0xFB, 0xDE, 0x2A, 0xFE, 0x43, 0x3D, 0x7D, 0xBC, 0x05, 0xF8,
    0xD7, 0x8A, 0x14, 0xEC, 0x18, 0xD0, 0x1A, 0x3B, 0x16, 0xBB, 0x3D, 0x8D, 0x3A, 0x71, 0xF2, 0x94,
    0xA1, 0x4F, 0x29, 0x0C, 0x39, 0x90, 0xA9, 0x53, 0x41, 0xB6, 0x99, 0xD9, 0x8C, 0xCE, 0x15, 0x33,
    0x90, 0x04, 0xB7, 0xA7, 0x66, 0x99, 0x3E, 0x22, 0xDF, 0xC0, 0xA7, 0xD2, 0xCA, 0x57, 0xA8, 0xCE,
    0xCA, 0x06, 0xD5, 0x7C, 0x04, 0xD6, 0x07, 0x19, 0xCB, 0x02, 0x7D, 0xBD, 0x03, 0x30, 0x78, 0x0A,
    0x87, 0x06, 0x2A, 0xD2, 0x93, 0xE3, 0x21, 0x38, 0xA3, 0x4F, 0x2C, 0x3B, 0x29, 0x35, 0xCB, 0x8C,
    0x65, 0xCE, 0xEB, 0x0C, 0xBF, 0x07, 0xD0, 0x0C, 0x14, 0x62, 0xB7, 0x6F, 0x8E, 0x7A, 0xDE, 0x59,
    0x9F, 0x3F, 0xB3, 0xDE, 0x3F, 0xD9, 0x8E, 0xD7, 0xA0, 0x50, 0xCC, 0xD6, 0xBE, 0x1C, 0xA3, 0x80,
    0x76, 0xBF, 0x85, 0xBF, 0x7C, 0xE8, 0x7E, 0xAC, 0x63, 0x18, 0xDD, 0xC6, 0x7C, 0xEE, 0x63, 0x98,
    0xA7, 0x30, 0x87, 0xB9, 0xDD, 0x3B, 0xCC, 0x4D, 0x6F, 0xCF, 0x8F, 0x47, 0xD3, 0x55, 0x27, 0x9F,
    0x1B, 0x50, 0x17, 0x83, 0x7F, 0x75, 0xA1, 0x43, 0x75, 0xAF, 0x4E, 0x74, 0xD0, 0xEE, 0xD5, 0x81,
    0x0E, 0xDF, 0xBD, 0x7A, 0x72, 0x1F, 0x1C, 0x6F, 0x6C, 0x1A, 0xDD, 0xBE, 0x53, 0xCF, 0x30, 0x7E,
    0x13, 0x73, 0x17, 0xC0, 0x47, 0x7D, 0x4C, 0x60, 0xDA, 0xF4, 0x57, 0x0B, 0x7F, 0xA5, 0xEF, 0xC5,
    0x27, 0x08, 0x81, 0x33, 0xFF, 0xC4, 0x38, 0x54, 0x7D, 0x54, 0xD6, 0x9C, 0xBC, 0x5B, 0x56, 0x6D,
    0x6B, 0xFA, 0x10, 0x9F, 0xD6, 0x0C, 0x41, 0x6D, 0x59, 0x4C, 0x61, 0xAE, 0x32, 0x3F, 0xD7, 0x4B,
    0x28, 0x2D, 0x0C, 0xA0, 0xCF, 0x39, 0xAC, 0x92, 0xC4, 0x57, 0x64, 0x31, 0x5A, 0x0F, 0x5A, 0x7F,
    0x14, 0x22, 0x9E, 0x56, 0x11, 0x57, 0x2F, 0x79, 0xEE, 0x4A, 0xD1, 0x3D, 0x67, 0xC5, 0x54, 0x85,
    0x2E, 0xED, 0xDD, 0x7E, 0xF9, 0x14, 0x73, 0x9B, 0x0F, 0x8C, 0xF4, 0x73, 0x11, 0xD0, 0x57, 0x6C,
    0x04, 0xD9, 0x9B, 0x38, 0xEF, 0x69, 0x0B, 0x36, 0xA2, 0xEA, 0x63, 0xA8, 0x9D, 0x4A, 0x67, 0x84,
    0xFB, 0x86, 0x9E, 0x72, 0x41, 0x02, 0xE7, 0x2D, 0x8D, 0xC9, 0xD7, 0x2D, 0xCF, 0x35, 0xCF, 0x17,
    0x17, 0x70, 0x37, 0x94, 0xB0, 0xD0, 0x5A, 0x6B, 0x26, 0xB6, 0x5C, 0x7A, 0xD4, 0x06, 0x4F, 0x49,
    0x71, 0x88, 0x00, 0x46, 0x86, 0x8F, 0xC4, 0x16, 0x5E, 0x8C, 0xD8, 0xE8, 0x9D, 0x20, 0x97, 0x62,
    0x84, 0xE7, 0x80, 0x00, 0x38, 0xC9, 0xE7, 0x90, 0x08, 0x4A, 0x9C, 0x54, 0x6D, 0xC6, 0x90, 0x44,
    0x6D, 0x35, 0x84, 0x93, 0xED, 0xBE, 0x3A, 0x6F, 0x8B, 0xFA, 0xAC, 0x5C, 0x95, 0x73, 0xB9, 0x46,
    0xBE, 0x2B, 0xF6, 0xBC, 0x79, 0xAF, 0xE2, 0x81, 0xAE, 0x70, 0xBB, 0x95, 0xB8, 0x9D, 0x2E, 0xB9,
    0xC3, 0xC4, 0x49, 0xCF, 0x2E, 0xBD, 0x5C, 0xE5, 0x36, 0x9D, 0xC2, 0x85, 0xB6, 0xC2, 0x11, 0xC2,
    0xA9, 0x9C, 0x8B, 0x91, 0x2A, 0x9B, 0x76, 0xFC, 0x1E, 0x71, 0xFB, 0xC3, 0x15, 0xB7, 0x2F, 0x81,
    0xDB, 0x4F, 0x1B, 0xC7, 0x31, 0x64, 0xB2, 0xCB, 0x04, 0x4E, 0x79, 0xC3, 0x65, 0xE0, 0xA5, 0xFF,
    0xDE, 0xAF, 0x3B, 0xC6, 0x4C, 0x2A, 0x44, 0x52, 0x55, 0xFD, 0x26, 0xA8, 0x1E, 0x22, 0x16, 0x46,
    0x88, 0xC7, 0x50, 0x44, 0x1C, 0x8D, 0xD0, 0x86, 0x5B, 0x8A, 0x6D, 0xCC, 0x59, 0x25, 0xF3, 0x8B,
    0xFD, 0x7C, 0xF7, 0x13, 0x1B, 0xA0, 0xA8, 0x53, 0x79, 0x30, 0x6F, 0x10, 0xCF, 0xB8, 0xFA, 0xAB,
    0x36, 0x6A, 0x40, 0x00, 0xF6, 0xD5, 0x5F, 0x2C, 0xF6, 0xF0, 0xEB, 0x00, 0xEB, 0x01, 0xD8, 0x6D,
    0x67, 0x14, 0x8B, 0xA8, 0x82, 0xE8, 0xE3, 0x0D, 0x25, 0xEA, 0x33, 0x8C, 0x5F, 0xD5, 0x4E, 0x08,
    0x7B, 0x11, 0xC2, 0xED, 0x5A, 0xD7, 0x2B, 0x1E, 0x5E, 0xC2, 0x3C, 0x97, 0x9C, 0xFC, 0x39, 0x36,
    0x6C, 0xE6, 0x6F, 0xC1, 0xCF, 0x82, 0xAB, 0xA1, 0x6B, 0x4E, 0x82, 0x8B, 0xFA, 0xE0, 0x7B, 0x2D,
    0x79, 0x29, 0x9F, 0x02, 0x1D, 0xC6, 0xC3, 0xB3, 0xA4, 0xA0, 0x97, 0x78, 0xA2, 0x01, 0x35, 0x0B,
    0xC1, 0x4B, 0x66, 0x70, 0xFC, 0xE2, 0x13, 0x46, 0xF2, 0xBC, 0xE4, 0xA5, 0xEA, 0x21, 0x2F, 0x11,
    0x22, 0x73, 0xC2, 0xA5, 0x02, 0xF5, 0xB5, 0xE4, 0xA5, 0x39, 0x16, 0x79, 0x3E, 0xC5, 0x8C, 0x23,
    0x34, 0xF0, 0xBC, 0x34, 0xF8, 0x8D, 0x03, 0x17, 0x75, 0x91, 0x91, 0x9A, 0x3E, 0x3E, 0x25, 0xEF,
    0x8F, 0x5C, 0xF0, 0xE3, 0x0E, 0x2F, 0xCD, 0x82, 0x8B, 0xEE, 0xF3, 0x52, 0x31, 0x45, 0x16, 0x65,
    0x52, 0x20, 0x8E, 0x61, 0x52, 0x20, 0x35, 0xB0, 0xC1, 0x4B, 0xD6, 0x88, 0xC8, 0x45, 0x83, 0xE3,
    0x32, 0x9A, 0x4F, 0x8E, 0xE3, 0xD8, 0x3D, 0x0D, 0x31, 0xF2, 0xA1, 0x23, 0xD0, 0x82, 0x97, 0xEC,
    0x62, 0x23, 0x79, 0x69, 0x88, 0xBC, 0xD4, 0x84, 0x94, 0x72, 0x4A, 0x3D, 0x34, 0xFB, 0x13, 0xF4,
    0xA7, 0xEA, 0x33, 0xC0, 0x77, 0x70, 0x6C, 0xCA, 0x81, 0x55, 0x27, 0xAC, 0x4A, 0x4F, 0x8F, 0xE5,
    0x35, 0x56, 0x25, 0xFE, 0x2A, 0xC0, 0x2A, 0x4C, 0x26, 0x21, 0xAD, 0x41, 0xE9, 0xE4, 0x3E, 0x38,
    0x4F, 0x16, 0x57, 0xFF, 0x47, 0xE8, 0x0E, 0x64, 0x16, 0xC6, 0xB1, 0x75, 0xF8, 0x08, 0x8C, 0x9F,
    0x2E, 0x8C, 0x77, 0x4B, 0xA9, 0xAE, 0x5C, 0xF2, 0xED, 0xB9, 0x24, 0x01, 0xD9, 0x72, 0xB4, 0x02,
    0xED, 0x4F, 0x02, 0xA6, 0x87, 0x6D, 0x28, 0x97, 0x10, 0x2F, 0xA1, 0x5F, 0xC9, 0x4D, 0x9B, 0xF6,
    0x8A, 0xF1, 0x57, 0x8C, 0xBF, 0x62, 0xFC, 0x37, 0xC7, 0xF8, 0xDB, 0xDF, 0x79, 0xD3, 0x71, 0x5D,
    0xA9, 0xC9, 0xE2, 0x5F, 0xB8, 0x57, 0xE6, 0xBE, 0x6E, 0x7C, 0x47, 0x96, 0x0D, 0x57, 0x8C, 0xFF,
    0x5F, 0xFE, 0x5E, 0x38, 0x0A, 0x6C, 0xB3, 0x8F, 0xEB, 0x2D, 0xFC, 0x6B, 0xDA, 0xD8, 0x98, 0x43,
    0x80, 0x5A, 0x04, 0xE4, 0x4C, 0x34, 0xEC, 0xB9, 0x98, 0x57, 0x9D, 0xF8, 0xF1, 0x19, 0x01, 0x3F,
    0x9B, 0x77, 0x7A, 0x7D, 0xC1, 0x03, 0x3F, 0x94, 0x97, 0xC2, 0x7E, 0xCD, 0x15, 0x7D, 0x19, 0xEC,
    0x7F, 0xA6, 0x7B, 0xA7, 0xEC, 0xEB, 0xEE, 0x9D, 0xFA, 0x9D, 0x7B, 0xA7, 0x71, 0x07, 0xFB, 0xE7,
    0x78, 0xEF, 0xA4, 0xBF, 0x74, 0xEF, 0x64, 0xD6, 0xF7, 0x4E, 0x6A, 0xEF, 0xDE, 0xA9, 0xDA, 0xB9,
    0x77, 0x0A, 0x68, 0x7A, 0x1F, 0xFB, 0x97, 0x3D, 0xEC, 0x2F, 0xC3, 0xEF, 0xD0, 0x0D, 0xEC, 0xAF,
    0xB6, 0xB1, 0x5F, 0x89, 0xA7, 0xE7, 0x60, 0x3F, 0xEC, 0x61, 0x7F, 0xBD, 0x83, 0xFD, 0xDD, 0xF6,
    0xBD, 0x53, 0x23, 0x6E, 0xE4, 0x2E, 0xD3, 0xDF, 0x23, 0x2C, 0xB8, 0x4B, 0xB6, 0x91, 0xF1, 0x65,
    0x76, 0x6D, 0xBB, 0x43, 0xFD, 0x8C, 0xAE, 0xFC, 0xA9, 0xBC, 0x40, 0xAD, 0x1A, 0xFC, 0x74, 0x5E,
    0xFF, 0xD2, 0xE7, 0x4C, 0xF2, 0x64, 0x91, 0x4C, 0xEB, 0x3B, 0xFF, 0xC7, 0xB9, 0x40, 0x23, 0x17,
    0x8C, 0x6B, 0x2E, 0x30, 0x57, 0x2E, 0x78, 0x41, 0x5C, 0x20, 0x6F, 0x29, 0x33, 0x9B, 0x23, 0x1E,
    0x57, 0xAD, 0x92, 0xD2, 0x83, 0x7B, 0xD5, 0x55, 0x27, 0xE3, 0x6B, 0xB9, 0xCC, 0xC0, 0x67, 0x2F,
    0x60, 0x2D, 0xC5, 0x33, 0xB8, 0x1B, 0xCE, 0x38, 0xB0, 0x3D, 0x3C, 0x5F, 0x61, 0x3B, 0xE2, 0xC3,
    0x17, 0xB0, 0x3D, 0x47, 0x6C, 0x2F, 0x5F, 0x10, 0xB6, 0x1F, 0x9E, 0x80, 0xED, 0x7A, 0x07, 0xDB,
    0xF3, 0x33, 0xB1, 0x5D, 0xF4, 0xF5, 0xEA, 0xCC, 0xBE, 0x5E, 0xEF, 0xF5, 0xF5, 0xE3, 0xAA, 0xAF,
    0x0F, 0xA8, 0x75, 0xBF, 0xAF, 0x6F, 0xC4, 0xF5, 0x40, 0xC0, 0xF6, 0x5A, 0xF4, 0xF5, 0x65, 0x80,
    0x10, 0xC2, 0x76, 0x56, 0x4C, 0x3A, 0x7D, 0x5F, 0x3F, 0xC5, 0x62, 0x5A, 0x61, 0xFB, 0x10, 0x3B,
    0x08, 0x23, 0x3A, 0xF7, 0x46, 0xFC, 0x83, 0x20, 0x3A, 0xFD, 0x8B, 0xF5, 0xF5, 0xFB, 0xD8, 0x7E,
    0xD9, 0xBE, 0xDE, 0xBF, 0x81, 0x49, 0x0D, 0xE4, 0xE7, 0x70, 0xA0, 0xFF, 0x6F, 0xD3, 0x05, 0xF1,
    0xD5, 0xE2, 0x2C, 0x39, 0x6D, 0xAB, 0xA8, 0xE0, 0x5C, 0xBC, 0x81, 0x47, 0xC0, 0xF4, 0x41, 0xFF,
    0x2E, 0xB0, 0x5B, 0x4B, 0xEC, 0x86, 0x2B, 0x76, 0xBF, 0x20, 0xEC, 0xFE, 0x0F, 0xED, 0x59, 0xBD,
    0xAE, 0xDC, 0x44, 0x14, 0x1E, 0xDB, 0xCA, 0x5D, 0x09, 0x17, 0xAE, 0x68, 0xB8, 0x85, 0x7B, 0x1A,
    0x3F, 0x82, 0x8D, 0x52, 0xD0, 0x52, 0xC0, 0x43, 0x90, 0x14, 0xF7, 0x11, 0xD6, 0x12, 0x2F, 0xC0,
    0x23, 0x50, 0xDE, 0xDC, 0x87, 0x88, 0xDD, 0xA7, 0x71, 0x47, 0x89, 0x0B, 0x24, 0x44, 0xE7, 0xC2,
    0x48, 0x9B, 0x60, 0xFB, 0x70, 0xFE, 0xBD, 0xD9, 0x05, 0xB2, 0x1B, 0xB8, 0x52, 0x12, 0xD9, 0x4A,
    0xE4, 0x4F, 0xEB, 0x99, 0x39, 0x3F, 0xF3, 0xCD, 0x37, 0x67, 0xE6, 0x86, 0x10, 0x1E, 0x42, 0x08,
    0x9F, 0xFD, 0x14, 0xF8, 0x01, 0xFC, 0x9F, 0x0D, 0xE7, 0xB8, 0xA9, 0x42, 0x28, 0x7A, 0xC1, 0xFB,
    0x36, 0x84, 0xB2, 0x13, 0x5C, 0xE2, 0x77, 0x68, 0x05, 0xE7, 0x4B, 0xB8, 0x85, 0x4A, 0x70, 0x0A,
    0x00, 0x8B, 0xC0, 0x10, 0x23, 0x3E, 0x28, 0x0E, 0x7B, 0x80, 0xCE, 0xF0, 0x0D, 0xBC, 0x0E, 0xFF,
    0xCB, 0xF3, 0xFD, 0x11, 0x5E, 0x87, 0x47, 0x3C, 0x38, 0x8C, 0x57, 0x17, 0x42, 0x02, 0x93, 0xE3,
    0x1D, 0xCC, 0x8E, 0x33, 0x80, 0x63, 0x5C, 0x19, 0x2E, 0xDE, 0x40, 0x6D, 0xB8, 0xFC, 0xC3, 0xC2,
    0xC5, 0x58, 0x86, 0xD5, 0x58, 0xD3, 0x35, 0x6E, 0x0C, 0xDA, 0xD2, 0x70, 0x04, 0x75, 0x79, 0x70,
    0xB3, 0x55, 0x3E, 0x39, 0x0E, 0x99, 0x19, 0x4E, 0x17, 0xFA, 0xA7, 0x66, 0x27, 0xF4, 0x48, 0x31,
    0x36, 0x4E, 0xCC, 0x89, 0x72, 0xC4, 0x08, 0xDA, 0xF3, 0x9C, 0x37, 0x38, 0x27, 0xD0, 0xAF, 0x91,
    0xEF, 0x07, 0x35, 0xDB, 0x72, 0x1F, 0x89, 0x1C, 0x9D, 0x2F, 0x26, 0x33, 0xCB, 0xE3, 0xCA, 0x14,
    0x91, 0x3D, 0x31, 0xCC, 0xBE, 0xA4, 0x60, 0x66, 0x83, 0x19, 0x2E, 0x0E, 0x8C, 0x6B, 0x75, 0x41,
    0x07, 0x36, 0x33, 0x12, 0xBD, 0x98, 0x97, 0xE8, 0xE5, 0x2B, 0x47, 0x4F, 0xB3, 0x0E, 0x3A, 0xF3,
    0x89, 0xE2, 0x89, 0x13, 0x2E, 0xCF, 0x2C, 0x49, 0x96, 0xE7, 0x04, 0xBB, 0xB7, 0x68, 0x58, 0xD3,
    0xC7, 0xD1, 0xEF, 0x47, 0x8D, 0xAE, 0x33, 0x83, 0x62, 0xDE, 0x32, 0x80, 0xBF, 0x45, 0x9E, 0xA5,
    0x11, 0xFB, 0x1B, 0xA6, 0xAC, 0x56, 0x9E, 0xD5, 0xD4, 0x32, 0x8C, 0xD1, 0x67, 0x96, 0x79, 0xFC,
    0x31, 0x9F, 0x9D, 0x14, 0x55, 0xB9, 0xCE, 0x54, 0xAD, 0x89, 0x64, 0x27, 0x8E, 0x66, 0xB9, 0xFF,
    0xCF, 0xBC, 0x2D, 0xEA, 0xAB, 0xB8, 0x7A, 0x8C, 0x8F, 0xDB, 0x1C, 0xF7, 0xF5, 0x31, 0x69, 0x45,
    0xC7, 0xF7, 0xB2, 0x82, 0x93, 0x69, 0x7D, 0xA7, 0x18, 0xCC, 0x0E, 0xFB, 0xEE, 0xE8, 0xB7, 0x51,
    0x28, 0x41, 0x13, 0x16, 0x43, 0x17, 0x71, 0x48, 0x34, 0x07, 0x94, 0xB7, 0x52, 0xE6, 0x82, 0x96,
    0xB2, 0x98, 0xBA, 0x5B, 0xAA, 0x6B, 0x82, 0x7B, 0x0E, 0xBC, 0xBC, 0x79, 0xBE, 0x47, 0x19, 0x0E,
    0x25, 0x21, 0x92, 0x49, 0xAE, 0x95, 0x12, 0x7D, 0x46, 0x36, 0x77, 0x30, 0xE6, 0x6C, 0xAB, 0x99,
    0x64, 0xEA, 0xCB, 0x59, 0xA6, 0x3D, 0x5B, 0x24, 0xF7, 0x19, 0x84, 0x95, 0xB3, 0x3C, 0xE8, 0x3F,
    0xBF, 0x9F, 0xC1, 0x9B, 0x0A, 0xDF, 0xB7, 0x64, 0x0E, 0xDF, 0x0D, 0x99, 0xF9, 0x0D, 0x8C, 0x82,
    0x46, 0xB3, 0x82, 0x38, 0x74, 0x07, 0x50, 0xD2, 0x9C, 0x47, 0x0D, 0x08, 0xB5, 0x72, 0x90, 0x54,
    0xA2, 0xD3, 0xBD, 0xBE, 0xBB, 0xE3, 0x77, 0xAA, 0xEF, 0x4C, 0xDF, 0xB9, 0xB6, 0x2B, 0xB5, 0x1F,
    0x40, 0x33, 0x0A, 0xDF, 0x79, 0xDC, 0x9C, 0xEC, 0xFC, 0x88, 0x31, 0xFF, 0xA9, 0x76, 0x7F, 0x56,
    0x3F, 0xBE, 0x06, 0x4E, 0xF3, 0x8C, 0xFE, 0xE5, 0x94, 0x05, 0xF2, 0xFB, 0x39, 0xFC, 0x7E, 0x1D,
    0x7B, 0xE2, 0x83, 0x49, 0x95, 0xCE, 0xBC, 0xAA, 0x54, 0xA9, 0xB4, 0xB7, 0xB7, 0xFD, 0x6E, 0xED,
    0xB8, 0x9F, 0xAD, 0xB6, 0xD9, 0xC0, 0xF2, 0x6F, 0xA0, 0x3B, 0x15, 0xD7, 0x0F, 0x17, 0xE8, 0xD3,
    0x5E, 0x04, 0x3E, 0xBE, 0xB8, 0xD6, 0xF9, 0xDA, 0x1B, 0x28, 0x0D, 0xA4, 0x06, 0xAE, 0x16, 0xA2,
    0x97, 0xAE, 0x30, 0xAD, 0x2D, 0xB4, 0xDE, 0xC8, 0x35, 0x9C, 0x00, 0xFF, 0xE4, 0x8D, 0xAD, 0x3B,
    0x2E, 0x39, 0x96, 0x88, 0x58, 0x97, 0x3C, 0x73, 0x9B, 0x45, 0x84, 0x17, 0x21, 0xC6, 0xA2, 0x9B,
    0xC2, 0x40, 0x2B, 0x9E, 0xDA, 0x4D, 0x38, 0x2C, 0x6B, 0xCD, 0x12, 0x8A, 0x45, 0x39, 0x2A, 0xCA,
    0xBB, 0x83, 0x5A, 0x96, 0x64, 0x62, 0x9A, 0x8B, 0xE2, 0x2B, 0x2E, 0xA0, 0xC4, 0xAB, 0x0B, 0xD0,
    0x69, 0x7E, 0xFE, 0x16, 0xE8, 0x73, 0x19, 0xB8, 0x6A, 0x2E, 0xC4, 0xFA, 0x43, 0xED, 0x6E, 0x34,
    0xE6, 0x98, 0xF8, 0x8C, 0xAE, 0x4A, 0x14, 0xE8, 0xBC, 0xC5, 0x55, 0x69, 0xA4, 0x80, 0xA1, 0xBD,
    0xA6, 0xDA, 0x67, 0xB6, 0x6C, 0x8C, 0x6B, 0x7E, 0xD6, 0x8C, 0x45, 0x96, 0xC3, 0x70, 0xD3, 0xC0,
    0x8B, 0xEB, 0x45, 0xC1, 0x57, 0xBB, 0x2F, 0x7F, 0xD7, 0x83, 0x15, 0xF8, 0x27, 0x6F, 0xEC, 0xDD,
    0x6F, 0xE1, 0x57, 0xDD, 0x53, 0xB5, 0x28, 0x8A, 0x75, 0x5B, 0x60, 0x41, 0x17, 0x31, 0x9C, 0x75,
    0xE3, 0xC1, 0x6D, 0x44, 0x0A, 0x1E, 0xDC, 0x63, 0xBC, 0xF2, 0x71, 0xA0, 0x25, 0x09, 0x6D, 0x30,
    0x66, 0xCC, 0x1C, 0x32, 0xA2, 0xC2, 0x18, 0xD6, 0x4D, 0xDE, 0xEB, 0x94, 0xB7, 0xC0, 0xE5, 0xCF,
    0xA6, 0x6C, 0x9F, 0xB6, 0xB2, 0xDD, 0xE1, 0x8E, 0xAA, 0x84, 0x9C, 0xFC, 0xAC, 0x11, 0x74, 0x37,
    0xD6, 0xB2, 0x75, 0x54, 0x6D, 0xC2, 0x63, 0x8A, 0x82, 0xD6, 0x4B, 0x66, 0x07, 0x5E, 0x2A, 0x7A,
    0x6D, 0x58, 0x18, 0xDB, 0xAC, 0xB8, 0x4A, 0x4C, 0xEB, 0x52, 0x6B, 0xE2, 0x55, 0x7B, 0x66, 0xB5,
    0xD8, 0x93, 0x6F, 0x2F, 0xE7, 0xE6, 0xA6, 0x90, 0x8F, 0xAA, 0x90, 0x3E, 0x4B, 0x7B, 0xCC, 0x03,
    0x15, 0xC0, 0x11, 0x71, 0x84, 0x2B, 0x5F, 0xEA, 0x43, 0x07, 0xD8, 0xDD, 0x9C, 0x40, 0xB7, 0xC7,
    0x71, 0xD2, 0x03, 0x8D, 0xD9, 0xB2, 0x68, 0x15, 0xCC, 0x1B, 0xEC, 0x90, 0xFA, 0x69, 0xB0, 0xE9,
    0x37, 0xD9, 0xD9, 0x64, 0x67, 0x95, 0x9D, 0x62, 0x36, 0xD1, 0x40, 0xCE, 0x7C, 0x59, 0xF3, 0x36,
    0x38, 0x90, 0xAC, 0xD0, 0x59, 0x60, 0x0A, 0x0D, 0xFE, 0x92, 0x8F, 0x19, 0x7C, 0x05, 0x7C, 0x51,
    0x12, 0x0B, 0x45, 0xF1, 0x73, 0xC3, 0x8C, 0xC2, 0x0E, 0x85, 0x6D, 0x72, 0x37, 0x50, 0x5F, 0xBD,
    0xA7, 0x6D, 0xBA, 0xF1, 0xF8, 0x95, 0x55, 0xEC, 0xD8, 0xEF, 0x04, 0x82, 0xDF, 0xD7, 0xAC, 0xE5,
    0x4C, 0x68, 0xFC, 0xCE, 0xC7, 0x27, 0x32, 0xF6, 0x2A, 0x25, 0x11, 0x9A, 0x44, 0x2F, 0x42, 0x76,
    0x58, 0xEF, 0x30, 0xB4, 0xEC, 0xE9, 0xBC, 0x22, 0xF3, 0xDA, 0xE8, 0x97, 0xC9, 0x68, 0xF5, 0xC3,
    0x62, 0x5B, 0x4E, 0x64, 0xE7, 0xB5, 0xC9, 0x6C, 0x15, 0x56, 0x60, 0x85, 0x7D, 0x6F, 0x1B, 0x0F,
    0xC6, 0xBC, 0x5B, 0xAC, 0x44, 0x8A, 0x59, 0xF8, 0x38, 0x82, 0x67, 0x55, 0x78, 0x8F, 0xC7, 0x57,
    0x83, 0xA3, 0xE5, 0x5D, 0xA8, 0x3B, 0xBF, 0x71, 0xFB, 0x88, 0x90, 0x29, 0xD6, 0xE5, 0xE8, 0x93,
    0x88, 0xF7, 0x78, 0x7E, 0x5D, 0xEF, 0x82, 0x0B, 0x5E, 0x38, 0x3B, 0x42, 0x7E, 0x71, 0x7F, 0x56,
    0xCF, 0xF7, 0x27, 0x75, 0x54, 0x6C, 0xBB, 0x6E, 0xE2, 0x77, 0x69, 0xB6, 0x6C, 0x32, 0x59, 0x67,
    0xF7, 0xA1, 0x18, 0x54, 0x83, 0x3E, 0xAF, 0xE4, 0x04, 0x52, 0xDB, 0xE9, 0xA2, 0x53, 0xFE, 0xEB,
    0xC5, 0xDA, 0x0E, 0x94, 0xDF, 0xD9, 0x24, 0xF4, 0x0E, 0xE5, 0xA8, 0x06, 0x70, 0x4B, 0xE6, 0xD6,
    0xB4, 0x3E, 0xD8, 0x1B, 0x62, 0x3E, 0xAF, 0x50, 0xEA, 0xC2, 0xAD, 0x9F, 0x7C, 0x83, 0x9F, 0xBF,
    0xDB, 0xE4, 0xF5, 0x83, 0x93, 0x57, 0xBF, 0xE0, 0xF6, 0x1B, 0xED, 0xB5, 0x1E, 0x77, 0x41, 0x75,
    0x8A, 0x65, 0xE3, 0x29, 0x91, 0x92, 0xC5, 0x3A, 0x3F, 0x48, 0xA1, 0x67, 0x7F, 0x73, 0x30, 0x29,
    0x2D, 0xAD, 0x64, 0x87, 0x57, 0xB3, 0xB2, 0xF2, 0xA9, 0xA8, 0x32, 0x12, 0x43, 0x5A, 0x23, 0x4B,
    0x84, 0xBB, 0x68, 0x87, 0x2F, 0xB6, 0xC9, 0x32, 0xD7, 0xF3, 0x74, 0x45, 0xCE, 0x27, 0x4D, 0xBA,
    0x87, 0x8B, 0xD6, 0x0B, 0xFE, 0xAD, 0x04, 0xDC, 0x4A, 0xC0, 0xB7, 0x04, 0x31, 0xF7, 0xDB, 0x95,
    0xF9, 0xF4, 0x82, 0x22, 0x3E, 0x27, 0x76, 0xE9, 0x1B, 0xBE, 0x13, 0xFB, 0xA0, 0x17, 0x27, 0xF1,
    0xBD, 0xB0, 0x37, 0x9C, 0xDC, 0xC8, 0xE8, 0x7D, 0x32, 0x8E, 0x96, 0xCB, 0x1A, 0x48, 0x67, 0x5D,
    0x03, 0xF9, 0x41, 0x4D, 0x95, 0x83, 0x16, 0x08, 0xD8, 0x87, 0xF9, 0x4C, 0x96, 0x8B, 0x51, 0x98,
    0x2E, 0xD5, 0x01, 0xEB, 0x21, 0x84, 0xF7, 0x7E, 0x36, 0x3D, 0x7C, 0x44, 0x3D, 0xFC, 0x0B, 0xED,
    0x58, 0x3B, 0x92, 0xD4, 0x48, 0x10, 0x2D, 0xA9, 0x83, 0x56, 0xC4, 0xB4, 0x21, 0x0B, 0x67, 0x31,
    0xE4, 0xE3, 0xE8, 0x08, 0xA5, 0xD8, 0x13, 0x60, 0x30, 0xE7, 0xE0, 0x08, 0x92, 0x87, 0xCB, 0x11,
    0x30, 0x30, 0x60, 0x0E, 0x81, 0xB4, 0xC1, 0x01, 0xE8, 0x23, 0xB4, 0x31, 0xCE, 0x5A, 0x5B, 0x86,
    0x0C, 0x2D, 0x21, 0x29, 0x37, 0x2B, 0x7F, 0xD2, 0x74, 0xC3, 0xC6, 0xF4, 0x04, 0x31, 0x31, 0x10,
    0x2D, 0x60, 0x78, 0x1A, 0x65, 0xFD, 0xB2, 0x5E, 0xBE, 0xCC, 0x2A, 0xE7, 0xE2, 0xD3, 0xCE, 0x15,
    0xFD, 0x9F, 0x01, 0x1C, 0x08, 0x14, 0x00, 0x3D, 0x81, 0x32, 0xEC, 0x46, 0x02, 0xBE, 0xDB, 0x30,
    0x78, 0xD9, 0x08, 0x40, 0x73, 0x05, 0xC5, 0x20, 0xA0, 0xE5, 0xE6, 0x6E, 0x03, 0x0D, 0x03, 0x6E,
    0xBD, 0x99, 0x5D, 0x1E, 0x22, 0xC8, 0xA1, 0xBA, 0x7A, 0x4F, 0xFD, 0xC2, 0x9E, 0x0D, 0x6A, 0x08,
    0x0C, 0xE0, 0x2B, 0xF7, 0x96, 0x42, 0x36, 0x73, 0xEF, 0x53, 0xCA, 0xBD, 0x60, 0xEF, 0x6C, 0xED,
    0x43, 0xFC, 0x1B, 0x87, 0xE9, 0x5C, 0x1E, 0xAD, 0x13, 0xA8, 0x70, 0xCE, 0x3C, 0x80, 0x4B, 0x75,
    0xCC, 0xB3, 0x1F, 0x90, 0x67, 0x52, 0x30, 0xFF, 0x1F, 0xD8, 0x6B, 0xAB, 0xA7, 0x0F, 0xE4, 0xE9,
    0xEE, 0x01, 0x9A, 0x5F, 0x70, 0x5D, 0xCB, 0x7E, 0xD5, 0x0A, 0xBC, 0x82, 0x9D, 0x02, 0x21, 0xD5,
    0xBF, 0x4E, 0x89, 0xDD, 0x08, 0xEF, 0xA4, 0xBB, 0xB6, 0x2B, 0x99, 0x81, 0x20, 0x1C, 0x75, 0x37,
    0x0A, 0xD0, 0x5C, 0x41, 0x2D, 0xC4, 0x4E, 0xA1, 0x13, 0x62, 0xCF, 0xF2, 0xA5, 0xA4, 0x40, 0xD9,
    0x0D, 0x18, 0x21, 0xF4, 0x3A, 0x61, 0x84, 0xF0, 0x00, 0x36, 0xDB, 0x4E, 0x9A, 0xD6, 0x41, 0x88,
    0x2D, 0xF1, 0x92, 0x0F, 0xBB, 0x89, 0x83, 0x2B, 0x6C, 0x40, 0x26, 0xE3, 0xC8, 0x3A, 0x12, 0x9B,
    0xAC, 0xE3, 0xEF, 0xCB, 0x68, 0x1D, 0xF9, 0x9E, 0x47, 0xEB, 0x67, 0xAF, 0xF0, 0xF3, 0xF5, 0xD9,
    0x1C, 0x7F, 0x81, 0xAE, 0xA8, 0x68, 0x16, 0xC0, 0xB1, 0x5D, 0x90, 0x7B, 0xE2, 0x98, 0x04, 0xF6,
    0xFC, 0x05, 0x30, 0x1C, 0xB3, 0xF8, 0x3D, 0x85, 0x11, 0xA3, 0x35, 0xCE, 0xC5, 0xCF, 0xAE, 0x9C,
    0x39, 0x78, 0x9D, 0x1F, 0x59, 0x26, 0x9A, 0xBA, 0xE7, 0x30, 0xEF, 0xDA, 0x20, 0x6E, 0xE1, 0x38,
    0x4E, 0x10, 0x1C, 0x64, 0xB7, 0xC4, 0xC1, 0xDF, 0x05, 0xF2, 0xDC, 0x0F, 0x9C, 0xC5, 0x0D, 0x1E,
    0xFD, 0xA6, 0xB1, 0x69, 0xB4, 0x3A, 0x31, 0x9E, 0x33, 0x4E, 0x95, 0x57, 0x81, 0x93, 0xD7, 0x75,
    0x55, 0xB2, 0x52, 0xC0, 0xA5, 0x21, 0x51, 0xB6, 0x30, 0xA9, 0x37, 0xFA, 0xC5, 0x3F, 0x8B, 0xC7,
    0x12, 0xF5, 0xA1, 0xDB, 0xB6, 0xF0, 0x89, 0x86, 0xD9, 0x42, 0x25, 0x74, 0xC0, 0x71, 0x89, 0x09,
    0x2D, 0x3A, 0x30, 0x82, 0x04, 0xFE, 0x9C, 0x5D, 0x8B, 0x94, 0x48, 0x67, 0x57, 0xFF, 0x15, 0xCD,
    0x50, 0x3F, 0x0B, 0xE2, 0x25, 0x82, 0x0C, 0x4C, 0x3A, 0xF7, 0x3F, 0xDA, 0x3A, 0xDD, 0x6C, 0x13,
    0xD5, 0x5C, 0xD6, 0x86, 0x83, 0xF5, 0xD2, 0xF8, 0x1F, 0x16, 0xCF, 0x04, 0xBE, 0x80, 0xD8, 0x26,
    0x4C, 0x3B, 0xE4, 0x0D, 0x8B, 0x32, 0xF2, 0x94, 0x88, 0x14, 0x5F, 0x89, 0x48, 0xD1, 0x80, 0x68,
    0x17, 0x7F, 0x90, 0x75, 0xF2, 0x3A, 0x8E, 0x56, 0x5D, 0xC4, 0xF3, 0x5C, 0xF1, 0xEC, 0x7E, 0x5F,
    0xF1, 0x7C, 0x31, 0x29, 0x3F, 0x91, 0x7D, 0xC0, 0x02, 0x12, 0x08, 0x64, 0xD3, 0x6E, 0x48, 0x67,
    0xD2, 0xBE, 0x04, 0xB2, 0x68, 0x86, 0xB2, 0x59, 0x13, 0x9F, 0x11, 0x14, 0x60, 0x8A, 0xF9, 0x23,
    0x42, 0x11, 0xDD, 0x88, 0xA3, 0xAA, 0xA5, 0x5E, 0x6D, 0x5B, 0xD1, 0xCC, 0x04, 0x38, 0x7A, 0x91,
    0xA3, 0xB9, 0x68, 0xE6, 0x98, 0x4D, 0xA2, 0xBB, 0xD2, 0x33, 0x4A, 0x33, 0x5B, 0xE3, 0x4F, 0xAF,
    0x9A, 0x49, 0x0A, 0x1B, 0xD5, 0x95, 0x14, 0xF6, 0xEA, 0x03, 0xCE, 0xE3, 0xE6, 0xA2, 0x99, 0x4F,
    0x4B, 0x33, 0x5D, 0xF2, 0xC9, 0x94, 0xAD, 0x52, 0x65, 0xEB, 0x54, 0xD9, 0xC2, 0xB1, 0xB2, 0xBD,
    0x9D, 0xC5, 0x56, 0xF6, 0x1D, 0x95, 0x8D, 0xAD, 0x51, 0xD9, 0xB8, 0x2C, 0x44, 0x26, 0x14, 0xA3,
    0x30, 0x81, 0xF2, 0x73, 0x64, 0x02, 0xF5, 0xBD, 0x8D, 0x23, 0xDD, 0x5C, 0x94, 0xED, 0xA2, 0x6C,
    0x77, 0xCA, 0xC2, 0x73, 0x9E, 0xCF, 0xC6, 0x55, 0xAD, 0x00, 0x55, 0xE1, 0x72, 0xE5, 0xAA, 0x01,
    0xFB, 0x64, 0xC6, 0xD6, 0x7C, 0xFB, 0x51, 0x4B, 0xCB, 0x13, 0xD1, 0xD3, 0x8A, 0x74, 0x29, 0x14,
    0xE7, 0x7C, 0x54, 0xD1, 0x9B, 0xA5, 0x50, 0x14, 0xF2, 0x63, 0xB5, 0x20, 0x85, 0x62, 0xB3, 0x12,
    0xBD, 0x51, 0x0A, 0x45, 0x22, 0xFF, 0xA5, 0x50, 0x7C, 0x92, 0xA2, 0x77, 0x9F, 0x27, 0xD5, 0xA2,
    0x30, 0xD7, 0x43, 0x44, 0xA9, 0xB5, 0x9F, 0x57, 0x46, 0xF9, 0x45, 0x2A, 0x9B, 0x23, 0x63, 0x6E,
    0x9E, 0xE0, 0xA9, 0x1E, 0xE9, 0x1E, 0x4A, 0x80, 0x11, 0x03, 0x61, 0x6A, 0xF7, 0x39, 0x40, 0xB5,
    0xC1, 0x89, 0xB1, 0x2C, 0x3A, 0x3A, 0x3A, 0xE3, 0x79, 0xC5, 0xB5, 0x03, 0xBE, 0x62, 0x55, 0x88,
    0x1D, 0xC5, 0x57, 0x8F, 0xCD, 0x3D, 0xCE, 0xFA, 0xF9, 0xAB, 0xD3, 0x99, 0xBD, 0xFC, 0xC0, 0xDF,
    0x7E, 0xA7, 0x7F, 0xA7, 0x7E, 0x9A, 0xD5, 0x4F, 0xD7, 0xE6, 0xA7, 0x18, 0xAE, 0xF5, 0x88, 0xBB,
    0x1D, 0xD8, 0x4F, 0xB3, 0xB4, 0x0F, 0x4E, 0x92, 0xCF, 0xE9, 0xF3, 0x04, 0xD7, 0x7A, 0xF5, 0xB1,
    0x18, 0x1F, 0xE7, 0xCF, 0xE2, 0x86, 0xDD, 0xC1, 0x8F, 0x2D, 0x25, 0xCA, 0x76, 0xF6, 0xE3, 0xEE,
    0x70, 0xFC, 0xBE, 0x76, 0xD9, 0x63, 0x8C, 0x8F, 0xBF, 0x7A, 0x83, 0x2F, 0xB7, 0xA2, 0xD4, 0x74,
    0xF9, 0xE1, 0x4C, 0xDE, 0x06, 0xBE, 0x06, 0xA3, 0xA7, 0xD2, 0x50, 0xA6, 0xA8, 0xAE, 0x49, 0x28,
    0xE2, 0x91, 0x2B, 0x81, 0x89, 0x95, 0x62, 0x42, 0x7A, 0x04, 0x89, 0x46, 0xEC, 0xAA, 0x93, 0x30,
    0x6C, 0x34, 0x12, 0x51, 0x39, 0x0A, 0xA9, 0x9F, 0x13, 0xD8, 0x7B, 0x9D, 0x14, 0x04, 0x6F, 0xA7,
    0xBE, 0x50, 0x07, 0xA3, 0x4B, 0x6B, 0x70, 0xD0, 0x04, 0xE2, 0xCA, 0x71, 0x0D, 0xF7, 0xA7, 0xB0,
    0xF8, 0xA5, 0xE1, 0x77, 0x97, 0xD9, 0x1A, 0x1C, 0x56, 0x2E, 0x59, 0x39, 0x6A, 0xE5, 0xBE, 0x95,
    0x53, 0x35, 0xA3, 0xA6, 0x80, 0x4A, 0xA7, 0x17, 0x9A, 0x5D, 0x66, 0xDB, 0x82, 0x31, 0xDD, 0x3B,
    0xBD, 0x9A, 0xE1, 0x0A, 0x20, 0x26, 0x2F, 0x7C, 0xBD, 0x25, 0x4E, 0x84, 0x65, 0xBB, 0xBB, 0xB8,
    0x77, 0xA0, 0x32, 0x2E, 0xD4, 0xE8, 0x17, 0xC2, 0x70, 0xEF, 0x7F, 0xB4, 0xF0, 0xED, 0xDD, 0x43,
    0x2E, 0x1C, 0x3F, 0x1B, 0x5A, 0x0A, 0x84, 0xA5, 0x68, 0x58, 0x15, 0x12, 0x77, 0xE0, 0xCA, 0x60,
    0xD5, 0xCC, 0x3A, 0xBB, 0x93, 0xB8, 0x27, 0x4B, 0xDC, 0x8D, 0x4E, 0x3F, 0x68, 0xAA, 0x92, 0x5B,
    0x07, 0x4C, 0x4E, 0x92, 0xB8, 0x0B, 0xA8, 0x38, 0xC1, 0x65, 0x9A, 0xF2, 0xD0, 0x85, 0x9C, 0x04,
    0x31, 0x4D, 0xCA, 0x16, 0xB4, 0x41, 0x86, 0xAF, 0x15, 0xF8, 0x5E, 0x76, 0xF2, 0x91, 0x81, 0x8C,
    0x1E, 0xC4, 0x33, 0x75, 0xB0, 0x19, 0xDA, 0x9C, 0x6D, 0x15, 0x05, 0xB0, 0xE7, 0x3A, 0x5E, 0x69,
    0x09, 0x95, 0x24, 0xEE, 0x99, 0x93, 0x33, 0x30, 0x01, 0xE2, 0x73, 0x50, 0x8F, 0x55, 0x92, 0xB8,
    0x07, 0x49, 0xDC, 0x7F, 0x3F, 0x72, 0xE2, 0xE6, 0xCD, 0xBC, 0x75, 0x76, 0xF0, 0xB6, 0xCF, 0xA0,
    0x77, 0x89, 0x24, 0x51, 0x12, 0x46, 0x78, 0xC2, 0xB5, 0x02, 0xB4, 0xB7, 0x64, 0x94, 0x87, 0x75,
    0x5E, 0x5A, 0x41, 0x0B, 0xA3, 0x28, 0x49, 0x0B, 0xB5, 0x8C, 0x4F, 0x7E, 0x29, 0x8D, 0xED, 0x6E,
    0x2A, 0x7A, 0xD2, 0x1D, 0x9F, 0xD5, 0xB8, 0x86, 0xD0, 0xBE, 0xAE, 0x1F, 0x12, 0x07, 0x17, 0x1D,
    0xBE, 0xE8, 0xF0, 0xCF, 0xD5, 0xE1, 0x37, 0xF0, 0x4E, 0x43, 0x65, 0x34, 0x62, 0xE9, 0xCD, 0x3F,
    0x9B, 0x97, 0xBD, 0x5C, 0xA4, 0x7A, 0x39, 0x43, 0xC5, 0x6B, 0x5A, 0xE3, 0xBF, 0x82, 0x64, 0x89,
    0x34, 0xBB, 0xD9, 0x3D, 0x0A, 0x8B, 0x8D, 0xBA, 0x6A, 0x67, 0xD7, 0x17, 0x7A, 0x59, 0x96, 0xAB,
    0x37, 0x9E, 0xBD, 0x7E, 0xE0, 0xC9, 0xEB, 0x22, 0xE0, 0x3F, 0x57, 0xC0, 0xFF, 0x03, 0xED, 0x58,
    0x31, 0x72, 0xD5, 0x30, 0x10, 0x95, 0xED, 0x49, 0x3C, 0x13, 0x17, 0xEA, 0xA1, 0x70, 0x9F, 0xC6,
    0x47, 0x90, 0x87, 0x86, 0x92, 0x26, 0x9C, 0x83, 0x23, 0xF8, 0xDF, 0x20, 0x1C, 0x81, 0x32, 0x49,
    0xC3, 0x0D, 0xB0, 0x67, 0x38, 0x00, 0xFF, 0x06, 0xFC, 0x22, 0x0D, 0x43, 0x11, 0x17, 0x2E, 0x0C,
    0x63, 0x7B, 0x59, 0x49, 0xBB, 0x2B, 0xE5, 0xE7, 0x07, 0x98, 0x30, 0x30, 0x9F, 0x19, 0xAB, 0x08,
    0xFB, 0xB1, 0xB5, 0x5A, 0xED, 0xEE, 0x7B, 0x7E, 0x92, 0x52, 0x7E, 0x9C, 0x5D, 0x2B, 0x1E, 0x7A,
    0x12, 0xD3, 0xF4, 0x62, 0x36, 0x3B, 0x31, 0xA1, 0x63, 0x2B, 0x05, 0xF9, 0xCF, 0x6C, 0x11, 0xB3,
    0x20, 0x07, 0xE9, 0x8D, 0xD2, 0xE4, 0xA0, 0x80, 0x9A, 0x9F, 0x96, 0xB0, 0x15, 0xF7, 0x20, 0xFE,
    0xE1, 0xD3, 0x24, 0x3E, 0x5F, 0xB2, 0xAB, 0x7C, 0x49, 0x79, 0x9E, 0x1E, 0x65, 0x59, 0x0C, 0x8A,
    0xE3, 0x6A, 0xB7, 0xAA, 0x1C, 0x69, 0xD6, 0x46, 0x15, 0x7E, 0x5E, 0x8E, 0x41, 0x65, 0x7E, 0x5E,
    0x72, 0x81, 0x7F, 0x5E, 0xAB, 0x3F, 0x19, 0x6F, 0x00, 0xE0, 0x96, 0xF6, 0x60, 0xC7, 0xC6, 0xAD,
    0xEB, 0xCC, 0xD1, 0x2D, 0xE6, 0x47, 0x6D, 0x37, 0xE6, 0x07, 0x6E, 0xAF, 0x01, 0x9B, 0xAD, 0x0A,
    0x06, 0x95, 0xC0, 0xEC, 0x02, 0xC1, 0x7F, 0x32, 0xDA, 0xAD, 0x01, 0x74, 0xE5, 0xF7, 0xA2, 0x61,
    0xA3, 0x29, 0x85, 0x19, 0x74, 0xE5, 0xEC, 0xCD, 0x04, 0xB6, 0x86, 0xB3, 0x01, 0xBD, 0x19, 0xC9,
    0x6C, 0xFB, 0x86, 0xD3, 0x65, 0x86, 0x56, 0xCC, 0x11, 0xB8, 0x32, 0xD5, 0x14, 0x9B, 0xDB, 0x87,
    0x66, 0xF9, 0x5F, 0x9B, 0x07, 0xB7, 0xD9, 0x8A, 0x39, 0x46, 0x29, 0x89, 0x12, 0x15, 0xA5, 0x2F,
    0x4A, 0x6A, 0xB9, 0x70, 0xB3, 0x6D, 0x35, 0xB5, 0x58, 0x0E, 0x5D, 0x2E, 0x65, 0xA9, 0x33, 0xAC,
    0x9D, 0x6B, 0x7B, 0x2C, 0x0F, 0x2C, 0xFE, 0xD5, 0xC9, 0xFE, 0xBC, 0x75, 0x3D, 0xD1, 0x87, 0x72,
    0x77, 0xB6, 0x76, 0x7E, 0x84, 0xD6, 0x18, 0x42, 0xC3, 0x78, 0xEF, 0xCF, 0x5A, 0xF8, 0xFE, 0x36,
    0x74, 0xD5, 0xD9, 0x95, 0x84, 0xBD, 0x0F, 0xB5, 0x96, 0xB7, 0xEC, 0x5B, 0x2D, 0x02, 0x59, 0x36,
    0xDF, 0x03, 0x58, 0x7A, 0xAD, 0xCA, 0xDE, 0x87, 0xAB, 0x4E, 0xDC, 0x2A, 0x15, 0x43, 0xA4, 0xE1,
    0x0C, 0xC1, 0xDD, 0x48, 0xDD, 0xA5, 0xFD, 0xE4, 0x62, 0xCE, 0xBC, 0xBB, 0x92, 0x01, 0x85, 0xB9,
    0xF2, 0xD8, 0xC6, 0x9F, 0xD5, 0xA0, 0x3C, 0x76, 0x1C, 0x07, 0x58, 0x3C, 0xB9, 0xB7, 0x4F, 0x9E,
    0x06, 0xA3, 0xE7, 0x00, 0x4B, 0xED, 0x36, 0x80, 0x63, 0x56, 0x9C, 0xB2, 0x0D, 0x27, 0xA9, 0xF7,
    0x4F, 0x00, 0x13, 0x9B, 0x5B, 0x30, 0x25, 0x98, 0x41, 0xED, 0x82, 0x2A, 0xA1, 0xAE, 0x16, 0x2A,
    0x8A, 0xAF, 0x1A, 0x16, 0xAA, 0xF1, 0x15, 0x81, 0x1D, 0x15, 0xBA, 0xED, 0x69, 0x97, 0x0D, 0x1B,
    0x66, 0xA0, 0x7E, 0xF9, 0xC7, 0x06, 0xAD, 0xDE, 0x13, 0xC0, 0x9B, 0x5E, 0x22, 0x94, 0x98, 0x65,
    0x17, 0x25, 0xF8, 0xD6, 0xE8, 0xFC, 0x4E, 0x2B, 0xA8, 0x73, 0xF8, 0xA6, 0xD4, 0x29, 0x36, 0x59,
    0xC2, 0xD9, 0xC0, 0xFA, 0xD9, 0xB1, 0xE3, 0x8C, 0xD5, 0xCA, 0x3F, 0x73, 0xB5, 0x3C, 0x6D, 0xE1,
    0x4B, 0xE0, 0xEA, 0x39, 0x10, 0x70, 0xE0, 0xE2, 0x84, 0x5B, 0xE7, 0x1E, 0x59, 0x2B, 0x13, 0x28,
    0xBC, 0x0A, 0xC4, 0xAE, 0xC7, 0xE0, 0x62, 0x16, 0x57, 0x09, 0x7D, 0x0F, 0x74, 0x98, 0x5F, 0x09,
    0xEC, 0x30, 0xBE, 0xE1, 0x21, 0x71, 0x67, 0x20, 0x21, 0x14, 0xB3, 0x84, 0x80, 0x7D, 0xC6, 0x1D,
    0xDD, 0x04, 0xE2, 0x46, 0xAF, 0xF4, 0x99, 0xB1, 0xDD, 0x96, 0xFB, 0x79, 0xB6, 0xDF, 0xD2, 0x28,
    0x74, 0xB5, 0x12, 0xF7, 0x4A, 0xDC, 0x47, 0x45, 0xDC, 0x22, 0x8D, 0xF2, 0xE5, 0x01, 0xEA, 0x04,
    0x28, 0xCD, 0x76, 0x9F, 0xD2, 0x35, 0xA3, 0x25, 0x9F, 0x68, 0x72, 0x7A, 0x4D, 0xE1, 0xB2, 0x10,
    0xA2, 0x39, 0x2D, 0xB5, 0x5A, 0x02, 0x97, 0x0C, 0x0F, 0x5A, 0x4A, 0x4F, 0xA4, 0x85, 0x90, 0xA3,
    0xFD, 0x52, 0x98, 0x41, 0xB7, 0x42, 0x82, 0x3F, 0x9D, 0x0A, 0xB2, 0xB1, 0x14, 0x33, 0xB1, 0x42,
    0x16, 0x14, 0xD7, 0x4A, 0xDC, 0xC7, 0x47, 0xDC, 0xAA, 0x5D, 0xB8, 0x3E, 0x39, 0x08, 0x2C, 0x4A,
    0x10, 0x62, 0xAD, 0x7A, 0x96, 0xD1, 0xCA, 0x74, 0x19, 0x9B, 0xE7, 0x9B, 0x2C, 0xA8, 0xF3, 0x3C,
    0x98, 0x65, 0x20, 0x71, 0x41, 0x53, 0xCC, 0xA5, 0xC5, 0x2C, 0x2A, 0x9D, 0x25, 0x39, 0x36, 0xDF,
    0xD9, 0x3B, 0x66, 0xF6, 0x2E, 0x30, 0x7B, 0x90, 0xE4, 0x9F, 0x47, 0x69, 0xF2, 0x62, 0x11, 0x47,
    0xD2, 0x58, 0xE5, 0xA3, 0x92, 0x7C, 0xFA, 0x89, 0x24, 0xF7, 0x5A, 0xA2, 0x5E, 0x99, 0x7D, 0x65,
    0xF6, 0xA3, 0x92, 0xE4, 0xED, 0x2C, 0x68, 0xEC, 0x18, 0x8B, 0x3D, 0x21, 0xB1, 0xA4, 0x2E, 0xE9,
    0x8A, 0x81, 0x50, 0x58, 0x0C, 0xFB, 0xD4, 0xCE, 0xFD, 0x9F, 0x70, 0x7E, 0x0A, 0xFE, 0x32, 0x38,
    0x51, 0x6D, 0xB5, 0x95, 0xD9, 0xD2, 0x4E, 0xCE, 0x37, 0x7B, 0x6A, 0xBD, 0xBF, 0x8F, 0x38, 0xC4,
    0xDB, 0x63, 0x6A, 0xDD, 0x44, 0x6A, 0xBD, 0x1C, 0x5C, 0x0E, 0x6A, 0x7F, 0x1E, 0xC8, 0x57, 0xB5,
    0x7E, 0xD4, 0xA4, 0x5F, 0x84, 0x0B, 0x12, 0x83, 0x2F, 0x53, 0x77, 0xE0, 0x6B, 0x09, 0x50, 0xDF,
    0xA7, 0x40, 0x97, 0x28, 0xD8, 0x2B, 0x0D, 0xD0, 0xF7, 0x7F, 0x42, 0xAF, 0x87, 0x18, 0xFD, 0xF0,
    0xB8, 0x38, 0x74, 0x1C, 0xD0, 0x61, 0x56, 0x15, 0x2E, 0x5F, 0x62, 0xA6, 0xBF, 0x0C, 0x1A, 0x3E,
    0x0F, 0x4C, 0x9F, 0x1E, 0x66, 0x7A, 0x46, 0x32, 0xBA, 0xAA, 0xC2, 0xE5, 0x0B, 0x9D, 0x44, 0x3C,
    0xD3, 0x2B, 0xF5, 0xF4, 0x3E, 0x5C, 0x99, 0x7E, 0x65, 0xFA, 0xBF, 0xC6, 0xF4, 0xD2, 0xDD, 0x06,
    0xA7, 0x02, 0x2B, 0x6E, 0x70, 0x75, 0x7F, 0x31, 0x25, 0xF6, 0x69, 0xBA, 0xA8, 0xD6, 0x1D, 0x84,
    0x11, 0x7A, 0xC6, 0xB5, 0x19, 0x1A, 0x1A, 0x84, 0xDE, 0x1F, 0x93, 0x2E, 0xC9, 0x85, 0xE8, 0x39,
    0xB5, 0x77, 0x76, 0x36, 0x9C, 0xB3, 0xF6, 0x6E, 0xA0, 0x9D, 0xBF, 0x9A, 0xE8, 0x5D, 0x02, 0x8B,
    0x9E, 0xE8, 0xC4, 0x6C, 0x06, 0x3A, 0x2F, 0x5B, 0x79, 0xEF, 0x09, 0x9E, 0xCE, 0xCA, 0xD6, 0xAF,
    0xF3, 0x6D, 0xEF, 0x6A, 0xD3, 0x9B, 0x7A, 0x25, 0xF8, 0x23, 0x53, 0xF5, 0xC9, 0x4D, 0xC4, 0xBE,
    0x5D, 0x60, 0xDF, 0x5D, 0x60, 0x5F, 0xB9, 0x36, 0x69, 0xBE, 0x4E, 0x72, 0x59, 0xF3, 0x11, 0x02,
    0x67, 0x33, 0x55, 0x23, 0x9D, 0xF2, 0x39, 0x12, 0x49, 0x96, 0xAF, 0x6B, 0x10, 0x5A, 0x74, 0x04,
    0xB5, 0x87, 0x3E, 0xFE, 0x5A, 0x60, 0x40, 0x49, 0x7C, 0xDF, 0xBD, 0x8A, 0xEB, 0x95, 0x72, 0x8F,
    0xEC, 0xBE, 0xFB, 0xF7, 0xC7, 0x87, 0x43, 0x18, 0x2A, 0x02, 0x86, 0x74, 0x90, 0x2D, 0x91, 0x19,
    0xBD, 0x10, 0x4D, 0x0B, 0xCE, 0xD2, 0x2B, 0x99, 0x23, 0x58, 0xDC, 0xF0, 0x95, 0xCB, 0x8E, 0xBA,
    0xF0, 0xFD, 0xC0, 0x77, 0xE5, 0x13, 0x71, 0x32, 0x91, 0x73, 0x35, 0x10, 0x39, 0xA3, 0xF4, 0x6E,
    0x59, 0x7D, 0x9B, 0x81, 0x54, 0x96, 0xBF, 0x2B, 0x9F, 0x89, 0x9C, 0x57, 0xF5, 0x7D, 0xB4, 0x57,
    0x2E, 0xBF, 0x1A, 0xE9, 0xF8, 0x68, 0x93, 0x98, 0xF0, 0x29, 0xEF, 0xF6, 0x1E, 0xC9, 0xCB, 0x7E,
    0xFA, 0x0F, 0xED, 0x59, 0x3D, 0xAE, 0x9C, 0x30, 0x10, 0x36, 0x8B, 0xF2, 0x90, 0x42, 0x41, 0x95,
    0x26, 0xAF, 0xA0, 0x7F, 0x8D, 0x8F, 0x00, 0xB9, 0x41, 0x8A, 0x97, 0x73, 0xBC, 0x23, 0xC0, 0x11,
    0xF6, 0x08, 0x5B, 0x46, 0x39, 0x44, 0xF0, 0x11, 0x38, 0x02, 0x91, 0x5E, 0xF3, 0x3A, 0x47, 0xA2,
    0x20, 0x11, 0x30, 0xF1, 0x2F, 0x9E, 0xD9, 0xB0, 0x45, 0x92, 0x8D, 0xA2, 0x68, 0x3D, 0xCD, 0xFA,
    0x43, 0xF6, 0x60, 0xCF, 0x7C, 0xE3, 0xCF, 0x66, 0x19, 0xFB, 0xD9, 0xAA, 0x19, 0xA3, 0x6E, 0xC4,
    0x08, 0x24, 0x02, 0x07, 0x10, 0x08, 0xA5, 0xD0, 0x22, 0x94, 0x03, 0x1E, 0x56, 0x10, 0x97, 0xD5,
    0x84, 0x51, 0x23, 0xC9, 0x0B, 0x7A, 0x04, 0x12, 0xE2, 0x92, 0x7D, 0x60, 0xD7, 0xB6, 0x27, 0x00,
    0x78, 0xD6, 0x8D, 0x37, 0xEF, 0xF5, 0x94, 0xB5, 0x1D, 0xF5, 0x04, 0xD5, 0x9A, 0x3B, 0x83, 0x26,
    0x8B, 0x32, 0xB0, 0x56, 0x1B, 0x54, 0x3A, 0x34, 0x98, 0xC9, 0x37, 0xFA, 0x97, 0x71, 0xDD, 0xB5,
    0x91, 0x09, 0x2C, 0x76, 0xE2, 0x8B, 0x8E, 0x55, 0xEA, 0xC2, 0x55, 0x81, 0x7A, 0xD2, 0xE7, 0x2E,
    0x5C, 0x05, 0xB4, 0x29, 0x88, 0x02, 0x7C, 0xD8, 0x04, 0x87, 0xB6, 0x5C, 0xFC, 0x8A, 0x95, 0x85,
    0x0C, 0x28, 0x30, 0x87, 0x70, 0xA9, 0x29, 0xC9, 0x10, 0xAE, 0x4A, 0x4F, 0xA7, 0xDB, 0xD0, 0x7A,
    0x52, 0xDD, 0x07, 0x87, 0xB8, 0x1E, 0x12, 0xD0, 0x8C, 0x03, 0x4B, 0x51, 0x79, 0x83, 0x88, 0xC6,
    0x85, 0xA0, 0x8E, 0x44, 0x30, 0x44, 0x77, 0xC2, 0x44, 0xD5, 0xF4, 0x40, 0x59, 0x91, 0xB8, 0x66,
    0x4C, 0xC6, 0xCB, 0xD5, 0x17, 0x48, 0x6F, 0xF2, 0x5D, 0x1B, 0x94, 0x99, 0xFC, 0x67, 0x1B, 0x0B,
    0x6A, 0x93, 0x7D, 0x5B, 0x5E, 0x8D, 0x65, 0x03, 0xAC, 0x76, 0xD8, 0xEC, 0x1E, 0x3E, 0x1B, 0x8E,
    0xDA, 0x2E, 0x9E, 0x75, 0xC2, 0xD1, 0xC6, 0x5A, 0xA0, 0x86, 0xB2, 0x71, 0x2B, 0x3E, 0x47, 0x56,
    0x6B, 0x6F, 0x3B, 0xF8, 0x7E, 0x44, 0xAC, 0x7F, 0xF8, 0xB8, 0x5F, 0xDE, 0xA8, 0xB8, 0x71, 0x69,
    0x67, 0xC1, 0x13, 0x2B, 0xD6, 0xD0, 0xBD, 0x44, 0x45, 0x5D, 0x21, 0x37, 0x5B, 0x0C, 0xB5, 0x4B,
    0x81, 0x5C, 0x06, 0x37, 0xC9, 0x75, 0x4A, 0xF9, 0x1E, 0x60, 0xAD, 0xAD, 0xB7, 0x83, 0x5E, 0xF1,
    0xA2, 0xE3, 0x52, 0xBB, 0x48, 0xB5, 0xA6, 0x6D, 0x03, 0x23, 0x75, 0xFB, 0x60, 0x23, 0x36, 0xAB,
    0xB6, 0x5A, 0xD3, 0x64, 0x8A, 0x4D, 0x35, 0x54, 0x26, 0x84, 0x09, 0x6F, 0xAD, 0x4A, 0x92, 0xAF,
    0x2E, 0x53, 0xC5, 0xE2, 0x72, 0xAA, 0x72, 0xA8, 0x1A, 0x8D, 0x5D, 0x1F, 0x7C, 0x55, 0xE3, 0x1C,
    0x2B, 0x4C, 0x35, 0x3A, 0xF6, 0x34, 0x3A, 0x2D, 0xAE, 0x5D, 0xE9, 0xA4, 0x38, 0xC6, 0x55, 0x3A,
    0x25, 0xBE, 0xFD, 0x2D, 0x30, 0xD1, 0x84, 0xEB, 0x9F, 0xB5, 0xDD, 0x3C, 0x65, 0x48, 0xB9, 0xA1,
    0xB6, 0x5F, 0x97, 0xFE, 0xF1, 0xEB, 0x1D, 0x36, 0x6E, 0x5B, 0x2E, 0x97, 0x60, 0xF9, 0x25, 0x0C,
    0x83, 0x85, 0xD9, 0xF8, 0x6A, 0x13, 0x31, 0xB5, 0xBA, 0x3B, 0x4B, 0xDF, 0xC4, 0xC7, 0xD9, 0x45,
    0xC6, 0xEE, 0x94, 0x1B, 0x83, 0xEB, 0xB0, 0xD1, 0xF9, 0x12, 0xBA, 0xEB, 0xE0, 0xE5, 0x42, 0x8A,
    0x89, 0xE0, 0xB0, 0x86, 0x28, 0x07, 0x5F, 0x88, 0xC6, 0x10, 0xC5, 0xC1, 0xA4, 0x3D, 0x57, 0x2A,
    0x2A, 0x32, 0x67, 0x02, 0xC4, 0xA7, 0xCB, 0xC2, 0x95, 0xAD, 0x18, 0x25, 0x51, 0x8F, 0xA2, 0x1E,
    0x45, 0x3D, 0xFA, 0x33, 0x3D, 0x4A, 0x3E, 0x9D, 0xF6, 0x8B, 0x1D, 0x9F, 0x42, 0xCB, 0x65, 0xBF,
    0xCC, 0x53, 0x2C, 0x29, 0xB8, 0xC4, 0x01, 0x49, 0x50, 0x85, 0x9C, 0x96, 0xA8, 0xB8, 0x73, 0xE4,
    0x34, 0x79, 0x8C, 0x7A, 0x14, 0xF5, 0xE8, 0x82, 0x1E, 0xDD, 0xDB, 0x2D, 0x39, 0x30, 0x1B, 0xEB,
    0x0A, 0x90, 0x83, 0x12, 0x20, 0x65, 0x51, 0xFC, 0x42, 0x7C, 0x2E, 0x46, 0x4C, 0xC4, 0x42, 0x12,
    0x5A, 0xB2, 0x33, 0x44, 0x14, 0x29, 0x21, 0x6A, 0x95, 0x13, 0x25, 0xAB, 0x88, 0x20, 0xC1, 0x44,
    0x24, 0xAF, 0x67, 0xFB, 0x95, 0xA2, 0xD1, 0xD5, 0x75, 0x2C, 0x2A, 0x57, 0x54, 0xAE, 0x5B, 0xBB,
    0x49, 0x3D, 0xC1, 0x11, 0x6D, 0x04, 0x33, 0x43, 0x63, 0x36, 0xC1, 0x41, 0xA3, 0xF9, 0x18, 0x3E,
    0x91, 0x54, 0x7D, 0xB8, 0x1A, 0x55, 0x82, 0x11, 0xED, 0x12, 0xBB, 0x9A, 0x86, 0x0F, 0xB4, 0x1C,
    0x76, 0x8B, 0x3E, 0x45, 0xB2, 0x97, 0xE3, 0x4B, 0xDB, 0xB2, 0x7F, 0xA0, 0x7D, 0xF5, 0x18, 0x95,
    0x2E, 0x2A, 0xDD, 0xCB, 0x2E, 0x67, 0xF4, 0x78, 0xC9, 0x5E, 0x9F, 0x36, 0x26, 0x2A, 0xAF, 0x85,
    0xDC, 0x88, 0xA6, 0x22, 0xCD, 0x3D, 0xD9, 0xB2, 0x25, 0x85, 0xBE, 0xF1, 0x1B, 0x43, 0x3E, 0xE9,
    0xFC, 0x88, 0x20, 0x74, 0x3C, 0x54, 0x80, 0x72, 0x97, 0x03, 0xB9, 0xB4, 0xE1, 0x6F, 0x05, 0xF1,
    0x06, 0x15, 0x75, 0x28, 0xEA, 0xD0, 0xAF, 0xEB, 0x10, 0xFA, 0x0C, 0x92, 0x68, 0x67, 0x0F, 0xAD,
    0x3F, 0x8D, 0x4A, 0xAD, 0x2D, 0x76, 0x6A, 0x6A, 0x02, 0x9D, 0x7D, 0x5E, 0x8E, 0x05, 0xBC, 0x73,
    0xAE, 0xF8, 0x70, 0xD8, 0xDE, 0xA8, 0xBA, 0x76, 0xBE, 0x38, 0x95, 0x0B, 0x0E, 0x23, 0x3A, 0x4B,
    0xB6, 0xFF, 0xE5, 0xED, 0xE8, 0x4B, 0xD4, 0x8C, 0xBF, 0xAD, 0x19, 0x71, 0xBF, 0x8D, 0xFB, 0xED,
    0xED, 0xFD, 0x83, 0xF2, 0xBB, 0xF6, 0x99, 0x91, 0x5B, 0xB8, 0x20, 0x17, 0xFB, 0x81, 0x7C, 0xCC,
    0x96, 0x17, 0x11, 0xED, 0x49, 0xBD, 0x84, 0x37, 0xFC, 0x00, 0xED, 0x58, 0x3B, 0x8E, 0xDB, 0x30,
    0x10, 0x1D, 0xDB, 0x80, 0x05, 0x44, 0x85, 0xFA, 0xA4, 0xF0, 0x11, 0x74, 0x04, 0x0B, 0xB9, 0xC3,
    0x5E, 0x22, 0x29, 0x72, 0x04, 0xED, 0x11, 0xF6, 0x08, 0x29, 0x52, 0xE5, 0x12, 0x74, 0x97, 0x76,
    0x8F, 0xE0, 0x72, 0xD3, 0x29, 0x80, 0x80, 0x38, 0x80, 0xA4, 0xC9, 0xF0, 0x33, 0xE4, 0x63, 0xAC,
    0xCD, 0x62, 0x3F, 0x49, 0x76, 0x11, 0xB1, 0xE1, 0x1B, 0x83, 0xA2, 0xA9, 0x99, 0x79, 0x6F, 0xC4,
    0x21, 0x7A, 0xC3, 0x3C, 0x35, 0x44, 0xAB, 0x0B, 0xA2, 0x35, 0xCB, 0x18, 0x89, 0x36, 0xDC, 0xD0,
    0xCE, 0x62, 0xBE, 0x74, 0xD8, 0x38, 0xDC, 0x59, 0xEC, 0x96, 0x30, 0x0F, 0x82, 0xA9, 0xE0, 0x93,
    0x3C, 0xC7, 0x16, 0x50, 0xC5, 0x07, 0x22, 0x79, 0xA8, 0xA9, 0x98, 0xEA, 0x49, 0xA0, 0xFC, 0x78,
    0xA8, 0x46, 0xDA, 0x0F, 0x16, 0xAF, 0xF9, 0x5A, 0x40, 0xDB, 0x5B, 0x4C, 0xFC, 0x4D, 0x9E, 0x33,
    0x9D, 0xC3, 0xC6, 0x6E, 0xCB, 0x47, 0x87, 0x5B, 0x96, 0x3D, 0x02, 0xDE, 0xCB, 0xAE, 0xC4, 0xD7,
    0x01, 0xF7, 0x09, 0xFF, 0xA0, 0x84, 0xFB, 0x7F, 0x89, 0xC3, 0x39, 0xED, 0x6B, 0xB0, 0x7F, 0x97,
    0xD6, 0x4E, 0xFA, 0x5E, 0x76, 0xD2, 0xF7, 0xB5, 0x4B, 0xA3, 0x1F, 0x9C, 0x97, 0x2C, 0x2E, 0x9D,
    0xC7, 0xBC, 0xDF, 0x6A, 0x71, 0xB2, 0xF5, 0x98, 0xBC, 0xDD, 0x96, 0x9D, 0xF7, 0x56, 0xEA, 0xE7,
    0xE0, 0x19, 0x19, 0xFE, 0x1F, 0x7D, 0x5C, 0x1A, 0x8A, 0x8B, 0x4E, 0xE4, 0xC7, 0xD6, 0xF0, 0x57,
    0x7A, 0xE8, 0x58, 0x9F, 0x12, 0xAE, 0x38, 0xE1, 0x5A, 0x32, 0x40, 0xC7, 0xDE, 0x1D, 0xF5, 0x1C,
    0xE3, 0x1A, 0x7C, 0x36, 0xEE, 0x19, 0xFC, 0x66, 0xD3, 0x67, 0x81, 0xCF, 0x08, 0x1E, 0x67, 0xA0,
    0x26, 0xB0, 0xE5, 0xB4, 0xC2, 0x92, 0x7D, 0xCE, 0xDB, 0xF8, 0x4E, 0x21, 0x93, 0x25, 0x11, 0x47,
    0xAA, 0xC7, 0x90, 0x0D, 0x43, 0x0C, 0xBC, 0x39, 0x85, 0xC4, 0x96, 0x5C, 0xB7, 0x82, 0xD1, 0xFB,
    0x0D, 0xE4, 0x5F, 0x5D, 0xD2, 0xAE, 0x8C, 0x4D, 0x16, 0x9F, 0xCF, 0x2E, 0xD1, 0x7D, 0x3A, 0xBB,
    0x24, 0x0E, 0xD2, 0xE2, 0x0E, 0xF8, 0x21, 0x28, 0x11, 0xB9, 0x47, 0x78, 0xBA, 0xA4, 0x47, 0x8D,
    0xF2, 0x98, 0x32, 0x77, 0x88, 0xD0, 0x4C, 0x11, 0x32, 0xCF, 0x41, 0x58, 0x00, 0x8F, 0x85, 0xCD,
    0xFC, 0x41, 0x0B, 0x7E, 0xD9, 0x73, 0x19, 0xE6, 0x2A, 0xCC, 0xBB, 0xA0, 0x33, 0x7B, 0xF6, 0xD1,
    0x37, 0xEC, 0x54, 0x4C, 0x62, 0xE3, 0x3C, 0x20, 0xCB, 0x9D, 0xBA, 0xD7, 0xCC, 0x95, 0x3C, 0xB0,
    0xE5, 0xEF, 0x5C, 0xB8, 0xA8, 0x7D, 0x61, 0x1F, 0x3E, 0x49, 0x1B, 0x1B, 0xDD, 0x93, 0xCC, 0xA5,
    0x0D, 0xA6, 0xCC, 0xF4, 0x9E, 0x6F, 0xEE, 0x17, 0x26, 0x75, 0xB6, 0xFA, 0x5F, 0x43, 0xA2, 0xB3,
    0xFE, 0xAE, 0xEB, 0x62, 0x78, 0x0D, 0x5F, 0xE9, 0x56, 0x49, 0x18, 0xE5, 0xAC, 0x1C, 0x65, 0x4B,
    0xA5, 0x93, 0x8C, 0x1C, 0x2D, 0x68, 0x98, 0xFC, 0x14, 0x21, 0x11, 0x28, 0x5B, 0x82, 0xEB, 0x04,
    0x4B, 0xDD, 0x41, 0xF2, 0x78, 0x54, 0xB4, 0x09, 0x35, 0xC0, 0x79, 0x32, 0x26, 0x6B, 0x9D, 0x92,
    0x66, 0xDF, 0xCD, 0xC1, 0x07, 0x8C, 0x45, 0xBD, 0x16, 0x31, 0x7D, 0x1A, 0x31, 0x35, 0x53, 0x13,
    0x98, 0xD2, 0x05, 0x9A, 0x0C, 0xE1, 0x63, 0x63, 0xF4, 0x04, 0xA9, 0x26, 0xCF, 0x8E, 0x0D, 0x7B,
    0x6A, 0xF8, 0xF9, 0x22, 0xCC, 0xEE, 0xAD, 0xFC, 0xE1, 0x03, 0x1D, 0xCD, 0x40, 0x7A, 0x56, 0x24,
    0x42, 0xAD, 0x6C, 0xED, 0xF3, 0xFC, 0xBF, 0x17, 0x0F, 0x16, 0xB5, 0x7D, 0x88, 0xDA, 0xBE, 0xBB,
    0x4A, 0x1E, 0x5C, 0x71, 0x2A, 0x82, 0x12, 0xC2, 0x03, 0xC8, 0x6E, 0x52, 0x34, 0x97, 0x94, 0xF0,
    0xF9, 0x37, 0x80, 0xA1, 0xF1, 0x4B, 0x1F, 0xB8, 0xE7, 0x3A, 0xE9, 0xEF, 0x0E, 0x71, 0x14, 0xF0,
    0x39, 0x48, 0xD5, 0x40, 0x7F, 0x62, 0x00, 0x09, 0xD5, 0xCD, 0x77, 0x18, 0x25, 0x1A, 0xD5, 0x84,
    0xC6, 0x08, 0x46, 0x3D, 0x80, 0xD1, 0x82, 0xF1, 0x96, 0xFB, 0x64, 0x48, 0x04, 0xD1, 0x38, 0xA0,
    0x01, 0x67, 0x13, 0xEE, 0x26, 0x43, 0x88, 0x07, 0x5B, 0xD3, 0x62, 0xFC, 0xDE, 0x38, 0xCE, 0x1A,
    0x90, 0x84, 0x05, 0x1A, 0x25, 0x43, 0xAE, 0xBA, 0x6C, 0x06, 0x91, 0x25, 0x94, 0x59, 0x42, 0xA1,
    0x25, 0x94, 0x5A, 0xCA, 0xC4, 0x36, 0x93, 0xDB, 0x4C, 0x70, 0x33, 0xC9, 0xCD, 0x45, 0x37, 0x93,
    0xDD, 0xB3, 0xAF, 0x58, 0x20, 0xE3, 0x66, 0xF6, 0xD3, 0x02, 0x68, 0x88, 0x5F, 0x11, 0xFD, 0x1C,
    0x01, 0xD3, 0x06, 0x40, 0x3E, 0xA0, 0x1E, 0x10, 0xEF, 0xD5, 0xA7, 0xA7, 0xA5, 0x9D, 0x15, 0xA0,
    0xEE, 0x0E, 0x68, 0x12, 0x54, 0xAE, 0x58, 0x78, 0xAD, 0x70, 0xA5, 0xA4, 0x29, 0x78, 0x93, 0xE0,
    0x4E, 0xCB, 0x6B, 0x61, 0x5D, 0x1D, 0xE1, 0x90, 0xE0, 0x31, 0xC1, 0x26, 0xC2, 0x2B, 0x38, 0xD9,
    0x5F, 0x84, 0x65, 0x82, 0x55, 0x82, 0xEE, 0xA2, 0xAF, 0x0A, 0x1F, 0x63, 0x66, 0x58, 0x7B, 0x03,
    0x6B, 0xF7, 0x61, 0xAA, 0x52, 0xAF, 0xA5, 0xB2, 0x76, 0x50, 0x05, 0xDF, 0xBF, 0xA0, 0xD3, 0xFC,
    0x98, 0x61, 0x3E, 0xB6, 0xAA, 0xFC, 0xFE, 0x69, 0x2F, 0xFE, 0x94, 0xE9, 0xFF, 0xF6, 0x73, 0x73,
    0x8B, 0xE4, 0x67, 0xC5, 0x20, 0x17, 0xF3, 0x3D, 0xB4, 0x02, 0x68, 0x87, 0x9A, 0x8D, 0x97, 0xFB,
    0x5C, 0xE7, 0x57, 0xB8, 0x77, 0x64, 0xEF, 0x79, 0x95, 0xAF, 0xFB, 0xA5, 0x04, 0x2C, 0x25, 0x60,
    0x29, 0x01, 0xB2, 0xE9, 0xE5, 0x0C, 0x2F, 0x91, 0x95, 0xC0, 0x49, 0x60, 0x24, 0xF0, 0xB1, 0xE4,
    0x39, 0x2E, 0x22, 0x13, 0x81, 0x87, 0xC0, 0xC2, 0xD7, 0x1F, 0x97, 0x12, 0xF0, 0xFF, 0x94, 0x00,
    0xEC, 0x89, 0xB8, 0x45, 0x03, 0xF4, 0x6D, 0xA1, 0xD5, 0xD5, 0xA6, 0xCE, 0x88, 0xBD, 0xFA, 0x41,
    0x52, 0x42, 0x77, 0xE4, 0xD7, 0xFE, 0x48, 0x6E, 0xAC, 0xD1, 0xA8, 0xB0, 0x3C, 0x98, 0x11, 0xEB,
    0x46, 0x77, 0xCB, 0xAA, 0xFC, 0xB2, 0xD1, 0xDD, 0x66, 0x2C, 0x95, 0x62, 0x31, 0x1E, 0x5D, 0x29,
    0xDA, 0x17, 0x74, 0x59, 0x08, 0x7D, 0x1A, 0x68, 0xD5, 0x40, 0xB7, 0x06, 0x1A, 0x36, 0xD0, 0xB3,
    0x81, 0xB6, 0x0D, 0x74, 0x6E, 0xB2, 0xE6, 0x4D, 0x7E, 0x45, 0xD8, 0xA5, 0xEB, 0x46, 0x3B, 0x24,
    0x42, 0xCF, 0x36, 0x35, 0xA7, 0xB9, 0xEB, 0xC8, 0x93, 0xF5, 0x37, 0x97, 0xAA, 0xF2, 0xEC, 0xAB,
    0xCA, 0x4F, 0xED, 0x59, 0xBD, 0x8E, 0xDB, 0x46, 0x10, 0x5E, 0x92, 0x80, 0x05, 0x98, 0x05, 0xAB,
    0x34, 0x76, 0xC1, 0xDE, 0x8D, 0x1E, 0x81, 0x8C, 0x9B, 0xB4, 0x69, 0xF2, 0x12, 0x49, 0xE1, 0x47,
    0xA0, 0x1E, 0xC1, 0x8F, 0xE0, 0xC2, 0x85, 0xA1, 0x97, 0xA0, 0x90, 0x26, 0xAD, 0x80, 0xBC, 0x00,
    0x0B, 0x17, 0x2E, 0x89, 0x40, 0x40, 0x08, 0x98, 0xE2, 0x64, 0x76, 0x76, 0xFE, 0x24, 0xDF, 0xF9,
    0x2E, 0x77, 0x17, 0xFB, 0xEC, 0x88, 0x85, 0x76, 0x86, 0x5A, 0x0E, 0x77, 0x67, 0xBE, 0xF9, 0x66,
    0x56, 0x0A, 0x21, 0xF4, 0x87, 0xA0, 0xD7, 0x0A, 0x20, 0x84, 0x2D, 0x2B, 0x35, 0xC0, 0x2E, 0x00,
    0x2B, 0x0D, 0xC0, 0x98, 0x2F, 0xAC, 0x74, 0xFB, 0xE6, 0xB8, 0x3A, 0xB2, 0xD2, 0x6F, 0x4A, 0x80,
    0x99, 0x15, 0x08, 0x39, 0x80, 0x18, 0x44, 0x43, 0x3D, 0xEC, 0xCD, 0xFA, 0xF3, 0x25, 0x3C, 0xCC,
    0x25, 0x46, 0x0B, 0x68, 0x71, 0xC5, 0xB7, 0x51, 0x4A, 0xAF, 0x54, 0x8B, 0x57, 0x8E, 0x4E, 0x59,
    0xCF, 0x4E, 0xE9, 0x9C, 0xF2, 0x23, 0x1C, 0x4C, 0x01, 0x18, 0xBC, 0xB2, 0xF3, 0x8A, 0x5B, 0x1B,
    0xFA, 0xC1, 0x94, 0xA5, 0xF5, 0xAB, 0x0E, 0x17, 0xE5, 0xF3, 0xCA, 0x70, 0xA5, 0x12, 0xD1, 0x36,
    0x0A, 0x52, 0x9D, 0x52, 0x46, 0xA5, 0x63, 0xD8, 0x55, 0x11, 0x65, 0x0D, 0x03, 0xB2, 0x8E, 0x28,
    0x5D, 0x33, 0x54, 0xE9, 0x66, 0xC5, 0x88, 0xEE, 0x27, 0x7A, 0x70, 0x17, 0xE5, 0x1C, 0x46, 0xB2,
    0x7F, 0x48, 0xC6, 0x68, 0x25, 0x10, 0x5F, 0x9D, 0xF5, 0xB0, 0x21, 0xC0, 0x03, 0x5D, 0x8B, 0xE4,
    0x45, 0xBC, 0xA6, 0x90, 0x1E, 0xA5, 0x8B, 0x17, 0xFF, 0x2A, 0xCA, 0x92, 0x18, 0xF8, 0x30, 0x2C,
    0x1B, 0xC9, 0x92, 0xC3, 0x15, 0x39, 0xE6, 0x32, 0xCC, 0xE5, 0x97, 0xCB, 0x2E, 0x97, 0x5B, 0x2E,
    0xB3, 0x4E, 0xF3, 0xAA, 0x7C, 0xD8, 0xAC, 0x42, 0xC7, 0x76, 0xE3, 0x0D, 0x62, 0x6F, 0xA2, 0xA4,
    0x42, 0x14, 0xF7, 0x22, 0x66, 0x92, 0x13, 0x2B, 0x28, 0x4C, 0xAC, 0xA1, 0x15, 0x11, 0x3D, 0xA9,
    0xE2, 0x6C, 0xE2, 0x60, 0x62, 0xAB, 0xE2, 0x6B, 0xB7, 0xB2, 0x2F, 0x28, 0x96, 0x26, 0x56, 0x26,
    0xD6, 0x24, 0x0E, 0x29, 0x62, 0x8A, 0xC0, 0x5E, 0xF1, 0x97, 0xC7, 0xE0, 0x26, 0xA0, 0x95, 0x24,
    0xAE, 0x63, 0x74, 0xD6, 0x24, 0x56, 0x68, 0xE2, 0x09, 0xFC, 0x0D, 0x69, 0x83, 0x78, 0xFD, 0x01,
    0x0A, 0x20, 0x7A, 0x31, 0xC1, 0x6C, 0x4A, 0x62, 0x19, 0x41, 0x95, 0xC4, 0xF0, 0x1B, 0x7C, 0xF8,
    0x5A, 0xBC, 0xF7, 0xF2, 0xC2, 0x7B, 0x8F, 0x9D, 0xF7, 0x9A, 0x47, 0xCD, 0x7B, 0x0F, 0x70, 0x95,
    0x83, 0x53, 0x64, 0x83, 0x69, 0x2F, 0x9E, 0xFA, 0x00, 0xAE, 0x53, 0x4E, 0xA6, 0x9D, 0x18, 0x50,
    0xD3, 0x17, 0xEE, 0x7B, 0xEC, 0xDC, 0x77, 0x77, 0xD0, 0xB8, 0x88, 0x3B, 0x24, 0x38, 0x84, 0x38,
    0xD1, 0x4D, 0x70, 0x8F, 0x39, 0x63, 0x92, 0x53, 0xC1, 0xA5, 0x54, 0xF2, 0x5E, 0xAB, 0x72, 0x91,
    0xB2, 0xEB, 0x94, 0xB3, 0x83, 0xCB, 0x5B, 0x32, 0x3F, 0x39, 0x43, 0x0E, 0x93, 0xBE, 0x9C, 0x17,
    0xEE, 0x05, 0x19, 0xB8, 0x94, 0xFA, 0xB5, 0xBD, 0x77, 0x56, 0xBD, 0x78, 0xCB, 0x42, 0xBE, 0x45,
    0xFA, 0xB7, 0x1D, 0xE9, 0xA6, 0xEA, 0x05, 0x03, 0xD1, 0xAA, 0x2F, 0x74, 0x53, 0xD8, 0xC9, 0x64,
    0x42, 0x4D, 0x91, 0x3F, 0x60, 0xB4, 0x4D, 0xB3, 0xCF, 0x56, 0x71, 0xAD, 0xEC, 0xA9, 0x0A, 0xCC,
    0x53, 0x74, 0x6B, 0x95, 0x36, 0x42, 0x53, 0xD9, 0x68, 0xF2, 0x0B, 0x19, 0x65, 0xD3, 0xD4, 0x2E,
    0xF1, 0xB7, 0x34, 0x93, 0xFD, 0x4B, 0xBC, 0xC6, 0xD6, 0x68, 0xE0, 0xA5, 0x17, 0xD1, 0x68, 0x23,
    0xD4, 0xB4, 0xD3, 0x55, 0xC5, 0x31, 0x93, 0x10, 0x20, 0x4A, 0x75, 0x17, 0x68, 0xB4, 0x94, 0x9D,
    0x22, 0x73, 0x56, 0xE2, 0x75, 0xBC, 0xA9, 0x81, 0xC7, 0xC9, 0xD2, 0x54, 0x46, 0x23, 0xA0, 0xD1,
    0x83, 0xBF, 0x2C, 0xC2, 0xCD, 0x47, 0x0B, 0xCC, 0xDA, 0x21, 0xA9, 0x82, 0xA3, 0x03, 0xC7, 0xEC,
    0x62, 0xEA, 0x40, 0x00, 0xC3, 0xD5, 0x40, 0xF9, 0xDE, 0x65, 0xC6, 0x00, 0x86, 0x6A, 0x6F, 0x40,
    0x0A, 0xAE, 0x89, 0x97, 0x18, 0x54, 0x47, 0x57, 0xF6, 0x24, 0xCE, 0xF4, 0x80, 0xA0, 0x91, 0x3D,
    0xD8, 0xB0, 0x81, 0xA7, 0x6F, 0xFF, 0x45, 0x0E, 0x6C, 0x37, 0x29, 0x01, 0x94, 0x79, 0xBF, 0xC9,
    0x51, 0x7A, 0xBC, 0x0A, 0x84, 0xA7, 0x85, 0xA4, 0x85, 0xA1, 0xBB, 0x91, 0x10, 0x0C, 0x9C, 0x49,
    0x20, 0xC4, 0x5C, 0xA1, 0x17, 0x33, 0xF8, 0x08, 0x42, 0xC9, 0x89, 0x8F, 0x7F, 0xC2, 0x22, 0x87,
    0xC3, 0x8C, 0x3E, 0x8F, 0x25, 0x7F, 0xC0, 0x11, 0x4B, 0xFA, 0x51, 0x63, 0x70, 0x3E, 0x96, 0x67,
    0x63, 0xB5, 0xBC, 0x78, 0x93, 0x72, 0x35, 0xB5, 0x26, 0xCD, 0x9C, 0xA2, 0xD9, 0x4D, 0x54, 0x41,
    0x32, 0x18, 0x63, 0x35, 0x40, 0xDB, 0x43, 0x7A, 0x2F, 0xEC, 0xB2, 0x34, 0x72, 0xBF, 0x31, 0xA5,
    0x0A, 0x40, 0x9B, 0xC1, 0xC6, 0xE2, 0x7D, 0x08, 0xCF, 0x24, 0xA8, 0xD9, 0xB6, 0xAD, 0x2D, 0x53,
    0x5B, 0xE5, 0x2A, 0x14, 0x04, 0x52, 0x91, 0x64, 0x14, 0x56, 0x91, 0x11, 0x1C, 0x13, 0xE0, 0x12,
    0x38, 0x99, 0x07, 0x85, 0x18, 0x31, 0x02, 0xA7, 0x3F, 0xF1, 0x1D, 0x93, 0x1E, 0xD9, 0x66, 0xBA,
    0x20, 0x92, 0x61, 0x66, 0x4A, 0x26, 0x92, 0xD1, 0xF4, 0x49, 0xB4, 0xC3, 0x24, 0x43, 0x0C, 0xC7,
    0x4F, 0x91, 0x05, 0x76, 0x0A, 0xAD, 0x8E, 0xDF, 0x92, 0x3B, 0xA6, 0x24, 0x06, 0x10, 0xD0, 0x47,
    0xD2, 0x93, 0xD5, 0xE2, 0xF7, 0xCA, 0x5B, 0xB8, 0x65, 0xC5, 0x3D, 0xDA, 0x53, 0xDE, 0xC2, 0x9B,
    0xCA, 0x5B, 0x38, 0xD9, 0x0A, 0x16, 0x8C, 0xCA, 0x5B, 0xB8, 0x5E, 0x23, 0x99, 0xF5, 0x62, 0xBC,
    0x85, 0x68, 0xD9, 0x9C, 0x1C, 0x49, 0xD5, 0xA8, 0xAB, 0x70, 0x8E, 0xB7, 0x4E, 0x8A, 0x57, 0xF7,
    0x3F, 0x93, 0xEF, 0x73, 0xAD, 0x5D, 0xDD, 0x76, 0xDC, 0x9F, 0xC3, 0xE4, 0x7C, 0x3E, 0x5F, 0x29,
    0xFB, 0x39, 0xFE, 0x59, 0xB1, 0x79, 0xE1, 0xAF, 0x2F, 0xCC, 0x5F, 0xCB, 0xDD, 0xF8, 0xEB, 0x0E,
    0x7D, 0xAB, 0x24, 0xB3, 0x34, 0xA4, 0x92, 0xA1, 0x32, 0xCA, 0x7D, 0x99, 0xA7, 0x2D, 0xEA, 0x73,
    0xF7, 0xC2, 0xDE, 0xF2, 0x3A, 0xBA, 0x66, 0x67, 0xE9, 0xAE, 0x45, 0xB9, 0x3C, 0x1A, 0xB0, 0xAA,
    0x83, 0x96, 0xD1, 0x50, 0x8D, 0x26, 0xBB, 0xF2, 0x7A, 0x96, 0x18, 0xB9, 0x2B, 0xEE, 0xA5, 0x6B,
    0x50, 0x1B, 0xD7, 0xC4, 0x3A, 0x0C, 0xFB, 0xE9, 0x85, 0x9B, 0x5E, 0xB8, 0xE6, 0x39, 0xFB, 0xE5,
    0x6E, 0x69, 0xB6, 0x7D, 0xC3, 0xC2, 0xD3, 0xAD, 0xD0, 0x3C, 0xD1, 0xB1, 0x36, 0xEC, 0xE8, 0x29,
    0xAD, 0x17, 0x08, 0x2C, 0x59, 0x6E, 0xA4, 0x75, 0xE9, 0x0A, 0x0B, 0xC2, 0xD3, 0x60, 0xB5, 0x80,
    0x7F, 0x70, 0xF3, 0x47, 0x6B, 0xAA, 0x05, 0x6C, 0x94, 0xDE, 0xC3, 0x46, 0xC9, 0x8B, 0xA9, 0x08,
    0x25, 0xE2, 0x4E, 0x46, 0x0B, 0xBE, 0x33, 0x1A, 0xC0, 0xA8, 0xB7, 0xE5, 0xC6, 0x86, 0x8C, 0xB2,
    0x65, 0x42, 0x17, 0x13, 0x77, 0x65, 0x67, 0x2D, 0x32, 0x9A, 0xF3, 0x0A, 0xA3, 0x07, 0xD5, 0x5B,
    0x30, 0x5A, 0x2D, 0x40, 0xA3, 0xF5, 0x6C, 0x3B, 0xD5, 0xD3, 0x05, 0x1A, 0xD5, 0x78, 0x55, 0xF6,
    0x2B, 0x0D, 0x1A, 0xF9, 0x5D, 0xF1, 0x90, 0xC3, 0x9F, 0xFE, 0x30, 0x64, 0xB1, 0xEB, 0x1C, 0x17,
    0x35, 0x60, 0xFF, 0x13, 0xD4, 0x8E, 0x8B, 0x4A, 0x77, 0xD8, 0xB9, 0x2E, 0xA6, 0xDF, 0xBF, 0x9C,
    0xF5, 0x4B, 0xCB, 0x5C, 0x36, 0xF2, 0x49, 0x60, 0xE6, 0x53, 0x2D, 0x05, 0xBA, 0xDF, 0x27, 0x98,
    0x40, 0x9B, 0xCE, 0x74, 0xA0, 0x67, 0xBB, 0xE2, 0x8C, 0x8D, 0x04, 0xAF, 0xFD, 0xC4, 0x5F, 0x0F,
    0x1C, 0xBB, 0xD6, 0xE0, 0xE7, 0x12, 0x52, 0xC6, 0x1F, 0x7E, 0xBE, 0x4D, 0x8E, 0xBC, 0x8E, 0x9F,
    0x4F, 0x2E, 0xF5, 0xE2, 0xA6, 0x7A, 0x11, 0xBE, 0x6E, 0xBF, 0x7B, 0x46, 0x95, 0x35, 0x62, 0x29,
    0x7F, 0x27, 0x29, 0x89, 0xD0, 0x91, 0xDE, 0x11, 0x4D, 0x95, 0xD2, 0xD1, 0xB6, 0x70, 0xA8, 0x53,
    0x86, 0xE6, 0x4B, 0xDC, 0x2B, 0x9F, 0xCA, 0x67, 0x75, 0x57, 0x34, 0x91, 0x83, 0x43, 0xEF, 0xAB,
    0xE9, 0xBE, 0xAD, 0xCD, 0xB3, 0x77, 0xF6, 0x1B, 0xC2, 0x75, 0x7D, 0xB9, 0x9E, 0xB8, 0x7D, 0x5F,
    0xDE, 0x5D, 0xD7, 0x97, 0xEF, 0xCF, 0xFA, 0x72, 0xF8, 0xB4, 0x2F, 0x5F, 0x3E, 0xD7, 0x97, 0xF7,
    0xFF, 0x45, 0x5F, 0xDE, 0x9D, 0xF6, 0xE5, 0xF9, 0x6D, 0xFA, 0xF2, 0xE3, 0x4D, 0x7D, 0x79, 0x73,
    0xE9, 0xCB, 0xEF, 0x25, 0xFF, 0x03, 0xD5, 0x91, 0x2D, 0x16, 0x83, 0x30, 0x10, 0x84, 0x87, 0x18,
    0x04, 0x22, 0x47, 0xC0, 0xD7, 0x70, 0x84, 0xC8, 0x1E, 0xA7, 0x47, 0x80, 0xA3, 0x54, 0x73, 0x89,
    0xE0, 0x6A, 0x39, 0x02, 0xA2, 0x07, 0x40, 0x20, 0x78, 0xAF, 0x24, 0xD3, 0xDD, 0x0D, 0xA6, 0x55,
    0xB5, 0x5D, 0x91, 0x2F, 0x2F, 0xC9, 0xEC, 0xCF, 0x04, 0x88, 0x1B, 0x34, 0x6A, 0x12, 0x18, 0x81,
    0x96, 0x9C, 0x20, 0xDB, 0x40, 0xAE, 0x2E, 0x03, 0xFD, 0x1C, 0x52, 0x9D, 0x80, 0x38, 0x34, 0xE4,
    0x01, 0xB9, 0x72, 0xE4, 0x66, 0x4F, 0x23, 0x67, 0x93, 0x36, 0x19, 0x3F, 0xC7, 0x38, 0xE8, 0xEA,
    0xC6, 0x22, 0x95, 0xA2, 0x7F, 0xC9, 0xE6, 0xA4, 0x3F, 0x29, 0xA6, 0x2D, 0xCA, 0xC0, 0xB8, 0x2A,
    0x23, 0x7B, 0x65, 0x45, 0x86, 0xA3, 0xC8, 0x3A, 0xF5, 0xA8, 0x23, 0xBD, 0xB8, 0x5B, 0xF1, 0x45,
    0x39, 0x92, 0x78, 0xD0, 0x19, 0xAF, 0x14, 0x89, 0xD8, 0x5B, 0x53, 0x53, 0x71, 0x11, 0x56, 0x91,
    0x49, 0x84, 0x38, 0x3F, 0xE7, 0x93, 0xCD, 0x17, 0x7D, 0xBE, 0xDC, 0xAD, 0x8F, 0x14, 0xEC, 0x37,
    0xC3, 0x61, 0x75, 0xD1, 0xEF, 0x6D, 0xB6, 0x3E, 0x56, 0xAF, 0x8D, 0xB6, 0x9A, 0xD9, 0x62, 0x2A,
    0x75, 0x45, 0xDE, 0x2B, 0x76, 0x1B, 0xA9, 0x0C, 0x73, 0x23, 0x9F, 0xC0, 0x1B, 0xD5, 0x96, 0xC9,
    0x95, 0x9C, 0x30, 0x10, 0x86, 0x0B, 0x78, 0x6F, 0x38, 0xF4, 0x81, 0x10, 0xB8, 0xFB, 0x42, 0x08,
    0x90, 0x84, 0xA3, 0x70, 0x10, 0x74, 0x08, 0x0E, 0xC1, 0x07, 0x9F, 0x9C, 0x04, 0x1D, 0x82, 0x42,
    0xE0, 0xE0, 0x00, 0x38, 0x70, 0xE0, 0xF9, 0xD1, 0x5D, 0x53, 0x8B, 0x16, 0x04, 0xF2, 0x6C, 0xF6,
    0x8C, 0xDB, 0x1A, 0xB6, 0xF9, 0x1B, 0x4A, 0x9F, 0xAA, 0x7E, 0x24, 0x10, 0xDF, 0xDC, 0xD6, 0x57,
    0x5F, 0xDD, 0x7D, 0x83, 0x0C, 0xA0, 0xBA, 0x40, 0x3F, 0x66, 0x38, 0x97, 0xB8, 0x54, 0x68, 0x1A,
    0xEC, 0xDA, 0x2B, 0xF4, 0x0B, 0x0C, 0x13, 0x20, 0x6D, 0x23, 0xA0, 0x89, 0x36, 0xA8, 0xAE, 0xFB,
    0xAD, 0x5E, 0xA1, 0x59, 0xA1, 0x5D, 0x00, 0xE7, 0x02, 0x27, 0x0A, 0xD2, 0xE3, 0xB9, 0x45, 0xA8,
    0x16, 0x28, 0x0D, 0xF7, 0xF0, 0x96, 0x47, 0x32, 0xB0, 0x6C, 0x8C, 0x67, 0x84, 0x70, 0x52, 0x48,
    0xE5, 0x54, 0x54, 0xA5, 0x55, 0x60, 0x65, 0xB6, 0xD8, 0x4A, 0x7E, 0x80, 0x7F, 0x7E, 0x2C, 0x49,
    0x54, 0xA5, 0x55, 0x60, 0x61, 0x56, 0x6C, 0x25, 0x57, 0x78, 0xE5, 0xD7, 0x21, 0xE8, 0x28, 0x74,
    0x20, 0xE9, 0xE1, 0xBF, 0x47, 0x2F, 0x00, 0x9F, 0xBE, 0xC9, 0x09, 0xFA, 0xE9, 0x03, 0xCF, 0x3B,
    0xD3, 0xFF, 0xF6, 0xFC, 0xD1, 0x5C, 0x77, 0x7C, 0x6E, 0x8D, 0x9E, 0xAB, 0xB3, 0x9E, 0x4B, 0x88,
    0xDB, 0x3F, 0xE1, 0xBA, 0xB7, 0x3A, 0xFE, 0x07, 0xBE, 0x6A, 0x5C, 0x1D, 0x3B, 0x3D, 0xE7, 0x7C,
    0xC8, 0x86, 0xAF, 0x50, 0x11, 0x56, 0x4B, 0xB3, 0x6B, 0x8F, 0xD8, 0x0D, 0x88, 0x67, 0xE2, 0xBC,
    0xB8, 0x9D, 0xFF, 0x67, 0x9D, 0x7F, 0xE7, 0xFB, 0xF8, 0xFE, 0xD3, 0x08, 0x76, 0x6F, 0x69, 0x3C,
    0xBA, 0x0F, 0x37, 0x00, 0xDD, 0xE9, 0x46, 0xD0, 0x3D, 0x5C, 0x85, 0x5F, 0xC3, 0x13, 0x21, 0x4A,
    0xB0, 0x52, 0xF6, 0xE3, 0xBC, 0x75, 0xD6, 0x03, 0xE2, 0x4F, 0xB9, 0x28, 0xB0, 0x8B, 0x1C, 0x47,
    0xA1, 0x45, 0x28, 0x71, 0x2B, 0x67, 0xDC, 0xA5, 0x0C, 0x92, 0x66, 0xA8, 0x4D, 0x2B, 0x59, 0x9F,
    0xF9, 0xAA, 0x5E, 0xB7, 0x7A, 0xE5, 0x2A, 0x02, 0xED, 0xBC, 0xD5, 0x5B, 0x22, 0x6D, 0x6E, 0xDB,
    0xD4, 0x59, 0x7D, 0x21, 0x5A, 0xE9, 0x11, 0xCD, 0x56, 0xA7, 0x49, 0x9C, 0x08, 0xCF, 0x0C, 0x70,
    0xD9, 0xEA, 0x7C, 0x57, 0xC6, 0xFA, 0x0E, 0x5F, 0xEE, 0xE2, 0x43, 0x8C, 0x1F, 0xF4, 0x18, 0x3F,
    0xE8, 0x31, 0x7E, 0xD0, 0x63, 0xFC, 0xA0, 0xC7, 0xF8, 0x41, 0x8F, 0xF1, 0xBD, 0x9E, 0xC7, 0xF8,
    0x5E, 0xDF, 0xE1, 0x7B, 0xFD, 0x14, 0xE3, 0x7B, 0x7D, 0x87, 0xEF, 0xF5, 0x66, 0x4D, 0xEB, 0x84,
    0xFF, 0x30, 0xFC, 0x92, 0x3E, 0xBE, 0xE0, 0xF7, 0xA0, 0xF3, 0xFA, 0x88, 0x48, 0x49, 0xA7, 0x9E,
    0xC8, 0x86, 0x5E, 0x47, 0x23, 0x15, 0xED, 0xD4, 0x08, 0xB3, 0xD3, 0x09, 0xBF, 0x56, 0x07, 0x88,
    0x11, 0xAE, 0x4E, 0x2F, 0xC4, 0xBD, 0x48, 0x8B, 0x6C, 0xA1, 0x5F, 0x11, 0xB6, 0x2E, 0x84, 0x3F,
    0x5C, 0xE9, 0x62, 0xA1, 0xF0, 0x06, 0x6A, 0x3C, 0xDB, 0x3A, 0x12, 0x3E, 0xDD, 0xCB, 0x2E, 0xAD,
    0x90, 0x85, 0x8B, 0xAD, 0x7B, 0xB3, 0x66, 0xB6, 0x38, 0x52, 0x07, 0x34, 0xE2, 0x13, 0x5A, 0xDF,
    0xE6, 0x9C, 0x8B, 0x7C, 0xBA, 0x41, 0xC3, 0xAC, 0xC3, 0x68, 0x7D, 0x35, 0x4C, 0x92, 0xB8, 0x12,
    0xB5, 0x3E, 0xFD, 0x64, 0x7D, 0x88, 0xA6, 0x40, 0xF1, 0x34, 0xB4, 0x5C, 0x9F, 0x76, 0x52, 0xDF,
    0xE6, 0x4C, 0x1A, 0xE9, 0xEA, 0xF3, 0x82, 0xB7, 0x58, 0x97, 0xF7, 0x82, 0x88, 0xF6, 0x3A, 0x58,
    0xEF, 0x27, 0x75, 0xCA, 0x7E, 0x52, 0x27, 0xB8, 0xA4, 0x3E, 0x4C, 0x69, 0x9D, 0x72, 0x95, 0xD2,
    0x73, 0x31, 0xCA, 0x51, 0xE7, 0x1C, 0xA4, 0xF4, 0x93, 0xE4, 0xF6, 0xA8, 0xB3, 0x79, 0x52, 0x3A,
    0xE7, 0x36, 0xA5, 0xB7, 0x53, 0x5A, 0x1F, 0x46, 0xFB, 0xDE, 0x85, 0xFC, 0x7B, 0xD3, 0xED, 0xEA,
    0xA5, 0xF8, 0xEE, 0xFD, 0x0D, 0xF5, 0x55, 0x7C, 0x79, 0x28, 0xF2, 0x83, 0xE0, 0xCB, 0xFC, 0x10,
    0xFB, 0x47, 0xF0, 0x75, 0x3E, 0x89, 0xFC, 0xE6, 0xF0, 0xE9, 0x05, 0x8E, 0xFC, 0x09, 0x9E, 0x36,
    0xF6, 0x33, 0x78, 0xAA, 0xD8, 0xFF, 0xFE, 0x9D, 0x81, 0xF8, 0x7D, 0xE1, 0xF6, 0xB9, 0x83, 0x43,
    0x43, 0xF3, 0xDC, 0x1F, 0x25, 0xE5, 0x2F, 0x1E, 0x7C, 0xC7, 0x85, 0x64, 0x42, 0x86, 0x27, 0x1C,
    0x2E, 0x8F, 0x9C, 0x3F, 0x99, 0x5D, 0xF9, 0x6B, 0x91, 0x06, 0x6D, 0x38, 0x23, 0x3C, 0xEC, 0x2B,
    0xE7, 0xFE, 0x25, 0x92, 0x1E, 0x2A, 0xFE, 0xB7, 0x90, 0x02, 0x49, 0xBA, 0xDA, 0x27, 0x44, 0x99,
    0x7E, 0x39, 0x99, 0x92, 0x48, 0xE9, 0xBC, 0xC2, 0x50, 0x58, 0x0F, 0x59, 0x79, 0x70, 0x6D, 0x92,
    0x67, 0x19, 0xD2, 0xEA, 0x6F, 0xD4, 0x09, 0x85, 0xC5, 0x61, 0x95, 0x6A, 0x82, 0xE5, 0x13, 0x52,
    0x65, 0xAB, 0xD5, 0x73, 0x2F, 0x10, 0x75, 0x88, 0x13, 0xFF, 0x70, 0xB1, 0xC1, 0xFA, 0x35, 0x29,
    0xE5, 0x2C, 0x9D, 0x58, 0x6A, 0xD0, 0x75, 0x2E, 0x18, 0x0A, 0xE4, 0x21, 0x27, 0x0F, 0x9E, 0xFA,
    0x3E, 0xF3, 0xD3, 0xBE, 0x5F, 0xA6, 0x0A, 0x37, 0x81, 0x97, 0x37, 0xB7, 0x24, 0xBA, 0x29, 0xBA,
    0x5E, 0xDC, 0xA2, 0xE7, 0x9E, 0xEE, 0xC7, 0xED, 0xB4, 0x0D, 0x76, 0x69, 0x7B, 0x75, 0x98, 0x61,
    0x1F, 0x26, 0x3F, 0x84, 0x39, 0x1D, 0xC2, 0x34, 0xC7, 0x30, 0xE6, 0x10, 0xA6, 0xDB, 0x87, 0xB9,
    0x1E, 0xC2, 0xCC, 0x7F, 0x12, 0xC6, 0xAF, 0xBE, 0x7E, 0xB9, 0x7D, 0x2A, 0xB3, 0x9D, 0xFB, 0xF6,
    0x00, 0x3F, 0x2D, 0xBF, 0x73, 0x66, 0x7D, 0x98, 0x47, 0xED, 0x56, 0xCB, 0xAD, 0xDB, 0x30, 0x10,
    0xA4, 0x9E, 0x90, 0xE8, 0xE0, 0x83, 0x0A, 0xF0, 0xC1, 0x25, 0xA8, 0x04, 0xB2, 0x9E, 0x5C, 0x5C,
    0x82, 0x54, 0x42, 0xEA, 0x48, 0x13, 0x14, 0xF0, 0x0E, 0x39, 0x86, 0x87, 0x14, 0x20, 0xE0, 0x15,
    0x10, 0x1D, 0x04, 0x44, 0x01, 0x24, 0x6D, 0x66, 0x76, 0x2D, 0x3F, 0x3D, 0xC7, 0xCE, 0x07, 0xF9,
    0x00, 0x01, 0x6C, 0x08, 0x63, 0x80, 0x9F, 0xDD, 0xE1, 0xEE, 0x0E, 0x97, 0x6E, 0x2F, 0xF2, 0xD6,
    0x65, 0x22, 0x32, 0xB9, 0x02, 0x28, 0xAE, 0x24, 0xB6, 0x7E, 0x09, 0xAF, 0xA5, 0xAB, 0x7B, 0xE7,
    0xEA, 0x3E, 0x26, 0xE7, 0xAA, 0x41, 0x5A, 0xE7, 0x0E, 0x23, 0xB1, 0x34, 0x9C, 0xFE, 0x28, 0x8E,
    0x66, 0xDF, 0x7C, 0x99, 0x5F, 0xE3, 0x60, 0x7C, 0x8C, 0x9B, 0xF1, 0x74, 0xCA, 0x19, 0xBF, 0x5C,
    0x88, 0xA5, 0x62, 0xA5, 0x58, 0x2B, 0x8A, 0xE8, 0x24, 0x71, 0xA7, 0x58, 0x7E, 0x26, 0xFA, 0x27,
    0x62, 0x7C, 0x04, 0x66, 0xC2, 0xBD, 0xF9, 0x4C, 0x2C, 0x47, 0x62, 0xD5, 0x13, 0xEB, 0x44, 0x94,
    0x06, 0xF8, 0x20, 0xB4, 0x5F, 0x4C, 0xC4, 0x72, 0x20, 0xFA, 0x8E, 0x18, 0x5B, 0x22, 0xE9, 0xC8,
    0xB4, 0xC5, 0x28, 0x46, 0xEE, 0xC4, 0xEA, 0x3B, 0xE8, 0xB9, 0xB2, 0xB9, 0x82, 0x3D, 0x17, 0xFC,
    0x02, 0x72, 0x93, 0xE2, 0xA8, 0xB8, 0x9C, 0x2C, 0x63, 0xAA, 0x60, 0x34, 0x71, 0x90, 0xA4, 0xEB,
    0xBA, 0x5B, 0x56, 0xB8, 0xCA, 0x77, 0xC4, 0xBA, 0x8B, 0x1D, 0xD7, 0xFB, 0x19, 0xD1, 0x6D, 0x2B,
    0xDA, 0x09, 0x8C, 0xFC, 0x8C, 0x38, 0x88, 0x0C, 0x8C, 0xEF, 0x12, 0x18, 0x79, 0x22, 0x46, 0x7A,
    0xC6, 0x17, 0xC7, 0xD5, 0xEC, 0xB8, 0x6A, 0x09, 0x7B, 0x09, 0x7E, 0xC0, 0xE2, 0x46, 0xED, 0xB4,
    0xB4, 0x69, 0xC8, 0xFF, 0x2D, 0x46, 0x10, 0x94, 0xF7, 0xB4, 0x29, 0x9F, 0xC8, 0x59, 0xA3, 0x17,
    0x90, 0x51, 0x70, 0x66, 0xFC, 0x24, 0xC1, 0x38, 0x59, 0xA5, 0x33, 0xC3, 0x2B, 0x18, 0x15, 0xEB,
    0x44, 0xE6, 0x3C, 0x8D, 0x24, 0xE5, 0xD0, 0x1A, 0x9F, 0x5C, 0x99, 0xBB, 0x48, 0x9E, 0x28, 0x01,
    0x70, 0x96, 0x2B, 0x3F, 0x96, 0xC7, 0xCC, 0xEA, 0x60, 0xD6, 0x0E, 0xE3, 0x1A, 0x17, 0x0D, 0x17,
    0xED, 0x3B, 0x86, 0xF2, 0x41, 0xC2, 0x29, 0x75, 0x9B, 0xB5, 0xC3, 0xBA, 0xB6, 0xEE, 0xD6, 0x93,
    0xD9, 0x5A, 0x26, 0x78, 0x79, 0xB1, 0xB6, 0x1C, 0xD7, 0x0D, 0x95, 0x42, 0xBF, 0x82, 0x3F, 0xC3,
    0x4E, 0x73, 0xA6, 0xE1, 0xCC, 0x37, 0x12, 0x3C, 0xB0, 0xFC, 0x13, 0x82, 0x4A, 0x29, 0x30, 0x24,
    0x37, 0xB1, 0x82, 0x8F, 0x08, 0xA1, 0x84, 0xE2, 0x24, 0x94, 0xC0, 0xA3, 0x8F, 0x9A, 0xBA, 0x65,
    0x15, 0xF4, 0x8C, 0xA2, 0xEF, 0x29, 0x2C, 0x3F, 0x50, 0x64, 0x87, 0x1F, 0x88, 0x98, 0x69, 0xAC,
    0x46, 0x3F, 0x87, 0x57, 0xD2, 0x6B, 0x39, 0x98, 0x10, 0x9B, 0x07, 0x0B, 0xAD, 0x49, 0x70, 0x53,
    0x0E, 0x85, 0x8E, 0x1F, 0x94, 0xBF, 0xD7, 0x54, 0xD0, 0x17, 0xD2, 0xAD, 0x29, 0x7A, 0x2E, 0xB4,
    0x5B, 0x29, 0x8D, 0x3D, 0x3C, 0x82, 0xA1, 0x1F, 0x61, 0xD5, 0x3C, 0xF6, 0xEA, 0xB1, 0xA7, 0x47,
    0x9C, 0xF3, 0x28, 0xC3, 0x4D, 0x21, 0x68, 0x09, 0x58, 0x21, 0xC4, 0x84, 0x68, 0x64, 0x1A, 0xBD,
    0xBD, 0x34, 0xBB, 0x1B, 0xE5, 0xC0, 0x8D, 0x31, 0x65, 0x2A, 0xF4, 0x62, 0x61, 0xA6, 0xF0, 0x21,
    0x41, 0x18, 0xC6, 0x87, 0xAC, 0x82, 0x36, 0x4A, 0x40, 0x6E, 0x7F, 0x98, 0xC5, 0x1A, 0xAC, 0xB4,
    0x2D, 0xC8, 0x30, 0x2C, 0x20, 0xED, 0xB0, 0x96, 0xF3, 0xA2, 0xD2, 0x69, 0x4D, 0x10, 0xF8, 0x60,
    0x6A, 0x1D, 0x6F, 0x9C, 0x6C, 0x76, 0xA2, 0x12, 0xE0, 0x95, 0x9B, 0xC7, 0xF5, 0x9B, 0xD6, 0x6F,
    0x1D, 0xC1, 0xEC, 0x05, 0x33, 0x69, 0xB7, 0xCC, 0x6D, 0x52, 0xDA, 0xA3, 0x74, 0x4E, 0x1E, 0x55,
    0x52, 0x1F, 0x98, 0x29, 0xAD, 0xF1, 0x24, 0xF2, 0x11, 0x51, 0xE5, 0xF1, 0xFD, 0x40, 0x1D, 0x23,
    0xEF, 0xDD, 0x5F, 0xBA, 0xC2, 0x6F, 0xA2, 0xFB, 0x7F, 0x9B, 0x4C, 0x21, 0xE8, 0x29, 0x18, 0xAF,
    0xEC, 0xCA, 0x78, 0x92, 0x25, 0x17, 0x74, 0x8A, 0x90, 0x6B, 0x77, 0xF8, 0xCD, 0xEF, 0x28, 0x5F,
    0x9C, 0x8A, 0x34, 0x69, 0x40, 0x90, 0x67, 0x75, 0x0D, 0xA9, 0x1E, 0x17, 0x08, 0x9A, 0xCE, 0xC5,
    0xBA, 0x8D, 0xE2, 0xBB, 0xE6, 0x4A, 0x3F, 0x29, 0x67, 0xED, 0x7E, 0x93, 0x5E, 0xAE, 0x83, 0x5E,
    0xFD, 0x49, 0xDB, 0x61, 0xE0, 0xC0, 0xA8, 0x03, 0xDD, 0x79, 0x20, 0x5A, 0x83, 0xEA, 0xB4, 0x6D,
    0x72, 0xC0, 0x4F, 0xCF, 0x32, 0x8A, 0xE9, 0x9B, 0xDB, 0x5A, 0xCE, 0x85, 0xF4, 0x02, 0x4D, 0xF8,
    0x99, 0x0A, 0x7F, 0xB7, 0x15, 0x3E, 0xBB, 0x47, 0x40, 0x60, 0x33, 0x13, 0x3E, 0x50, 0xFB, 0xC0,
    0x9B, 0xE6, 0xB2, 0x0B, 0x38, 0x1E, 0x9C, 0x9D, 0x6A, 0x2F, 0xEA, 0x67, 0x56, 0x1C, 0x14, 0x27,
    0xF3, 0xEC, 0x2E, 0xFB, 0x58, 0xDD, 0x6D, 0xBB, 0x19, 0x77, 0xAF, 0x1D, 0xCC, 0x2E, 0x19, 0xBD,
    0x70, 0xD8, 0xC1, 0xB0, 0x4B, 0xF9, 0x84, 0x9D, 0x5E, 0x80, 0x99, 0x75, 0xB0, 0x83, 0x0A, 0xFF,
    0xFE, 0x6A, 0xB8, 0xBF, 0x1A, 0xEE, 0xAF, 0x86, 0xBF, 0xF9, 0x6A, 0xF0, 0xF7, 0x57, 0xC3, 0xCF,
    0xBE, 0x1A, 0xAA, 0xCB, 0x57, 0x43, 0xF3, 0x8F, 0x5F, 0x0D, 0x5F, 0x01, 0xE5, 0x59, 0xBD, 0x8E,
    0xE4, 0x44, 0x10, 0x6E, 0x8F, 0xC5, 0x5A, 0xC2, 0x81, 0x73, 0x08, 0x9C, 0x93, 0xF8, 0x11, 0x6C,
    0x44, 0x48, 0x40, 0xC2, 0x45, 0x04, 0xE4, 0x5C, 0xB0, 0x8F, 0x60, 0x3F, 0xC2, 0xBE, 0xC1, 0x11,
    0x10, 0xC0, 0xF0, 0x0E, 0xD8, 0x8F, 0xE0, 0x88, 0x14, 0x23, 0x5D, 0x02, 0x91, 0x85, 0x2C, 0x31,
    0xBB, 0xB2, 0x5D, 0x54, 0x55, 0x77, 0x75, 0x97, 0x87, 0xD9, 0xDD, 0xD9, 0x5F, 0x24, 0xAE, 0xA5,
    0xBB, 0xF9, 0xBE, 0x9B, 0xDD, 0xEA, 0xFA, 0xEF, 0xEA, 0x3E, 0x63, 0x4C, 0x36, 0x44, 0x8B, 0xA1,
    0x95, 0xF5, 0xBB, 0x99, 0x41, 0xDE, 0xC5, 0x1E, 0x1C, 0x18, 0x14, 0x5D, 0x32, 0xF1, 0x27, 0x00,
    0x8C, 0xF8, 0x99, 0xE0, 0x27, 0x4C, 0xEE, 0x1F, 0x00, 0x10, 0xF0, 0x27, 0x74, 0x26, 0xB6, 0x60,
    0x34, 0x29, 0x4C, 0x8B, 0xC9, 0xE1, 0x60, 0x32, 0x68, 0x16, 0xFC, 0xB9, 0xD9, 0x14, 0x6B, 0x34,
    0x9B, 0xF2, 0xDD, 0x6A, 0xCA, 0x19, 0x37, 0x2A, 0xBF, 0x02, 0x53, 0x4F, 0x28, 0xBF, 0x4C, 0xC0,
    0xB4, 0x63, 0x3C, 0x99, 0x3A, 0x86, 0x0A, 0x86, 0x78, 0x34, 0x2D, 0x83, 0x64, 0x34, 0x2B, 0x09,
    0xEE, 0xD3, 0xD1, 0x2C, 0x0C, 0xB2, 0xC1, 0xCC, 0x16, 0xF4, 0x91, 0x03, 0xDD, 0xCE, 0x02, 0xA7,
    0x29, 0xF4, 0x45, 0x17, 0x4F, 0x0C, 0xCA, 0x26, 0x19, 0x2D, 0xA8, 0x04, 0x98, 0xD4, 0x82, 0x1A,
    0x6D, 0x66, 0xD0, 0xA2, 0xCD, 0x0C, 0x56, 0x34, 0x95, 0x01, 0xAA, 0xDC, 0x45, 0xD0, 0x41, 0x8F,
    0xEA, 0x76, 0x3B, 0x04, 0xBF, 0xA3, 0xA6, 0x0D, 0x82, 0xF6, 0x2F, 0x04, 0x55, 0x0C, 0x4D, 0xFD,
    0xF7, 0xC1, 0xD4, 0xE8, 0x80, 0xAA, 0x44, 0x07, 0xA0, 0x00, 0x40, 0xDB, 0x46, 0xF3, 0x0B, 0x5A,
    0x87, 0x98, 0x54, 0x6E, 0x67, 0xFC, 0xF6, 0x60, 0x16, 0x74, 0x80, 0xD9, 0x59, 0x6F, 0xE0, 0x6E,
    0x2D, 0x83, 0x06, 0x7D, 0x4A, 0x9F, 0x64, 0x4F, 0xEE, 0xBE, 0x31, 0xC5, 0xAF, 0x2D, 0xFC, 0x44,
    0xDE, 0x75, 0x2A, 0x23, 0xA8, 0x52, 0x0B, 0x9C, 0xA6, 0x0C, 0x7A, 0x06, 0xAD, 0x80, 0xAF, 0xCD,
    0x47, 0x95, 0x71, 0xEB, 0x12, 0xE0, 0xDA, 0xA2, 0x44, 0x84, 0xA2, 0x10, 0xD9, 0xC8, 0x44, 0x56,
    0x8B, 0x4A, 0xBE, 0x07, 0x20, 0x11, 0x19, 0xFD, 0x5C, 0xCA, 0xE1, 0x2C, 0x28, 0x82, 0x06, 0xC8,
    0x83, 0x25, 0x47, 0x9E, 0xFF, 0x6E, 0x39, 0xE4, 0x39, 0x07, 0x81, 0x45, 0xA2, 0xAD, 0x28, 0x8B,
    0xB7, 0x4F, 0x11, 0xA2, 0x57, 0xEC, 0x96, 0x04, 0x1B, 0x82, 0x18, 0x37, 0xFC, 0xA3, 0xA0, 0xD7,
    0xF0, 0xC9, 0xB0, 0x94, 0x04, 0x7B, 0x18, 0xFC, 0xDF, 0xE9, 0x70, 0x2F, 0x04, 0xBF, 0xAA, 0x87,
    0x40, 0xB3, 0xDB, 0x3B, 0x01, 0x1F, 0xFF, 0xC8, 0xF2, 0x3A, 0xCB, 0xF2, 0x99, 0xD9, 0xB0, 0x61,
    0xD3, 0x86, 0xCD, 0x1B, 0xB6, 0x6E, 0x98, 0x53, 0x4B, 0x58, 0xB7, 0x61, 0xC3, 0x86, 0x4D, 0x9A,
    0xD5, 0xB3, 0x66, 0xDF, 0xAE, 0x9A, 0x7D, 0x69, 0x85, 0x3A, 0xF6, 0x85, 0x15, 0xEA, 0xD8, 0xE7,
    0x56, 0xA8, 0x63, 0x95, 0x4B, 0x61, 0xC7, 0x6C, 0x6E, 0x0B, 0xE3, 0xC4, 0x66, 0x06, 0x7A, 0x8D,
    0x8F, 0x65, 0x1C, 0x83, 0x7C, 0x51, 0x3B, 0x70, 0x95, 0x04, 0xC6, 0x3E, 0xF5, 0x8C, 0x0B, 0xC9,
    0x33, 0xEC, 0x80, 0x9A, 0x91, 0xA6, 0x81, 0x91, 0xA6, 0xCF, 0xAC, 0xA7, 0x21, 0x4D, 0xC3, 0x0E,
    0x54, 0xDA, 0x8A, 0x61, 0x0D, 0x2B, 0x86, 0x9A, 0x2A, 0x86, 0x9A, 0x6A, 0x56, 0xCE, 0x9A, 0xE5,
    0xAB, 0x66, 0x29, 0x68, 0x16, 0xC3, 0x6F, 0x8A, 0xA1, 0x31, 0x9A, 0xD5, 0x1B, 0x56, 0x6E, 0x58,
    0xB6, 0x61, 0xC9, 0x86, 0xED, 0x36, 0xCC, 0x6C, 0x59, 0xBD, 0x61, 0x85, 0xCB, 0x33, 0x5A, 0xEB,
    0x95, 0x09, 0xC4, 0x36, 0x49, 0x21, 0x9C, 0x4E, 0x71, 0xF0, 0x96, 0x22, 0x4A, 0x5C, 0xD4, 0x82,
    0x92, 0x9D, 0xD3, 0x67, 0x50, 0xB0, 0xD1, 0xFA, 0x75, 0x81, 0x44, 0x9A, 0x18, 0x8A, 0xFF, 0xAD,
    0x04, 0x9E, 0xBA, 0xCE, 0xDC, 0xE7, 0xB4, 0x6E, 0x1B, 0xAD, 0x63, 0x6D, 0x4F, 0xA6, 0x2D, 0x2D,
    0x95, 0x0F, 0x24, 0x10, 0x6E, 0x4D, 0x9A, 0xF4, 0x9A, 0x54, 0x8A, 0x4C, 0xCA, 0xF1, 0x6B, 0x75,
    0xD4, 0xD2, 0x3E, 0x58, 0x62, 0xD7, 0xBE, 0x11, 0x64, 0x4F, 0xDC, 0xB3, 0x91, 0x4F, 0xD5, 0xB3,
    0xD1, 0x79, 0x92, 0x3F, 0xA5, 0x78, 0x11, 0xE2, 0xA1, 0xA6, 0xE1, 0xF6, 0x65, 0xDB, 0x4B, 0x4F,
    0xF5, 0x4B, 0xC2, 0x10, 0x45, 0x3E, 0xE6, 0x31, 0xCD, 0x13, 0x29, 0xA1, 0x8C, 0x6B, 0x8A, 0x50,
    0x0E, 0x36, 0x6F, 0x7A, 0x53, 0x2E, 0x36, 0x9D, 0x10, 0x1D, 0x6C, 0xD5, 0xF4, 0xA6, 0x1E, 0xAD,
    0x2F, 0x7A, 0xEE, 0x86, 0xB4, 0x51, 0xEF, 0x26, 0x8F, 0xC8, 0x23, 0x2E, 0x8E, 0xFE, 0xF5, 0x51,
    0xD0, 0x60, 0xE7, 0xF5, 0x0B, 0x9A, 0xA6, 0xA4, 0xFD, 0xE4, 0x2D, 0x9A, 0xC5, 0x4A, 0x37, 0x58,
    0x89, 0x0F, 0x12, 0x42, 0x34, 0x1C, 0x9A, 0x7A, 0x41, 0x64, 0xA7, 0xC3, 0x03, 0x6D, 0xC0, 0xE3,
    0xE1, 0xE0, 0x7D, 0x5A, 0x89, 0x9F, 0x0F, 0x76, 0xFB, 0x4F, 0x5C, 0x79, 0x9C, 0xBD, 0x42, 0xC3,
    0x3A, 0x17, 0xD9, 0xA6, 0x16, 0xF6, 0xA9, 0x7D, 0x67, 0xF4, 0x25, 0x6A, 0x5D, 0x62, 0x47, 0x7E,
    0xB0, 0x17, 0x83, 0x56, 0xDA, 0x0D, 0x3B, 0x86, 0x7E, 0x19, 0x85, 0x34, 0x1C, 0xCF, 0x49, 0x1C,
    0x63, 0x5C, 0x02, 0xE0, 0x0F, 0x84, 0x61, 0x13, 0x7F, 0x35, 0x8C, 0x9B, 0x9B, 0x81, 0xD3, 0xD8,
    0x43, 0x14, 0xEC, 0x04, 0xCC, 0x43, 0xA7, 0xC4, 0x9E, 0x0F, 0xD4, 0x48, 0x46, 0x93, 0x24, 0xCC,
    0xA0, 0x9B, 0xD1, 0xF3, 0x88, 0x44, 0x6F, 0x4C, 0x20, 0xC7, 0xC5, 0xA6, 0x9B, 0xFE, 0xA3, 0xC8,
    0x0B, 0x36, 0x82, 0xC7, 0xA8, 0xB3, 0xFF, 0x19, 0xFE, 0xDC, 0xE3, 0x6A, 0x9C, 0xD9, 0xD5, 0x7D,
    0xDE, 0x89, 0xB5, 0x13, 0x13, 0xED, 0x5E, 0x1E, 0x5E, 0xA4, 0x07, 0x64, 0xAB, 0x0A, 0x09, 0xC7,
    0xA7, 0x1D, 0x55, 0xE4, 0x24, 0x8C, 0x1C, 0xD3, 0x62, 0x75, 0x27, 0xCA, 0xC8, 0xE1, 0x6B, 0xAC,
    0xE4, 0x21, 0x24, 0x45, 0xC1, 0x5B, 0xEC, 0xF8, 0x2C, 0xB8, 0xB0, 0xB9, 0x23, 0x89, 0xE4, 0xC6,
    0xBE, 0x70, 0xF8, 0x1A, 0xB9, 0x43, 0x39, 0x7D, 0x8B, 0x90, 0x7B, 0xB8, 0xC5, 0x5B, 0x80, 0x3F,
    0xC2, 0xBD, 0x07, 0xE0, 0xA6, 0x52, 0xC4, 0x6E, 0x96, 0x80, 0x4A, 0xD1, 0x44, 0x1F, 0x49, 0x89,
    0x3E, 0xE4, 0x13, 0xAB, 0xC6, 0x05, 0x6B, 0xE0, 0x08, 0x56, 0xA9, 0x22, 0x9C, 0x88, 0x42, 0xC8,
    0x39, 0xB7, 0xCE, 0x58, 0xE7, 0x12, 0x2F, 0x8D, 0xE3, 0x74, 0x1E, 0x79, 0xBE, 0x4D, 0x37, 0xF6,
    0x70, 0xCC, 0x84, 0xB4, 0xCA, 0x07, 0xDC, 0xAD, 0x82, 0xAB, 0x06, 0x4D, 0x1A, 0x45, 0x56, 0xED,
    0xDE, 0x41, 0x91, 0x6B, 0x9F, 0x59, 0x7E, 0x7D, 0xA0, 0x84, 0xD2, 0x6B, 0x7F, 0xEA, 0xAB, 0x27,
    0x43, 0x2C, 0x03, 0x78, 0xEF, 0xF2, 0x92, 0xD6, 0x55, 0xA8, 0xA8, 0x59, 0x85, 0xA5, 0xF2, 0x95,
    0x45, 0x11, 0xAA, 0xB9, 0x08, 0xE8, 0x85, 0xC6, 0xC8, 0x33, 0xC1, 0x82, 0x29, 0x36, 0xCA, 0x68,
    0x97, 0xB8, 0x46, 0x80, 0x15, 0x9C, 0xF9, 0x04, 0xEC, 0x72, 0x77, 0x24, 0xE0, 0x79, 0x58, 0xFA,
    0xE1, 0x61, 0x28, 0xA5, 0x22, 0xDB, 0xB1, 0x1E, 0xE5, 0x00, 0x19, 0xA5, 0x45, 0x98, 0x72, 0x6A,
    0x07, 0x0F, 0xA5, 0x97, 0x9B, 0xCF, 0x7E, 0xF0, 0x50, 0x0F, 0x1B, 0x2F, 0x00, 0xED, 0x73, 0xD5,
    0x83, 0xA1, 0xD3, 0xF7, 0x21, 0x70, 0x38, 0x05, 0xBD, 0xF1, 0xCA, 0x25, 0x75, 0x70, 0x54, 0x3B,
    0x7A, 0xF7, 0xA1, 0x27, 0x9D, 0x53, 0x71, 0xCA, 0xC8, 0x57, 0xEF, 0xF5, 0xCC, 0xB7, 0x9D, 0x46,
    0xC2, 0x52, 0x80, 0x0F, 0x56, 0xBB, 0x48, 0x08, 0xED, 0x6C, 0xC1, 0xB9, 0x50, 0xD3, 0x97, 0x79,
    0x38, 0x1B, 0x12, 0x55, 0xA7, 0x6D, 0x68, 0x8F, 0xA9, 0x1F, 0xCA, 0x69, 0xCA, 0x80, 0x9B, 0xAB,
    0x17, 0x48, 0x4F, 0x3E, 0x8B, 0x5E, 0xB6, 0x02, 0x2E, 0x8F, 0x2A, 0xA0, 0x09, 0x66, 0xEA, 0xFE,
    0x15, 0xCE, 0x16, 0x3B, 0xB4, 0xDA, 0x0A, 0x18, 0x43, 0x05, 0xCC, 0xDE, 0xA9, 0xF5, 0xAA, 0x2A,
    0xC0, 0x48, 0x00, 0xF0, 0x72, 0x97, 0xFB, 0xA1, 0xA8, 0x93, 0x60, 0x51, 0x31, 0x84, 0x10, 0xFA,
    0xC0, 0xC2, 0xD0, 0x86, 0x18, 0xFB, 0x24, 0x68, 0x47, 0x9F, 0x1A, 0xF5, 0xF0, 0x5A, 0x15, 0xF0,
    0x7A, 0x30, 0xE4, 0x3A, 0x0C, 0xA7, 0x8C, 0x6F, 0xC7, 0x53, 0x8E, 0x12, 0xF7, 0xA1, 0x27, 0x8B,
    0x39, 0x34, 0x9B, 0xD5, 0x7B, 0x3D, 0x0B, 0xA7, 0x96, 0xAF, 0x80, 0x35, 0x54, 0xC0, 0x1C, 0x2A,
    0x60, 0x92, 0x0A, 0x68, 0x49, 0x81, 0x3C, 0x9C, 0x55, 0xF1, 0x1D, 0x15, 0xB0, 0xBE, 0x4E, 0x05,
    0x7C, 0xB7, 0x97, 0x75, 0x75, 0xF2, 0x7C, 0x3E, 0x0D, 0x87, 0x37, 0xB4, 0xDE, 0xCA, 0x34, 0xCE,
    0xC5, 0xED, 0x61, 0x16, 0x46, 0x5B, 0xFF, 0x68, 0xA7, 0x46, 0xBA, 0x3B, 0x63, 0xE6, 0x74, 0x81,
    0x9B, 0xFD, 0xF7, 0xF7, 0xAA, 0xD3, 0x82, 0x9E, 0x01, 0x6E, 0x95, 0x1B, 0x85, 0x8D, 0x95, 0x3A,
    0x69, 0x50, 0x32, 0x0F, 0xAA, 0xB7, 0xDE, 0xA0, 0x6F, 0xB8, 0x4A, 0x95, 0x7C, 0xF5, 0x58, 0xA0,
    0x66, 0x39, 0x38, 0xAE, 0xED, 0x21, 0xD8, 0x3B, 0x7B, 0xB1, 0xE5, 0x7D, 0xCE, 0x89, 0x54, 0xD5,
    0xF9, 0x74, 0x34, 0xC6, 0x97, 0x70, 0x98, 0x67, 0xE5, 0xD9, 0xC8, 0x49, 0x5B, 0x94, 0x60, 0x13,
    0x6C, 0x53, 0x01, 0x57, 0x0F, 0xB2, 0xCD, 0x89, 0x58, 0x44, 0xA7, 0x2A, 0x25, 0x0C, 0xD6, 0x5C,
    0x36, 0xE7, 0xE8, 0xC3, 0x6F, 0xB4, 0x47, 0x3A, 0x3D, 0x16, 0x35, 0x82, 0x8A, 0xCE, 0xA1, 0x14,
    0x1C, 0xDA, 0x81, 0xA0, 0x56, 0x50, 0xE1, 0x26, 0xBA, 0xCC, 0x17, 0x4D, 0x26, 0x03, 0x07, 0x5D,
    0x19, 0xDF, 0xCB, 0xFC, 0x7E, 0xED, 0xEF, 0x30, 0xF2, 0xD8, 0xE4, 0xD3, 0xD7, 0x21, 0xDC, 0x77,
    0xF1, 0xFB, 0x56, 0xB7, 0xEC, 0x5B, 0x0B, 0xCA, 0xEF, 0xD8, 0xF7, 0xD2, 0x3F, 0x1E, 0xFB, 0x4D,
    0xEE, 0xD8, 0x17, 0x5D, 0xBC, 0x64, 0x82, 0x2A, 0x87, 0x30, 0x0D, 0xFE, 0x85, 0x30, 0x40, 0x82,
    0x7A, 0x87, 0x28, 0xBB, 0xB3, 0x45, 0xD2, 0x29, 0x5B, 0xE4, 0xBD, 0x2F, 0x5B, 0xE4, 0x71, 0xCC,
    0x22, 0xBA, 0xE3, 0x5A, 0x44, 0x57, 0x08, 0x46, 0x11, 0xA5, 0x38, 0x23, 0xFE, 0x3F, 0x17, 0x46,
    0x25, 0x19, 0x47, 0xE8, 0x82, 0xD5, 0x45, 0x84, 0xB7, 0xE7, 0xC5, 0xD9, 0x06, 0xEE, 0xFE, 0x24,
    0x75, 0x90, 0xF9, 0x9B, 0xCF, 0xC6, 0x07, 0x37, 0xF2, 0x30, 0x17, 0xA6, 0xED, 0x4C, 0xDD, 0x7F,
    0x32, 0x35, 0x9F, 0x67, 0xEA, 0xAA, 0x98, 0xA9, 0xCB, 0x8F, 0xB3, 0xF2, 0xC2, 0x6B, 0xE8, 0xDE,
    0x4E, 0x05, 0x53, 0x1B, 0x16, 0x9C, 0x42, 0xC0, 0x89, 0xC2, 0xB1, 0xB7, 0xFD, 0xBF, 0xC3, 0x5A,
    0x1F, 0xAD, 0x67, 0xA6, 0xF4, 0x2F, 0x97, 0x80, 0x21, 0xD8, 0x48, 0xFF, 0x59, 0x17, 0x9A, 0x9D,
    0x7E, 0x7F, 0x6D, 0x02, 0x5E, 0xD4, 0x9D, 0xAF, 0x0F, 0xF8, 0xFA, 0xA8, 0x37, 0x3C, 0x17, 0xD6,
    0xCF, 0xCE, 0x0F, 0xC5, 0x2F, 0xA1, 0x8F, 0xC6, 0xFF, 0x00, 0xD5, 0x53, 0x31, 0x6E, 0xC3, 0x30,
    0x0C, 0x94, 0xE3, 0x16, 0x19, 0x32, 0x64, 0x2A, 0xD0, 0x2D, 0x4F, 0xF0, 0xDA, 0x2D, 0x7E, 0x42,
    0x96, 0x22, 0x7F, 0xE8, 0x27, 0xE8, 0xA7, 0xF4, 0x19, 0xDD, 0x94, 0x27, 0xF8, 0x09, 0x7A, 0x02,
    0x0B, 0x18, 0x08, 0x81, 0x3A, 0xBE, 0x90, 0x6A, 0x23, 0x6B, 0xB0, 0x90, 0xAE, 0x21, 0xE0, 0xC3,
    0x19, 0x10, 0x29, 0xEA, 0x78, 0x74, 0xCE, 0x07, 0x77, 0x8B, 0x0A, 0xA7, 0xC4, 0xD7, 0x68, 0x13,
    0xDF, 0x4E, 0x89, 0xBA, 0xBD, 0xCC, 0xDC, 0x73, 0xA2, 0xAB, 0x42, 0xEA, 0x6E, 0x7A, 0xBF, 0xC5,
    0x61, 0x8F, 0x14, 0x03, 0x0A, 0xDC, 0x67, 0x3C, 0x3F, 0x9F, 0xB7, 0x50, 0x67, 0xF5, 0x2B, 0xF4,
    0x8B, 0xFD, 0xB8, 0x66, 0x74, 0x8B, 0xFD, 0xD7, 0xE8, 0xE6, 0x9F, 0x3C, 0xF9, 0xE3, 0x33, 0x4B,
    0x88, 0x67, 0x88, 0xE3, 0x05, 0x56, 0x68, 0x03, 0xBB, 0xB3, 0x01, 0x54, 0x2C, 0x6D, 0x47, 0xF4,
    0x8D, 0x1A, 0x6E, 0x07, 0xFF, 0x83, 0x93, 0xBF, 0xD0, 0xB7, 0xBE, 0x82, 0x89, 0x49, 0xD0, 0x11,
    0x6F, 0x65, 0xD2, 0xDC, 0x95, 0x0C, 0x56, 0xE1, 0xAB, 0x33, 0x7C, 0xFD, 0xAB, 0xF6, 0xC0, 0xF8,
    0x72, 0x98, 0xF5, 0xA1, 0xF0, 0x1F, 0xA1, 0x0B, 0x53, 0xA2, 0xD2, 0x94, 0xE0, 0x92, 0x57, 0x8E,
    0xE8, 0x32, 0x57, 0x04, 0xDC, 0x77, 0x0E, 0x67, 0xBC, 0xBF, 0xEF, 0xE2, 0x71, 0xD1, 0x35, 0xC5,
    0x05, 0xB8, 0x2C, 0x2F, 0xC0, 0xAF, 0x67, 0x1E, 0x7B, 0xB2, 0xAD, 0xE1, 0x53, 0x30, 0x7C, 0x1B,
    0x15, 0x2B, 0x41, 0x4B, 0xBC, 0x16, 0xF4, 0xC4, 0x8D, 0x40, 0x88, 0x6D, 0x13, 0xE9, 0x8C, 0xB0,
    0x31, 0x6D, 0xDB, 0x4A, 0x41, 0xE5, 0x20, 0x95, 0xDC, 0x66, 0x66, 0x8A, 0xD5, 0x88, 0xD2, 0xFA,
    0x21, 0x8E, 0x34, 0xAA, 0xFF, 0xAC, 0xDF, 0x15, 0xED, 0x58, 0x3D, 0xAE, 0xDB, 0x46, 0x10, 0x5E,
    0x89, 0x88, 0x05, 0x84, 0x05, 0x53, 0xC7, 0x05, 0x8F, 0xC0, 0x23, 0x90, 0x5D, 0x4E, 0xE0, 0x4B,
    0xA4, 0xF1, 0x09, 0x02, 0x12, 0xC8, 0x01, 0xF2, 0x8E, 0xE0, 0x22, 0x45, 0xFC, 0x5C, 0xF8, 0x08,
    0x54, 0x9F, 0xC2, 0x3C, 0x82, 0x80, 0xBC, 0x26, 0x69, 0xA2, 0x82, 0x40, 0x58, 0x88, 0x9C, 0xCC,
    0xFF, 0xAE, 0x24, 0xFA, 0xE9, 0x3D, 0x07, 0x31, 0x10, 0xC4, 0x04, 0xDE, 0xE3, 0x70, 0xC4, 0xDD,
    0xF9, 0xE6, 0x9B, 0xD9, 0xD9, 0x59, 0x86, 0x50, 0xBF, 0x6D, 0x82, 0x5C, 0x35, 0x2C, 0x8D, 0x49,
    0x30, 0xB9, 0x04, 0x9D, 0x4B, 0xA3, 0x28, 0x37, 0x3D, 0x2C, 0xC1, 0xC5, 0xBD, 0x8A, 0x39, 0x1C,
    0x4C, 0x69, 0xA3, 0x71, 0xD4, 0x6C, 0x52, 0x01, 0x26, 0x65, 0x60, 0x16, 0xB7, 0x3E, 0x38, 0xC0,
    0x60, 0x52, 0x7B, 0xF4, 0xC1, 0x2E, 0x55, 0xA3, 0x49, 0xE5, 0xC9, 0x27, 0x24, 0x69, 0xF3, 0x1E,
    0x7E, 0x17, 0xA9, 0x45, 0x7C, 0x87, 0x1C, 0xCD, 0xED, 0x50, 0x80, 0x79, 0x87, 0x08, 0x2B, 0x92,
    0xE0, 0x47, 0x34, 0xDC, 0xB3, 0xF4, 0x1B, 0xA0, 0x45, 0xF4, 0xF1, 0x05, 0xFC, 0x05, 0xF8, 0x1A,
    0xCD, 0x8E, 0xAF, 0x20, 0x32, 0xF2, 0x10, 0x87, 0x85, 0x12, 0x04, 0x3E, 0x34, 0xB5, 0x98, 0x69,
    0x51, 0x9A, 0xD4, 0xFD, 0x46, 0x81, 0x95, 0xD0, 0xF4, 0x47, 0x75, 0xA9, 0x51, 0x9F, 0x73, 0x97,
    0x76, 0x28, 0x0D, 0xE6, 0xE6, 0x67, 0x90, 0x82, 0xDB, 0x0D, 0x8A, 0x2A, 0x07, 0xA3, 0xB0, 0x58,
    0x42, 0x2D, 0xC4, 0x95, 0x73, 0x50, 0x8F, 0xF0, 0x56, 0x4A, 0xF0, 0x30, 0x9A, 0xE2, 0x79, 0x86,
    0x4C, 0xEC, 0x78, 0x9A, 0x12, 0xA7, 0x65, 0x86, 0x88, 0x02, 0x63, 0x6D, 0x09, 0xC6, 0xE4, 0x18,
    0x94, 0x5D, 0x09, 0x1B, 0x31, 0x2E, 0xE1, 0xC5, 0x28, 0xFC, 0x41, 0x31, 0x85, 0x7F, 0x7A, 0x21,
    0x96, 0x7D, 0xCC, 0x8C, 0x2F, 0x0F, 0x5F, 0x1E, 0xFE, 0x53, 0x0F, 0xE1, 0x95, 0xD6, 0xA6, 0x57,
    0xCD, 0xED, 0xB5, 0xD0, 0x47, 0xB1, 0x8A, 0x62, 0x2C, 0x93, 0xB8, 0xD4, 0xBC, 0x3A, 0x6E, 0xBD,
    0xB6, 0xF2, 0xBA, 0xF5, 0x02, 0xE9, 0xC5, 0x50, 0x4B, 0x97, 0x16, 0x80, 0x2E, 0x96, 0xDA, 0x21,
    0x8E, 0xF3, 0x6A, 0x1A, 0xDA, 0x38, 0xAE, 0x5A, 0x42, 0xAC, 0xD0, 0x4D, 0x1C, 0xE7, 0xA6, 0x37,
    0xC9, 0xB8, 0x7E, 0x0A, 0xD7, 0x85, 0x3D, 0x7C, 0x1E, 0xC8, 0xC9, 0x14, 0x51, 0xEC, 0xC7, 0x15,
    0x98, 0x09, 0xF8, 0xC4, 0xA5, 0x72, 0x59, 0xC3, 0x10, 0x91, 0x25, 0x78, 0x77, 0xE9, 0x04, 0x6B,
    0x1E, 0xB7, 0xD3, 0x0A, 0xC4, 0x04, 0x78, 0xE2, 0x4E, 0xE2, 0x64, 0x62, 0xF6, 0x19, 0xB8, 0x93,
    0x00, 0xB5, 0x9F, 0x86, 0x7B, 0x35, 0xE5, 0x6E, 0x5E, 0xF7, 0x7A, 0xBD, 0x31, 0xC5, 0xF1, 0x11,
    0x21, 0x5C, 0x5E, 0x1B, 0x87, 0x12, 0x77, 0xFB, 0x7C, 0x39, 0xDB, 0xBA, 0xC5, 0xBB, 0xE9, 0x7A,
    0xB3, 0x77, 0x1E, 0xD7, 0x26, 0xD9, 0xB9, 0x63, 0xC5, 0xFC, 0xD8, 0x24, 0xBD, 0xB3, 0xF2, 0xC4,
    0x49, 0x62, 0x63, 0x11, 0xF3, 0x6B, 0x65, 0x92, 0xAD, 0x87, 0x36, 0x7B, 0xE2, 0x24, 0xB1, 0x9F,
    0x79, 0x74, 0x92, 0x35, 0x76, 0x56, 0x27, 0x59, 0x63, 0x27, 0xFC, 0x4B, 0x14, 0x9F, 0x9E, 0x44,
    0xF1, 0xE6, 0xF9, 0x14, 0xC7, 0x8C, 0xF9, 0x8A, 0xE8, 0xA0, 0x56, 0x64, 0xA6, 0x4C, 0x6D, 0xB0,
    0xA9, 0xD8, 0x83, 0xFC, 0x0D, 0xFA, 0xB7, 0xC7, 0xB4, 0xDD, 0xA3, 0xBE, 0xA3, 0x66, 0x2D, 0x87,
    0x13, 0x36, 0x9D, 0xC3, 0x4A, 0x31, 0xE8, 0xA3, 0x77, 0x87, 0x2B, 0x3F, 0xB7, 0x09, 0xC4, 0xCE,
    0x21, 0x7A, 0x66, 0x46, 0xB0, 0xCB, 0x35, 0xD8, 0xEA, 0xD1, 0x78, 0xF4, 0x8F, 0x91, 0x9A, 0x06,
    0xFA, 0x9A, 0x99, 0x24, 0x5A, 0x6B, 0x1C, 0x4D, 0xD4, 0x50, 0x4D, 0xCA, 0x16, 0xC0, 0x49, 0xCD,
    0x4A, 0xD3, 0x45, 0x3E, 0x4A, 0x6F, 0x46, 0xC6, 0xA8, 0x75, 0x52, 0xB3, 0x94, 0x0C, 0x62, 0x8C,
    0x3C, 0x95, 0xD4, 0x20, 0xEF, 0xD5, 0x47, 0x94, 0xD4, 0x18, 0xCE, 0xA0, 0xF1, 0x45, 0x17, 0x34,
    0xBE, 0x68, 0x49, 0x7D, 0xC4, 0x9B, 0x06, 0x09, 0xDD, 0xD7, 0x48, 0xE3, 0xEB, 0xEA, 0x63, 0x31,
    0x9B, 0x8F, 0x39, 0x98, 0x8F, 0x19, 0x58, 0x1E, 0x66, 0xF0, 0x1D, 0x98, 0xFF, 0xBF, 0x9A, 0x8F,
    0xF0, 0xC1, 0x3C, 0x83, 0x3F, 0x4D, 0xEA, 0xBD, 0x8C, 0xD5, 0x5E, 0x43, 0x6A, 0x8F, 0x5E, 0xE5,
    0x84, 0x16, 0x4E, 0x68, 0xE1, 0x84, 0xE6, 0x4E, 0xE8, 0xC6, 0x76, 0xDD, 0xD7, 0x70, 0xA7, 0x03,
    0x1F, 0xF8, 0x05, 0x39, 0xA5, 0x6C, 0xE5, 0x08, 0x43, 0xDD, 0xEA, 0xA0, 0xAD, 0xEC, 0x48, 0x0D,
    0xAE, 0xF4, 0xB3, 0x7C, 0x58, 0x40, 0xC4, 0xD2, 0xE8, 0x66, 0xD2, 0x85, 0x16, 0x88, 0x01, 0x5B,
    0x7F, 0x3E, 0xD2, 0x54, 0xB0, 0xA7, 0x1A, 0x9E, 0xE3, 0xE0, 0x0A, 0x55, 0x58, 0xE5, 0xA9, 0x8E,
    0x53, 0xD9, 0xE6, 0x72, 0x0C, 0x47, 0x3E, 0x20, 0xA0, 0xCC, 0x1E, 0xF4, 0x63, 0x2B, 0xC7, 0x0A,
    0x29, 0xE6, 0xF5, 0xC8, 0xE9, 0x91, 0xC3, 0x4F, 0x8C, 0xB6, 0x9E, 0xD8, 0xB9, 0x4C, 0x91, 0x55,
    0x27, 0xF1, 0x50, 0x4F, 0x5B, 0xA5, 0x3E, 0x2A, 0x17, 0xF6, 0xA8, 0xCE, 0x7F, 0xE4, 0xB1, 0x3A,
    0x7F, 0xB9, 0xE7, 0x34, 0xA1, 0xC7, 0x83, 0x9C, 0x64, 0xD4, 0x10, 0xC3, 0xC8, 0xE0, 0x03, 0xD3,
    0x57, 0x4F, 0x0C, 0xB2, 0x00, 0xD9, 0xB2, 0xEA, 0x91, 0x5D, 0xA8, 0x66, 0xD9, 0x55, 0xFA, 0x23,
    0xEF, 0x74, 0xB8, 0xD7, 0xD3, 0x1D, 0x1D, 0x2D, 0xD9, 0xED, 0x03, 0x6E, 0x65, 0x1D, 0x26, 0xEF,
    0x50, 0x08, 0x29, 0x28, 0x8E, 0x74, 0x57, 0xCA, 0x84, 0x51, 0x90, 0xDB, 0x29, 0x9E, 0x0E, 0x68,
    0xF7, 0x39, 0xB0, 0x31, 0xE6, 0x1B, 0x83, 0xC2, 0x4C, 0x6C, 0xF4, 0x5C, 0xF9, 0x5A, 0xA3, 0xFD,
    0x92, 0x43, 0x26, 0xD7, 0xB7, 0x8B, 0x2D, 0x94, 0xC5, 0x0F, 0xA6, 0x9A, 0x39, 0x2A, 0x18, 0x81,
    0xF8, 0xCA, 0xC3, 0xC5, 0x86, 0x59, 0xCE, 0x97, 0xBB, 0xAD, 0x77, 0x0E, 0xBE, 0x52, 0x3D, 0xC3,
    0x2C, 0xC1, 0x7C, 0xC1, 0x7A, 0x99, 0xC8, 0xA2, 0xD0, 0x5D, 0x2C, 0x60, 0x5F, 0xBF, 0x5E, 0x35,
    0xBC, 0x68, 0xF8, 0x32, 0xF6, 0x55, 0xEC, 0xB5, 0xC3, 0xE1, 0xD4, 0xD3, 0x65, 0x31, 0xF1, 0x5A,
    0xF2, 0x7F, 0x01, 0x18, 0x71, 0xC1, 0x25, 0x2E, 0x87, 0x63, 0x2D, 0x96, 0xF7, 0x47, 0x2F, 0xD5,
    0xA6, 0x9D, 0x3E, 0xA5, 0xE6, 0x25, 0x39, 0x4F, 0x82, 0xA2, 0xF9, 0xFE, 0x67, 0xEF, 0x43, 0xFA,
    0x37, 0x5E, 0x4D, 0x16, 0xAD, 0x8E, 0x32, 0x43, 0x06, 0xBC, 0xDA, 0x8F, 0xCC, 0x57, 0x2E, 0x49,
    0xBB, 0xA3, 0x4F, 0x00, 0xB8, 0x05, 0xC9, 0xD1, 0xF9, 0xC4, 0x7D, 0x1C, 0x42, 0x43, 0x22, 0x28,
    0xFF, 0x51, 0xC1, 0xF5, 0x77, 0xA2, 0xB5, 0x41, 0x25, 0xB1, 0xE6, 0xF1, 0x84, 0xAB, 0xE4, 0xE2,
    0x42, 0xE6, 0x77, 0x9C, 0xE0, 0x0C, 0xC4, 0x4E, 0xC7, 0x84, 0xFD, 0x2E, 0xDC, 0xBA, 0x5E, 0xF8,
    0x0A, 0xA8, 0xD9, 0xB1, 0x4C, 0xD6, 0xD2, 0xE0, 0x48, 0x47, 0xC6, 0x57, 0x08, 0xD2, 0x9C, 0x3F,
    0x56, 0x54, 0x09, 0xD2, 0x3D, 0x1F, 0xF2, 0x47, 0xEE, 0x07, 0x0D, 0x29, 0x56, 0xE9, 0x31, 0x45,
    0x3A, 0xC8, 0x3A, 0xDC, 0x07, 0x99, 0x96, 0x90, 0xF6, 0xFB, 0x94, 0xC1, 0xF0, 0xF5, 0x62, 0xF5,
    0x75, 0xFB, 0x56, 0x83, 0xA5, 0x3F, 0x15, 0x1A, 0x90, 0x4A, 0xE3, 0x51, 0x6B, 0x0A, 0xF4, 0x1A,
    0x66, 0x8D, 0xF2, 0xD6, 0xF6, 0x80, 0x25, 0x0E, 0xA7, 0x36, 0xF2, 0xFD, 0x72, 0xFF, 0x8B, 0x76,
    0x8B, 0xA7, 0x8F, 0xDD, 0x79, 0x78, 0x73, 0xD6, 0xD2, 0xE4, 0xF3, 0x79, 0x27, 0x62, 0x1F, 0x82,
    0xAC, 0x81, 0xB0, 0x4E, 0xC0, 0x4F, 0x61, 0x34, 0xFC, 0xFE, 0xFE, 0x1D, 0xB5, 0xAF, 0x4F, 0xB0,
    0xB7, 0x3A, 0xFC, 0x93, 0xAD, 0x5F, 0x5D, 0xDE, 0xC4, 0xE7, 0x7E, 0x1E, 0xE8, 0xBB, 0xCB, 0x33,
    0xC2, 0xC6, 0xBE, 0xB0, 0x51, 0x16, 0x75, 0xA6, 0x9A, 0x5D, 0x35, 0x5C, 0xA8, 0x2A, 0x70, 0xAA,
    0xED, 0x3B, 0x5B, 0xAA, 0x1A, 0x6D, 0x2F, 0x54, 0x5F, 0x30, 0x21, 0x35, 0xB1, 0x5A, 0xF0, 0xC2,
    0x6A, 0xEB, 0xB7, 0xF6, 0x14, 0x6D, 0x7D, 0xB3, 0x6D, 0xBD, 0x2B, 0x89, 0xBA, 0xF8, 0x5E, 0x0E,
    0xF1, 0x45, 0xFF, 0x0A, 0x18, 0x27, 0x3C, 0x57, 0x8E, 0xE1, 0x0C, 0xCC, 0x37, 0x0E, 0xF0, 0x07,
    0x07, 0xDD, 0x0E, 0xE6, 0x48, 0x3B, 0x8B, 0xF2, 0x4E, 0xEC, 0xB2, 0xC3, 0x25, 0xCF, 0x46, 0xBC,
    0x6C, 0xD8, 0x04, 0x73, 0x65, 0xCA, 0x2E, 0x98, 0xB2, 0x0B, 0xAA, 0x24, 0x9E, 0x45, 0xC9, 0xDC,
    0x97, 0x0E, 0x06, 0x53, 0xFC, 0xE0, 0x1E, 0xD8, 0x67, 0xCE, 0xA4, 0xFF, 0xC8, 0x01, 0x6E, 0x28,
    0xBB, 0xEB, 0xB3, 0x5D, 0xEB, 0xD2, 0xAE, 0x8B, 0x31, 0xF7, 0xA0, 0x87, 0xE4, 0x94, 0xE8, 0xBF,
    0xC7, 0x4F, 0xA3, 0x1E, 0xF6, 0xA4, 0x50, 0x54, 0x10, 0x0B, 0xAA, 0x2B, 0xCB, 0xA8, 0xEC, 0xD3,
    0x38, 0x1C, 0x1C, 0xDB, 0xAD, 0x38, 0x3C, 0xC4, 0xE9, 0x9B, 0x70, 0x91, 0x28, 0xFC, 0x09, 0xD4,
    0x6D, 0x7A, 0xCF, 0x7B, 0xAD, 0x2B, 0x01, 0x2E, 0xC7, 0xFA, 0x7C, 0x4F, 0xCB, 0x3B, 0xC1, 0xBC,
    0x71, 0xC8, 0xA5, 0xAB, 0xC0, 0xFC, 0x2D, 0x41, 0xDD, 0xC5, 0x19, 0x95, 0x97, 0x0A, 0xFF, 0x9B,
    0x0A, 0x6B, 0xAC, 0xA9, 0x98, 0x53, 0x56, 0x31, 0xCF, 0xAC, 0xA2, 0xA0, 0x6F, 0x9D, 0xD7, 0xCA,
    0xB8, 0xDE, 0xB9, 0xAA, 0x7D, 0x9E, 0x2A, 0x8D, 0x91, 0xB7, 0xFE, 0xF1, 0x68, 0x3E, 0x5E, 0x2F,
    0xF4, 0xF0, 0x37, 0xED, 0xD2, 0xB1, 0x11, 0x83, 0x30, 0x0C, 0x85, 0x61, 0x41, 0xEE, 0x48, 0xC9,
    0x08, 0x8C, 0x90, 0x11, 0xEC, 0xCD, 0xC2, 0x66, 0x64, 0x14, 0x46, 0xA0, 0x70, 0x91, 0x22, 0x41,
    0xB1, 0xF4, 0x64, 0xAB, 0xE0, 0x0E, 0x48, 0x9D, 0xA8, 0xC0, 0x5F, 0x63, 0xFB, 0xCE, 0x3F, 0x44,
    0xD4, 0x31, 0xF3, 0x83, 0xF2, 0x4C, 0x86, 0x0B, 0x1B, 0xFA, 0x82, 0x50, 0x30, 0xAD, 0x84, 0xE1,
    0x84, 0xB5, 0xE1, 0x19, 0x68, 0x71, 0x86, 0xEC, 0x1E, 0x37, 0x88, 0x47, 0x90, 0xAB, 0x65, 0xD2,
    0x0E, 0xEE, 0x05, 0xB6, 0x2B, 0xFC, 0x71, 0x04, 0x8D, 0x3B, 0x86, 0x54, 0xDE, 0xD8, 0x28, 0x81,
    0x8D, 0xBD, 0x53, 0x22, 0x47, 0x50, 0x33, 0x83, 0x1A, 0x5A, 0x89, 0xD4, 0x4A, 0xC4, 0x56, 0xA2,
    0xF2, 0x96, 0xF1, 0x2C, 0x6B, 0xDF, 0x13, 0xF4, 0x5F, 0xE0, 0xAB, 0x2B, 0x7E, 0x81, 0x4F, 0xE7,
    0xAB, 0xF2, 0xF6, 0xAE, 0x1C, 0xE4, 0x0B, 0xE6, 0xE6, 0x8B, 0xF1, 0xEA, 0x6C, 0x9D, 0xF9, 0x9D,
    0x2B, 0x3B, 0x5E, 0x3E,
};

static const EpdGlyph baijamjuree_36_regularGlyphs[] = {
    { 0, 0, 0, 0, 0, 0, 0 }, // U+0000
    { 0, 0, 312, 0, 0, 0, 0 }, // U+000D
    { 0, 0, 312, 0, 0, 0, 0 }, // U+0020
    { 8, 53, 326, 6, 52, 106, 0 }, // !
    { 17, 16, 408, 4, 52, 68, 106 }, // "
    { 43, 53, 829, 4, 53, 570, 174 }, // #
    { 39, 70, 752, 4, 61, 683, 744 }, // $
    { 64, 57, 1152, 4, 54, 912, 1427 }, // %
    { 43, 54, 776, 4, 53, 581, 2339 }, // &
    { 6, 16, 221, 4, 52, 24, 2920 }, // '
    { 17, 68, 367, 4, 53, 289, 2944 }, // (
    { 17, 68, 367, 2, 53, 289, 3233 }, // )
    { 27, 24, 530, 3, 59, 162, 3522 }, // *
    { 34, 33, 682, 4, 41, 281, 3684 }, // +
    { 12, 17, 259, 0, 7, 51, 3965 }, // ,
    { 20, 5, 452, 4, 22, 25, 4016 }, // -
    { 8, 8, 264, 4, 7, 16, 4041 }, // .
    { 35, 56, 624, 2, 54, 490, 4057 }, // /
    { 39, 54, 775, 5, 53, 527, 4547 }, // 0
    { 18, 53, 428, 3, 53, 239, 5074 }, // 1
    { 36, 53, 667, 4, 53, 477, 5313 }, // 2
    { 37, 54, 708, 3, 53, 500, 5790 }, // 3
    { 39, 53, 700, 2, 53, 517, 6290 }, // 4
    { 37, 53, 718, 4, 52, 491, 6807 }, // 5
    { 38, 54, 727, 5, 53, 513, 7298 }, // 6
    { 34, 52, 590, 1, 52, 442, 0 }, // 7
    { 40, 54, 744, 3, 53, 540, 442 }, // 8
    { 37, 54, 732, 4, 53, 500, 982 }, // 9
    { 8, 34, 264, 4, 36, 68, 1482 }, // :
    { 12, 46, 272, 1, 36, 138, 1550 }, // ;
    { 36, 45, 686, 3, 45, 405, 1688 }, // <
    { 31, 18, 630, 4, 32, 140, 2093 }, // =
    { 36, 45, 686, 4, 45, 405, 2233 }, // >
    { 35, 54, 677, 3, 53, 473, 2638 }, // ?
    { 57, 57, 1046, 4, 55, 813, 3111 }, // @
    { 46, 53, 776, 1, 53, 610, 3924 }, // A
    { 41, 52, 794, 6, 52, 533, 4534 }, // B
    { 42, 54, 792, 4, 53, 567, 5067 }, // C
    { 41, 52, 809, 6, 52, 533, 5634 }, // D
    { 36, 53, 720, 6, 53, 477, 6167 }, // E
    { 35, 52, 691, 6, 52, 455, 6644 }, // F
    { 43, 54, 821, 4, 53, 581, 7099 }, // G
    { 40, 53, 833, 6, 53, 530, 0 }, // H
    { 6, 53, 305, 7, 53, 80, 530 }, // I
    { 36, 53, 694, 3, 52, 477, 610 }, // J
    { 40, 53, 756, 6, 53, 530, 1087 }, // K
    { 34, 53, 672, 6, 53, 451, 1617 }, // L
    { 48, 53, 954, 6, 53, 636, 2068 }, // M
    { 40, 53, 828, 6, 53, 530, 2704 }, // N
    { 43, 54, 835, 4, 53, 581, 3234 }, // O
    { 39, 52, 749, 6, 52, 507, 3815 }, // P
    { 46, 56, 840, 4, 53, 644, 4322 }, // Q
    { 40, 52, 780, 6, 52, 520, 4966 }, // R
    { 39, 54, 752, 4, 53, 527, 5486 }, // S
    { 39, 53, 694, 2, 53, 517, 6013 }, // T
    { 41, 53, 830, 6, 52, 544, 6530 }, // U
    { 45, 53, 761, 1, 53, 597, 7074 }, // V
    { 59, 53, 1013, 2, 53, 782, 0 }, // W
    { 44, 53, 733, 1, 53, 583, 782 }, // X
    { 45, 53, 746, 1, 53, 597, 1365 }, // Y
    { 37, 53, 694, 3, 53, 491, 1962 }, // Z
    { 15, 71, 376, 6, 56, 267, 2453 }, // [
    { 34, 56, 617, 2, 54, 476, 2720 }, // <backslash>
    { 16, 71, 376, 2, 56, 284, 3196 }, // ]
    { 33, 25, 659, 4, 52, 207, 3480 }, // ^
    { 40, 5, 636, 0, 0, 50, 3687 }, // _
    { 14, 12, 318, 3, 55, 42, 3737 }, // `
    { 32, 39, 667, 4, 38, 312, 3779 }, // a
    { 34, 54, 694, 6, 53, 459, 4091 }, // b
    { 33, 39, 643, 4, 38, 322, 4550 }, // c
    { 34, 54, 694, 4, 53, 459, 4872 }, // d
    { 34, 39, 662, 4, 38, 332, 5331 }, // e
    { 22, 53, 431, 3, 53, 292, 5663 }, // f
    { 34, 53, 694, 4, 38, 451, 5955 }, // g
    { 32, 53, 689, 6, 53, 424, 6406 }, // h
    { 8, 51, 312, 6, 51, 102, 6830 }, // i
    { 17, 66, 319, -3, 51, 281, 6932 }, // j
    { 32, 53, 613, 6, 53, 424, 7213 }, // k
    { 13, 53, 322, 6, 53, 173, 0 }, // l
    { 52, 38, 1003, 6, 38, 494, 173 }, // m
    { 32, 38, 686, 6, 38, 304, 667 }, // n
    { 35, 39, 684, 4, 38, 342, 971 }, // o
    { 34, 53, 694, 6, 38, 451, 1313 }, // p
    { 34, 53, 694, 4, 38, 451, 1764 }, // q
    { 20, 37, 426, 6, 37, 185, 2215 }, // r
    { 32, 39, 624, 4, 38, 312, 2400 }, // s
    { 22, 49, 458, 3, 49, 270, 2712 }, // t
    { 32, 38, 684, 5, 37, 304, 2982 }, // u
    { 35, 38, 592, 1, 38, 333, 3286 }, // v
    { 50, 38, 868, 2, 38, 475, 3619 }, // w
    { 35, 37, 588, 1, 37, 324, 4094 }, // x
    { 32, 53, 686, 5, 38, 424, 4418 }, // y
    { 30, 38, 566, 3, 38, 285, 4842 }, // z
    { 21, 72, 444, 4, 55, 378, 5127 }, // {
    { 6, 75, 293, 6, 64, 113, 5505 }, // |
    { 21, 72, 444, 3, 55, 378, 5618 }, // }
    { 37, 14, 721, 4, 31, 130, 5996 }, // ~
    { 0, 0, 312, 0, 0, 0, 0 }, // U+00A0
    { 8, 53, 326, 6, 38, 106, 0 }, // U+00A1
    { 33, 55, 643, 4, 46, 454, 106 }, // U+00A2
    { 41, 53, 776, 4, 53, 544, 560 }, // U+00A3
    { 44, 44, 826, 4, 47, 484, 1104 }, // U+00A4
    { 45, 53, 746, 1, 53, 597, 1588 }, // U+00A5
    { 6, 75, 293, 6, 64, 113, 2185 }, // U+00A6
    { 34, 56, 670, 4, 54, 476, 2298 }, // U+00A7
    { 22, 7, 476, 4, 50, 39, 2774 }, // U+00A8
    { 49, 50, 910, 4, 51, 613, 2813 }, // U+00A9
    { 23, 28, 506, 4, 53, 161, 3426 }, // U+00AA
    { 35, 40, 667, 2, 40, 350, 3587 }, // U+00AB
    { 42, 21, 791, 4, 32, 221, 3937 }, // U+00AC
    { 20, 5, 452, 4, 22, 25, 4158 }, // U+00AD
    { 49, 50, 910, 4, 51, 613, 4183 }, // U+00AE
    { 19, 4, 426, 4, 48, 19, 4796 }, // U+00AF
    { 20, 20, 454, 4, 53, 100, 4815 }, // U+00B0
    { 34, 44, 682, 4, 44, 374, 4915 }, // U+00B1
    { 21, 31, 449, 4, 53, 163, 5289 }, // U+00B2
    { 22, 31, 464, 3, 53, 171, 5452 }, // U+00B3
    { 14, 12, 318, 3, 55, 42, 5623 }, // U+00B4
    { 32, 53, 694, 5, 53, 424, 5665 }, // U+00B6
    { 8, 8, 264, 4, 23, 16, 6089 }, // U+00B7
    { 12, 18, 312, 3, 1, 54, 6105 }, // U+00B8
    { 12, 31, 301, 2, 53, 93, 6159 }, // U+00B9
    { 24, 28, 522, 4, 53, 168, 6252 }, // U+00BA
    { 35, 40, 667, 4, 40, 350, 6420 }, // U+00BB
    { 50, 57, 941, 4, 55, 713, 6770 }, // U+00BC
    { 55, 56, 998, 4, 54, 770, 0 }, // U+00BD
    { 55, 57, 1012, 4, 55, 784, 770 }, // U+00BE
    { 35, 54, 677, 4, 38, 473, 1554 }, // U+00BF
    { 46, 70, 776, 1, 70, 805, 2027 }, // U+00C0
    { 46, 70, 776, 1, 70, 805, 2832 }, // U+00C1
    { 46, 71, 776, 1, 71, 817, 3637 }, // U+00C2
    { 46, 67, 776, 1, 67, 771, 4454 }, // U+00C3
    { 46, 66, 776, 1, 66, 759, 5225 }, // U+00C4
    { 46, 71, 776, 1, 71, 817, 5984 }, // U+00C5
    { 66, 53, 1111, 0, 53, 875, 6801 }, // U+00C6
    { 42, 70, 792, 4, 53, 735, 0 }, // U+00C7
    { 36, 70, 720, 6, 70, 630, 735 }, // U+00C8
    { 36, 70, 720, 6, 70, 630, 1365 }, // U+00C9
    { 36, 71, 720, 6, 71, 639, 1995 }, // U+00CA
    { 36, 66, 720, 6, 66, 594, 2634 }, // U+00CB
    { 14, 70, 305, -1, 70, 245, 3228 }, // U+00CC
    { 13, 70, 305, 7, 70, 228, 3473 }, // U+00CD
    { 24, 71, 305, -2, 71, 426, 3701 }, // U+00CE
    { 22, 66, 305, -2, 66, 363, 4127 }, // U+00CF
    { 48, 52, 870, 2, 52, 624, 4490 }, // U+00D0
    { 40, 67, 828, 6, 67, 670, 5114 }, // U+00D1
    { 43, 72, 835, 4, 71, 774, 5784 }, // U+00D2
    { 43, 72, 835, 4, 71, 774, 6558 }, // U+00D3
    { 43, 72, 835, 4, 71, 774, 0 }, // U+00D4
    { 43, 68, 835, 4, 67, 731, 774 }, // U+00D5
    { 43, 67, 835, 4, 66, 721, 1505 }, // U+00D6
    { 32, 32, 628, 4, 40, 256, 2226 }, // U+00D7
    { 45, 60, 835, 3, 56, 675, 2482 }, // U+00D8
    { 41, 71, 830, 6, 70, 728, 3157 }, // U+00D9
    { 41, 71, 830, 6, 70, 728, 3885 }, // U+00DA
    { 41, 72, 830, 6, 71, 738, 4613 }, // U+00DB
    { 41, 66, 830, 6, 65, 677, 5351 }, // U+00DC
    { 45, 70, 746, 1, 70, 788, 6028 }, // U+00DD
    { 39, 53, 766, 6, 53, 517, 6816 }, // U+00DE
    { 48, 54, 808, 0, 53, 648, 0 }, // U+00DF
    { 32, 56, 667, 4, 55, 448, 648 }, // U+00E0
    { 32, 56, 667, 4, 55, 448, 1096 }, // U+00E1
    { 32, 57, 667, 4, 56, 456, 1544 }, // U+00E2
    { 32, 53, 667, 4, 52, 424, 2000 }, // U+00E3
    { 32, 52, 667, 4, 51, 416, 2424 }, // U+00E4
    { 32, 57, 667, 4, 56, 456, 2840 }, // U+00E5
    { 60, 39, 1090, 4, 38, 585, 3296 }, // U+00E6
    { 33, 55, 643, 4, 38, 454, 3881 }, // U+00E7
    { 34, 56, 662, 4, 55, 476, 4335 }, // U+00E8
    { 34, 56, 662, 4, 55, 476, 4811 }, // U+00E9
    { 34, 57, 662, 4, 56, 485, 5287 }, // U+00EA
    { 34, 52, 662, 4, 51, 442, 5772 }, // U+00EB
    { 13, 57, 283, -1, 57, 186, 6214 }, // U+00EC
    { 14, 57, 283, 5, 57, 200, 6400 }, // U+00ED
    { 24, 56, 283, -3, 56, 336, 6600 }, // U+00EE
    { 22, 51, 283, -2, 51, 281, 6936 }, // U+00EF
    { 37, 61, 704, 4, 60, 565, 7217 }, // U+00F0
    { 32, 52, 686, 6, 52, 416, 0 }, // U+00F1
    { 35, 56, 684, 4, 55, 490, 416 }, // U+00F2
    { 35, 56, 684, 4, 55, 490, 906 }, // U+00F3
    { 35, 57, 684, 4, 56, 499, 1396 }, // U+00F4
    { 35, 53, 684, 4, 52, 464, 1895 }, // U+00F5
    { 35, 52, 684, 4, 51, 455, 2359 }, // U+00F6
    { 33, 30, 666, 4, 39, 248, 2814 }, // U+00F7
    { 36, 44, 684, 3, 41, 396, 3062 }, // U+00F8
    { 32, 56, 684, 5, 55, 448, 3458 }, // U+00F9
    { 32, 56, 684, 5, 55, 448, 3906 }, // U+00FA
    { 32, 57, 684, 5, 56, 456, 4354 }, // U+00FB
    { 32, 52, 684, 5, 51, 416, 4810 }, // U+00FC
    { 32, 70, 686, 5, 55, 560, 5226 }, // U+00FD
    { 34, 68, 694, 6, 53, 578, 5786 }, // U+00FE
    { 32, 66, 686, 5, 51, 528, 6364 }, // U+00FF
    { 46, 63, 776, 1, 63, 725, 0 }, // U+0100
    { 32, 49, 667, 4, 48, 392, 725 }, // U+0101
    { 46, 69, 776, 1, 69, 794, 1117 }, // U+0102
    { 32, 55, 667, 4, 54, 440, 1911 }, // U+0103
    { 49, 69, 776, 1, 53, 846, 2351 }, // U+0104
    { 36, 54, 667, 4, 38, 486, 3197 }, // U+0105
    { 42, 72, 792, 4, 71, 756, 3683 }, // U+0106
    { 33, 56, 643, 4, 55, 462, 4439 }, // U+0107
    { 42, 72, 792, 4, 71, 756, 4901 }, // U+0108
    { 33, 57, 643, 4, 56, 471, 5657 }, // U+0109
    { 42, 68, 792, 4, 67, 714, 6128 }, // U+010A
    { 33, 53, 643, 4, 52, 438, 6842 }, // U+010B
    { 42, 72, 792, 4, 71, 756, 0 }, // U+010C
    { 33, 57, 643, 4, 56, 471, 756 }, // U+010D
    { 41, 71, 809, 6, 71, 728, 1227 }, // U+010E
    { 50, 54, 883, 4, 53, 675, 1955 }, // U+010F
    { 48, 52, 870, 2, 52, 624, 2630 }, // U+0110
    { 39, 54, 714, 4, 53, 527, 3254 }, // U+0111
    { 36, 63, 720, 6, 63, 567, 3781 }, // U+0112
    { 34, 49, 662, 4, 48, 417, 4348 }, // U+0113
    { 36, 69, 720, 6, 69, 621, 4765 }, // U+0114
    { 34, 55, 662, 4, 54, 468, 5386 }, // U+0115
    { 36, 67, 720, 6, 67, 603, 5854 }, // U+0116
    { 34, 53, 662, 4, 52, 451, 6457 }, // U+0117
    { 39, 69, 720, 6, 53, 673, 6908 }, // U+0118
    { 34, 54, 662, 4, 38, 459, 0 }, // U+0119
    { 36, 71, 720, 6, 71, 639, 459 }, // U+011A
    { 34, 57, 662, 4, 56, 485, 1098 }, // U+011B
    { 43, 72, 821, 4, 71, 774, 1583 }, // U+011C
    { 34, 71, 694, 4, 56, 604, 2357 }, // U+011D
    { 43, 70, 821, 4, 69, 753, 2961 }, // U+011E
    { 34, 69, 694, 4, 54, 587, 3714 }, // U+011F
    { 43, 68, 821, 4, 67, 731, 4301 }, // U+0120
    { 34, 67, 694, 4, 52, 570, 5032 }, // U+0121
    { 43, 74, 821, 4, 53, 796, 5602 }, // U+0122
    { 34, 73, 694, 4, 58, 621, 6398 }, // U+0123
    { 40, 71, 833, 6, 71, 710, 7019 }, // U+0124
    { 32, 71, 689, 6, 71, 568, 0 }, // U+0125
    { 52, 53, 895, 2, 53, 689, 568 }, // U+0126
    { 39, 53, 737, 2, 53, 517, 1257 }, // U+0127
    { 24, 67, 305, -2, 67, 402, 1774 }, // U+0128
    { 24, 52, 283, -3, 52, 312, 2176 }, // U+0129
    { 19, 63, 305, 0, 63, 300, 2488 }, // U+012A
    { 19, 48, 283, -1, 48, 228, 2788 }, // U+012B
    { 22, 69, 305, -1, 69, 380, 3016 }, // U+012C
    { 22, 54, 283, -2, 54, 297, 3396 }, // U+012D
    { 13, 69, 305, 3, 53, 225, 3693 }, // U+012E
    { 13, 67, 312, 3, 51, 218, 3918 }, // U+012F
    { 8, 67, 305, 5, 67, 134, 4136 }, // U+0130
    { 6, 37, 283, 6, 37, 56, 4270 }, // U+0131
    { 48, 54, 962, 7, 53, 648, 4326 }, // U+0132
    { 26, 66, 602, 6, 51, 429, 4974 }, // U+0133
    { 45, 72, 694, 3, 71, 810, 5403 }, // U+0134
    { 25, 71, 305, -2, 56, 444, 6213 }, // U+0135
    { 40, 74, 756, 6, 53, 740, 6657 }, // U+0136
    { 32, 74, 613, 6, 53, 592, 0 }, // U+0137
    { 33, 37, 628, 6, 37, 306, 592 }, // U+0138
    { 34, 70, 672, 6, 70, 595, 898 }, // U+0139
    { 13, 70, 322, 6, 70, 228, 1493 }, // U+013A
    { 34, 74, 672, 6, 53, 629, 1721 }, // U+013B
    { 15, 74, 322, 4, 53, 278, 2350 }, // U+013C
    { 34, 53, 672, 6, 53, 451, 2628 }, // U+013D
    { 23, 53, 478, 6, 53, 305, 3079 }, // U+013E
    { 34, 53, 672, 6, 53, 451, 3384 }, // U+013F
    { 22, 53, 461, 6, 53, 292, 3835 }, // U+0140
    { 41, 53, 708, 1, 53, 544, 4127 }, // U+0141
    { 20, 53, 361, 1, 53, 265, 4671 }, // U+0142
    { 40, 70, 828, 6, 70, 700, 4936 }, // U+0143
    { 32, 55, 686, 6, 55, 440, 5636 }, // U+0144
    { 40, 74, 828, 6, 53, 740, 6076 }, // U+0145
    { 32, 59, 686, 6, 38, 472, 6816 }, // U+0146
    { 40, 71, 828, 6, 71, 710, 0 }, // U+0147
    { 32, 56, 686, 6, 56, 448, 710 }, // U+0148
    { 46, 53, 829, 1, 53, 610, 1158 }, // U+0149
    { 40, 68, 828, 6, 53, 680, 1768 }, // U+014A
    { 32, 53, 686, 6, 38, 424, 2448 }, // U+014B
    { 43, 64, 835, 4, 63, 688, 2872 }, // U+014C
    { 35, 49, 684, 4, 48, 429, 3560 }, // U+014D
    { 43, 70, 835, 4, 69, 753, 3989 }, // U+014E
    { 35, 55, 684, 4, 54, 482, 4742 }, // U+014F
    { 43, 71, 835, 4, 70, 764, 5224 }, // U+0150
    { 35, 56, 684, 4, 55, 490, 5988 }, // U+0151
    { 73, 54, 1291, 4, 53, 986, 6478 }, // U+0152
    { 62, 39, 1116, 4, 38, 605, 0 }, // U+0153
    { 40, 70, 780, 6, 70, 700, 605 }, // U+0154
    { 20, 55, 426, 6, 55, 275, 1305 }, // U+0155
    { 40, 73, 780, 6, 52, 730, 1580 }, // U+0156
    { 26, 58, 426, 0, 37, 377, 2310 }, // U+0157
    { 40, 71, 780, 6, 71, 710, 2687 }, // U+0158
    { 24, 56, 426, 3, 56, 336, 3397 }, // U+0159
    { 39, 72, 752, 4, 71, 702, 3733 }, // U+015A
    { 32, 56, 624, 4, 55, 448, 4435 }, // U+015B
    { 39, 72, 752, 4, 71, 702, 4883 }, // U+015C
    { 32, 57, 624, 4, 56, 456, 5585 }, // U+015D
    { 39, 70, 752, 4, 53, 683, 6041 }, // U+015E
    { 32, 55, 624, 4, 38, 440, 6724 }, // U+015F
    { 39, 72, 752, 4, 71, 702, 7164 }, // U+0160
    { 32, 56, 624, 4, 55, 448, 0 }, // U+0161
    { 39, 70, 694, 2, 53, 683, 448 }, // U+0162
    { 22, 66, 458, 3, 49, 363, 1131 }, // U+0163
    { 39, 71, 694, 2, 71, 693, 1494 }, // U+0164
    { 36, 53, 638, 3, 53, 477, 2187 }, // U+0165
    { 39, 53, 694, 2, 53, 517, 2664 }, // U+0166
    { 22, 49, 446, 3, 49, 270, 3181 }, // U+0167
    { 41, 67, 830, 6, 66, 687, 3451 }, // U+0168
    { 32, 53, 684, 5, 52, 424, 4138 }, // U+0169
    { 41, 64, 830, 6, 63, 656, 4562 }, // U+016A
    { 32, 49, 684, 5, 48, 392, 5218 }, // U+016B
    { 41, 69, 830, 6, 68, 708, 5610 }, // U+016C
    { 32, 55, 684, 5, 54, 440, 6318 }, // U+016D
    { 41, 72, 830, 6, 71, 738, 6758 }, // U+016E
    { 32, 57, 684, 5, 56, 456, 0 }, // U+016F
    { 41, 70, 830, 6, 69, 718, 456 }, // U+0170
    { 32, 56, 684, 5, 55, 448, 1174 }, // U+0171
    { 41, 68, 830, 6, 52, 697, 1622 }, // U+0172
    { 36, 53, 684, 5, 37, 477, 2319 }, // U+0173
    { 59, 71, 1013, 2, 71, 1048, 2796 }, // U+0174
    { 50, 56, 868, 2, 56, 700, 3844 }, // U+0175
    { 45, 71, 746, 1, 71, 799, 4544 }, // U+0176
    { 32, 71, 686, 5, 56, 568, 5343 }, // U+0177
    { 45, 66, 746, 1, 66, 743, 5911 }, // U+0178
    { 37, 70, 694, 3, 70, 648, 6654 }, // U+0179
    { 30, 55, 566, 3, 55, 413, 7302 }, // U+017A
    { 37, 67, 694, 3, 67, 620, 0 }, // U+017B
    { 30, 52, 566, 3, 52, 390, 620 }, // U+017C
    { 37, 71, 694, 3, 71, 657, 1010 }, // U+017D
    { 30, 56, 566, 3, 56, 420, 1667 }, // U+017E
    { 55, 54, 919, 4, 53, 743, 0 }, // U+01A0
    { 45, 39, 761, 4, 38, 439, 743 }, // U+01A1
    { 52, 53, 919, 6, 52, 689, 1182 }, // U+01AF
    { 42, 38, 770, 5, 37, 399, 1871 }, // U+01B0
    { 46, 71, 776, 1, 71, 817, 2270 }, // U+01CD
    { 32, 57, 667, 4, 56, 456, 3087 }, // U+01CE
    { 24, 71, 305, -2, 71, 426, 3543 }, // U+01CF
    { 24, 56, 283, -3, 56, 336, 3969 }, // U+01D0
    { 43, 72, 835, 4, 71, 774, 4305 }, // U+01D1
    { 35, 57, 684, 4, 56, 499, 5079 }, // U+01D2
    { 41, 72, 830, 6, 71, 738, 5578 }, // U+01D3
    { 32, 57, 684, 5, 56, 456, 6316 }, // U+01D4
    { 41, 75, 830, 6, 74, 769, 6772 }, // U+01D5
    { 32, 60, 684, 5, 59, 480, 0 }, // U+01D6
    { 41, 79, 830, 6, 78, 810, 480 }, // U+01D7
    { 32, 64, 684, 5, 63, 512, 1290 }, // U+01D8
    { 41, 80, 830, 6, 79, 820, 1802 }, // U+01D9
    { 32, 66, 684, 5, 65, 528, 2622 }, // U+01DA
    { 41, 79, 830, 6, 78, 810, 3150 }, // U+01DB
    { 32, 64, 684, 5, 63, 512, 3960 }, // U+01DC
    { 43, 72, 821, 4, 71, 774, 4472 }, // U+01E6
    { 34, 71, 694, 4, 56, 604, 5246 }, // U+01E7
    { 46, 86, 776, 1, 86, 989, 5850 }, // U+01FA
    { 32, 72, 667, 4, 71, 576, 6839 }, // U+01FB
    { 66, 70, 1111, 0, 70, 1155, 0 }, // U+01FC
    { 60, 56, 1090, 4, 55, 840, 1155 }, // U+01FD
    { 45, 75, 835, 3, 71, 844, 1995 }, // U+01FE
    { 36, 58, 684, 3, 55, 522, 2839 }, // U+01FF
    { 39, 74, 752, 4, 53, 722, 3361 }, // U+0218
    { 32, 60, 624, 4, 38, 480, 4083 }, // U+0219
    { 39, 74, 694, 2, 53, 722, 4563 }, // U+021A
    { 22, 70, 458, 3, 49, 385, 5285 }, // U+021B
    { 13, 12, 0, -10, 55, 39, 0 }, // U+0300
    { 14, 12, 0, -3, 55, 42, 39 }, // U+0301
    { 24, 12, 0, -12, 55, 72, 81 }, // U+0302
    { 24, 9, 0, -12, 52, 54, 153 }, // U+0303
    { 19, 4, 0, -9, 48, 19, 207 }, // U+0304
    { 22, 11, 0, -11, 54, 61, 226 }, // U+0306
    { 8, 8, 0, -4, 51, 16, 287 }, // U+0307
    { 22, 7, 0, -11, 50, 39, 303 }, // U+0308
    { 16, 16, 0, -8, 59, 64, 342 }, // U+0309
    { 16, 16, 0, -8, 57, 64, 406 }, // U+030A
    { 22, 11, 0, -8, 54, 61, 470 }, // U+030B
    { 24, 12, 0, -12, 55, 72, 531 }, // U+030C
    { 14, 14, 0, -9, 48, 49, 603 }, // U+031B
    { 8, 8, 0, -4, -5, 16, 652 }, // U+0323
    { 22, 7, 0, -11, -6, 39, 668 }, // U+0324
    { 12, 16, 0, -9, -6, 48, 707 }, // U+0326
    { 12, 18, 0, -5, 1, 54, 755 }, // U+0327
    { 13, 16, 0, -7, 0, 52, 809 }, // U+0328
    { 22, 11, 0, -11, -4, 61, 861 }, // U+032E
    { 19, 4, 0, -9, -5, 19, 922 }, // U+0331
    { 36, 42, 722, 3, 42, 378, 0 }, // U+0E01
    { 34, 42, 666, 2, 42, 357, 378 }, // U+0E02
    { 35, 42, 682, 2, 42, 368, 735 }, // U+0E03
    { 35, 42, 754, 6, 42, 368, 1103 }, // U+0E04
    { 36, 42, 758, 6, 42, 378, 1471 }, // U+0E05
    { 40, 43, 776, 3, 42, 430, 1849 }, // U+0E06
    { 30, 42, 605, 2, 42, 315, 2279 }, // U+0E07
    { 35, 42, 696, 3, 42, 368, 2594 }, // U+0E08
    { 39, 43, 745, 3, 42, 420, 2962 }, // U+0E09
    { 37, 45, 667, 2, 45, 417, 3382 }, // U+0E0A
    { 38, 45, 683, 2, 45, 428, 3799 }, // U+0E0B
    { 59, 43, 1079, 3, 42, 635, 4227 }, // U+0E0C
    { 59, 61, 1088, 3, 42, 900, 4862 }, // U+0E0D
    { 38, 61, 745, 3, 42, 580, 5762 }, // U+0E0E
    { 38, 61, 745, 3, 42, 580, 6342 }, // U+0E0F
    { 34, 63, 654, 4, 42, 536, 6922 }, // U+0E10
    { 41, 42, 786, 2, 42, 431, 7458 }, // U+0E11
    { 57, 43, 1103, 6, 42, 613, 0 }, // U+0E12
    { 61, 43, 1072, 3, 42, 656, 613 }, // U+0E13
    { 36, 42, 756, 6, 42, 378, 1269 }, // U+0E14
    { 36, 42, 761, 6, 42, 378, 1647 }, // U+0E15
    { 37, 43, 722, 3, 42, 398, 2025 }, // U+0E16
    { 41, 42, 779, 2, 42, 431, 2423 }, // U+0E17
    { 34, 42, 677, 4, 42, 357, 2854 }, // U+0E18
    { 43, 43, 763, 2, 42, 463, 3211 }, // U+0E19
    { 41, 42, 776, 2, 42, 431, 3674 }, // U+0E1A
    { 41, 57, 779, 2, 57, 585, 4105 }, // U+0E1B
    { 35, 42, 745, 6, 42, 368, 4690 }, // U+0E1C
    { 35, 57, 748, 6, 57, 499, 5058 }, // U+0E1D
    { 44, 42, 839, 2, 42, 462, 5557 }, // U+0E1E
    { 45, 57, 841, 2, 57, 642, 6019 }, // U+0E1F
    { 38, 43, 745, 3, 42, 409, 6661 }, // U+0E20
    { 37, 43, 750, 4, 42, 398, 7070 }, // U+0E21
    { 34, 42, 714, 5, 42, 357, 0 }, // U+0E22
    { 32, 43, 602, 3, 42, 344, 357 }, // U+0E23
    { 37, 57, 725, 3, 42, 528, 701 }, // U+0E24
    { 34, 43, 702, 4, 42, 366, 1229 }, // U+0E25
    { 38, 57, 745, 3, 42, 542, 1595 }, // U+0E26
    { 32, 43, 640, 3, 42, 344, 2137 }, // U+0E27
    { 36, 46, 755, 6, 46, 414, 2481 }, // U+0E28
    { 49, 42, 838, 2, 42, 515, 2895 }, // U+0E29
    { 35, 47, 702, 4, 46, 412, 3410 }, // U+0E2A
    { 42, 42, 772, 2, 42, 441, 3822 }, // U+0E2B
    { 52, 58, 844, 2, 58, 754, 4263 }, // U+0E2C
    { 35, 42, 713, 4, 42, 368, 5017 }, // U+0E2D
    { 35, 46, 718, 4, 46, 403, 5385 }, // U+0E2E
    { 33, 42, 655, 2, 42, 347, 5788 }, // U+0E2F
    { 31, 40, 605, 4, 40, 310, 6135 }, // U+0E30
    { 32, 16, 0, -27, 64, 128, 6445 }, // U+0E31
    { 30, 42, 620, 3, 42, 315, 6573 }, // U+0E32
    { 51, 64, 620, -18, 64, 816, 6888 }, // U+0E33
    { 33, 17, 0, -39, 65, 141, 7704 }, // U+0E34
    { 34, 21, 0, -39, 69, 179, 0 }, // U+0E35
    { 37, 22, 0, -39, 70, 204, 179 }, // U+0E36
    { 34, 21, 0, -39, 69, 179, 383 }, // U+0E37
    { 15, 22, 0, -20, -6, 83, 562 }, // U+0E38
    { 27, 22, 0, -33, -5, 149, 645 }, // U+0E39
    { 9, 9, 0, -13, -5, 21, 794 }, // U+0E3A
    { 41, 69, 794, 6, 61, 708, 815 }, // U+0E3F
    { 15, 42, 374, 6, 41, 158, 1523 }, // U+0E40
    { 36, 42, 703, 6, 41, 378, 1681 }, // U+0E41
    { 30, 72, 478, -1, 71, 540, 2059 }, // U+0E42
    { 29, 72, 496, 0, 71, 522, 2599 }, // U+0E43
    { 37, 72, 518, -7, 71, 666, 3121 }, // U+0E44
    { 30, 57, 620, 3, 42, 428, 3787 }, // U+0E45
    { 32, 61, 664, 4, 42, 488, 4215 }, // U+0E46
    { 30, 24, 0, -36, 72, 180, 4703 }, // U+0E47
    { 6, 15, 0, -11, 63, 23, 4883 }, // U+0E48
    { 29, 18, 0, -29, 66, 131, 4906 }, // U+0E49
    { 35, 18, 0, -35, 66, 158, 5037 }, // U+0E4A
    { 22, 19, 0, -20, 67, 105, 5195 }, // U+0E4B
    { 28, 19, 0, -27, 67, 133, 5300 }, // U+0E4C
    { 16, 16, 0, -18, 64, 64, 5433 }, // U+0E4D
    { 23, 26, 0, -27, 74, 150, 5497 }, // U+0E4E
    { 43, 43, 817, 4, 42, 463, 5647 }, // U+0E4F
    { 39, 39, 756, 4, 38, 381, 6110 }, // U+0E50
    { 39, 41, 751, 4, 38, 400, 6491 }, // U+0E51
    { 50, 54, 876, 0, 54, 675, 6891 }, // U+0E52
    { 39, 39, 785, 4, 38, 381, 0 }, // U+0E53
    { 41, 53, 743, 4, 52, 544, 381 }, // U+0E54
    { 41, 53, 743, 4, 52, 544, 925 }, // U+0E55
    { 47, 55, 754, -4, 54, 647, 1469 }, // U+0E56
    { 52, 54, 992, 4, 53, 702, 2116 }, // U+0E57
    { 42, 53, 818, 4, 52, 557, 2818 }, // U+0E58
    { 49, 54, 857, 4, 53, 662, 3375 }, // U+0E59
    { 49, 42, 912, 2, 42, 515, 4037 }, // U+0E5A
    { 83, 42, 1426, 4, 42, 872, 4552 }, // U+0E5B
    { 46, 66, 776, 1, 53, 759, 0 }, // U+1EA0
    { 32, 52, 667, 4, 38, 416, 759 }, // U+1EA1
    { 46, 74, 776, 1, 74, 851, 1175 }, // U+1EA2
    { 32, 60, 667, 4, 59, 480, 2026 }, // U+1EA3
    { 46, 79, 776, 1, 79, 909, 2506 }, // U+1EA4
    { 35, 65, 667, 4, 64, 569, 3415 }, // U+1EA5
    { 46, 79, 776, 1, 79, 909, 3984 }, // U+1EA6
    { 32, 65, 667, 4, 64, 520, 4893 }, // U+1EA7
    { 47, 82, 776, 1, 82, 964, 5413 }, // U+1EA8
    { 34, 68, 667, 4, 67, 578, 6377 }, // U+1EA9
    { 46, 81, 776, 1, 81, 932, 6955 }, // U+1EAA
    { 32, 67, 667, 4, 66, 536, 0 }, // U+1EAB
    { 46, 84, 776, 1, 71, 966, 536 }, // U+1EAC
    { 32, 70, 667, 4, 56, 560, 1502 }, // U+1EAD
    { 46, 81, 776, 1, 81, 932, 2062 }, // U+1EAE
    { 32, 67, 667, 4, 66, 536, 2994 }, // U+1EAF
    { 46, 81, 776, 1, 81, 932, 3530 }, // U+1EB0
    { 32, 67, 667, 4, 66, 536, 4462 }, // U+1EB1
    { 46, 83, 776, 1, 83, 955, 4998 }, // U+1EB2
    { 32, 69, 667, 4, 68, 552, 5953 }, // U+1EB3
    { 46, 79, 776, 1, 79, 909, 6505 }, // U+1EB4
    { 32, 65, 667, 4, 64, 520, 7414 }, // U+1EB5
    { 46, 82, 776, 1, 69, 943, 0 }, // U+1EB6
    { 32, 68, 667, 4, 54, 544, 943 }, // U+1EB7
    { 36, 66, 720, 6, 53, 594, 1487 }, // U+1EB8
    { 34, 51, 662, 4, 38, 434, 2081 }, // U+1EB9
    { 36, 74, 720, 6, 74, 666, 2515 }, // U+1EBA
    { 34, 60, 662, 4, 59, 510, 3181 }, // U+1EBB
    { 36, 67, 720, 6, 67, 603, 3691 }, // U+1EBC
    { 34, 53, 662, 4, 52, 451, 4294 }, // U+1EBD
    { 37, 79, 720, 6, 79, 731, 4745 }, // U+1EBE
    { 35, 65, 662, 4, 64, 569, 5476 }, // U+1EBF
    { 36, 79, 720, 6, 79, 711, 6045 }, // U+1EC0
    { 34, 65, 662, 4, 64, 553, 6756 }, // U+1EC1
    { 36, 82, 720, 6, 82, 738, 0 }, // U+1EC2
    { 34, 68, 662, 4, 67, 578, 738 }, // U+1EC3
    { 36, 81, 720, 6, 81, 729, 1316 }, // U+1EC4
    { 34, 67, 662, 4, 66, 570, 2045 }, // U+1EC5
    { 36, 84, 720, 6, 71, 756, 2615 }, // U+1EC6
    { 34, 69, 662, 4, 56, 587, 3371 }, // U+1EC7
    { 16, 74, 305, 1, 74, 296, 3958 }, // U+1EC8
    { 16, 59, 283, 1, 59, 236, 4254 }, // U+1EC9
    { 8, 66, 305, 5, 53, 132, 4490 }, // U+1ECA
    { 8, 64, 312, 6, 51, 128, 4622 }, // U+1ECB
    { 43, 66, 835, 4, 53, 710, 4750 }, // U+1ECC
    { 35, 51, 684, 4, 38, 447, 5460 }, // U+1ECD
    { 43, 75, 835, 4, 74, 807, 5907 }, // U+1ECE
    { 35, 60, 684, 4, 59, 525, 6714 }, // U+1ECF
    { 43, 80, 835, 4, 79, 860, 0 }, // U+1ED0
    { 36, 65, 684, 4, 64, 585, 860 }, // U+1ED1
    { 43, 80, 835, 4, 79, 860, 1445 }, // U+1ED2
    { 35, 65, 684, 4, 64, 569, 2305 }, // U+1ED3
    { 43, 83, 835, 4, 82, 893, 2874 }, // U+1ED4
    { 35, 68, 684, 4, 67, 595, 3767 }, // U+1ED5
    { 43, 82, 835, 4, 81, 882, 4362 }, // U+1ED6
    { 35, 67, 684, 4, 66, 587, 5244 }, // U+1ED7
    { 43, 84, 835, 4, 71, 903, 5831 }, // U+1ED8
    { 35, 69, 684, 4, 56, 604, 6734 }, // U+1ED9
    { 55, 72, 919, 4, 71, 990, 0 }, // U+1EDA
    { 45, 56, 761, 4, 55, 630, 990 }, // U+1EDB
    { 55, 72, 919, 4, 71, 990, 1620 }, // U+1EDC
    { 45, 56, 761, 4, 55, 630, 2610 }, // U+1EDD
    { 55, 75, 919, 4, 74, 1032, 3240 }, // U+1EDE
    { 45, 60, 761, 4, 59, 675, 4272 }, // U+1EDF
    { 55, 68, 919, 4, 67, 935, 4947 }, // U+1EE0
    { 45, 53, 761, 4, 52, 597, 5882 }, // U+1EE1
    { 55, 66, 919, 4, 53, 908, 6479 }, // U+1EE2
    { 45, 51, 761, 4, 38, 574, 0 }, // U+1EE3
    { 41, 66, 830, 6, 53, 677, 574 }, // U+1EE4
    { 32, 50, 684, 5, 37, 400, 1251 }, // U+1EE5
    { 41, 74, 830, 6, 73, 759, 1651 }, // U+1EE6
    { 32, 60, 684, 5, 59, 480, 2410 }, // U+1EE7
    { 52, 71, 919, 6, 70, 923, 2890 }, // U+1EE8
    { 42, 56, 770, 5, 55, 588, 3813 }, // U+1EE9
    { 52, 71, 919, 6, 70, 923, 4401 }, // U+1EEA
    { 42, 56, 770, 5, 55, 588, 5324 }, // U+1EEB
    { 52, 74, 919, 6, 73, 962, 5912 }, // U+1EEC
    { 42, 60, 770, 5, 59, 630, 6874 }, // U+1EED
    { 52, 67, 919, 6, 66, 871, 0 }, // U+1EEE
    { 42, 53, 770, 5, 52, 557, 871 }, // U+1EEF
    { 52, 66, 919, 6, 53, 858, 1428 }, // U+1EF0
    { 42, 50, 770, 5, 37, 525, 2286 }, // U+1EF1
    { 45, 70, 746, 1, 70, 788, 2811 }, // U+1EF2
    { 32, 70, 686, 5, 55, 560, 3599 }, // U+1EF3
    { 46, 66, 746, 0, 53, 759, 4159 }, // U+1EF4
    { 32, 66, 686, 5, 38, 528, 4918 }, // U+1EF5
    { 45, 74, 746, 1, 74, 833, 5446 }, // U+1EF6
    { 32, 74, 686, 5, 59, 592, 6279 }, // U+1EF7
    { 46, 67, 746, 0, 67, 771, 6871 }, // U+1EF8
    { 32, 67, 686, 5, 52, 536, 0 }, // U+1EF9
    { 0, 0, 775, 0, 0, 0, 0 }, // U+2007
    { 40, 5, 770, 4, 22, 50, 0 }, // U+2010
    { 39, 5, 751, 4, 22, 49, 50 }, // U+2012
    { 40, 5, 770, 4, 22, 50, 99 }, // U+2013
    { 48, 5, 896, 4, 22, 60, 149 }, // U+2014
    { 48, 5, 896, 4, 22, 60, 209 }, // U+2015
    { 11, 17, 283, 3, 53, 47, 269 }, // U+2018
    { 12, 17, 283, 3, 52, 51, 316 }, // U+2019
    { 12, 17, 259, 0, 6, 51, 367 }, // U+201A
    { 23, 17, 475, 3, 53, 98, 418 }, // U+201C
    { 24, 17, 475, 3, 52, 102, 516 }, // U+201D
    { 24, 17, 451, 0, 6, 102, 618 }, // U+201E
    { 31, 57, 624, 4, 53, 442, 720 }, // U+2020
    { 31, 56, 624, 4, 53, 434, 1162 }, // U+2021
    { 13, 13, 348, 4, 27, 43, 1596 }, // U+2022
    { 40, 8, 787, 4, 7, 80, 1639 }, // U+2026
    { 94, 57, 1632, 4, 54, 1340, 1719 }, // U+2030
    { 6, 16, 221, 4, 52, 24, 3059 }, // U+2032
    { 18, 16, 419, 4, 52, 72, 3083 }, // U+2033
    { 20, 40, 427, 3, 40, 200, 3155 }, // U+2039
    { 20, 40, 427, 4, 40, 200, 3355 }, // U+203A
    { 35, 56, 197, -11, 54, 490, 3555 }, // U+2044
    { 23, 31, 482, 4, 53, 179, 0 }, // U+2070
    { 23, 31, 448, 2, 53, 179, 179 }, // U+2074
    { 22, 31, 455, 3, 53, 171, 358 }, // U+2075
    { 22, 31, 460, 4, 53, 171, 529 }, // U+2076
    { 20, 31, 396, 2, 53, 155, 700 }, // U+2077
    { 23, 31, 484, 3, 53, 179, 855 }, // U+2078
    { 22, 31, 461, 3, 53, 171, 1034 }, // U+2079
    { 11, 35, 263, 4, 53, 97, 1205 }, // U+207D
    { 11, 35, 263, 1, 53, 97, 1302 }, // U+207E
    { 23, 26, 521, 5, 53, 150, 1399 }, // U+207F
    { 23, 31, 482, 4, 20, 179, 1549 }, // U+2080
    { 12, 31, 301, 2, 20, 93, 1728 }, // U+2081
    { 21, 31, 449, 4, 20, 163, 1821 }, // U+2082
    { 22, 31, 464, 3, 20, 171, 1984 }, // U+2083
    { 23, 31, 448, 2, 20, 179, 2155 }, // U+2084
    { 22, 31, 455, 3, 20, 171, 2334 }, // U+2085
    { 22, 31, 460, 4, 20, 171, 2505 }, // U+2086
    { 20, 31, 396, 2, 20, 155, 2676 }, // U+2087
    { 23, 31, 484, 3, 20, 179, 2831 }, // U+2088
    { 22, 31, 461, 3, 20, 171, 3010 }, // U+2089
    { 11, 35, 263, 4, 21, 97, 3181 }, // U+208D
    { 11, 35, 263, 1, 21, 97, 3278 }, // U+208E
    { 33, 50, 643, 4, 43, 413, 0 }, // U+20A1
    { 41, 53, 776, 4, 53, 544, 413 }, // U+20A4
    { 54, 53, 996, 4, 53, 716, 957 }, // U+20A6
    { 52, 52, 941, 4, 52, 676, 1673 }, // U+20A7
    { 39, 63, 714, 4, 53, 615, 2349 }, // U+20AB
    { 49, 54, 859, 2, 53, 662, 2964 }, // U+20AC
    { 50, 52, 917, 4, 52, 650, 3626 }, // U+20B1
    { 43, 70, 821, 4, 61, 753, 4276 }, // U+20B2
    { 42, 70, 792, 4, 61, 735, 5029 }, // U+20B5
    { 42, 53, 799, 4, 53, 557, 5764 }, // U+20B9
    { 38, 53, 730, 4, 53, 504, 6321 }, // U+20BA
    { 45, 52, 822, 4, 52, 585, 6825 }, // U+20BD
    { 47, 23, 877, 4, 32, 271, 0 }, // U+2190
    { 23, 47, 492, 4, 44, 271, 271 }, // U+2191
    { 47, 23, 877, 4, 32, 271, 542 }, // U+2192
    { 23, 47, 492, 4, 44, 271, 813 }, // U+2193
    { 37, 59, 719, 4, 58, 546, 0 }, // U+2202
    { 52, 60, 965, 4, 53, 780, 546 }, // U+220F
    { 44, 64, 836, 4, 58, 704, 1326 }, // U+2211
    { 35, 5, 682, 4, 27, 44, 2030 }, // U+2212
    { 38, 57, 607, 0, 55, 542, 2074 }, // U+2215
    { 14, 14, 348, 4, 28, 49, 2616 }, // U+2219
    { 39, 53, 748, 4, 52, 517, 2665 }, // U+221A
    { 60, 30, 1079, 4, 40, 450, 3182 }, // U+221E
    { 36, 66, 702, 4, 53, 594, 3632 }, // U+222B
    { 37, 31, 714, 4, 39, 287, 4226 }, // U+2248
    { 31, 40, 630, 4, 43, 310, 4513 }, // U+2260
    { 37, 51, 686, 2, 50, 472, 4823 }, // U+2264
    { 37, 51, 686, 4, 50, 472, 5295 }, // U+2265
    { 35, 53, 679, 2, 53, 464, 0 }, // U+FB01
    { 42, 53, 732, 2, 53, 557, 464 }, // U+FB02
};

static const EpdUnicodeInterval baijamjuree_36_regularIntervals[] = {
    { 0x0, 0x0, 0x0 },
    { 0xD, 0xD, 0x1 },
    { 0x20, 0x7E, 0x2 },
    { 0xA0, 0xB4, 0x61 },
    { 0xB6, 0xFF, 0x76 },
    { 0x100, 0x17E, 0xC0 },
    { 0x1A0, 0x1A1, 0x13F },
    { 0x1AF, 0x1B0, 0x141 },
    { 0x1CD, 0x1DC, 0x143 },
    { 0x1E6, 0x1E7, 0x153 },
    { 0x1FA, 0x1FF, 0x155 },
    { 0x218, 0x21B, 0x15B },
    { 0x300, 0x304, 0x15F },
    { 0x306, 0x30C, 0x164 },
    { 0x31B, 0x31B, 0x16B },
    { 0x323, 0x324, 0x16C },
    { 0x326, 0x328, 0x16E },
    { 0x32E, 0x32E, 0x171 },
    { 0x331, 0x331, 0x172 },
    { 0xE01, 0xE3A, 0x173 },
    { 0xE3F, 0xE5B, 0x1AD },
    { 0x1EA0, 0x1EF9, 0x1CA },
    { 0x2007, 0x2007, 0x224 },
    { 0x2010, 0x2010, 0x225 },
    { 0x2012, 0x2015, 0x226 },
    { 0x2018, 0x201A, 0x22A },
    { 0x201C, 0x201E, 0x22D },
    { 0x2020, 0x2022, 0x230 },
    { 0x2026, 0x2026, 0x233 },
    { 0x2030, 0x2030, 0x234 },
    { 0x2032, 0x2033, 0x235 },
    { 0x2039, 0x203A, 0x237 },
    { 0x2044, 0x2044, 0x239 },
    { 0x2070, 0x2070, 0x23A },
    { 0x2074, 0x2079, 0x23B },
    { 0x207D, 0x2089, 0x241 },
    { 0x208D, 0x208E, 0x24E },
    { 0x20A1, 0x20A1, 0x250 },
    { 0x20A4, 0x20A4, 0x251 },
    { 0x20A6, 0x20A7, 0x252 },
    { 0x20AB, 0x20AC, 0x254 },
    { 0x20B1, 0x20B2, 0x256 },
    { 0x20B5, 0x20B5, 0x258 },
    { 0x20B9, 0x20BA, 0x259 },
    { 0x20BD, 0x20BD, 0x25B },
    { 0x2190, 0x2193, 0x25C },
    { 0x2202, 0x2202, 0x260 },
    { 0x220F, 0x220F, 0x261 },
    { 0x2211, 0x2212, 0x262 },
    { 0x2215, 0x2215, 0x264 },
    { 0x2219, 0x221A, 0x265 },
    { 0x221E, 0x221E, 0x267 },
    { 0x222B, 0x222B, 0x268 },
    { 0x2248, 0x2248, 0x269 },
    { 0x2260, 0x2260, 0x26A },
    { 0x2264, 0x2265, 0x26B },
    { 0xFB01, 0xFB02, 0x26D },
};

static const EpdFontGroup baijamjuree_36_regularGroups[] = {
    { 0, 1904, 8170, 25, 0 },
    { 1904, 1764, 7962, 17, 25 },
    { 3668, 1582, 7881, 15, 42 },
    { 5250, 1967, 8000, 21, 57 },
    { 7217, 1627, 6461, 19, 78 },
    { 8844, 1992, 7876, 28, 97 },
    { 10836, 1686, 7949, 10, 125 },
    { 12522, 1039, 7523, 13, 135 },
    { 13561, 1132, 7703, 11, 148 },
    { 14693, 1458, 8073, 18, 159 },
    { 16151, 1062, 7016, 15, 177 },
    { 17213, 1450, 7625, 12, 192 },
    { 18663, 1222, 7846, 13, 204 },
    { 19885, 1045, 7992, 12, 217 },
    { 20930, 1067, 7757, 18, 229 },
    { 21997, 1153, 7587, 16, 247 },
    { 23150, 1131, 7619, 12, 263 },
    { 24281, 1335, 7985, 14, 275 },
    { 25616, 928, 7803, 14, 289 },
    { 26544, 1783, 8044, 12, 303 },
    { 28327, 352, 2244, 4, 315 },
    { 28679, 1541, 7779, 13, 319 },
    { 30220, 1278, 7689, 11, 332 },
    { 31498, 1441, 5832, 8, 343 },
    { 32939, 451, 998, 20, 351 },
    { 33390, 2559, 8173, 17, 371 },
    { 35949, 2111, 7818, 16, 388 },
    { 38060, 2226, 8131, 19, 404 },
    { 40286, 2239, 7958, 26, 423 },
    { 42525, 1760, 5631, 9, 449 },
    { 44285, 1702, 8145, 11, 458 },
    { 45987, 1290, 8136, 11, 469 },
    { 47277, 1186, 7538, 12, 480 },
    { 48463, 1135, 7401, 14, 492 },
    { 49598, 1012, 7505, 10, 506 },
    { 50610, 760, 7642, 9, 516 },
    { 51370, 888, 7732, 11, 525 },
    { 52258, 1188, 7866, 11, 536 },
    { 53446, 183, 536, 1, 547 },
    { 53629, 780, 4149, 22, 548 },
    { 54409, 739, 3583, 22, 570 },
    { 55148, 1534, 7736, 12, 592 },
    { 56682, 254, 1116, 4, 604 },
    { 56936, 1323, 5969, 13, 608 },
    { 58259, 145, 1060, 2, 621 },
};

static const EpdKernClassEntry baijamjuree_36_regularKernLeftClasses[] = {
    { 0x002C, 1 }, // ,
    { 0x002D, 2 }, // -
    { 0x002E, 3 }, // .
    { 0x002F, 4 }, // /
    { 0x0030, 5 }, // 0
    { 0x0032, 6 }, // 2
    { 0x0033, 7 }, // 3
    { 0x0034, 8 }, // 4
    { 0x0035, 9 }, // 5
    { 0x0036, 10 }, // 6
    { 0x0037, 11 }, // 7
    { 0x0038, 12 }, // 8
    { 0x0039, 13 }, // 9
    { 0x0041, 14 }, // A
    { 0x0042, 15 }, // B
    { 0x0043, 16 }, // C
    { 0x0044, 17 }, // D
    { 0x0045, 18 }, // E
    { 0x0046, 19 }, // F
    { 0x0047, 20 }, // G
    { 0x004A, 21 }, // J
    { 0x004B, 22 }, // K
    { 0x004C, 23 }, // L
    { 0x004F, 24 }, // O
    { 0x0050, 25 }, // P
    { 0x0051, 26 }, // Q
    { 0x0052, 27 }, // R
    { 0x0053, 28 }, // S
    { 0x0054, 29 }, // T
    { 0x0055, 30 }, // U
    { 0x0056, 31 }, // V
    { 0x0057, 32 }, // W
    { 0x0058, 33 }, // X
    { 0x0059, 34 }, // Y
    { 0x005A, 35 }, // Z
    { 0x0061, 36 }, // a
    { 0x0062, 37 }, // b
    { 0x0063, 38 }, // c
    { 0x0064, 39 }, // d
    { 0x0065, 40 }, // e
    { 0x0066, 41 }, // f
    { 0x0067, 42 }, // g
    { 0x0068, 36 }, // h
    { 0x0069, 43 }, // i
    { 0x006A, 43 }, // j
    { 0x006B, 44 }, // k
    { 0x006C, 45 }, // l
    { 0x006D, 36 }, // m
    { 0x006E, 36 }, // n
    { 0x006F, 37 }, // o
    { 0x0070, 37 }, // p
    { 0x0071, 42 }, // q
    { 0x0072, 46 }, // r
    { 0x0073, 47 }, // s
    { 0x0074, 48 }, // t
    { 0x0075, 42 }, // u
    { 0x0076, 49 }, // v
    { 0x0077, 50 }, // w
    { 0x0078, 51 }, // x
    { 0x0079, 42 }, // y
    { 0x007A, 52 }, // z
    { 0x00AD, 2 }, // U+00AD
    { 0x00BF, 53 }, // U+00BF
    { 0x00C0, 14 }, // U+00C0
    { 0x00C1, 14 }, // U+00C1
    { 0x00C2, 14 }, // U+00C2
    { 0x00C3, 14 }, // U+00C3
    { 0x00C4, 14 }, // U+00C4
    { 0x00C5, 14 }, // U+00C5
    { 0x00C6, 14 }, // U+00C6
    { 0x00C7, 16 }, // U+00C7
    { 0x00C8, 18 }, // U+00C8
    { 0x00C9, 18 }, // U+00C9
    { 0x00CA, 18 }, // U+00CA
    { 0x00CB, 18 }, // U+00CB
    { 0x00D2, 24 }, // U+00D2
    { 0x00D3, 24 }, // U+00D3
    { 0x00D4, 24 }, // U+00D4
    { 0x00D5, 24 }, // U+00D5
    { 0x00D6, 24 }, // U+00D6
    { 0x00D8, 24 }, // U+00D8
    { 0x00D9, 30 }, // U+00D9
    { 0x00DA, 30 }, // U+00DA
    { 0x00DB, 30 }, // U+00DB
    { 0x00DC, 30 }, // U+00DC
    { 0x00DD, 34 }, // U+00DD
    { 0x00E0, 36 }, // U+00E0
    { 0x00E1, 36 }, // U+00E1
    { 0x00E2, 36 }, // U+00E2
    { 0x00E3, 36 }, // U+00E3
    { 0x00E4, 36 }, // U+00E4
    { 0x00E5, 36 }, // U+00E5
    { 0x00E6, 40 }, // U+00E6
    { 0x00E7, 38 }, // U+00E7
    { 0x00E8, 40 }, // U+00E8
    { 0x00E9, 40 }, // U+00E9
    { 0x00EA, 40 }, // U+00EA
    { 0x00EB, 40 }, // U+00EB
    { 0x00F1, 36 }, // U+00F1
    { 0x00F2, 37 }, // U+00F2
    { 0x00F3, 37 }, // U+00F3
    { 0x00F4, 37 }, // U+00F4
    { 0x00F5, 37 }, // U+00F5
    { 0x00F6, 37 }, // U+00F6
    { 0x00F8, 37 }, // U+00F8
    { 0x00F9, 42 }, // U+00F9
    { 0x00FA, 42 }, // U+00FA
    { 0x00FB, 42 }, // U+00FB
    { 0x00FC, 42 }, // U+00FC
    { 0x00FD, 42 }, // U+00FD
    { 0x00FE, 37 }, // U+00FE
    { 0x00FF, 42 }, // U+00FF
    { 0x0100, 14 }, // U+0100
    { 0x0101, 36 }, // U+0101
    { 0x0102, 14 }, // U+0102
    { 0x0103, 36 }, // U+0103
    { 0x0104, 14 }, // U+0104
    { 0x0105, 36 }, // U+0105
    { 0x0106, 16 }, // U+0106
    { 0x0107, 38 }, // U+0107
    { 0x0108, 16 }, // U+0108
    { 0x0109, 38 }, // U+0109
    { 0x010A, 16 }, // U+010A
    { 0x010B, 38 }, // U+010B
    { 0x010C, 16 }, // U+010C
    { 0x010D, 38 }, // U+010D
    { 0x010E, 17 }, // U+010E
    { 0x010F, 54 }, // U+010F
    { 0x0110, 17 }, // U+0110
    { 0x0112, 18 }, // U+0112
    { 0x0113, 40 }, // U+0113
    { 0x0114, 18 }, // U+0114
    { 0x0115, 40 }, // U+0115
    { 0x0116, 18 }, // U+0116
    { 0x0117, 40 }, // U+0117
    { 0x0118, 18 }, // U+0118
    { 0x0119, 40 }, // U+0119
    { 0x011A, 18 }, // U+011A
    { 0x011B, 40 }, // U+011B
    { 0x011C, 20 }, // U+011C
    { 0x011D, 42 }, // U+011D
    { 0x011E, 20 }, // U+011E
    { 0x011F, 42 }, // U+011F
    { 0x0120, 20 }, // U+0120
    { 0x0121, 42 }, // U+0121
    { 0x0122, 20 }, // U+0122
    { 0x0123, 42 }, // U+0123
    { 0x0125, 36 }, // U+0125
    { 0x0127, 36 }, // U+0127
    { 0x0132, 21 }, // U+0132
    { 0x0134, 21 }, // U+0134
    { 0x0136, 22 }, // U+0136
    { 0x0137, 44 }, // U+0137
    { 0x0138, 44 }, // U+0138
    { 0x0139, 23 }, // U+0139
    { 0x013A, 45 }, // U+013A
    { 0x013B, 23 }, // U+013B
    { 0x013C, 45 }, // U+013C
    { 0x013D, 23 }, // U+013D
    { 0x013E, 54 }, // U+013E
    { 0x013F, 23 }, // U+013F
    { 0x0140, 45 }, // U+0140
    { 0x0141, 23 }, // U+0141
    { 0x0144, 36 }, // U+0144
    { 0x0146, 36 }, // U+0146
    { 0x0148, 36 }, // U+0148
    { 0x0149, 36 }, // U+0149
    { 0x014B, 36 }, // U+014B
    { 0x014C, 24 }, // U+014C
    { 0x014D, 37 }, // U+014D
    { 0x014E, 24 }, // U+014E
    { 0x014F, 37 }, // U+014F
    { 0x0150, 24 }, // U+0150
    { 0x0151, 37 }, // U+0151
    { 0x0152, 18 }, // U+0152
    { 0x0153, 40 }, // U+0153
    { 0x0154, 27 }, // U+0154
    { 0x0155, 46 }, // U+0155
    { 0x0156, 27 }, // U+0156
    { 0x0157, 46 }, // U+0157
    { 0x0158, 27 }, // U+0158
    { 0x0159, 46 }, // U+0159
    { 0x015A, 28 }, // U+015A
    { 0x015B, 47 }, // U+015B
    { 0x015C, 28 }, // U+015C
    { 0x015D, 47 }, // U+015D
    { 0x015E, 28 }, // U+015E
    { 0x015F, 47 }, // U+015F
    { 0x0160, 28 }, // U+0160
    { 0x0161, 47 }, // U+0161
    { 0x0162, 29 }, // U+0162
    { 0x0163, 48 }, // U+0163
    { 0x0164, 29 }, // U+0164
    { 0x0165, 54 }, // U+0165
    { 0x0166, 29 }, // U+0166
    { 0x0167, 48 }, // U+0167
    { 0x0168, 30 }, // U+0168
    { 0x0169, 42 }, // U+0169
    { 0x016A, 30 }, // U+016A
    { 0x016B, 42 }, // U+016B
    { 0x016C, 30 }, // U+016C
    { 0x016D, 42 }, // U+016D
    { 0x016E, 30 }, // U+016E
    { 0x016F, 42 }, // U+016F
    { 0x0170, 30 }, // U+0170
    { 0x0171, 42 }, // U+0171
    { 0x0172, 30 }, // U+0172
    { 0x0173, 42 }, // U+0173
    { 0x0174, 32 }, // U+0174
    { 0x0175, 50 }, // U+0175
    { 0x0176, 34 }, // U+0176
    { 0x0177, 42 }, // U+0177
    { 0x0178, 34 }, // U+0178
    { 0x0179, 35 }, // U+0179
    { 0x017A, 52 }, // U+017A
    { 0x017B, 35 }, // U+017B
    { 0x017C, 52 }, // U+017C
    { 0x017D, 35 }, // U+017D
    { 0x017E, 52 }, // U+017E
    { 0x01AF, 30 }, // U+01AF
    { 0x01CD, 14 }, // U+01CD
    { 0x01CE, 36 }, // U+01CE
    { 0x01D1, 24 }, // U+01D1
    { 0x01D2, 37 }, // U+01D2
    { 0x01D3, 30 }, // U+01D3
    { 0x01D4, 42 }, // U+01D4
    { 0x01D5, 30 }, // U+01D5
    { 0x01D6, 42 }, // U+01D6
    { 0x01D7, 30 }, // U+01D7
    { 0x01D8, 42 }, // U+01D8
    { 0x01D9, 30 }, // U+01D9
    { 0x01DA, 42 }, // U+01DA
    { 0x01DB, 30 }, // U+01DB
    { 0x01DC, 42 }, // U+01DC
    { 0x01E6, 20 }, // U+01E6
    { 0x01E7, 42 }, // U+01E7
    { 0x01FA, 14 }, // U+01FA
    { 0x01FB, 36 }, // U+01FB
    { 0x01FD, 40 }, // U+01FD
    { 0x01FE, 24 }, // U+01FE
    { 0x01FF, 37 }, // U+01FF
    { 0x0218, 28 }, // U+0218
    { 0x0219, 47 }, // U+0219
    { 0x021A, 29 }, // U+021A
    { 0x021B, 48 }, // U+021B
    { 0x0E40, 55 }, // U+0E40
    { 0x0E41, 55 }, // U+0E41
    { 0x0E42, 56 }, // U+0E42
    { 0x0E43, 57 }, // U+0E43
    { 0x0E44, 56 }, // U+0E44
    { 0x1EA0, 14 }, // U+1EA0
    { 0x1EA1, 36 }, // U+1EA1
    { 0x1EA2, 14 }, // U+1EA2
    { 0x1EA3, 36 }, // U+1EA3
    { 0x1EA4, 14 }, // U+1EA4
    { 0x1EA5, 36 }, // U+1EA5
    { 0x1EA6, 14 }, // U+1EA6
    { 0x1EA7, 36 }, // U+1EA7
    { 0x1EA8, 14 }, // U+1EA8
    { 0x1EA9, 36 }, // U+1EA9
    { 0x1EAA, 14 }, // U+1EAA
    { 0x1EAB, 36 }, // U+1EAB
    { 0x1EAC, 14 }, // U+1EAC
    { 0x1EAD, 36 }, // U+1EAD
    { 0x1EAE, 14 }, // U+1EAE
    { 0x1EAF, 36 }, // U+1EAF
    { 0x1EB0, 14 }, // U+1EB0
    { 0x1EB1, 36 }, // U+1EB1
    { 0x1EB2, 14 }, // U+1EB2
    { 0x1EB3, 36 }, // U+1EB3
    { 0x1EB4, 14 }, // U+1EB4
    { 0x1EB5, 36 }, // U+1EB5
    { 0x1EB6, 14 }, // U+1EB6
    { 0x1EB7, 36 }, // U+1EB7
    { 0x1EB8, 18 }, // U+1EB8
    { 0x1EB9, 40 }, // U+1EB9
    { 0x1EBA, 18 }, // U+1EBA
    { 0x1EBB, 40 }, // U+1EBB
    { 0x1EBC, 18 }, // U+1EBC
    { 0x1EBD, 40 }, // U+1EBD
    { 0x1EBE, 18 }, // U+1EBE
    { 0x1EBF, 40 }, // U+1EBF
    { 0x1EC0, 18 }, // U+1EC0
    { 0x1EC1, 40 }, // U+1EC1
    { 0x1EC2, 18 }, // U+1EC2
    { 0x1EC3, 40 }, // U+1EC3
    { 0x1EC4, 18 }, // U+1EC4
    { 0x1EC5, 40 }, // U+1EC5
    { 0x1EC6, 18 }, // U+1EC6
    { 0x1EC7, 40 }, // U+1EC7
    { 0x1ECC, 24 }, // U+1ECC
    { 0x1ECD, 37 }, // U+1ECD
    { 0x1ECE, 24 }, // U+1ECE
    { 0x1ECF, 37 }, // U+1ECF
    { 0x1ED0, 24 }, // U+1ED0
    { 0x1ED1, 37 }, // U+1ED1
    { 0x1ED2, 24 }, // U+1ED2
    { 0x1ED3, 37 }, // U+1ED3
    { 0x1ED4, 24 }, // U+1ED4
    { 0x1ED5, 37 }, // U+1ED5
    { 0x1ED6, 24 }, // U+1ED6
    { 0x1ED7, 37 }, // U+1ED7
    { 0x1ED8, 24 }, // U+1ED8
    { 0x1ED9, 37 }, // U+1ED9
    { 0x1EDA, 24 }, // U+1EDA
    { 0x1EDB, 37 }, // U+1EDB
    { 0x1EDC, 24 }, // U+1EDC
    { 0x1EDD, 37 }, // U+1EDD
    { 0x1EDE, 24 }, // U+1EDE
    { 0x1EDF, 37 }, // U+1EDF
    { 0x1EE0, 24 }, // U+1EE0
    { 0x1EE1, 37 }, // U+1EE1
    { 0x1EE2, 24 }, // U+1EE2
    { 0x1EE3, 37 }, // U+1EE3
    { 0x1EE4, 30 }, // U+1EE4
    { 0x1EE5, 42 }, // U+1EE5
    { 0x1EE6, 30 }, // U+1EE6
    { 0x1EE7, 42 }, // U+1EE7
    { 0x1EE8, 30 }, // U+1EE8
    { 0x1EEA, 30 }, // U+1EEA
    { 0x1EEC, 30 }, // U+1EEC
    { 0x1EEE, 30 }, // U+1EEE
    { 0x1EF0, 30 }, // U+1EF0
    { 0x1EF2, 34 }, // U+1EF2
    { 0x1EF3, 42 }, // U+1EF3
    { 0x1EF4, 34 }, // U+1EF4
    { 0x1EF5, 42 }, // U+1EF5
    { 0x1EF6, 34 }, // U+1EF6
    { 0x1EF7, 42 }, // U+1EF7
    { 0x1EF8, 34 }, // U+1EF8
    { 0x1EF9, 42 }, // U+1EF9
    { 0x2010, 2 }, // U+2010
    { 0x2012, 2 }, // U+2012
    { 0x2013, 2 }, // U+2013
    { 0x2014, 2 }, // U+2014
    { 0x2015, 2 }, // U+2015
    { 0x2018, 58 }, // U+2018
    { 0x2019, 54 }, // U+2019
    { 0x201A, 1 }, // U+201A
    { 0x201C, 58 }, // U+201C
    { 0x201D, 54 }, // U+201D
    { 0x201E, 1 }, // U+201E
    { 0x2026, 3 }, // U+2026
};

static const EpdKernClassEntry baijamjuree_36_regularKernRightClasses[] = {
    { 0x002C, 1 }, // ,
    { 0x002D, 2 }, // -
    { 0x002E, 3 }, // .
    { 0x002F, 4 }, // /
    { 0x0030, 5 }, // 0
    { 0x0031, 6 }, // 1
    { 0x0032, 7 }, // 2
    { 0x0033, 8 }, // 3
    { 0x0034, 9 }, // 4
    { 0x0035, 10 }, // 5
    { 0x0036, 11 }, // 6
    { 0x0037, 12 }, // 7
    { 0x0038, 13 }, // 8
    { 0x0039, 14 }, // 9
    { 0x0041, 15 }, // A
    { 0x0042, 16 }, // B
    { 0x0043, 17 }, // C
    { 0x0044, 18 }, // D
    { 0x0045, 18 }, // E
    { 0x0047, 17 }, // G
    { 0x004A, 19 }, // J
    { 0x004C, 16 }, // L
    { 0x004F, 17 }, // O
    { 0x0051, 17 }, // Q
    { 0x0053, 20 }, // S
    { 0x0054, 21 }, // T
    { 0x0055, 22 }, // U
    { 0x0056, 23 }, // V
    { 0x0057, 24 }, // W
    { 0x0058, 25 }, // X
    { 0x0059, 26 }, // Y
    { 0x005A, 27 }, // Z
    { 0x0061, 28 }, // a
    { 0x0062, 29 }, // b
    { 0x0063, 30 }, // c
    { 0x0064, 30 }, // d
    { 0x0065, 30 }, // e
    { 0x0066, 31 }, // f
    { 0x0067, 30 }, // g
    { 0x0068, 32 }, // h
    { 0x0069, 33 }, // i
    { 0x006A, 33 }, // j
    { 0x006B, 32 }, // k
    { 0x006C, 34 }, // l
    { 0x006D, 35 }, // m
    { 0x006E, 35 }, // n
    { 0x006F, 30 }, // o
    { 0x0070, 35 }, // p
    { 0x0071, 30 }, // q
    { 0x0072, 35 }, // r
    { 0x0073, 36 }, // s
    { 0x0074, 37 }, // t
    { 0x0075, 38 }, // u
    { 0x0076, 39 }, // v
    { 0x0077, 40 }, // w
    { 0x0078, 41 }, // x
    { 0x0079, 38 }, // y
    { 0x007A, 42 }, // z
    { 0x00AD, 2 }, // U+00AD
    { 0x00C0, 15 }, // U+00C0
    { 0x00C1, 15 }, // U+00C1
    { 0x00C2, 15 }, // U+00C2
    { 0x00C3, 15 }, // U+00C3
    { 0x00C4, 15 }, // U+00C4
    { 0x00C5, 15 }, // U+00C5
    { 0x00C6, 15 }, // U+00C6
    { 0x00C7, 17 }, // U+00C7
    { 0x00C8, 18 }, // U+00C8
    { 0x00C9, 18 }, // U+00C9
    { 0x00CA, 18 }, // U+00CA
    { 0x00CB, 18 }, // U+00CB
    { 0x00D2, 17 }, // U+00D2
    { 0x00D3, 17 }, // U+00D3
    { 0x00D4, 17 }, // U+00D4
    { 0x00D5, 17 }, // U+00D5
    { 0x00D6, 17 }, // U+00D6
    { 0x00D8, 17 }, // U+00D8
    { 0x00D9, 22 }, // U+00D9
    { 0x00DA, 22 }, // U+00DA
    { 0x00DB, 22 }, // U+00DB
    { 0x00DC, 22 }, // U+00DC
    { 0x00DD, 26 }, // U+00DD
    { 0x00E0, 28 }, // U+00E0
    { 0x00E1, 28 }, // U+00E1
    { 0x00E2, 28 }, // U+00E2
    { 0x00E3, 28 }, // U+00E3
    { 0x00E4, 28 }, // U+00E4
    { 0x00E5, 28 }, // U+00E5
    { 0x00E6, 28 }, // U+00E6
    { 0x00E7, 30 }, // U+00E7
    { 0x00E8, 30 }, // U+00E8
    { 0x00E9, 30 }, // U+00E9
    { 0x00EA, 30 }, // U+00EA
    { 0x00EB, 30 }, // U+00EB
    { 0x00F1, 35 }, // U+00F1
    { 0x00F2, 30 }, // U+00F2
    { 0x00F3, 30 }, // U+00F3
    { 0x00F4, 30 }, // U+00F4
    { 0x00F5, 30 }, // U+00F5
    { 0x00F6, 30 }, // U+00F6
    { 0x00F8, 30 }, // U+00F8
    { 0x00F9, 38 }, // U+00F9
    { 0x00FA, 38 }, // U+00FA
    { 0x00FB, 38 }, // U+00FB
    { 0x00FC, 38 }, // U+00FC
    { 0x00FD, 38 }, // U+00FD
    { 0x00FF, 38 }, // U+00FF
    { 0x0100, 15 }, // U+0100
    { 0x0101, 28 }, // U+0101
    { 0x0102, 15 }, // U+0102
    { 0x0103, 28 }, // U+0103
    { 0x0104, 15 }, // U+0104
    { 0x0105, 28 }, // U+0105
    { 0x0106, 17 }, // U+0106
    { 0x0107, 30 }, // U+0107
    { 0x0108, 17 }, // U+0108
    { 0x0109, 30 }, // U+0109
    { 0x010A, 17 }, // U+010A
    { 0x010B, 30 }, // U+010B
    { 0x010C, 17 }, // U+010C
    { 0x010D, 30 }, // U+010D
    { 0x010F, 30 }, // U+010F
    { 0x0111, 30 }, // U+0111
    { 0x0112, 18 }, // U+0112
    { 0x0113, 30 }, // U+0113
    { 0x0114, 18 }, // U+0114
    { 0x0115, 30 }, // U+0115
    { 0x0116, 18 }, // U+0116
    { 0x0117, 30 }, // U+0117
    { 0x0118, 18 }, // U+0118
    { 0x0119, 30 }, // U+0119
    { 0x011A, 18 }, // U+011A
    { 0x011B, 30 }, // U+011B
    { 0x011C, 17 }, // U+011C
    { 0x011D, 30 }, // U+011D
    { 0x011E, 17 }, // U+011E
    { 0x011F, 30 }, // U+011F
    { 0x0120, 17 }, // U+0120
    { 0x0121, 30 }, // U+0121
    { 0x0122, 17 }, // U+0122
    { 0x0123, 30 }, // U+0123
    { 0x0139, 18 }, // U+0139
    { 0x013A, 34 }, // U+013A
    { 0x013B, 18 }, // U+013B
    { 0x013C, 34 }, // U+013C
    { 0x013D, 18 }, // U+013D
    { 0x013E, 34 }, // U+013E
    { 0x013F, 18 }, // U+013F
    { 0x0140, 34 }, // U+0140
    { 0x0144, 35 }, // U+0144
    { 0x0146, 35 }, // U+0146
    { 0x0148, 35 }, // U+0148
    { 0x0149, 35 }, // U+0149
    { 0x014B, 35 }, // U+014B
    { 0x014C, 17 }, // U+014C
    { 0x014D, 30 }, // U+014D
    { 0x014E, 17 }, // U+014E
    { 0x014F, 30 }, // U+014F
    { 0x0150, 17 }, // U+0150
    { 0x0151, 30 }, // U+0151
    { 0x0152, 17 }, // U+0152
    { 0x0153, 30 }, // U+0153
    { 0x0155, 35 }, // U+0155
    { 0x0157, 35 }, // U+0157
    { 0x0159, 35 }, // U+0159
    { 0x015A, 20 }, // U+015A
    { 0x015B, 36 }, // U+015B
    { 0x015C, 20 }, // U+015C
    { 0x015D, 36 }, // U+015D
    { 0x015E, 20 }, // U+015E
    { 0x015F, 36 }, // U+015F
    { 0x0160, 20 }, // U+0160
    { 0x0161, 36 }, // U+0161
    { 0x0162, 21 }, // U+0162
    { 0x0163, 37 }, // U+0163
    { 0x0164, 21 }, // U+0164
    { 0x0165, 37 }, // U+0165
    { 0x0166, 21 }, // U+0166
    { 0x0167, 37 }, // U+0167
    { 0x0168, 22 }, // U+0168
    { 0x0169, 38 }, // U+0169
    { 0x016A, 22 }, // U+016A
    { 0x016B, 38 }, // U+016B
    { 0x016C, 22 }, // U+016C
    { 0x016D, 38 }, // U+016D
    { 0x016E, 22 }, // U+016E
    { 0x016F, 38 }, // U+016F
    { 0x0170, 22 }, // U+0170
    { 0x0171, 38 }, // U+0171
    { 0x0172, 22 }, // U+0172
    { 0x0173, 38 }, // U+0173
    { 0x0174, 24 }, // U+0174
    { 0x0175, 40 }, // U+0175
    { 0x0176, 26 }, // U+0176
    { 0x0177, 38 }, // U+0177
    { 0x0178, 26 }, // U+0178
    { 0x0179, 27 }, // U+0179
    { 0x017A, 42 }, // U+017A
    { 0x017B, 27 }, // U+017B
    { 0x017C, 42 }, // U+017C
    { 0x017D, 27 }, // U+017D
    { 0x017E, 42 }, // U+017E
    { 0x01A0, 17 }, // U+01A0
    { 0x01A1, 30 }, // U+01A1
    { 0x01AF, 22 }, // U+01AF
    { 0x01B0, 38 }, // U+01B0
    { 0x01CD, 15 }, // U+01CD
    { 0x01CE, 28 }, // U+01CE
    { 0x01D1, 17 }, // U+01D1
    { 0x01D2, 30 }, // U+01D2
    { 0x01D3, 22 }, // U+01D3
    { 0x01D4, 38 }, // U+01D4
    { 0x01D5, 22 }, // U+01D5
    { 0x01D6, 38 }, // U+01D6
    { 0x01D7, 22 }, // U+01D7
    { 0x01D8, 38 }, // U+01D8
    { 0x01D9, 22 }, // U+01D9
    { 0x01DA, 38 }, // U+01DA
    { 0x01DB, 22 }, // U+01DB
    { 0x01DC, 38 }, // U+01DC
    { 0x01E6, 17 }, // U+01E6
    { 0x01E7, 30 }, // U+01E7
    { 0x01FA, 15 }, // U+01FA
    { 0x01FB, 28 }, // U+01FB
    { 0x01FC, 15 }, // U+01FC
    { 0x01FD, 28 }, // U+01FD
    { 0x01FE, 17 }, // U+01FE
    { 0x01FF, 30 }, // U+01FF
    { 0x0218, 20 }, // U+0218
    { 0x0219, 36 }, // U+0219
    { 0x021A, 21 }, // U+021A
    { 0x021B, 37 }, // U+021B
    { 0x0E01, 43 }, // U+0E01
    { 0x0E02, 44 }, // U+0E02
    { 0x0E03, 45 }, // U+0E03
    { 0x0E06, 46 }, // U+0E06
    { 0x0E07, 47 }, // U+0E07
    { 0x0E08, 48 }, // U+0E08
    { 0x0E09, 49 }, // U+0E09
    { 0x0E0A, 44 }, // U+0E0A
    { 0x0E0B, 45 }, // U+0E0B
    { 0x0E0C, 43 }, // U+0E0C
    { 0x0E0D, 43 }, // U+0E0D
    { 0x0E10, 50 }, // U+0E10
    { 0x0E11, 51 }, // U+0E11
    { 0x0E13, 43 }, // U+0E13
    { 0x0E16, 43 }, // U+0E16
    { 0x0E17, 52 }, // U+0E17
    { 0x0E18, 53 }, // U+0E18
    { 0x0E19, 52 }, // U+0E19
    { 0x0E1A, 52 }, // U+0E1A
    { 0x0E1B, 52 }, // U+0E1B
    { 0x0E1E, 52 }, // U+0E1E
    { 0x0E1F, 52 }, // U+0E1F
    { 0x0E23, 54 }, // U+0E23
    { 0x0E24, 43 }, // U+0E24
    { 0x0E27, 55 }, // U+0E27
    { 0x0E29, 52 }, // U+0E29
    { 0x0E2B, 52 }, // U+0E2B
    { 0x0E2C, 52 }, // U+0E2C
    { 0x0E2D, 56 }, // U+0E2D
    { 0x0E2E, 57 }, // U+0E2E
    { 0x1EA0, 15 }, // U+1EA0
    { 0x1EA1, 28 }, // U+1EA1
    { 0x1EA2, 15 }, // U+1EA2
    { 0x1EA3, 28 }, // U+1EA3
    { 0x1EA4, 15 }, // U+1EA4
    { 0x1EA5, 28 }, // U+1EA5
    { 0x1EA6, 15 }, // U+1EA6
    { 0x1EA7, 28 }, // U+1EA7
    { 0x1EA8, 15 }, // U+1EA8
    { 0x1EA9, 28 }, // U+1EA9
    { 0x1EAA, 15 }, // U+1EAA
    { 0x1EAB, 28 }, // U+1EAB
    { 0x1EAC, 15 }, // U+1EAC
    { 0x1EAD, 28 }, // U+1EAD
    { 0x1EAE, 15 }, // U+1EAE
    { 0x1EAF, 28 }, // U+1EAF
    { 0x1EB0, 15 }, // U+1EB0
    { 0x1EB1, 28 }, // U+1EB1
    { 0x1EB2, 15 }, // U+1EB2
    { 0x1EB3, 28 }, // U+1EB3
    { 0x1EB4, 15 }, // U+1EB4
    { 0x1EB5, 28 }, // U+1EB5
    { 0x1EB6, 15 }, // U+1EB6
    { 0x1EB7, 28 }, // U+1EB7
    { 0x1EB8, 18 }, // U+1EB8
    { 0x1EB9, 30 }, // U+1EB9
    { 0x1EBA, 18 }, // U+1EBA
    { 0x1EBB, 30 }, // U+1EBB
    { 0x1EBC, 18 }, // U+1EBC
    { 0x1EBD, 30 }, // U+1EBD
    { 0x1EBE, 18 }, // U+1EBE
    { 0x1EBF, 30 }, // U+1EBF
    { 0x1EC0, 18 }, // U+1EC0
    { 0x1EC1, 30 }, // U+1EC1
    { 0x1EC2, 18 }, // U+1EC2
    { 0x1EC3, 30 }, // U+1EC3
    { 0x1EC4, 18 }, // U+1EC4
    { 0x1EC5, 30 }, // U+1EC5
    { 0x1EC6, 18 }, // U+1EC6
    { 0x1EC7, 30 }, // U+1EC7
    { 0x1ECC, 17 }, // U+1ECC
    { 0x1ECD, 30 }, // U+1ECD
    { 0x1ECE, 17 }, // U+1ECE
    { 0x1ECF, 30 }, // U+1ECF
    { 0x1ED0, 17 }, // U+1ED0
    { 0x1ED1, 30 }, // U+1ED1
    { 0x1ED2, 17 }, // U+1ED2
    { 0x1ED3, 30 }, // U+1ED3
    { 0x1ED4, 17 }, // U+1ED4
    { 0x1ED5, 30 }, // U+1ED5
    { 0x1ED6, 17 }, // U+1ED6
    { 0x1ED7, 30 }, // U+1ED7
    { 0x1ED8, 17 }, // U+1ED8
    { 0x1ED9, 30 }, // U+1ED9
    { 0x1EDA, 17 }, // U+1EDA
    { 0x1EDB, 30 }, // U+1EDB
    { 0x1EDC, 17 }, // U+1EDC
    { 0x1EDD, 30 }, // U+1EDD
    { 0x1EDE, 17 }, // U+1EDE
    { 0x1EDF, 30 }, // U+1EDF
    { 0x1EE0, 17 }, // U+1EE0
    { 0x1EE1, 30 }, // U+1EE1
    { 0x1EE2, 17 }, // U+1EE2
    { 0x1EE3, 30 }, // U+1EE3
    { 0x1EE4, 22 }, // U+1EE4
    { 0x1EE5, 38 }, // U+1EE5
    { 0x1EE6, 22 }, // U+1EE6
    { 0x1EE7, 38 }, // U+1EE7
    { 0x1EE8, 22 }, // U+1EE8
    { 0x1EE9, 38 }, // U+1EE9
    { 0x1EEA, 22 }, // U+1EEA
    { 0x1EEB, 38 }, // U+1EEB
    { 0x1EEC, 22 }, // U+1EEC
    { 0x1EED, 38 }, // U+1EED
    { 0x1EEE, 22 }, // U+1EEE
    { 0x1EEF, 38 }, // U+1EEF
    { 0x1EF0, 22 }, // U+1EF0
    { 0x1EF1, 38 }, // U+1EF1
    { 0x1EF2, 26 }, // U+1EF2
    { 0x1EF3, 38 }, // U+1EF3
    { 0x1EF4, 26 }, // U+1EF4
    { 0x1EF5, 38 }, // U+1EF5
    { 0x1EF6, 26 }, // U+1EF6
    { 0x1EF7, 38 }, // U+1EF7
    { 0x1EF8, 26 }, // U+1EF8
    { 0x1EF9, 38 }, // U+1EF9
    { 0x2010, 2 }, // U+2010
    { 0x2012, 2 }, // U+2012
    { 0x2013, 2 }, // U+2013
    { 0x2014, 2 }, // U+2014
    { 0x2015, 2 }, // U+2015
    { 0x2018, 58 }, // U+2018
    { 0x2019, 59 }, // U+2019
    { 0x201A, 1 }, // U+201A
    { 0x201C, 58 }, // U+201C
    { 0x201D, 59 }, // U+201D
    { 0x201E, 1 }, // U+201E
    { 0x2026, 3 }, // U+2026
};

static const int8_t baijamjuree_36_regularKernMatrix[] = {
       0,    0,    0,    0,  -19,  -67,    0,    0,  -19,    0,  -19,  -55,   -7,   -7,    0,    0,  -19,    0,    0,  -19, -103,    0, -103,  -19,    0, -127,    0,    0,    0,    0,  -31,    0,    0,   -7,    0,    0,  -55,  -26,  -67,  -31,    0,    0,    0,    0,    0,    0,    0,    0,    0,    0,    0,    0,    0,    0,    0,    0,    0,    0,    0,
       0,    0,    0,    0,    0,    0,    0,    0,    0,    0,    0,  -67,    0,    0,    0,    0,    0,    0,    0,    0,  -74,    0,  -55,    0,  -43,  -74,  -31,    0,    0,    0,   -7,    0,    0,    0,    0,    0,    0,    0,    0,    0,  -19,  -19,    0,    0,    0,    0,    0,    0,    0,    0,    0,    0,    0,    0,    0,    0,    0,    0,    0,
       0,    0,    0,    0,  -31,  -67,    0,  -19,  -19,  -19,  -31,  -43,  -19,  -31,    0,   -7,  -31,   -7,    0,    0, -127,    0, -115,  -31,    0, -128,    0,  -14,    0,  -19,  -50,    0,    0,  -19,    0,    0,  -62,  -43,  -79,  -38,    0,    0,    0,    0,    0,    0,    0,    0,    0,    0,    0,    0,    0,    0,    0,    0,    0,    0,    0,
       0,    0,    0,    0,    0,    0,    0,    0,    0,    0,    0,    0,    0,    0, -128,    0,  -55,    0,  -91,    0,    0,    0,    0,    0,    0,    0,    0,  -86,    0,  -86,  -19,    0,    0,    0,  -31,  -74,  -31,  -62,    0,    0,    0,  -38,    0,    0,    0,    0,    0,    0,    0,    0,    0,    0,    0,    0,    0,    0,    0,    0,    0,
     -19,    0,  -31,    0,    0,    0,    0,    0,    0,    0,    0,  -26,    0,    0,    0,    0,    0,    0,    0,    0,    0,    0,    0,    0,    0,    0,    0,    0,    0,    0,    0,    0,    0,    0,    0,    0,    0,    0,    0,    0,    0,    0,    0,    0,    0,    0,    0,    0,    0,    0,    0,    0,    0,    0,    0,    0,    0,    0,    0,
       0,    0,    0,    0,    0,    0,    0,    0,  -43,    0,    0,    0,    0,    0,    0,    0,    0,    0,    0,    0,    0,    0,    0,    0,    0,    0,    0,    0,    0,    0,    0,    0,    0,    0,    0,    0,    0,    0,    0,    0,    0,    0,    0,    0,    0,    0,    0,    0,    0,    0,    0,    0,    0,    0,    0,    0,    0,    0,    0,
     -31,    0,  -19,    0,    0,    0,    0,    0,    0,    0,    0,    0,    0,    0,    0,    0,    0,    0,    0,    0,    0,    0,    0,    0,    0,    0,    0,    0,    0,    0,    0,    0,    0,    0,    0,    0,    0,    0,    0,    0,    0,    0,    0,    0,    0,    0,    0,    0,    0,    0,    0,    0,    0,    0,    0,    0,    0,    0,    0,
       0,    0,  -19,    0,    0,    0,    0,    0,    0,    0,    0,    0,    0,    0,    0,    0,    0,    0,    0,    0,    0,    0,    0,    0,    0,    0,    0,    0,    0,    0,    0,    0,    0,    0,    0,    0,    0,    0,    0,    0,    0,    0,    0,    0,    0,    0,    0,    0,    0,    0,    0,    0,    0,    0,    0,    0,    0,    0,    0,
     -31,    0,  -19,    0,    0,  -19,    0,    0,    0,    0,    0,    0,    0,    0,    0,    0,    0,    0,    0,    0,    0,    0,    0,    0,    0,    0,    0,    0,    0,    0,    0,    0,    0,    0,    0,    0,    0,    0,    0,    0,    0,    0,    0,    0,    0,    0,    0,    0,    0,    0,    0,    0,    0,    0,    0,    0,    0,    0,    0,
     -31,    0,  -31,    0,    0,    0,    0,    0,    0,    0,    0,  -22,    0,    0,    0,    0,    0,    0,    0,    0,    0,    0,    0,    0,    0,    0,    0,    0,    0,    0,    0,    0,    0,    0,    0,    0,    0,    0,    0,    0,    0,    0,    0,    0,    0,    0,    0,    0,    0,    0,    0,    0,    0,    0,    0,    0,    0,    0,    0,
    -103,  -43,  -67,    0,  -19,    0,    0,    0,  -79,    0,  -19,    0,  -17,    0,    0,    0,    0,    0,    0,    0,    0,    0,    0,    0,    0,    0,    0,    0,    0,    0,    0,    0,    0,    0,    0,    0,    0,    0,    0,    0,    0,    0,    0,    0,    0,    0,    0,    0,    0,    0,    0,    0,    0,    0,    0,    0,    0,    0,    0,
     -31,    0,  -19,    0,    0,  -14,    0,    0,    0,    0,    0,  -24,    0,    0,    0,    0,    0,    0,    0,    0,    0,    0,    0,    0,    0,    0,    0,    0,    0,    0,    0,    0,    0,    0,    0,    0,    0,    0,    0,    0,    0,    0,    0,    0,    0,    0,    0,    0,    0,    0,    0,    0,    0,    0,    0,    0,    0,    0,    0,
     -31,    0,  -31,    0,    0,  -14,    0,    0,    0,    0,    0,  -31,    0,    0,    0,    0,    0,    0,    0,    0,    0,    0,    0,    0,    0,    0,    0,    0,    0,    0,    0,    0,    0,    0,    0,    0,    0,    0,    0,    0,    0,    0,    0,    0,    0,    0,    0,    0,    0,    0,    0,    0,    0,    0,    0,    0,    0,    0,    0,
       0,    0,    0,    0,    0,  -38,    0,    0,    0,    0,    0,    0,    0,    0,    0,  -14,  -26,   -7,    0,  -22, -120,  -31, -110,  -60,    0, -122,    0,    0,    0,  -19,  -38,    0,    0,  -31,    0,    0,  -50,  -12,  -55,  -43,    0,    0,    0,    0,    0,    0,    0,    0,    0,    0,    0,    0,    0,    0,    0,    0,    0,  -91,  -91,
       0,    0,    0,    0,    0,    0,    0,    0,    0,    0,    0,    0,    0,    0,  -14,    0,    0,    0,    0,    0,  -26,    0,  -24,  -12,  -14,  -38,  -14,    0,    0,    0,    0,    0,    0,    0,    0,    0,    0,    0,    0,    0,    0,    0,    0,    0,    0,    0,    0,    0,    0,    0,    0,    0,    0,    0,    0,    0,    0,    0,    0,
     -19,    0,  -19,    0,    0,    0,    0,    0,    0,    0,    0,    0,    0,    0,  -24,    0,    0,    0,    0,    0,  -14,    0,    0,    0,  -14,  -19,  -14,    0,    0,    0,    0,    0,    0,    0,    0,    0,    0,    0,    0,    0,    0,    0,    0,    0,    0,    0,    0,    0,    0,    0,    0,    0,    0,    0,    0,    0,    0,    0,   26,
     -19,    0,  -26,  -31,    0,    0,    0,    0,    0,    0,    0,    0,    0,    0,  -19,    0,    0,    0,    0,    0,  -38,    0,  -24,  -14,  -36,  -36,  -19,    0,    0,    0,    0,    0,    0,    0,    0,    0,    0,    0,    0,    0,    0,    0,    0,    0,    0,    0,    0,    0,    0,    0,    0,    0,    0,    0,    0,    0,    0,    0,    0,
       0,    0,    0,    0,    0,    0,    0,    0,    0,    0,    0,    0,    0,    0,    0,    0,   -7,    0,    0,    0,    0,    0,    0,    0,    0,    0,    0,  -12,    0,    0,    0,    0,    0,    0,    0,    0,    0,    0,    0,    0,    0,    0,    0,    0,    0,    0,    0,    0,    0,    0,    0,    0,    0,    0,    0,    0,    0,    0,   24,
    -127,    0, -115, -103,    0,    0,    0,    0,    0,    0,    0,    0,    0,    0,  -89,    0,  -24,    0, -103,  -19,    0,    0,    0,    0,    0,    0,    0,  -48,    0,  -48,    0,    0,    0,    0,  -48,    0,  -24,  -43,  -22,  -26,  -38,  -38,    0,    0,    0,    0,    0,    0,    0,    0,    0,    0,    0,    0,    0,    0,    0,    0,    0,
     -19,    0,  -31,  -31,    0,    0,    0,    0,    0,    0,    0,    0,    0,    0,  -31,    0,    0,    0,    0,    0,  -31,    0,  -19,    0,  -31,  -36,  -26,    0,    0,    0,   -7,    0,    0,    0,    0,    0,    0,    0,    0,    0,  -14,    0,    0,    0,    0,    0,    0,    0,    0,    0,    0,    0,    0,    0,    0,    0,    0,    0,    0,
       0,    0,  -31,    0,    0,    0,    0,    0,    0,    0,    0,    0,    0,    0,  -36,    0,    0,    0,    0,    0,    0,    0,    0,    0,    0,    0,    0,    0,    0,    0,    0,    0,    0,    0,    0,    0,    0,    0,    0,    0,    0,    0,    0,    0,    0,    0,    0,    0,    0,    0,    0,    0,    0,    0,    0,    0,    0,    0,    0,
       0,  -67,    0,    0,    0,    0,    0,    0,    0,    0,    0,    0,    0,    0,    0,  -14,  -50,  -14,  -31,  -43,  -14,    0,    0,    0,    0,  -14,    0,  -43,    0,  -43,  -55,    0,    0,  -31,  -19,  -31,  -50,  -31,  -74,  -55,    0,    0,    0,    0,    0,    0,    0,    0,    0,    0,    0,    0,    0,    0,    0,    0,    0,    0,    0,
       0,  -31,    0,    0,    0,    0,    0,    0,    0,    0,    0,    0,    0,    0,    0,    0,  -31,    0,    0,  -19, -115,  -26, -103,  -50,    0, -115,    0,    0,    0,  -14,  -43,    0,    0,    0,    0,   -7,  -43,    0,  -62,  -43,    0,    0,    0,    0,    0,    0,    0,    0,    0,    0,    0,    0,    0,    0,    0,    0,    0,    0,  -31,
     -19,    0,  -31,  -31,    0,    0,    0,    0,    0,    0,    0,    0,    0,    0,  -26,    0,    0,    0,    0,    0,  -38,    0,  -24,   -7,  -31,  -36,  -31,    0,    0,    0,    0,    0,    0,    0,    0,    0,    0,    0,    0,    0,    0,    0,    0,    0,    0,    0,    0,    0,    0,    0,    0,    0,    0,    0,    0,    0,    0,    0,    0,
     -91,    0, -115,    0,    0,    0,    0,    0,    0,    0,    0,    0,    0,    0,  -79,    0,    0,    0,  -91,    0,  -14,    0,    0,    0,  -26,    0,  -26,  -14,    0,   -7,    0,    0,    0,    0,    0,    0,    0,    0,    0,    0,    0,    0,    0,    0,    0,    0,    0,    0,    0,    0,    0,    0,    0,    0,    0,    0,    0,    0,   31,
       0,    0,    0,    0,    0,    0,    0,    0,    0,    0,    0,    0,    0,    0,  -14,    0,    0,    0,    0,    0,  -38,    0,  -24,   -7,  -14,  -36,  -19,    0,    0,    0,   -7,    0,    0,    0,    0,    0,    0,    0,    0,    0,    0,    0,    0,    0,    0,    0,    0,    0,    0,    0,    0,    0,    0,    0,    0,    0,    0,    0,   -7,
       0,    0,    0,    0,    0,    0,    0,    0,    0,    0,    0,    0,    0,    0,    0,    0,   -5,    0,    0,    0,  -14,    0,    0,    0,    0,  -12,    0,    0,    0,    0,    0,    0,    0,    0,    0,    0,    0,    0,    0,    0,    0,    0,    0,    0,    0,    0,    0,    0,    0,    0,    0,    0,    0,    0,    0,    0,    0,    0,    0,
     -19,    0,    0,    0,    0,    0,    0,    0,    0,    0,    0,    0,    0,    0,  -22,    0,    0,    0,    0,    0,  -19,    0,   -7,    0,  -14,  -24,  -19,    0,    0,    0,    0,    0,    0,    0,    0,    0,    0,    0,   -7,    0,   -7,   -7,    0,    0,    0,    0,    0,    0,    0,    0,    0,    0,    0,    0,    0,    0,    0,    0,    0,
    -103,  -74, -127,  -91,    0,    0,    0,   -6,  -43,    0,   -6,    0,   -6,   -6, -120,    0,  -38,    0, -110,  -19,    0,    0,    0,    0,    0,    0,    0, -128,    0, -128,  -91,    0,  -31,    0, -127, -127,  -79, -127, -110, -110, -103, -127,    0,    0,    0,    0,    0,    0,    0,    0,    0,    0,    0,    0,    0,    0,    0,    0,    0,
       0,    0,    0,  -19,    0,    0,    0,    0,    0,    0,    0,    0,    0,    0,  -31,    0,    0,    0,    0,    0,    0,    0,    0,    0,    0,    0,  -14,    0,    0,    0,    0,    0,    0,    0,    0,    0,    0,    0,    0,    0,    0,    0,    0,    0,    0,    0,    0,    0,    0,    0,    0,    0,    0,    0,    0,    0,    0,    0,    0,
    -115,  -55, -115,  -74,    0,    0,    0,    0,    0,    0,    0,    0,    0,    0, -110,    0,  -24,    0, -103,  -14,    0,    0,    0,    0,    0,    0,  -14,  -91,    0,  -91,  -43,    0,    0,    0,  -67,  -86,  -43,  -67,  -31,  -31,  -31,  -50,    0,    0,    0,    0,    0,    0,    0,    0,    0,    0,    0,    0,    0,    0,    0,    0,    0,
     -31,    0,  -31,  -67,    0,    0,    0,    0,    0,    0,    0,    0,    0,    0,  -60,    0,   -7,    0,  -43,    0,    0,    0,    0,    0,    0,    0,   -7,  -38,    0,  -43,  -19,    0,    0,    0,  -31,  -43,  -19,  -26,  -19,  -14,  -19,  -31,    0,    0,    0,    0,    0,    0,    0,    0,    0,    0,    0,    0,    0,    0,    0,    0,    0,
       0,  -43,    0,    0,    0,    0,    0,    0,    0,    0,    0,    0,    0,    0,    0,   -7,  -31,   -7,  -31,  -14,    0,    0,    0,    0,    0,    0,    0,  -43,    0,  -50,  -55,    0,    0,  -31,  -24,    0,  -55,  -43,  -55,  -43,    0,    0,    0,    0,    0,    0,    0,    0,    0,    0,    0,    0,    0,    0,    0,    0,    0,    0,    0,
    -128,  -74, -128, -127,    0,    0,    0,    0,    0,    0,    0,    0,    0,    0, -122,    0,  -36,    0, -115,  -24,    0,    0,    0,    0,    0,    0,  -14, -127,  -19, -127,  -91,   -7,  -31,    0, -103, -120,  -79, -103,  -86,  -79,  -91,  -91,    0,    0,    0,    0,    0,    0,    0,    0,    0,    0,    0,    0,    0,    0,    0,    0,    0,
       0,  -31,    0,    0,    0,    0,    0,    0,    0,    0,    0,    0,    0,    0,    0,    0,  -31,    0,    0,  -19,    0,  -14,    0,   -7,    0,  -14,    0,  -50,   -7,  -50,  -55,   -7,    0,  -19,  -19,  -43,  -43,  -43,  -55,  -43,    0,    0,    0,    0,    0,    0,    0,    0,    0,    0,    0,    0,    0,    0,    0,    0,    0,    0,    0,
       0,    0,    0,    0,    0,    0,    0,    0,    0,    0,    0,    0,    0,    0,    0,    0,    0,    0,    0,    0, -128,    0,  -84,  -38,  -31, -127,  -31,    0,    0,    0,   -7,    0,    0,    0,    0,    0,    0,    0,   -5,    0,    0,   -7,    0,    0,    0,    0,    0,    0,    0,    0,    0,    0,    0,    0,    0,    0,    0,  -19,   -7,
     -19,    0,  -19,    0,    0,    0,    0,    0,    0,    0,    0,    0,    0,    0,  -19,    0,    0,    0,    0,    0, -128,    0,  -91,  -43,  -55, -127,  -50,    0,    0,    0,   -7,    0,    0,    0,    0,    0,   -7,    0,  -14,  -14,  -29,  -22,    0,    0,    0,    0,    0,    0,    0,    0,    0,    0,    0,    0,    0,    0,    0,    0,  -19,
       0,    0,  -19,    0,    0,    0,    0,    0,    0,    0,    0,    0,    0,    0,    0,    0,    0,    0,    0,    0, -122,    0,  -79,  -36,  -43, -122,  -43,    0,    0,    0,    0,    0,    0,    0,    0,    0,   -5,    0,    0,   -5,  -14,   -7,    0,    0,    0,    0,    0,    0,    0,    0,    0,    0,    0,    0,    0,    0,    0,    0,    0,
       0,    0,    0,    0,    0,    0,    0,    0,    0,    0,    0,    0,    0,    0,    0,    0,    0,    0,    0,    0,    0,    0,    0,    0,    0,  -19,   -7,    0,    0,    0,    0,    0,    0,    0,    0,    0,    0,    0,    0,    0,    0,    0,    0,    0,    0,    0,    0,    0,    0,    0,    0,    0,    0,    0,    0,    0,    0,    0,    0,
       0,    0,  -19,    0,    0,    0,    0,    0,    0,    0,    0,    0,    0,    0,    0,    0,    0,    0,    0,    0, -127,    0,  -89,  -36,  -50, -122,  -43,    0,    0,    0,   -7,    0,    0,    0,    0,    0,   -7,    0,    0,    0,  -19,  -17,    0,    0,    0,    0,    0,    0,    0,    0,    0,    0,    0,    0,    0,    0,    0,    0,    0,
     -67,  -31,  -67,    0,    0,    0,    0,    0,    0,    0,    0,    0,    0,    0,  -60,    0,   -7,    0,  -43,    0,    0,    0,    0,   -7,    0,    0,    0,  -31,    0,  -31,    0,    0,    0,    0,    0,  -14,    0,    0,    0,    0,    0,   -7,    0,    0,    0,    0,    0,    0,    0,    0,    0,    0,    0,    0,    0,    0,    0,    0,    0,
       0,    0,    0,    0,    0,    0,    0,    0,    0,    0,    0,    0,    0,    0,    0,    0,    0,    0,    0,    0, -127,    0,  -67,  -38,  -31, -110,  -31,    0,    0,    0,    0,    0,    0,    0,    0,    0,    0,    0,    0,    0,    0,    0,    0,    0,    0,    0,    0,    0,    0,    0,    0,    0,    0,    0,    0,    0,    0,    0,    0,
       0,    0,    0,    0,    0,    0,    0,    0,    0,    0,    0,    0,    0,    0,    0,    0,    0,    0,    0,    0,  -31,    0,    0,    0,    0,  -31,    0,    0,    0,    0,    0,    0,    0,    0,    0,    0,    0,    0,    0,    0,    0,    0,    0,    0,    0,    0,    0,    0,    0,    0,    0,    0,    0,    0,    0,    0,    0,    0,    0,
       0,  -55,    0,    0,    0,    0,    0,    0,    0,    0,    0,    0,    0,    0,    0,   -7,  -24,   -7,  -19,  -12, -110,  -24,  -67,  -31,    0,  -67,    0,  -26,    0,  -31,    0,    0,    0,  -12,    0,  -19,    0,  -12,    0,    0,    0,    0,    0,    0,    0,    0,    0,    0,    0,    0,    0,    0,    0,    0,    0,    0,    0,    0,    0,
       0,    0,    0,    0,    0,    0,    0,    0,    0,    0,    0,    0,    0,    0,    0,    0,    0,    0,    0,    0,  -19,    0,  -26,    0,    0,  -31,    0,    0,    0,    0,    0,    0,    0,   -7,    0,    0,    0,    0,    0,    0,    0,    0,    0,    0,    0,    0,    0,    0,    0,    0,    0,    0,    0,    0,    0,    0,    0,    0,    0,
     -43,    0,  -43,  -31,    0,    0,    0,    0,    0,    0,    0,    0,    0,    0,  -55,    0,    0,    0,  -43,    0,  -91,    0,  -19,   -7,  -38,  -67,  -31,  -19,    0,  -19,    0,    0,    0,    0,    0,    0,    0,    0,   24,   14,    0,    0,    0,    0,    0,    0,    0,    0,    0,    0,    0,    0,    0,    0,    0,    0,    0,    0,    0,
       0,    0,    0,    0,    0,    0,    0,    0,    0,    0,    0,    0,    0,    0,    0,    0,    0,    0,    0,    0, -127,    0,  -86,  -43,    0, -120,  -38,    0,    0,    0,   -7,    0,    0,    0,    0,    0,   -7,    0,    0,    0,   -7,    0,    0,    0,    0,    0,    0,    0,    0,    0,    0,    0,    0,    0,    0,    0,    0,    0,    0,
       0,    0,    0,    0,    0,    0,    0,    0,    0,    0,    0,    0,    0,    0,    0,    0,  -19,    0,    0,    0, -103,  -14,  -67,  -43,    0,  -79,  -19,  -14,    0,  -19,    0,    0,    0,    0,    0,   -7,    0,   -7,    0,    0,    0,    0,    0,    0,    0,    0,    0,    0,    0,    0,    0,    0,    0,    0,    0,    0,    0,    0,    0,
     -86,    0,  -79,  -38,    0,    0,    0,    0,    0,    0,    0,    0,    0,    0,  -55,    0,    0,    0,  -43,    0, -110,    0,  -31,  -19,  -55,  -86,  -55,  -22,    0,  -14,    0,    0,    0,    0,    0,    0,    0,    0,    0,    0,    0,    0,    0,    0,    0,    0,    0,    0,    0,    0,    0,    0,    0,    0,    0,    0,    0,    0,    0,
     -50,    0,  -38,    0,    0,    0,    0,    0,    0,    0,    0,    0,    0,    0,  -43,    0,    0,    0,  -31,    0, -110,    0,  -31,  -14,  -43,  -79,  -43,  -14,    0,  -14,    0,    0,    0,    0,    0,    0,    0,    0,    0,    0,    0,    0,    0,    0,    0,    0,    0,    0,    0,    0,    0,    0,    0,    0,    0,    0,    0,    0,    0,
       0,  -19,    0,    0,    0,    0,    0,    0,    0,    0,    0,    0,    0,    0,    0,    0,  -19,    0,    0,   -7, -103,    0,  -31,  -19,    0,  -91,    0,  -19,    0,  -29,    0,    0,    0,    0,    0,  -12,  -14,   -7,    0,    0,    0,    0,    0,    0,    0,    0,    0,    0,    0,    0,    0,    0,    0,    0,    0,    0,    0,    0,    0,
       0,  -19,    0,    0,    0,    0,    0,    0,    0,    0,    0,    0,    0,    0,    0,    0,    0,    0,    0,    0, -127,    0,  -50,  -31,    0,  -91,    0,  -14,    0,  -22,    0,    0,    0,    0,    0,    0,    0,   -7,    0,    0,    0,    0,    0,    0,    0,    0,    0,    0,    0,    0,    0,    0,    0,    0,    0,    0,    0,    0,    0,
       0,    0,    0,    0,    0,    0,    0,    0,    0,    0,    0,    0,    0,    0,    0,   -7,  -67,   -7,  -67,  -31, -103,    0, -115,  -67,    0, -127,    0,  -31,    0,  -26,  -31,    0,    0,    0,    0,  -19,  -43,  -19,  -67,  -43,    0,    0,    0,    0,    0,    0,    0,    0,    0,    0,    0,    0,    0,    0,    0,    0,    0,    0,    0,
       0,    0,    0,    0,  -38,    0,  -24,  -24,  -74,  -19,  -38,    0,  -38,  -24,  -91,    0,  -31,    0, -115,    0,    0,    0,    0,    0,    0,    0,    0,  -67,    0,  -55,    0,    0,    0,    0,  -19,  -19,    0,  -19,    0,    0,    0,   -7,    0,    0,    0,    0,    0,    0,    0,    0,    0,    0,    0,    0,    0,    0,    0,    0,    0,
       0,    0,    0,    0,    0,    0,    0,    0,    0,    0,    0,    0,    0,    0,    0,    0,    0,    0,    0,    0,    0,    0,    0,    0,    0,    0,    0,    0,    0,    0,    0,    0,    0,    0,    0,    0,    0,    0,    0,    0,    0,    0,  -24,  -48,  -55,  -24,  -31,  -43,  -19,  -31,  -38,  -48,  -29,  -50,  -50,  -14,  -12,    0,    0,
       0,    0,    0,    0,    0,    0,    0,    0,    0,    0,    0,    0,    0,    0,    0,    0,    0,    0,    0,    0,    0,    0,    0,    0,    0,    0,    0,    0,    0,    0,    0,    0,    0,    0,    0,    0,    0,    0,    0,    0,    0,    0,  -14,  -46,  -48,  -17,  -22,  -36,  -10,  -19,  -31,  -41,  -17,  -43,  -46,   -5,    0,    0,    0,
       0,    0,    0,    0,    0,    0,    0,    0,    0,    0,    0,    0,    0,    0,    0,    0,    0,    0,    0,    0,    0,    0,    0,    0,    0,    0,    0,    0,    0,    0,    0,    0,    0,    0,    0,    0,    0,    0,    0,    0,    0,    0,  -14,  -41,  -48,  -17,  -22,  -36,  -12,  -19,  -31,  -36,  -10,  -36,  -36,    0,    0,    0,    0,
       0,    0,    0,    0,    0,    0,    0,    0,  -55,    0,    0,    0,    0,    0,  -91,    0,  -31,    0, -115,    0,    0,    0,    0,    0,    0,    0,    0,  -43,    0,  -55,  -31,    0,    0,    0,   -7,  -31,    0,    0,    0,    0,    0,    0,    0,    0,    0,    0,    0,    0,    0,    0,    0,    0,    0,    0,    0,    0,    0,    0,    0,
};

static const EpdLigaturePair baijamjuree_36_regularLigaturePairs[] = {
    { 0x00660069, 0xFB01 }, // f i -> U+FB01
    { 0x0066006C, 0xFB02 }, // f l -> U+FB02
};

static const EpdFontData baijamjuree_36_regular = {
    baijamjuree_36_regularBitmaps,
    baijamjuree_36_regularGlyphs,
    baijamjuree_36_regularIntervals,
    57,
    94,
    75,
    -19,
    true,
    baijamjuree_36_regularGroups,
    45,
    nullptr,
    baijamjuree_36_regularKernLeftClasses,
    baijamjuree_36_regularKernRightClasses,
    baijamjuree_36_regularKernMatrix,
    343,
    360,
    58,
    59,
    baijamjuree_36_regularLigaturePairs,
    2,
};
