/**
 * generated by fontconvert.py
 * name: baijamjuree_36_bold
 * size: 36
 * mode: 2-bit  compressed: true
 * Command used: ../scripts/fontconvert.py baijamjuree_36_bold 36 /Users/nakarinkochapond/Downloads/Books/Books/Bai_Jamjuree,Itim,Mali/Bai_Jamjuree/BaiJamjuree-Bold.ttf --additional-intervals 0x0E00,0x0E7F --2bit --compress
 */
#pragma once
#include "EpdFontData.h"

static const uint8_t baijamjuree_36_boldBitmaps[65026] = {
    0xE5, 0x58, 0x3B, 0x92, 0xE4, 0x44, 0x10, 0x2D, 0xB5, 0x8C, 0x36, 0x64, 0xC8, 0xC3, 0x58, 0x0C,
    0x61, 0xE3, 0xE8, 0x08, 0x52, 0x04, 0x17, 0xE0, 0x1C, 0x60, 0xEC, 0x11, 0xA4, 0x23, 0xEC, 0x21,
    0x30, 0x00, 0x87, 0x23, 0xA8, 0x8F, 0xD0, 0x11, 0x5C, 0xA0, 0x0D, 0x1C, 0x2C, 0x64, 0xC8, 0xD0,
    0x82, 0x5A, 0x45, 0xE5, 0x3F, 0xAB, 0xA7, 0x87, 0x98, 0x9D, 0x1D, 0x98, 0x0D, 0xB6, 0x63, 0x46,
    0x4A, 0x95, 0x54, 0x59, 0xF9, 0x79, 0x99, 0x59, 0x59, 0x5D, 0xDC, 0xBA, 0xFF, 0xF0, 0x2F, 0xB8,
    0xDF, 0x21, 0x8E, 0x75, 0x9C, 0xD3, 0xE0, 0x14, 0xF7, 0xE8, 0x7E, 0xE9, 0x31, 0x0D, 0xA6, 0x57,
    0xE9, 0x83, 0x18, 0xE7, 0x32, 0xC6, 0xD3, 0x2B, 0xDD, 0x42, 0x48, 0x44, 0x08, 0x2C, 0xF7, 0xEB,
    0xD0, 0xCE, 0x30, 0xDB, 0xBF, 0x4D, 0x7F, 0x0A, 0xFA, 0x7E, 0xDE, 0xBA, 0x87, 0xF0, 0xF5, 0xCF,
    0x3F, 0x4A, 0x80, 0xB8, 0x78, 0xF9, 0x58, 0xB2, 0xF8, 0x25, 0xE9, 0xF8, 0x67, 0x0F, 0xE4, 0x5B,
    0xD4, 0x77, 0xC5, 0x00, 0xA4, 0x5F, 0x1A, 0x6E, 0x98, 0xBC, 0x84, 0x30, 0xA9, 0x45, 0x0A, 0x31,
    0xCE, 0x1E, 0x4A, 0x35, 0x54, 0x5F, 0x2B, 0x79, 0x6A, 0x94, 0xBC, 0xB4, 0x31, 0x2E, 0x01, 0xF9,
    0xA4, 0x88, 0x06, 0x8E, 0x30, 0x65, 0xE9, 0xD2, 0x54, 0x58, 0x3D, 0xAD, 0x27, 0xA2, 0x38, 0x72,
    0xB0, 0x94, 0xE0, 0xC8, 0xCE, 0x3E, 0xC0, 0xA7, 0xAB, 0x91, 0xD1, 0x91, 0x67, 0x23, 0xE3, 0x3B,
    0x22, 0x51, 0x9C, 0xDF, 0x91, 0x24, 0x21, 0xF7, 0x6F, 0x13, 0x79, 0x64, 0x11, 0xDF, 0x99, 0xC2,
    0x7B, 0x6F, 0x6A, 0x2E, 0xA6, 0xFC, 0x6E, 0x5F, 0x40, 0xEC, 0xCB, 0xF0, 0xAC, 0x46, 0x43, 0x15,
    0xC3, 0x17, 0x02, 0x18, 0xD0, 0x0C, 0x5E, 0x88, 0x84, 0x5F, 0x46, 0x52, 0x17, 0x7E, 0x53, 0x26,
    0xAC, 0x90, 0x8D, 0xF0, 0x63, 0x09, 0x17, 0x23, 0x57, 0x21, 0x27, 0x66, 0xED, 0xC8, 0x34, 0x6D,
    0x60, 0x26, 0x89, 0x59, 0xFA, 0x1B, 0xC9, 0x92, 0x3B, 0x5B, 0xBD, 0x4A, 0x32, 0x98, 0x5B, 0xB6,
    0x4A, 0xC9, 0xD5, 0xFC, 0x36, 0xAB, 0x37, 0x93, 0xE9, 0x06, 0xF5, 0xA6, 0x6A, 0x79, 0x35, 0xE5,
    0x2F, 0xAA, 0xF0, 0xAE, 0xD8, 0xD9, 0xFB, 0x17, 0xC7, 0xE4, 0x9D, 0xDF, 0x5B, 0x59, 0xA7, 0x26,
    0x0C, 0xA1, 0x6A, 0x6C, 0x9A, 0x56, 0xCC, 0x38, 0x30, 0x66, 0x0D, 0x1C, 0x07, 0x15, 0x3B, 0xC8,
    0xD7, 0x47, 0xF5, 0x57, 0x91, 0x59, 0x1C, 0x17, 0x2F, 0xF9, 0x63, 0xE0, 0xC9, 0x5A, 0x1E, 0xD1,
    0xE5, 0x8C, 0xA7, 0x88, 0x4B, 0xD5, 0x6C, 0x67, 0xB1, 0x16, 0x85, 0x89, 0xB8, 0x77, 0x05, 0xD1,
    0x46, 0x07, 0x50, 0x58, 0x86, 0x8A, 0x86, 0xB8, 0x2D, 0x80, 0xA9, 0x0B, 0xAE, 0x23, 0x8B, 0x0C,
    0x9D, 0xE8, 0x72, 0x10, 0xB1, 0x6C, 0xA8, 0x54, 0x54, 0xEB, 0x50, 0x25, 0x62, 0xD9, 0x90, 0x9A,
    0xC6, 0x86, 0x5A, 0xC5, 0x9D, 0x0E, 0x0D, 0x6A, 0x65, 0x1D, 0x12, 0xD3, 0xD8, 0x90, 0x9A, 0xC6,
    0x86, 0xD0, 0x34, 0x6F, 0x30, 0x8A, 0x64, 0xE8, 0x48, 0xFF, 0xA0, 0x81, 0x0C, 0x81, 0x69, 0x3A,
    0x32, 0x93, 0xE8, 0x98, 0x4C, 0x53, 0x30, 0xBA, 0xC4, 0x12, 0xC9, 0x34, 0x25, 0x47, 0x10, 0xD8,
    0x0B, 0x26, 0x4D, 0x50, 0xD8, 0xC9, 0x0D, 0x62, 0xD5, 0xC4, 0x58, 0xDC, 0xC0, 0xB6, 0x3F, 0x50,
    0x12, 0x41, 0xFE, 0xF4, 0x0A, 0xF8, 0x9C, 0x87, 0x2C, 0x01, 0x01, 0xCA, 0x4F, 0xE2, 0x06, 0x5E,
    0x26, 0xBD, 0xD1, 0xC5, 0x59, 0x18, 0xC8, 0x40, 0xEA, 0x06, 0x12, 0x19, 0x4C, 0xA3, 0x46, 0x21,
    0xC5, 0xC0, 0x34, 0x3A, 0x84, 0xEA, 0xA3, 0x69, 0x6C, 0x28, 0x08, 0x6A, 0xF2, 0xA1, 0x23, 0xD9,
    0xD5, 0x0F, 0xA1, 0x7B, 0xF2, 0xA1, 0x96, 0xEC, 0xE4, 0x87, 0x10, 0x35, 0xF9, 0xD0, 0x44, 0x35,
    0xC8, 0x0F, 0x65, 0x36, 0x17, 0xA4, 0xCF, 0x37, 0x43, 0x84, 0x1A, 0x83, 0x9A, 0x22, 0xD7, 0x00,
    0x19, 0x04, 0xB9, 0x06, 0x5B, 0x94, 0x61, 0xCF, 0xC0, 0x4D, 0x69, 0x38, 0x0B, 0x01, 0x0D, 0x28,
    0x0B, 0x14, 0x0D, 0xA8, 0xDA, 0xA5, 0x41, 0x0E, 0xA8, 0x32, 0x5A, 0x7E, 0x63, 0xE4, 0x0A, 0x26,
    0x7C, 0x50, 0x77, 0xC6, 0x5D, 0x82, 0xFA, 0xA8, 0xC9, 0xD0, 0x02, 0xEA, 0x0D, 0xE7, 0x72, 0x10,
    0x6B, 0x7D, 0x34, 0x53, 0x70, 0x56, 0xD5, 0x0F, 0x9C, 0x36, 0x9C, 0x04, 0x2E, 0x2E, 0xF7, 0xDA,
    0x22, 0x26, 0x3C, 0x97, 0x82, 0xDD, 0xCD, 0x67, 0xA9, 0x0A, 0xF8, 0xBE, 0x61, 0x76, 0x07, 0x0E,
    0xD1, 0x13, 0x2B, 0xDC, 0xAB, 0x0B, 0x4A, 0xFC, 0xFC, 0x83, 0x1F, 0x7A, 0x62, 0x29, 0xAC, 0x2B,
    0x5E, 0xA7, 0x00, 0x73, 0x75, 0x66, 0x7E, 0x48, 0xDC, 0x57, 0x85, 0x48, 0xA5, 0xAA, 0x76, 0x58,
    0x14, 0x32, 0xE5, 0xC8, 0xAF, 0x98, 0x33, 0xB5, 0x28, 0x95, 0xE6, 0x12, 0x7E, 0x33, 0x06, 0xCB,
    0xA3, 0x9B, 0xEE, 0xC5, 0xA3, 0x95, 0xD4, 0xC6, 0x59, 0x8D, 0x8C, 0xB3, 0x26, 0x53, 0x6E, 0x92,
    0x67, 0x77, 0x7A, 0x00, 0x5E, 0x89, 0x45, 0x5F, 0xC1, 0x43, 0x72, 0xED, 0x9A, 0xFE, 0xCF, 0x35,
    0x3C, 0x40, 0x75, 0x86, 0xEA, 0x5F, 0x83, 0xA8, 0x03, 0x81, 0x7F, 0x6B, 0xC0, 0xF4, 0x13, 0xBF,
    0x6E, 0x09, 0xC5, 0x2B, 0xA3, 0x68, 0x66, 0xA8, 0x97, 0xBC, 0x30, 0x09, 0xCC, 0x65, 0x98, 0x1E,
    0x3A, 0xFF, 0x50, 0x47, 0x36, 0xFF, 0xCC, 0x0A, 0x06, 0xCD, 0xB0, 0xA4, 0x38, 0x29, 0xC6, 0x86,
    0xA3, 0x52, 0x5C, 0xD1, 0x9C, 0x24, 0xCE, 0x6F, 0xA1, 0x98, 0x48, 0xDB, 0xCE, 0xAA, 0xA3, 0x40,
    0x9C, 0x61, 0x61, 0xD5, 0x34, 0xDA, 0x0E, 0xE2, 0x0F, 0x10, 0x41, 0xCA, 0xE8, 0x37, 0x38, 0x69,
    0xE0, 0x09, 0xA8, 0x4B, 0xA5, 0xD5, 0x55, 0x02, 0xEB, 0x3D, 0x1A, 0x13, 0x0C, 0xFE, 0xDD, 0xF4,
    0x93, 0x02, 0x74, 0x7E, 0xC6, 0x9F, 0x04, 0x14, 0xC5, 0x10, 0x85, 0x2E, 0xD5, 0x19, 0xB1, 0xDC,
    0x2C, 0x45, 0x8C, 0xA2, 0x9F, 0x02, 0x5E, 0x62, 0x7C, 0x93, 0x48, 0xA6, 0xE0, 0xA5, 0x34, 0x42,
    0x99, 0x83, 0x26, 0x51, 0x56, 0xA8, 0x5D, 0x95, 0x6B, 0xF9, 0xBA, 0x6B, 0x4C, 0x52, 0xE5, 0x1E,
    0xDC, 0x75, 0x42, 0x30, 0xD2, 0x95, 0x1C, 0x70, 0xEF, 0x3A, 0x3F, 0x72, 0xBD, 0xFF, 0xBD, 0xE7,
    0x39, 0x3D, 0x58, 0x51, 0x24, 0xD9, 0x55, 0xB6, 0x46, 0x8A, 0x75, 0x2F, 0xAA, 0x93, 0xA5, 0x8E,
    0xA8, 0x1D, 0x65, 0xA6, 0x43, 0xBE, 0x24, 0xB1, 0xBB, 0xEA, 0xDE, 0xAC, 0x91, 0xC9, 0x3A, 0x4D,
    0x27, 0x98, 0x14, 0x9D, 0x5B, 0xA7, 0xC2, 0xEA, 0xB6, 0x67, 0xCF, 0xE2, 0x04, 0x55, 0x63, 0x53,
    0x41, 0x1B, 0xB7, 0x9F, 0x38, 0xCA, 0xA7, 0x17, 0xCD, 0xA4, 0xF9, 0x84, 0x3B, 0xD3, 0xFC, 0x3A,
    0x9E, 0xC5, 0x49, 0x7C, 0xA8, 0x5A, 0xEA, 0x95, 0x58, 0x17, 0x8F, 0x1B, 0xFF, 0x83, 0xAE, 0x9E,
    0x9B, 0x5F, 0x45, 0x57, 0xF7, 0x38, 0x52, 0x08, 0x3E, 0x44, 0x13, 0x79, 0xCF, 0xC1, 0x91, 0x74,
    0xF7, 0x70, 0xF4, 0x0C, 0xFC, 0x24, 0xF4, 0x5A, 0x21, 0x60, 0xBF, 0xC8, 0x87, 0x8D, 0x8B, 0x07,
    0x78, 0xB3, 0xDD, 0xBB, 0x8F, 0x70, 0xFF, 0x2A, 0x1C, 0x96, 0x74, 0x2F, 0xD6, 0x50, 0xEE, 0xE9,
    0x5E, 0x6D, 0x89, 0xC3, 0xAF, 0x71, 0x1B, 0xF6, 0xB4, 0xD8, 0x5F, 0x70, 0x02, 0x21, 0x19, 0x60,
    0xE4, 0xB4, 0x70, 0x3A, 0xCA, 0xC6, 0x78, 0xE0, 0xEC, 0x78, 0x94, 0xBC, 0xCA, 0x29, 0x55, 0x9E,
    0xF9, 0xBD, 0x7C, 0x2F, 0xF3, 0x85, 0x9F, 0xF0, 0x97, 0xF5, 0x64, 0x7D, 0x91, 0x47, 0xE4, 0x7B,
    0x54, 0x7E, 0x01, 0xC1, 0xAB, 0x51, 0x96, 0x27, 0x5F, 0x9A, 0x7A, 0x7D, 0xDD, 0x1C, 0x55, 0x6A,
    0x89, 0x7F, 0xF4, 0x72, 0xD4, 0x5D, 0x79, 0x4D, 0x3B, 0xEF, 0x84, 0xD3, 0x8E, 0xB6, 0x7C, 0x11,
    0xBE, 0x00, 0x34, 0x25, 0xA7, 0x75, 0x80, 0x6E, 0x68, 0x86, 0x29, 0x9F, 0x14, 0x88, 0xD2, 0x09,
    0xB0, 0xD2, 0x62, 0xC3, 0x06, 0xA5, 0xF6, 0xA0, 0x86, 0x3D, 0x3D, 0xF7, 0xF6, 0x94, 0x23, 0xB4,
    0x60, 0x1D, 0x8B, 0x35, 0x2A, 0x52, 0xF4, 0x2F, 0xC1, 0x14, 0x97, 0x1D, 0xC2, 0x78, 0x6B, 0x1E,
    0x6B, 0x2F, 0xAC, 0x77, 0x7B, 0x22, 0x3B, 0xED, 0xA1, 0xAC, 0x75, 0xD2, 0x60, 0x0D, 0x59, 0x93,
    0xC2, 0xEC, 0xAC, 0x25, 0xD1, 0x26, 0xCD, 0x7A, 0xB3, 0xCF, 0x8E, 0x5D, 0xFF, 0x90, 0xDD, 0xF5,
    0x0E, 0xBB, 0xE5, 0x0E, 0xBB, 0xF3, 0x73, 0xD9, 0xA5, 0xDF, 0xF7, 0x11, 0x76, 0x49, 0xBA, 0x61,
    0x24, 0x5E, 0x93, 0x64, 0x43, 0xDD, 0x0F, 0x8D, 0xB6, 0x69, 0x7A, 0xC2, 0xB9, 0x91, 0x9D, 0x4A,
    0x40, 0xFB, 0xB8, 0x52, 0xDA, 0x3C, 0xB7, 0x24, 0x5F, 0x4D, 0x2D, 0x1F, 0xCB, 0x3E, 0x0F, 0x6C,
    0xB5, 0xA4, 0xDA, 0x64, 0xE7, 0x46, 0x82, 0xB9, 0x01, 0x4E, 0xEE, 0x16, 0x01, 0x64, 0x46, 0xCE,
    0xFF, 0x37, 0xF2, 0x9E, 0x9A, 0xCE, 0x0E, 0xCE, 0x3A, 0xCE, 0x66, 0xCE, 0x92, 0x6C, 0xDF, 0x8A,
    0xBA, 0x63, 0xB1, 0xBA, 0xF3, 0x85, 0xF3, 0x90, 0xF3, 0x9B, 0xF3, 0xA6, 0xFA, 0x78, 0xCE, 0x3C,
    0xEF, 0xF0, 0xE0, 0x51, 0xE2, 0xB0, 0x13, 0x5A, 0xDB, 0x34, 0x60, 0x2A, 0x2C, 0x90, 0x49, 0xC3,
    0x07, 0x02, 0xE9, 0x8A, 0xF3, 0xE6, 0xC9, 0x4A, 0xC2, 0xCD, 0xF5, 0x8A, 0xD7, 0x33, 0x5C, 0xAF,
    0xB8, 0x6F, 0xC6, 0xB3, 0x05, 0xEC, 0x9C, 0xE7, 0xF3, 0x0B, 0x6C, 0x6B, 0x3E, 0xCD, 0x2B, 0x74,
    0x27, 0xD4, 0xDC, 0xE2, 0xBE, 0xE2, 0xBD, 0x45, 0xDC, 0x49, 0x9D, 0xB1, 0xA8, 0x87, 0x76, 0x3B,
    0xB3, 0xEC, 0x4B, 0x1F, 0x61, 0x1C, 0x98, 0x7A, 0x46, 0x0B, 0xF1, 0x75, 0x41, 0x56, 0x2B, 0x9F,
    0xD0, 0x26, 0xEF, 0x32, 0x68, 0x0C, 0x49, 0x88, 0xB4, 0x35, 0xC7, 0xDC, 0x0D, 0x35, 0xE7, 0x95,
    0xC0, 0x27, 0xA2, 0x4D, 0x2B, 0xC1, 0xA6, 0xE5, 0x64, 0xD5, 0x6E, 0x73, 0xD1, 0x86, 0x74, 0xD6,
    0xD3, 0xB7, 0x73, 0x90, 0x43, 0x82, 0x51, 0xCE, 0xE8, 0x76, 0xED, 0x3B, 0x57, 0x6D, 0xE2, 0xCF,
    0xD2, 0xB4, 0xEF, 0xDA, 0xAD, 0xCE, 0xDA, 0xAA, 0xF6, 0xB2, 0x45, 0x59, 0xF2, 0x1E, 0xB7, 0xD3,
    0x06, 0x57, 0x59, 0x94, 0xCA, 0xBF, 0xD2, 0x1E, 0xB7, 0xD1, 0x03, 0x83, 0xD6, 0x9F, 0x0F, 0x8C,
    0x22, 0xF7, 0x1E, 0xDC, 0x01, 0x4D, 0x9E, 0x71, 0x33, 0x4A, 0x0E, 0x52, 0x95, 0xDA, 0x5F, 0x86,
    0xE2, 0xD3, 0xD8, 0x1F, 0x6E, 0x1A, 0x7D, 0x8E, 0xD6, 0x55, 0xE3, 0x0F, 0xB5, 0x68, 0xF5, 0x8C,
    0xD7, 0x9D, 0x70, 0x17, 0xD6, 0xD9, 0x96, 0xC6, 0xD6, 0x92, 0x00, 0x98, 0x9D, 0x5A, 0x90, 0xD8,
    0x37, 0x94, 0x30, 0xA0, 0x6D, 0x6D, 0xC9, 0x2E, 0xD4, 0xEC, 0x44, 0xA9, 0x26, 0x5C, 0x33, 0xE8,
    0x80, 0x6F, 0xFB, 0x67, 0x32, 0xDC, 0x16, 0x21, 0x57, 0x23, 0x43, 0xAB, 0x05, 0xA9, 0x88, 0x9A,
    0xB0, 0x24, 0xA5, 0x94, 0x76, 0x40, 0xE3, 0x4E, 0x95, 0x4A, 0x3B, 0xE6, 0x28, 0xED, 0x98, 0xA6,
    0x8C, 0x99, 0x7F, 0xD9, 0x27, 0x0F, 0x98, 0x49, 0xD1, 0x2B, 0xDC, 0x19, 0x48, 0x63, 0x92, 0x59,
    0x09, 0x76, 0x67, 0xB3, 0xAE, 0xA6, 0x4A, 0xE7, 0x6E, 0xE4, 0x72, 0x87, 0xE4, 0xDC, 0x5C, 0x20,
    0xB9, 0x09, 0x33, 0x06, 0x11, 0x2C, 0xC1, 0xC8, 0xAA, 0xA9, 0xF6, 0x5D, 0xC8, 0xEA, 0x16, 0xAF,
    0x71, 0x74, 0x6E, 0x51, 0x67, 0x5D, 0xCD, 0x85, 0xAB, 0x1E, 0xD9, 0xC1, 0xE4, 0xC6, 0x3C, 0x7F,
    0x30, 0x3C, 0x30, 0x0A, 0x46, 0x3D, 0xBD, 0x07, 0xEC, 0xFC, 0x0D, 0xBD, 0x59, 0x3D, 0x92, 0xDC,
    0x44, 0x14, 0x6E, 0x49, 0x55, 0x56, 0x15, 0x0A, 0x26, 0x23, 0xB0, 0x83, 0x49, 0xC8, 0x75, 0x04,
    0xA9, 0x8A, 0x0B, 0x90, 0x38, 0x26, 0x87, 0xC0, 0x47, 0x90, 0x8E, 0xB0, 0x01, 0x07, 0x20, 0x80,
    0x00, 0x27, 0x4E, 0xC9, 0x34, 0x39, 0x01, 0x3A, 0x82, 0x02, 0x27, 0x90, 0xA0, 0x40, 0x55, 0x68,
    0x29, 0x49, 0x4D, 0xF7, 0xFB, 0xD7, 0xAC, 0xD6, 0x9E, 0xC5, 0x5E, 0x14, 0x6C, 0x7D, 0xDD, 0x3B,
    0xDD, 0x7A, 0xFD, 0xDE, 0xF7, 0x7E, 0xFA, 0xC9, 0xB9, 0xF8, 0x24, 0xDE, 0x8F, 0x8E, 0x9E, 0xDC,
    0xE0, 0x93, 0xC1, 0x95, 0xC1, 0x9D, 0xE2, 0xD4, 0x2B, 0xCE, 0x0D, 0x3E, 0x19, 0x5C, 0x19, 0xDC,
    0x29, 0x8E, 0x4B, 0x19, 0xE7, 0x06, 0x9F, 0x0C, 0xAE, 0xFC, 0x2A, 0xD8, 0xFB, 0x99, 0x71, 0x58,
    0x3A, 0x32, 0x0E, 0x4B, 0x2F, 0x8C, 0xC3, 0xD2, 0x9A, 0x71, 0xE5, 0x37, 0xC7, 0x38, 0x2C, 0x65,
    0x1C, 0x97, 0x32, 0x8E, 0x4B, 0x19, 0x9F, 0xC3, 0x52, 0xC6, 0x71, 0x29, 0xE3, 0xB8, 0x94, 0x30,
    0x2C, 0x25, 0x0C, 0x4B, 0x09, 0xC3, 0x52, 0xC2, 0xB0, 0x94, 0x30, 0x2C, 0x45, 0x9C, 0xF2, 0x4C,
    0xF8, 0x5B, 0xC0, 0x52, 0xC4, 0xB8, 0x14, 0x71, 0x54, 0x13, 0x3D, 0x17, 0xFF, 0x44, 0xDC, 0x19,
    0xDC, 0x18, 0x7C, 0x36, 0x38, 0x35, 0xD8, 0xB1, 0x4A, 0xC5, 0xA6, 0xFF, 0x0F, 0x3E, 0xB1, 0x04,
    0xEB, 0x33, 0xC1, 0x25, 0x42, 0xC3, 0xDF, 0xE7, 0x82, 0xE1, 0xD9, 0x6A, 0x81, 0x60, 0x74, 0x96,
    0x61, 0x50, 0xB8, 0x9A, 0x13, 0xB7, 0x0A, 0x07, 0x85, 0xD3, 0x95, 0xE8, 0xBA, 0x1D, 0xBB, 0x88,
    0x71, 0xC0, 0x56, 0xDF, 0xCF, 0x16, 0x2C, 0x14, 0x66, 0x4F, 0x84, 0x64, 0x1C, 0x84, 0xD3, 0x21,
    0x9C, 0xD9, 0x4B, 0xBA, 0x20, 0x1D, 0xBD, 0xB8, 0x41, 0xE9, 0x02, 0xB3, 0xDA, 0x0A, 0xD9, 0x1B,
    0x08, 0x57, 0x07, 0xF8, 0x1E, 0xDD, 0xD8, 0x9D, 0x0F, 0xCD, 0x92, 0x31, 0x1C, 0x63, 0xB8, 0xC1,
    0xA7, 0xC7, 0x78, 0x10, 0x9F, 0xDA, 0xF1, 0xBA, 0x85, 0x43, 0x03, 0xFC, 0xDF, 0xB9, 0x32, 0xA2,
    0x7B, 0x14, 0xFB, 0x3B, 0xEF, 0x7F, 0xA9, 0x11, 0x7E, 0x1F, 0x66, 0xEF, 0x58, 0x05, 0xB8, 0x01,
    0xEF, 0x36, 0x71, 0x40, 0x41, 0x45, 0x96, 0x4A, 0xFA, 0x4E, 0x0C, 0x90, 0xAA, 0x01, 0xB2, 0x43,
    0x03, 0x9C, 0xE1, 0xF4, 0x51, 0xD4, 0xA8, 0xF9, 0x0B, 0x1A, 0x20, 0x1E, 0x93, 0xF4, 0xD0, 0x36,
    0xD1, 0xBA, 0x68, 0x00, 0xD2, 0x4E, 0xBE, 0xD7, 0x19, 0x69, 0x12, 0xB9, 0x3F, 0x1D, 0xB8, 0xC4,
    0x15, 0x7C, 0xE3, 0xFD, 0x4F, 0x08, 0xE1, 0x44, 0x77, 0x00, 0x3B, 0xA2, 0x91, 0xF7, 0x7F, 0x33,
    0x8D, 0xBC, 0xD2, 0x48, 0xE0, 0xAC, 0x70, 0x55, 0xE8, 0x0D, 0x6C, 0x89, 0xB1, 0x1D, 0x46, 0x8E,
    0x11, 0x4F, 0xD1, 0x7B, 0x64, 0x55, 0xD0, 0xC1, 0x40, 0x5C, 0xC3, 0xD8, 0xBA, 0x70, 0x5E, 0xA0,
    0x03, 0x39, 0x80, 0x93, 0xC2, 0xF1, 0x71, 0x98, 0xE8, 0x6F, 0x13, 0x38, 0xC2, 0xCC, 0xFB, 0x36,
    0xB8, 0x6F, 0x7C, 0x1B, 0x06, 0xCA, 0xA8, 0xBE, 0xBE, 0x44, 0x19, 0x4A, 0x8C, 0x57, 0x13, 0x6A,
    0xBD, 0x3D, 0xE9, 0x29, 0x32, 0x35, 0x4B, 0xA2, 0xC6, 0x12, 0x6B, 0x8E, 0x3B, 0x1B, 0x1B, 0xCB,
    0x1B, 0x3E, 0x20, 0x4B, 0xB6, 0x9A, 0xB9, 0xB3, 0xDD, 0x81, 0xC8, 0xBC, 0xD9, 0x27, 0xA0, 0x59,
    0xD0, 0x68, 0x2C, 0x73, 0xE5, 0xA7, 0x67, 0x71, 0xDE, 0x4A, 0x3C, 0x9A, 0x08, 0x04, 0x72, 0x2C,
    0xE2, 0xEF, 0x93, 0x38, 0xE8, 0x28, 0x1E, 0xDE, 0x5F, 0x6F, 0x57, 0x12, 0xDF, 0xED, 0x76, 0xDD,
    0x33, 0x6D, 0x97, 0xC8, 0x76, 0x99, 0x4D, 0xD7, 0x37, 0x1D, 0xB1, 0x92, 0x48, 0xD6, 0xF1, 0x26,
    0x2A, 0x5D, 0x22, 0xD2, 0xA5, 0xB2, 0x71, 0x26, 0x1B, 0x67, 0x22, 0x67, 0x2E, 0xAF, 0x28, 0x2C,
    0x6A, 0x45, 0x80, 0xFA, 0x83, 0xC8, 0xDD, 0x82, 0xDC, 0xCB, 0x60, 0xB5, 0x3F, 0x4C, 0x2D, 0x12,
    0xA3, 0x99, 0x10, 0x08, 0x76, 0xCB, 0x94, 0x6D, 0x12, 0xE2, 0x16, 0x8C, 0x7E, 0x44, 0x53, 0x43,
    0xA8, 0x8B, 0x06, 0x98, 0x70, 0x8C, 0x4C, 0x29, 0x12, 0x25, 0x5F, 0x71, 0x07, 0x08, 0xFD, 0x3D,
    0x1E, 0x7F, 0x86, 0x90, 0xC2, 0xEA, 0x61, 0xB9, 0x1A, 0x83, 0xAB, 0x27, 0x62, 0x5A, 0x5B, 0xB3,
    0xF2, 0x59, 0x77, 0xF1, 0xBD, 0xB9, 0xD4, 0x30, 0x63, 0x94, 0x2D, 0x7A, 0xC5, 0x1B, 0x10, 0xC5,
    0x16, 0x08, 0xF6, 0x5C, 0xF6, 0xBC, 0xB9, 0xE1, 0x78, 0xAA, 0x81, 0x5C, 0x7E, 0x33, 0xAB, 0xDA,
    0xE2, 0xDA, 0xCC, 0xEC, 0x59, 0x18, 0x3D, 0xA0, 0xA7, 0x63, 0x98, 0xA5, 0x3C, 0x02, 0x4C, 0x63,
    0xAF, 0xC0, 0xF2, 0x6D, 0x66, 0x6A, 0x49, 0x08, 0x3D, 0x01, 0x1E, 0x9F, 0x88, 0xED, 0xDA, 0x99,
    0x39, 0x2F, 0x1C, 0x8F, 0x84, 0x6D, 0x44, 0x86, 0x2D, 0x8E, 0xEF, 0xF1, 0xB5, 0xAB, 0x44, 0x96,
    0x5D, 0x7A, 0x40, 0x1D, 0x3E, 0x4C, 0x26, 0xD1, 0x84, 0x8D, 0x7F, 0x58, 0x12, 0x4C, 0xB8, 0x33,
    0xFF, 0xC4, 0xB9, 0x57, 0x86, 0x63, 0xEE, 0xE5, 0x3B, 0xFF, 0xCF, 0x4F, 0xC4, 0xC3, 0x57, 0x14,
    0x9A, 0x1E, 0x49, 0x6B, 0x85, 0xEE, 0x5D, 0xA9, 0xA9, 0x54, 0xAB, 0x26, 0x97, 0x15, 0x1A, 0x34,
    0x4D, 0x28, 0x2D, 0x25, 0xAD, 0xB5, 0x94, 0xD6, 0x4A, 0x2C, 0x19, 0x39, 0x36, 0x74, 0x1A, 0xA2,
    0xBD, 0x06, 0x6E, 0x13, 0xCE, 0x6F, 0xCD, 0x02, 0xC7, 0x09, 0x21, 0xD5, 0x94, 0x92, 0x41, 0x6E,
    0xE0, 0xBA, 0x62, 0x24, 0xC3, 0x07, 0x71, 0xC6, 0x8A, 0xAB, 0x62, 0x80, 0x03, 0xAA, 0x6B, 0xD4,
    0x5A, 0x76, 0xD4, 0x03, 0x8D, 0xC6, 0xB7, 0x12, 0x43, 0xAF, 0x66, 0xC7, 0xB4, 0xA8, 0x85, 0x08,
    0x53, 0x8E, 0xD3, 0x9C, 0x32, 0xF0, 0xB6, 0x90, 0xBC, 0xC3, 0x64, 0x3A, 0x7E, 0x3C, 0x49, 0x4B,
    0xE8, 0x1A, 0xC9, 0xD1, 0x0C, 0x0C, 0xBB, 0x0F, 0x27, 0xCD, 0xA7, 0x14, 0x1A, 0xA3, 0x93, 0x17,
    0xB8, 0x34, 0xAA, 0x3A, 0x03, 0xEB, 0x45, 0x41, 0x5A, 0x15, 0x5D, 0x4D, 0xB8, 0xAA, 0xF3, 0x2C,
    0x6A, 0x63, 0x53, 0x39, 0x5F, 0xC4, 0xEB, 0x36, 0x27, 0xD1, 0x07, 0xE4, 0x7A, 0x61, 0x2A, 0xC7,
    0x2F, 0xDF, 0xF9, 0x3F, 0x6B, 0x10, 0x29, 0xE4, 0xD1, 0xA0, 0xC4, 0xA5, 0x8B, 0x0A, 0xD0, 0x27,
    0x0C, 0xC3, 0x64, 0xF8, 0x57, 0x2A, 0x45, 0xE5, 0xC7, 0x9E, 0xDB, 0xB6, 0xEA, 0x86, 0x78, 0xF8,
    0x85, 0x62, 0x2B, 0x64, 0x76, 0xE0, 0xD9, 0xD5, 0x9F, 0x92, 0xEA, 0x61, 0xFA, 0x31, 0x2C, 0xFB,
    0xDC, 0x0F, 0x94, 0xBB, 0x47, 0x7F, 0x72, 0xF9, 0x03, 0x41, 0xF1, 0x44, 0xB2, 0xB4, 0x98, 0x07,
    0x1B, 0x34, 0xC7, 0x16, 0x7F, 0xBB, 0x46, 0xF2, 0x2C, 0x51, 0xE4, 0x29, 0xA2, 0x01, 0x17, 0xA4,
    0x40, 0xCF, 0x2E, 0xD2, 0xB5, 0x82, 0x3A, 0x2A, 0x9A, 0x39, 0x3D, 0x16, 0xE2, 0x57, 0x06, 0xC5,
    0x2C, 0xB7, 0xE7, 0x59, 0x6A, 0xF7, 0x59, 0x4A, 0x81, 0x59, 0x72, 0xCF, 0xCC, 0x53, 0x84, 0x72,
    0xCF, 0xA8, 0xF1, 0x5A, 0x5D, 0x92, 0x3B, 0x35, 0x1C, 0x23, 0x6E, 0x9B, 0x4A, 0x65, 0xAA, 0x3C,
    0x9E, 0xDA, 0x88, 0xE8, 0x9C, 0x86, 0x95, 0x51, 0x5A, 0xD5, 0x78, 0xC9, 0xBD, 0x22, 0x99, 0x93,
    0xC0, 0xE6, 0xBC, 0x37, 0x51, 0x9B, 0x26, 0x93, 0xCF, 0x30, 0xB9, 0x3A, 0x11, 0xBB, 0x77, 0x3B,
    0xB9, 0x61, 0x72, 0x96, 0xFB, 0xD2, 0x2C, 0x35, 0xCD, 0x2C, 0xD5, 0x05, 0xEB, 0xB9, 0x14, 0x94,
    0x0A, 0x72, 0xA5, 0xA0, 0x54, 0x90, 0xFB, 0xCA, 0x99, 0x8B, 0xEB, 0x55, 0x79, 0xF7, 0xA9, 0xE0,
    0x49, 0x2C, 0xFE, 0xEC, 0x6F, 0xAF, 0x65, 0xEB, 0x49, 0x5F, 0x22, 0x93, 0xF6, 0xA2, 0x52, 0x0B,
    0x1A, 0x04, 0x6D, 0xEE, 0x80, 0x0E, 0x4A, 0x11, 0x9A, 0xEC, 0x64, 0xB2, 0xF8, 0xAF, 0x93, 0xAB,
    0x4E, 0xF6, 0x57, 0x93, 0xB9, 0x4E, 0x36, 0x42, 0x02, 0x75, 0x13, 0x75, 0x1D, 0xBA, 0xC4, 0x11,
    0x85, 0x94, 0x56, 0xB3, 0xB0, 0x6A, 0xDA, 0x31, 0x4D, 0xD9, 0xF7, 0xC4, 0xA9, 0x54, 0xA6, 0x4A,
    0x69, 0xAF, 0x28, 0x69, 0x55, 0x5C, 0x99, 0x72, 0x32, 0xE5, 0xBC, 0xA9, 0xDB, 0x7B, 0x46, 0xAB,
    0x58, 0x81, 0xA7, 0x9C, 0x4C, 0xB9, 0xFE, 0x90, 0x28, 0x31, 0x89, 0xE1, 0xFD, 0xA6, 0xE4, 0x57,
    0xA7, 0x52, 0xA9, 0xE9, 0xDD, 0x9A, 0x13, 0xA3, 0xDE, 0xA4, 0x2E, 0xD9, 0xC3, 0xBC, 0x3A, 0x49,
    0xB2, 0x5D, 0x30, 0x03, 0x87, 0xE4, 0xB2, 0x52, 0x5A, 0x0E, 0x01, 0x9F, 0x72, 0x75, 0x15, 0xA3,
    0xFF, 0x22, 0x9A, 0x98, 0xA5, 0x37, 0x32, 0xED, 0xFB, 0x78, 0x47, 0x15, 0xF7, 0x59, 0x50, 0x79,
    0x70, 0x5D, 0x10, 0xA5, 0xE4, 0x72, 0x5D, 0x28, 0xAD, 0x2D, 0xA5, 0xB6, 0xA3, 0x0B, 0x41, 0xC3,
    0x8D, 0x12, 0x8D, 0x00, 0x85, 0xA8, 0xB8, 0x14, 0x86, 0x36, 0xA6, 0x99, 0x48, 0xF4, 0x4E, 0xE4,
    0x55, 0xBB, 0xDB, 0xD2, 0x83, 0x5B, 0xC8, 0x0E, 0xD1, 0x2D, 0x24, 0x79, 0xFD, 0xBA, 0xBE, 0xC9,
    0x89, 0x35, 0xC4, 0xC8, 0x59, 0x33, 0x7B, 0x97, 0x19, 0xAE, 0xFB, 0xAD, 0x1F, 0x46, 0x85, 0x95,
    0xEF, 0x72, 0xBD, 0xB3, 0x79, 0x5B, 0xF2, 0x36, 0xDA, 0xE0, 0xED, 0x37, 0x34, 0x7C, 0xC1, 0x46,
    0xBD, 0x73, 0xF6, 0x76, 0xB3, 0xF3, 0x40, 0x73, 0x81, 0x35, 0x8D, 0x44, 0xC3, 0x26, 0xB9, 0x11,
    0x15, 0x76, 0xDC, 0x3B, 0x53, 0x29, 0x23, 0x03, 0x3A, 0x3B, 0x5E, 0x90, 0x6F, 0xF0, 0xE2, 0xE4,
    0x0D, 0xA5, 0x57, 0x3E, 0x05, 0x74, 0x59, 0x0A, 0x0D, 0x2E, 0x50, 0x1E, 0x9C, 0x4C, 0xD3, 0xA4,
    0xC0, 0xD6, 0x40, 0x6F, 0x52, 0x7B, 0x0F, 0xFD, 0xB0, 0xA4, 0xF3, 0xD3, 0x17, 0x6F, 0x7F, 0x74,
    0xD0, 0x50, 0xC0, 0x82, 0xC3, 0x7F, 0x1B, 0xD4, 0xD4, 0xF9, 0x21, 0x72, 0x14, 0xDE, 0xF9, 0x17,
    0x94, 0x83, 0x50, 0x6A, 0xE6, 0x1C, 0x81, 0x2B, 0x1C, 0x9F, 0xCD, 0x98, 0x2E, 0x22, 0x66, 0x3C,
    0xF1, 0x11, 0x64, 0xEC, 0x77, 0xE3, 0x58, 0x70, 0xCE, 0x78, 0x8B, 0xC2, 0x71, 0x4A, 0x97, 0x28,
    0x1E, 0x67, 0x10, 0x1D, 0x3A, 0x3B, 0xAE, 0x23, 0xCB, 0xCD, 0xD8, 0x3D, 0xFF, 0xB8, 0xB9, 0x1A,
    0x77, 0xA8, 0x0F, 0x91, 0x07, 0x0F, 0x3A, 0xA0, 0xFC, 0x50, 0xDD, 0xAC, 0x09, 0x74, 0x86, 0xC6,
    0x84, 0xEA, 0x1E, 0x6A, 0x37, 0x8F, 0xA6, 0x9D, 0x14, 0xFB, 0x49, 0x93, 0x35, 0x31, 0x6C, 0xA3,
    0x8C, 0xC1, 0xCB, 0x1B, 0x52, 0xA2, 0x01, 0xFB, 0x77, 0x7C, 0x27, 0xD9, 0x4E, 0x60, 0xF9, 0x38,
    0xC6, 0x24, 0x9E, 0x7A, 0xAC, 0xBB, 0x36, 0xB4, 0xDF, 0x25, 0x5C, 0x46, 0xDF, 0x53, 0x17, 0x21,
    0xD8, 0xF7, 0x5E, 0xFB, 0x9F, 0x17, 0xEB, 0x53, 0x67, 0x93, 0x49, 0xA9, 0x13, 0xCB, 0x21, 0x32,
    0x1F, 0x28, 0x21, 0xBC, 0x27, 0xDA, 0x4F, 0xCE, 0x5E, 0x44, 0x29, 0xA4, 0x58, 0x7A, 0x3A, 0xB7,
    0xEB, 0xBF, 0x43, 0x50, 0x3F, 0xEF, 0xE9, 0xBD, 0xDB, 0xA0, 0xDD, 0xB9, 0x8F, 0x4D, 0x56, 0xDA,
    0xB8, 0x54, 0x07, 0x62, 0x7F, 0x8C, 0xC4, 0x0F, 0xCF, 0xCF, 0x7A, 0x88, 0xC6, 0xD7, 0xEE, 0xB0,
    0x5B, 0xAE, 0x6D, 0x12, 0xF4, 0xBC, 0xCD, 0x96, 0xB5, 0xE2, 0xE9, 0x70, 0xC8, 0xDA, 0x78, 0x89,
    0xAA, 0xE8, 0xE4, 0x8D, 0xBF, 0x94, 0xEA, 0x6B, 0xFB, 0xCF, 0x31, 0x26, 0x81, 0xD2, 0x81, 0x16,
    0x5B, 0x78, 0xAC, 0x7A, 0xDF, 0xF9, 0x5D, 0x44, 0x08, 0x02, 0xFC, 0x26, 0x22, 0x04, 0x01, 0xBE,
    0x16, 0x11, 0x82, 0x00, 0x1A, 0x90, 0x4E, 0x7E, 0x4B, 0x4C, 0x73, 0x68, 0xD5, 0x32, 0xA2, 0x02,
    0x36, 0x8C, 0x5A, 0xFA, 0x36, 0x2C, 0x02, 0xBA, 0xCA, 0xA2, 0xEA, 0x28, 0x69, 0x10, 0x09, 0x19,
    0x77, 0xD4, 0xA0, 0xC7, 0x99, 0x04, 0x7C, 0x2C, 0x27, 0x11, 0x0A, 0xEA, 0x38, 0x5C, 0x24, 0xD7,
    0xA4, 0x34, 0x88, 0x02, 0xC4, 0x5D, 0x06, 0x16, 0xC0, 0xE9, 0xC7, 0x1E, 0xEC, 0x58, 0x4C, 0xD6,
    0xA4, 0xB3, 0x25, 0xC8, 0x62, 0x6E, 0xEF, 0x20, 0x82, 0xBD, 0xB8, 0x99, 0xC1, 0x2E, 0x26, 0xB6,
    0xA6, 0xF5, 0x1F, 0x45, 0x38, 0x5B, 0x72, 0x54, 0xE6, 0xA6, 0x1A, 0xBF, 0x71, 0x69, 0x3B, 0x8C,
    0xFB, 0x64, 0xF4, 0xD9, 0x69, 0x96, 0xE6, 0x99, 0x74, 0xCB, 0xE2, 0xCF, 0x53, 0xFD, 0xC8, 0xE5,
    0x35, 0x5B, 0x9D, 0x31, 0x8A, 0x5E, 0xD8, 0xFE, 0xAD, 0x34, 0xE7, 0x28, 0x7E, 0xD6, 0x6C, 0xB2,
    0x5E, 0x72, 0x6E, 0x06, 0x77, 0xEC, 0x4D, 0xFB, 0x70, 0xB6, 0x8D, 0xC8, 0xAD, 0xCD, 0x7B, 0xAB,
    0x8D, 0xC9, 0xBA, 0x4E, 0x6D, 0xF0, 0x68, 0x1B, 0xAA, 0xD6, 0xBD, 0x2C, 0x36, 0xED, 0x6B, 0xF8,
    0xF6, 0xA6, 0x4A, 0xA1, 0x23, 0x95, 0xE6, 0x2A, 0x9E, 0x9B, 0x6F, 0x75, 0xF6, 0xBB, 0x5D, 0x62,
    0xB0, 0xBB, 0x01, 0x27, 0x8F, 0xE0, 0xCC, 0xBC, 0xAB, 0x30, 0xDF, 0x02, 0xCB, 0xBD, 0x9C, 0xCE,
    0x36, 0xD7, 0x8F, 0xCF, 0x3B, 0x18, 0xBC, 0xB9, 0x47, 0xCE, 0x68, 0xE3, 0xE7, 0x62, 0xF0, 0x66,
    0x64, 0xD3, 0xC6, 0x55, 0x69, 0xBE, 0x65, 0x9E, 0x20, 0xDE, 0x3E, 0xFC, 0xDE, 0x99, 0x7D, 0x02,
    0xBE, 0xFA, 0x6E, 0x7A, 0x31, 0xEF, 0x6D, 0x8D, 0x3C, 0xB5, 0x3F, 0xFC, 0x9C, 0xB0, 0x3D, 0x72,
    0x16, 0x9B, 0x13, 0x7A, 0xC3, 0xF3, 0x5A, 0x1D, 0x60, 0xD6, 0x1E, 0x22, 0xC4, 0x51, 0x5A, 0xF0,
    0x43, 0x80, 0xFF, 0x02, 0xED, 0x99, 0x4D, 0x8E, 0xDB, 0x46, 0x10, 0x85, 0x9B, 0x22, 0x60, 0x2E,
    0xB8, 0xE0, 0x3E, 0x1B, 0x1E, 0x41, 0x47, 0x20, 0x6F, 0x94, 0x23, 0x90, 0x37, 0xB0, 0x2F, 0xE1,
    0x45, 0x4E, 0x41, 0xE6, 0x04, 0xD1, 0x0D, 0x22, 0x20, 0xD9, 0x64, 0x47, 0x07, 0x04, 0x86, 0xB1,
    0x29, 0x76, 0xAA, 0xBB, 0x7E, 0xFA, 0xD1, 0xD2, 0x4C, 0x00, 0x43, 0x33, 0x99, 0x89, 0x43, 0x18,
    0xF0, 0x57, 0x23, 0x52, 0xDD, 0xFD, 0xAA, 0x58, 0x5D, 0x5D, 0x72, 0xCE, 0xBD, 0xF3, 0xDE, 0x6F,
    0xAD, 0x0B, 0xD7, 0xC1, 0x87, 0xEB, 0x12, 0xF9, 0x18, 0xD9, 0x9F, 0x08, 0x33, 0x46, 0xBF, 0x12,
    0x97, 0xC2, 0xBE, 0xB5, 0x5B, 0xE2, 0x4D, 0x83, 0xF2, 0x64, 0xB7, 0x87, 0x07, 0x72, 0xE3, 0x2D,
    0x3C, 0x1A, 0xC6, 0x29, 0xC8, 0x70, 0x95, 0xF7, 0x73, 0x18, 0xA5, 0xF3, 0xBE, 0xA7, 0xAF, 0x19,
    0x03, 0xD7, 0xF4, 0x7F, 0x13, 0xBF, 0x38, 0x0E, 0x73, 0x6A, 0xE8, 0x99, 0x70, 0xD1, 0x77, 0x9C,
    0xBB, 0x38, 0x78, 0x9C, 0xE1, 0x34, 0x08, 0xD3, 0x38, 0x93, 0xF7, 0x4B, 0x64, 0x17, 0x79, 0x7E,
    0x84, 0x27, 0xA7, 0xD7, 0x9B, 0xE0, 0x27, 0xD7, 0xB2, 0xD8, 0xDA, 0x07, 0xD0, 0x44, 0xF5, 0x09,
    0x5A, 0xA9, 0x6E, 0x45, 0xD4, 0xD0, 0x47, 0x26, 0xBD, 0x47, 0xD5, 0x99, 0xFE, 0xD6, 0x57, 0x32,
    0x58, 0x70, 0x64, 0xF0, 0x8B, 0x13, 0xBF, 0xE4, 0xE0, 0xBB, 0xE4, 0xC7, 0x65, 0xE7, 0xDF, 0xF0,
    0x05, 0x7C, 0x8D, 0x10, 0x0F, 0x16, 0x3E, 0x32, 0xC5, 0x26, 0xC5, 0x8F, 0x7C, 0xF0, 0x17, 0xAF,
    0xE2, 0x07, 0xC2, 0xCF, 0x2D, 0x8F, 0x1D, 0xAE, 0xDF, 0x5D, 0x62, 0x7F, 0x06, 0xDE, 0x80, 0xC3,
    0x07, 0x30, 0xB5, 0xC4, 0x1E, 0x79, 0x04, 0x3E, 0x03, 0xCF, 0xAA, 0x6D, 0x17, 0x1E, 0x16, 0x2E,
    0x42, 0xA4, 0xAB, 0xE6, 0xE1, 0x8B, 0x94, 0x1B, 0x60, 0x8A, 0xC9, 0x56, 0x99, 0x34, 0xEB, 0x95,
    0x69, 0xD9, 0xA3, 0x72, 0xF1, 0x08, 0xE7, 0x6F, 0x90, 0x1F, 0x5B, 0x4B, 0xB9, 0xE7, 0xFE, 0x96,
    0x26, 0xA8, 0x15, 0x6A, 0x08, 0xDA, 0xE6, 0xC1, 0xAB, 0xC2, 0x3F, 0xB2, 0x2F, 0x52, 0x8C, 0x25,
    0x9E, 0x80, 0x4F, 0xC0, 0x6D, 0x0A, 0xC3, 0x0B, 0x84, 0xE1, 0x1C, 0xC7, 0xE6, 0xAB, 0xE7, 0x40,
    0x96, 0x3F, 0x6B, 0xDC, 0xFE, 0x81, 0x31, 0xF6, 0x1C, 0xD7, 0x74, 0xF5, 0x3E, 0xBF, 0x0C, 0xE9,
    0xF0, 0xF7, 0xA7, 0x7F, 0x6B, 0x45, 0x57, 0x6B, 0xFB, 0x87, 0xCB, 0x22, 0xC2, 0x5B, 0x3C, 0x78,
    0x8B, 0x06, 0x5F, 0xA4, 0x3C, 0x31, 0x5C, 0x3D, 0xBA, 0xDD, 0x99, 0x2E, 0xAF, 0x41, 0xB5, 0x2B,
    0xFD, 0xFA, 0x3B, 0x53, 0xFB, 0xBA, 0x56, 0xF9, 0xED, 0xE4, 0xA4, 0xF6, 0xF9, 0x00, 0xB5, 0x0F,
    0x57, 0x1F, 0xC7, 0x94, 0x40, 0x32, 0xD8, 0xDF, 0x4A, 0xA8, 0x77, 0x8E, 0x90, 0x7C, 0x20, 0x29,
    0x65, 0xB0, 0x31, 0xA5, 0xBD, 0xD4, 0xF7, 0x52, 0xFB, 0x84, 0x8F, 0x47, 0xAD, 0x7D, 0xE8, 0x2B,
    0xCE, 0xBA, 0x27, 0x53, 0x9C, 0x4E, 0x5A, 0xFB, 0xD0, 0x4C, 0x66, 0xDD, 0xC3, 0x69, 0xBA, 0x4B,
    0x27, 0x15, 0x19, 0x8D, 0xB3, 0xE8, 0x9E, 0x4F, 0x3B, 0xD9, 0x6A, 0xB5, 0x4F, 0x64, 0xA9, 0x11,
    0x1A, 0xE0, 0x7B, 0xD4, 0x23, 0xFC, 0x02, 0xAD, 0x2F, 0xC2, 0x5F, 0xCF, 0xFF, 0x8A, 0x17, 0x63,
    0xD4, 0x41, 0x6B, 0x1F, 0xD2, 0x67, 0x45, 0xDD, 0x54, 0x4F, 0xF2, 0xC3, 0xAC, 0x3A, 0x93, 0x1F,
    0x26, 0xAD, 0x7D, 0x82, 0xFE, 0x52, 0xFB, 0x44, 0xBF, 0xA0, 0xBF, 0xD0, 0x8F, 0xC9, 0xBF, 0x2B,
    0xF8, 0x7D, 0x82, 0x78, 0x18, 0x53, 0x9C, 0x6C, 0x5F, 0xC5, 0xCF, 0x2E, 0xAE, 0x62, 0xBC, 0xF9,
    0x0F, 0xA0, 0x73, 0xFE, 0xC6, 0xEB, 0x85, 0x6F, 0xE3, 0x54, 0xB0, 0x3D, 0x3F, 0x7F, 0xCF, 0x3A,
    0xEF, 0xF8, 0xD5, 0xFE, 0x93, 0x74, 0x53, 0xC9, 0x51, 0xE5, 0x7F, 0xBA, 0x03, 0x89, 0xAC, 0x95,
    0xA5, 0xA1, 0x7A, 0x4F, 0x0B, 0xA7, 0xA9, 0x4D, 0xF2, 0x28, 0xA5, 0xCD, 0x4E, 0xE9, 0x22, 0x39,
    0x34, 0x66, 0x53, 0xCF, 0x9B, 0xD6, 0x5A, 0xC7, 0x4D, 0x8F, 0x92, 0xF5, 0x5C, 0xC5, 0x87, 0x29,
    0xC3, 0x4D, 0x96, 0xFE, 0xCE, 0x96, 0x39, 0x47, 0xD8, 0x2E, 0x3B, 0x2B, 0xD4, 0x6B, 0x4B, 0x87,
    0x45, 0x3A, 0x14, 0x0E, 0x96, 0x2D, 0x4B, 0x3D, 0xF8, 0xD1, 0xD9, 0x70, 0xD8, 0x3E, 0xA6, 0xEC,
    0x88, 0x27, 0xB4, 0x7A, 0x7F, 0x8A, 0x3B, 0x39, 0x38, 0xC0, 0x0A, 0xC7, 0xC3, 0x85, 0x30, 0xCF,
    0x92, 0xB9, 0x91, 0xD3, 0xE3, 0xC4, 0xB7, 0xF7, 0xC2, 0xB9, 0x9E, 0x30, 0x39, 0x93, 0xAF, 0xCA,
    0x47, 0xBD, 0x73, 0x8A, 0x93, 0x1C, 0x85, 0x0F, 0x5C, 0x03, 0x44, 0x2E, 0xF8, 0xF6, 0xC8, 0xB5,
    0x4D, 0x64, 0x0A, 0x13, 0x1B, 0x85, 0x33, 0xB9, 0x3D, 0x70, 0xAE, 0x3D, 0x15, 0xDE, 0x7C, 0x66,
    0xE5, 0x46, 0x8E, 0xC7, 0x7C, 0xB0, 0x97, 0x2D, 0xC2, 0xFB, 0x07, 0xBD, 0xDD, 0xA5, 0xD3, 0xF4,
    0x0D, 0xDE, 0xB0, 0xCE, 0x6B, 0x81, 0x47, 0xE0, 0x09, 0x78, 0x01, 0xD6, 0xF9, 0xC4, 0xEA, 0xB5,
    0x15, 0x9E, 0x06, 0x9B, 0x7F, 0xEC, 0xC4, 0xA8, 0xC0, 0xA2, 0x66, 0xE0, 0x95, 0x9D, 0x12, 0x79,
    0xDE, 0x69, 0x82, 0x5A, 0x89, 0xE4, 0xCC, 0xF2, 0xB0, 0xEE, 0xF6, 0x17, 0x65, 0x79, 0xD8, 0xFC,
    0x32, 0xDE, 0xF2, 0x17, 0xCB, 0xC5, 0xCC, 0x0F, 0x33, 0x1F, 0xE4, 0xE4, 0xAF, 0x53, 0x1C, 0x95,
    0x1B, 0x3E, 0xF9, 0x6B, 0xF4, 0xCF, 0x10, 0x4B, 0x76, 0xF2, 0x3F, 0xF8, 0xFD, 0xE9, 0xB4, 0xFF,
    0xAF, 0x54, 0xB4, 0xDF, 0x0B, 0x69, 0x39, 0xF6, 0x34, 0xA5, 0xB2, 0xCD, 0x4E, 0x86, 0xAB, 0x95,
    0x6F, 0x6B, 0x99, 0x8A, 0xBA, 0x21, 0x3D, 0x7B, 0x96, 0x31, 0x0A, 0x88, 0x10, 0x4E, 0xAD, 0xF6,
    0xF2, 0x85, 0x37, 0xDE, 0x79, 0xAD, 0x39, 0xA5, 0xD3, 0xA1, 0xA9, 0x77, 0x60, 0xAB, 0x75, 0xD0,
    0xF9, 0x90, 0x17, 0x52, 0xA2, 0x4E, 0x5E, 0xF9, 0x5C, 0x2C, 0x6B, 0xA9, 0x44, 0x6B, 0xB1, 0xFC,
    0xED, 0xBC, 0x0E, 0x71, 0x14, 0x6B, 0x93, 0x7A, 0x97, 0x2D, 0x6F, 0x52, 0x38, 0x69, 0x7B, 0x70,
    0x09, 0xEA, 0x34, 0xBF, 0xE6, 0x66, 0xC9, 0xBB, 0x23, 0xD6, 0xAC, 0xDB, 0x82, 0xD3, 0x96, 0xEE,
    0xD1, 0xAC, 0x8B, 0xF6, 0xED, 0x9C, 0x1E, 0x79, 0x06, 0xB1, 0x1E, 0x24, 0x6F, 0xFE, 0x12, 0xAD,
    0x4F, 0x61, 0x4D, 0xB4, 0x9E, 0xF7, 0xAC, 0x52, 0x90, 0x8D, 0x86, 0x63, 0x95, 0xA6, 0x8E, 0x06,
    0x2C, 0xFD, 0x26, 0x16, 0xD5, 0xEA, 0x24, 0xD8, 0x2A, 0x56, 0x45, 0x43, 0x34, 0x71, 0x0F, 0x71,
    0xBC, 0x81, 0xD0, 0x7A, 0x26, 0xB1, 0xF2, 0x78, 0xB4, 0x3C, 0x89, 0x45, 0xDF, 0xFE, 0x33, 0x9F,
    0x95, 0x1C, 0xF7, 0x83, 0x7E, 0xA3, 0x8F, 0xD5, 0xEA, 0xFC, 0x17, 0x92, 0x43, 0xAD, 0x26, 0xAE,
    0x43, 0xAD, 0x3A, 0xCA, 0xA8, 0x56, 0x19, 0xD7, 0xAF, 0x56, 0x1E, 0xB5, 0x51, 0xEB, 0x10, 0x5D,
    0xA3, 0x16, 0xBB, 0xCD, 0xAC, 0x2E, 0x2C, 0xDF, 0xAC, 0x26, 0x48, 0x63, 0x56, 0x1D, 0xFC, 0x64,
    0x56, 0x25, 0x49, 0x4E, 0x77, 0x95, 0x11, 0xAC, 0xEC, 0x27, 0x07, 0x16, 0xC4, 0xD2, 0x4B, 0x5B,
    0x67, 0xE0, 0x19, 0x78, 0x05, 0xDE, 0x80, 0x39, 0x82, 0x2B, 0x88, 0xDF, 0x0A, 0xE2, 0xB5, 0x82,
    0x68, 0xAD, 0x20, 0x56, 0x2B, 0x88, 0xCD, 0x0A, 0x22, 0xB3, 0x82, 0xB8, 0xAC, 0x20, 0x2A, 0x95,
    0x17, 0xE0, 0x0B, 0xB0, 0x47, 0x36, 0x5D, 0x1F, 0xE2, 0x72, 0x98, 0xFF, 0xF4, 0xA0, 0x7E, 0x9C,
    0x85, 0xC5, 0xDD, 0x66, 0x5C, 0x83, 0x67, 0x4B, 0xF0, 0x79, 0x68, 0x96, 0x2B, 0x67, 0x41, 0x17,
    0x55, 0x6E, 0x80, 0x78, 0x6A, 0x78, 0xFF, 0x73, 0x12, 0x47, 0x3D, 0x44, 0xD6, 0x08, 0x71, 0x35,
    0x41, 0x1C, 0x2D, 0x10, 0x45, 0x17, 0xE3, 0xA3, 0xBD, 0x21, 0x71, 0x62, 0xEF, 0x95, 0xE9, 0xD5,
    0xFC, 0x55, 0x99, 0x0F, 0x8B, 0x69, 0x4F, 0x34, 0x6E, 0x80, 0x8F, 0xC0, 0x15, 0x70, 0x0E, 0x9C,
    0x01, 0xC7, 0x97, 0x18, 0xF6, 0x47, 0x0F, 0x35, 0x95, 0x71, 0xB9, 0xEF, 0xD2, 0xDE, 0xEC, 0xDE,
    0x4A, 0x76, 0xBB, 0xEE, 0xF0, 0x62, 0xC4, 0x15, 0xEC, 0xFE, 0x77, 0x83, 0x75, 0x56, 0x32, 0x28,
    0x51, 0x6A, 0x38, 0x19, 0x43, 0x67, 0xA5, 0x80, 0xCE, 0x4A, 0x0D, 0x9D, 0x95, 0x0E, 0xDA, 0xBD,
    0xB7, 0x3B, 0x2B, 0x63, 0xE9, 0xB5, 0x48, 0x8D, 0xB9, 0x43, 0x4B, 0xDC, 0xA9, 0x96, 0x4C, 0x5B,
    0xC4, 0x6E, 0x8A, 0x75, 0x56, 0x56, 0xFD, 0x45, 0x24, 0x04, 0xBF, 0x75, 0x56, 0x08, 0xAC, 0xA3,
    0xD0, 0x84, 0x9A, 0x48, 0x72, 0xFD, 0xD1, 0x26, 0x8B, 0x15, 0xB4, 0xF0, 0x74, 0xCD, 0xD5, 0x2B,
    0xE6, 0xFA, 0xA9, 0xB5, 0xA4, 0xF5, 0xA2, 0x0E, 0xA8, 0x0F, 0xEA, 0x86, 0x7A, 0xA2, 0xCE, 0xA8,
    0x3F, 0xF8, 0xE5, 0x9C, 0xDF, 0xFE, 0x89, 0x66, 0xEF, 0x5F, 0xF4, 0x3B, 0xC6, 0x03, 0xC6, 0xC9,
    0x2E, 0x7E, 0xB2, 0x5D, 0x67, 0x45, 0xE3, 0x4D, 0xFB, 0x30, 0x6D, 0x7A, 0x10, 0x83, 0x07, 0x7E,
    0x4E, 0x80, 0x5F, 0x1C, 0x36, 0xFC, 0x91, 0xE1, 0x66, 0x2B, 0xE1, 0xEC, 0xAF, 0x9A, 0xE3, 0xB4,
    0xC2, 0x45, 0x30, 0x83, 0x16, 0xD6, 0x90, 0xB0, 0x4B, 0xD8, 0x3C, 0x3F, 0xC2, 0x68, 0x69, 0x3A,
    0x87, 0x34, 0xC9, 0xE0, 0x1D, 0x7F, 0xA3, 0xD9, 0x8F, 0x6B, 0x83, 0x15, 0x27, 0x49, 0x2E, 0x6E,
    0xF7, 0x4B, 0x9A, 0xFD, 0xD2, 0x02, 0x3F, 0x0F, 0x0A, 0x7D, 0x6E, 0x77, 0x2D, 0xC4, 0xB7, 0x86,
    0x7F, 0x03, 0xED, 0x59, 0x3B, 0xCE, 0xE4, 0x44, 0x10, 0xF6, 0x43, 0x5A, 0x07, 0x46, 0x72, 0x04,
    0x09, 0x81, 0x8F, 0xE0, 0x23, 0x78, 0x32, 0x8E, 0xC1, 0x11, 0xF6, 0x08, 0x1E, 0x62, 0x02, 0x36,
    0x20, 0xDF, 0x84, 0x8C, 0x60, 0x8F, 0x60, 0x2F, 0x27, 0x18, 0x89, 0x90, 0x00, 0x4B, 0x10, 0x91,
    0x60, 0x09, 0x07, 0x5E, 0xB0, 0xDD, 0x74, 0xBD, 0xAB, 0xFF, 0x7F, 0x56, 0xAC, 0x16, 0x10, 0x68,
    0x77, 0x1D, 0xF4, 0x54, 0xCD, 0xB8, 0xAB, 0xAB, 0xAB, 0xBE, 0xAE, 0x47, 0x4F, 0x96, 0x65, 0x4F,
    0xC6, 0x10, 0xCE, 0x67, 0x19, 0x3E, 0x79, 0xC0, 0xE7, 0x82, 0x4C, 0x4B, 0xCC, 0x8A, 0x4C, 0xE0,
    0x07, 0xE8, 0x4A, 0x98, 0x9B, 0xBD, 0x45, 0xEF, 0x0D, 0xC2, 0x1C, 0x6E, 0x0A, 0x4C, 0x2A, 0x8D,
    0x99, 0xB2, 0x9A, 0x96, 0xC8, 0x51, 0x42, 0xC3, 0x2B, 0x44, 0x39, 0x0B, 0x0C, 0x37, 0x5E, 0x61,
    0xCD, 0x7A, 0x56, 0xA4, 0x08, 0x61, 0x07, 0x26, 0x63, 0x45, 0xF6, 0xB8, 0xCC, 0x41, 0x0C, 0x10,
    0x63, 0xFC, 0x02, 0x9F, 0x3E, 0x9C, 0xF1, 0xD7, 0x8D, 0x98, 0x0E, 0x19, 0xD2, 0x1D, 0xC4, 0x3E,
    0x64, 0x96, 0x3B, 0x4C, 0xF3, 0x1F, 0x33, 0x1F, 0x79, 0xA6, 0xF7, 0x4C, 0x98, 0x8C, 0x29, 0xC3,
    0x6A, 0xFB, 0xA9, 0xC3, 0x61, 0x4C, 0x17, 0xC2, 0x53, 0x64, 0xC0, 0x06, 0x23, 0xD8, 0xFA, 0x64,
    0xEB, 0x0C, 0xE4, 0x13, 0xB2, 0x1B, 0x7A, 0x4C, 0x2C, 0x8A, 0xBE, 0xDC, 0xD8, 0xD6, 0x39, 0xF9,
    0x91, 0xBD, 0x00, 0x93, 0x16, 0xF1, 0x4F, 0x8B, 0xCE, 0x62, 0xCF, 0xD5, 0xE8, 0x46, 0xE7, 0xD3,
    0x9B, 0xF7, 0xF6, 0xEA, 0x70, 0x00, 0x0B, 0xB6, 0xF6, 0xD3, 0xC5, 0xB0, 0x13, 0xC2, 0xEC, 0x27,
    0x2D, 0xFA, 0xDE, 0x0F, 0x28, 0x8E, 0x90, 0x78, 0x14, 0x84, 0x01, 0xC4, 0xE8, 0x25, 0x1B, 0xD9,
    0xED, 0xE4, 0xE1, 0xD5, 0x31, 0xF5, 0xEC, 0x98, 0xE2, 0x9A, 0x25, 0x0F, 0x2F, 0x71, 0x5E, 0x1C,
    0x28, 0x13, 0x80, 0x7A, 0xF5, 0x37, 0x47, 0x9F, 0x5E, 0xC3, 0x6B, 0xE6, 0xF7, 0xEB, 0x35, 0x4F,
    0xE9, 0x85, 0x01, 0xBC, 0xA9, 0x8F, 0xC1, 0xDA, 0x42, 0x8F, 0x8E, 0x1E, 0x1C, 0xDD, 0xFF, 0x43,
    0xF4, 0xF0, 0x9A, 0xB5, 0x9C, 0x3E, 0xA5, 0xD3, 0xB3, 0x05, 0x37, 0xF8, 0xB3, 0xE9, 0x7D, 0xE5,
    0x9D, 0x78, 0xD7, 0x6B, 0x17, 0xA3, 0x77, 0x6F, 0x4F, 0x4F, 0x4F, 0x8E, 0x5E, 0x32, 0x5E, 0xB7,
    0x45, 0x94, 0x08, 0x9E, 0x61, 0xB2, 0x00, 0x9D, 0xD6, 0xA2, 0x13, 0x00, 0x82, 0x98, 0xEE, 0x1C,
    0xDD, 0x92, 0x6E, 0x0B, 0x9F, 0x9E, 0x49, 0xE8, 0xDA, 0xD1, 0x15, 0xF9, 0x48, 0xF6, 0x3B, 0x0B,
    0x5D, 0xB8, 0xBD, 0xE7, 0xA0, 0xC4, 0x1D, 0xFB, 0x3C, 0xF0, 0xD1, 0xE1, 0xEC, 0x7C, 0x3A, 0xDA,
    0xCE, 0xB0, 0x0F, 0x22, 0x0D, 0x01, 0x36, 0x9E, 0xC3, 0xF0, 0x8A, 0x03, 0x11, 0x3C, 0x3F, 0xD3,
    0xDA, 0x62, 0x9D, 0xD6, 0x80, 0x37, 0x28, 0xEE, 0x72, 0x33, 0xB7, 0x1D, 0xAD, 0x4B, 0x63, 0x96,
    0xB4, 0x83, 0x74, 0xEB, 0xF4, 0x54, 0x2E, 0x1C, 0x26, 0x4B, 0x24, 0x4F, 0xDE, 0xD8, 0xD6, 0x73,
    0x54, 0x74, 0x64, 0x84, 0xC6, 0x1D, 0xB2, 0xB7, 0x17, 0x90, 0x3B, 0x8C, 0x0C, 0x8E, 0x9C, 0x8D,
    0x0C, 0x5F, 0x67, 0x96, 0x1F, 0x5E, 0x5D, 0x78, 0xD7, 0x81, 0xB3, 0x88, 0x1C, 0xF0, 0x67, 0xB6,
    0x61, 0xD0, 0x6F, 0xB4, 0xE0, 0xD0, 0xDA, 0xE9, 0x2A, 0x1C, 0x4A, 0x5A, 0x03, 0x09, 0x9A, 0x2F,
    0x70, 0x2C, 0xFF, 0x44, 0xF1, 0x15, 0x77, 0xF6, 0x94, 0x8F, 0x2E, 0x3C, 0x9F, 0x06, 0xD3, 0x70,
    0x4C, 0x94, 0x15, 0xB2, 0x15, 0x79, 0xAC, 0xE1, 0x6A, 0xE4, 0x26, 0xA4, 0xA4, 0x0F, 0x47, 0xC6,
    0x69, 0x03, 0x0B, 0x89, 0xC2, 0x7A, 0x38, 0xFA, 0x68, 0xC9, 0xB3, 0x93, 0xA0, 0x1B, 0x0E, 0x73,
    0xCB, 0x5E, 0x5B, 0xE4, 0x33, 0xBF, 0x2D, 0xB9, 0x3B, 0x01, 0x83, 0x1D, 0x8C, 0xC6, 0xC2, 0x4C,
    0xE1, 0xB2, 0x28, 0xA1, 0x84, 0x10, 0x03, 0x7B, 0xFC, 0xFD, 0xE2, 0x43, 0xCF, 0xBF, 0xF6, 0x48,
    0xF4, 0x50, 0xD3, 0x7D, 0x20, 0xDF, 0x0D, 0x52, 0x60, 0x1F, 0x01, 0x39, 0x7D, 0xA0, 0xFF, 0xAF,
    0xF4, 0x7A, 0x97, 0x1E, 0x39, 0x38, 0x55, 0x48, 0x6B, 0x74, 0xBA, 0x4A, 0xD5, 0x0B, 0x74, 0x6F,
    0xF1, 0x09, 0x62, 0xC7, 0x24, 0x31, 0xB0, 0xA5, 0x05, 0x0A, 0x88, 0x92, 0x0D, 0x95, 0x3C, 0x1D,
    0x04, 0xCF, 0xCA, 0x55, 0x67, 0x45, 0x9A, 0x8F, 0x2D, 0x02, 0xF7, 0x2E, 0x2C, 0x34, 0x2E, 0xAF,
    0x17, 0x96, 0xFA, 0x25, 0x52, 0x69, 0x65, 0xCE, 0xB9, 0x0D, 0x6A, 0xB4, 0x17, 0xE1, 0xFC, 0x86,
    0xF4, 0xE0, 0x08, 0x0D, 0x49, 0x98, 0x53, 0x12, 0x65, 0x67, 0x0D, 0xCD, 0xB0, 0x85, 0xD6, 0xF5,
    0x19, 0x90, 0xE5, 0xAE, 0x92, 0x2E, 0x29, 0x91, 0x4B, 0xC2, 0x2D, 0xB9, 0x25, 0xC0, 0xCA, 0xA6,
    0x94, 0x44, 0x34, 0x52, 0xBE, 0x94, 0xDC, 0xBD, 0x66, 0x52, 0xDF, 0xD3, 0x97, 0x6C, 0x36, 0x7A,
    0x7D, 0x50, 0x66, 0x22, 0x91, 0x52, 0x2B, 0x50, 0x55, 0x21, 0x39, 0xBB, 0x51, 0x86, 0x15, 0xE4,
    0x2E, 0x82, 0x1C, 0xA1, 0x47, 0xAB, 0x94, 0xE2, 0x98, 0x2D, 0x33, 0xA3, 0x36, 0xAB, 0x1D, 0x3A,
    0xAD, 0x64, 0x56, 0xD4, 0x66, 0x26, 0xDD, 0x29, 0xDE, 0xDF, 0xF4, 0x88, 0x96, 0xBC, 0xC7, 0x0E,
    0x8C, 0x55, 0xF1, 0xEE, 0x5B, 0xCE, 0x10, 0xDA, 0x18, 0x28, 0x53, 0x83, 0x8A, 0x1D, 0x1B, 0x16,
    0xE7, 0xCA, 0x99, 0x67, 0x66, 0x93, 0xFE, 0x6D, 0x8E, 0xDA, 0x2C, 0x52, 0xF7, 0x2E, 0xD6, 0x67,
    0x8C, 0x98, 0x92, 0x6E, 0xD2, 0x37, 0x6D, 0x85, 0x18, 0x19, 0x24, 0x95, 0x62, 0x7E, 0x58, 0xA3,
    0x12, 0xC7, 0xC4, 0xD5, 0xCF, 0x5A, 0xB3, 0x69, 0xA4, 0x1A, 0xCD, 0xBD, 0xF1, 0x9D, 0xCF, 0x35,
    0xE8, 0x94, 0x90, 0x3A, 0x37, 0x29, 0xBE, 0x2D, 0xD1, 0x72, 0x19, 0xB8, 0x78, 0x46, 0xEB, 0xF4,
    0x21, 0xA8, 0x02, 0x84, 0x3C, 0x65, 0x3A, 0xED, 0x40, 0x39, 0x85, 0x6B, 0x21, 0xDF, 0x04, 0x41,
    0x13, 0xE9, 0xA3, 0x51, 0x8F, 0x8B, 0xC8, 0x4C, 0xBB, 0x58, 0xD7, 0x1B, 0x0C, 0xA6, 0x00, 0x4C,
    0x9A, 0xB5, 0xC4, 0xCB, 0x5C, 0xD1, 0x33, 0xDC, 0xE7, 0x3F, 0xB6, 0x6A, 0x09, 0x77, 0x4E, 0xBB,
    0x1C, 0x85, 0xCF, 0x49, 0xB7, 0xB8, 0x79, 0x02, 0x4A, 0x41, 0x66, 0x0C, 0xD4, 0xA1, 0xA9, 0x93,
    0x95, 0xAF, 0xC8, 0x01, 0xD1, 0x24, 0xE4, 0xD7, 0x1A, 0xED, 0x91, 0x13, 0x4F, 0x10, 0x5C, 0x08,
    0x54, 0x35, 0x4A, 0xA2, 0x32, 0x19, 0x10, 0x47, 0x08, 0xE9, 0xB0, 0x6E, 0x00, 0xA9, 0x95, 0x1C,
    0x58, 0x86, 0x12, 0xAD, 0x34, 0x04, 0x46, 0x13, 0xF3, 0x23, 0xDA, 0x0B, 0xE6, 0x16, 0xDA, 0xE4,
    0x10, 0x96, 0x72, 0x2D, 0xE4, 0x09, 0x63, 0x78, 0x6C, 0x8A, 0x70, 0x8E, 0x71, 0x99, 0x46, 0x6A,
    0xED, 0x12, 0xF6, 0x39, 0x3D, 0xE2, 0x5B, 0x10, 0x0A, 0x90, 0xAF, 0x60, 0xDF, 0x37, 0x82, 0xE5,
    0x10, 0xF9, 0x06, 0xF6, 0x39, 0x47, 0x7E, 0x27, 0xC4, 0x37, 0xB0, 0xAF, 0x85, 0x90, 0x0A, 0x43,
    0x0B, 0xFB, 0x5A, 0x8D, 0xEF, 0x61, 0x5F, 0x1B, 0x81, 0xB7, 0x43, 0x3E, 0xEA, 0xBD, 0xA3, 0xA8,
    0xF8, 0x2E, 0xB4, 0xAB, 0x51, 0xEF, 0x83, 0xF0, 0xDC, 0x62, 0x2F, 0x1B, 0xF5, 0x3E, 0x89, 0x6F,
    0xB0, 0x16, 0x07, 0xBD, 0x08, 0xE2, 0x51, 0xC9, 0x9C, 0xFA, 0xB5, 0x0C, 0xB7, 0x16, 0x37, 0x59,
    0x90, 0x5E, 0x5F, 0xE0, 0xD6, 0xA3, 0x11, 0x4A, 0x5A, 0xF7, 0x25, 0x9A, 0x26, 0xF2, 0x9F, 0x11,
    0xFF, 0x1D, 0xF2, 0xD1, 0x60, 0x5F, 0xC2, 0xBA, 0x5D, 0xF8, 0x5E, 0xF8, 0xAF, 0x48, 0xEE, 0x4F,
    0x68, 0xFA, 0x68, 0xC0, 0x1F, 0x89, 0xFF, 0x4D, 0x5A, 0xE5, 0x5F, 0x41, 0x6E, 0x1D, 0xFE, 0x40,
    0x57, 0xE6, 0x1C, 0x43, 0x2B, 0x29, 0xAB, 0x98, 0x2F, 0x3D, 0x4F, 0x72, 0x08, 0xC3, 0x63, 0xD0,
    0x79, 0x87, 0x9C, 0x07, 0x7E, 0x6F, 0xE7, 0x23, 0x21, 0xEF, 0x09, 0xBF, 0xF3, 0x7B, 0x09, 0xDF,
    0x73, 0x2D, 0xDB, 0xF1, 0x67, 0x6F, 0xF7, 0x29, 0x76, 0xAF, 0x92, 0x09, 0xB6, 0x92, 0xCF, 0x99,
    0x3F, 0x6F, 0x99, 0xC5, 0x35, 0x0D, 0xBE, 0x39, 0x7F, 0x96, 0x72, 0xFE, 0x3A, 0x0A, 0x11, 0x25,
    0x8A, 0x6D, 0x2C, 0x10, 0x07, 0xBA, 0xAD, 0xA1, 0x29, 0x07, 0xDD, 0xD6, 0xD0, 0x3C, 0x6A, 0xA5,
    0x59, 0xE8, 0x82, 0xAA, 0x5F, 0x48, 0xA3, 0x5B, 0x26, 0x59, 0x8B, 0xAA, 0x6B, 0x56, 0x6A, 0x94,
    0x53, 0xB3, 0xB1, 0x30, 0xBE, 0xFC, 0xE1, 0xAF, 0x58, 0x5C, 0x6D, 0xFD, 0xE1, 0x15, 0x84, 0x4D,
    0x99, 0x08, 0x95, 0x52, 0xBD, 0xE1, 0xAE, 0x5C, 0x42, 0xC3, 0x96, 0x6B, 0x03, 0x11, 0xA5, 0x96,
    0x1A, 0x1E, 0x46, 0x08, 0x69, 0x12, 0x1E, 0xE2, 0xE4, 0x17, 0x1A, 0x85, 0x5A, 0x77, 0x0F, 0x86,
    0xD7, 0x1D, 0x1A, 0x78, 0x4A, 0xEB, 0x46, 0xF4, 0xC2, 0xC4, 0x9A, 0x10, 0x8B, 0x6F, 0x49, 0x48,
    0x6B, 0x7C, 0x48, 0xAB, 0x7D, 0x14, 0x4B, 0x02, 0x57, 0xF2, 0x4B, 0x32, 0x27, 0x91, 0xE6, 0xD7,
    0x49, 0x34, 0x48, 0x74, 0xAB, 0xB5, 0xC2, 0x7F, 0xB8, 0x9F, 0x28, 0xEC, 0xB9, 0x8A, 0x0B, 0xCE,
    0x06, 0x6C, 0x9D, 0xED, 0xB1, 0xDD, 0x12, 0x8B, 0x76, 0x94, 0x72, 0xC8, 0xD6, 0xE2, 0x85, 0xDB,
    0x43, 0xFF, 0x24, 0x9E, 0xAB, 0x24, 0x1D, 0x1E, 0xD9, 0x03, 0x6F, 0x27, 0x38, 0x48, 0x10, 0x12,
    0x34, 0x55, 0x2F, 0x1E, 0x55, 0x7B, 0x8A, 0xB7, 0x04, 0x89, 0xBD, 0x55, 0x0E, 0x69, 0xB5, 0x01,
    0x0D, 0xB3, 0x16, 0x18, 0x57, 0xC1, 0x3C, 0x96, 0x4F, 0x95, 0xB5, 0xFD, 0x88, 0x5E, 0x11, 0xBD,
    0xD3, 0xC5, 0x0D, 0x2D, 0x8A, 0x77, 0x5A, 0x27, 0x67, 0xBE, 0x39, 0x93, 0xBB, 0x49, 0xBC, 0x7E,
    0xE0, 0x11, 0x24, 0xD3, 0xDD, 0x18, 0x5F, 0x9E, 0xC9, 0x55, 0x8B, 0xC8, 0xC9, 0x05, 0xD7, 0x9B,
    0x5C, 0x0A, 0xC9, 0xEF, 0xD4, 0xB3, 0xF2, 0x4C, 0x92, 0xC3, 0x32, 0xE9, 0x53, 0x76, 0x82, 0x6B,
    0xB3, 0x1E, 0x72, 0x95, 0xB1, 0xEB, 0xB5, 0x68, 0xE1, 0x70, 0x7D, 0x68, 0xA5, 0x04, 0x93, 0x1B,
    0x8F, 0xEB, 0xE7, 0x29, 0xAE, 0x83, 0xC7, 0xCE, 0xE1, 0x51, 0xB5, 0xDD, 0x4D, 0xE2, 0x7D, 0xD0,
    0x2A, 0x82, 0x52, 0x75, 0x02, 0x72, 0x45, 0x6F, 0xF5, 0x5A, 0x90, 0x67, 0x49, 0x76, 0x0E, 0x3E,
    0x3B, 0xBF, 0x7F, 0x4C, 0x6F, 0xB5, 0xF8, 0xDB, 0x91, 0xB3, 0x91, 0x93, 0x91, 0x26, 0xF7, 0x30,
    0x17, 0x6C, 0xE6, 0xA7, 0xC5, 0xFC, 0x37, 0x59, 0x3D, 0x76, 0x51, 0xE5, 0x4E, 0x2B, 0xE6, 0x76,
    0x73, 0xE8, 0x6A, 0x02, 0xDC, 0x75, 0xD0, 0xF4, 0xE8, 0x0A, 0x26, 0xBF, 0xBB, 0x6C, 0x6D, 0xCB,
    0xB6, 0x36, 0xAB, 0xFF, 0xEB, 0x65, 0x17, 0x5B, 0xF6, 0x66, 0x7A, 0x5F, 0x4D, 0x6F, 0x33, 0xAA,
    0xAB, 0x48, 0x57, 0x5B, 0x76, 0x7E, 0xC3, 0x65, 0xF3, 0x44, 0xC0, 0xDF, 0x5E, 0x56, 0xDC, 0xD2,
    0xDC, 0xF3, 0xD0, 0x34, 0x1A, 0x19, 0xDE, 0x8E, 0x8C, 0x0A, 0x7F, 0x7B, 0x80, 0xDD, 0x4F, 0x4A,
    0x1C, 0x51, 0xA5, 0x13, 0x0E, 0xEE, 0x09, 0x47, 0xF9, 0x84, 0x55, 0x4F, 0x08, 0xFB, 0x67, 0xCF,
    0xC3, 0x33, 0x7C, 0x95, 0x4A, 0x5F, 0x6B, 0x99, 0xEC, 0x56, 0xF6, 0x5D, 0x1C, 0x56, 0xBA, 0xD9,
    0xA5, 0x9E, 0x14, 0x21, 0x0E, 0xD6, 0x38, 0x3A, 0xB5, 0x10, 0xD4, 0x6B, 0x67, 0xC1, 0x7F, 0x95,
    0xC4, 0xA1, 0x85, 0x21, 0x47, 0x4C, 0x3C, 0x09, 0xA7, 0xB5, 0x05, 0x76, 0x31, 0xDA, 0xAA, 0xE7,
    0x1B, 0x05, 0x51, 0xA5, 0xC8, 0xD2, 0x76, 0xD5, 0xDA, 0x53, 0x1F, 0xF1, 0xDE, 0x4A, 0xE0, 0x7C,
    0x47, 0xE0, 0x76, 0x47, 0xE0, 0x79, 0x4F, 0xE0, 0xF5, 0xBD, 0x15, 0x58, 0xAA, 0xC0, 0xC2, 0x62,
    0x80, 0x09, 0xB4, 0x96, 0xD5, 0xAE, 0xCF, 0x3A, 0x15, 0xD8, 0xF8, 0xBE, 0xF7, 0x8D, 0x05, 0x0E,
    0xBF, 0x5C, 0x90, 0x38, 0xE9, 0xC6, 0x1B, 0x6F, 0x22, 0xC2, 0x41, 0x15, 0xDB, 0x15, 0xC7, 0x1B,
    0x8E, 0x0B, 0x8E, 0x1B, 0x8E, 0x3B, 0x5F, 0xD7, 0x48, 0x4C, 0xE9, 0xE4, 0x1F, 0x02, 0x7F, 0x19,
    0xF1, 0x61, 0xD4, 0x91, 0xEC, 0x83, 0x25, 0x51, 0xCE, 0x61, 0x2F, 0xDA, 0x70, 0xD4, 0x71, 0xE5,
    0xFA, 0x78, 0xC4, 0x18, 0x49, 0x2D, 0xF0, 0x88, 0x27, 0x70, 0xE4, 0x7F, 0x22, 0xE0, 0x6F, 0x8A,
    0x3F, 0x01, 0xED, 0x59, 0x31, 0x72, 0xDC, 0x46, 0x10, 0x5C, 0x1C, 0xCA, 0xBC, 0x00, 0x01, 0x22,
    0x45, 0x0E, 0xEE, 0x09, 0xF7, 0x04, 0xE0, 0x09, 0x0E, 0x7C, 0x9F, 0x90, 0x03, 0x3E, 0x01, 0xE7,
    0x1F, 0xF0, 0x09, 0x0E, 0xEC, 0xC8, 0x81, 0x9E, 0x00, 0x54, 0xF9, 0x03, 0x50, 0x29, 0x50, 0xE0,
    0x04, 0x01, 0xAB, 0x5C, 0x8A, 0xB8, 0x52, 0xA1, 0xCA, 0xA0, 0x88, 0xC3, 0x7A, 0xA7, 0x67, 0x76,
    0xF6, 0x40, 0x41, 0x34, 0x69, 0x93, 0xF6, 0xD1, 0x16, 0xAA, 0x88, 0x6B, 0xF0, 0x16, 0xB3, 0xB3,
    0xB3, 0x33, 0xBD, 0x33, 0x73, 0xC6, 0x18, 0xE3, 0x5C, 0x67, 0xF8, 0x4A, 0x9C, 0xB3, 0x02, 0x53,
    0xE7, 0x06, 0x81, 0x99, 0x73, 0xA3, 0xC0, 0xDC, 0x39, 0x27, 0x70, 0xEB, 0x61, 0xC9, 0xB0, 0xF0,
    0xB0, 0x61, 0xE8, 0x91, 0x48, 0x4B, 0x08, 0xDA, 0x20, 0x2B, 0x48, 0xCB, 0x08, 0x1E, 0x82, 0xAC,
    0x73, 0x91, 0xB6, 0x75, 0x53, 0x2E, 0xD2, 0x2A, 0x37, 0xAE, 0x45, 0x9A, 0x7F, 0x27, 0x65, 0x69,
    0xA4, 0x97, 0xE8, 0xE6, 0xFF, 0xD3, 0x9A, 0x1A, 0x0A, 0x65, 0x34, 0xAE, 0x80, 0x34, 0xBC, 0xBD,
    0x85, 0xB4, 0xC2, 0x4D, 0xF2, 0x4C, 0xB2, 0x8C, 0x61, 0x69, 0x98, 0x1F, 0xD2, 0x56, 0x90, 0x03,
    0x69, 0x90, 0x45, 0xDF, 0x8D, 0x2C, 0xCB, 0x40, 0xDA, 0x86, 0x35, 0x21, 0x69, 0x05, 0xEB, 0xE7,
    0xA5, 0xED, 0x5D, 0xBC, 0x9A, 0xA7, 0xC6, 0x15, 0x4D, 0xEB, 0xE7, 0xDF, 0xD3, 0xCC, 0xCD, 0xB1,
    0xDA, 0xD8, 0x09, 0x2C, 0x79, 0x43, 0x63, 0xB0, 0xCC, 0x94, 0xC6, 0x24, 0x30, 0x14, 0xC6, 0x14,
    0xB4, 0xD4, 0x33, 0x2F, 0xE7, 0x1D, 0xB6, 0xA1, 0x0E, 0x5B, 0x02, 0xD3, 0xC3, 0x5A, 0x95, 0xCC,
    0xC3, 0x7B, 0xE4, 0xC4, 0x14, 0xB8, 0x46, 0x19, 0x46, 0x03, 0xF3, 0xA0, 0x10, 0xF6, 0x1A, 0x57,
    0x59, 0x90, 0x56, 0x24, 0x60, 0x0F, 0x3B, 0x43, 0xC1, 0x02, 0xBB, 0x41, 0x76, 0x7E, 0xB1, 0xFB,
    0xD6, 0x04, 0x8B, 0xCB, 0xC6, 0xCF, 0xD0, 0x77, 0xCE, 0x5D, 0x02, 0x61, 0x92, 0xDF, 0x08, 0xD5,
    0x61, 0xD1, 0xA9, 0x2E, 0x5F, 0xE7, 0x6D, 0x74, 0xDE, 0xA6, 0x38, 0x36, 0x4E, 0x34, 0x59, 0x89,
    0x85, 0x36, 0xEC, 0x5D, 0x19, 0x50, 0x2F, 0xB3, 0xB1, 0xBB, 0xAC, 0x15, 0xE5, 0xFA, 0x6D, 0x01,
    0x34, 0xB2, 0x8B, 0xB2, 0x94, 0xCD, 0x5C, 0x72, 0xB1, 0xA0, 0x01, 0x6B, 0x75, 0xAD, 0x9A, 0xBE,
    0x57, 0xED, 0xBF, 0x27, 0xF4, 0x35, 0x99, 0x2C, 0xC1, 0x2A, 0xBD, 0x57, 0x5F, 0xB0, 0xFF, 0x86,
    0x60, 0x3A, 0x09, 0xE4, 0x3D, 0xE8, 0x23, 0x23, 0x5A, 0x68, 0x4F, 0xE8, 0x03, 0x6F, 0xAA, 0x09,
    0x8B, 0x6C, 0x15, 0xF5, 0x8A, 0x0E, 0x8A, 0x5C, 0x44, 0xFB, 0x99, 0xE3, 0xF6, 0xB0, 0x69, 0xCB,
    0x2C, 0xE0, 0x77, 0xA1, 0x63, 0x96, 0xF0, 0x76, 0xB2, 0xEC, 0x70, 0x2B, 0xA0, 0x51, 0x14, 0x11,
    0x2E, 0x00, 0xEA, 0x15, 0xD9, 0x47, 0x41, 0xFD, 0xC2, 0x1C, 0xA3, 0x30, 0xC8, 0xB1, 0x2E, 0x8E,
    0x7D, 0xC3, 0xB2, 0xCE, 0x39, 0xEB, 0xEC, 0x5F, 0xA9, 0x8F, 0x43, 0x31, 0xA2, 0x32, 0x80, 0x49,
    0x6D, 0x30, 0x7A, 0xF4, 0xAB, 0x44, 0x8F, 0x73, 0x6F, 0x24, 0xA2, 0xBC, 0x19, 0x6A, 0x0C, 0x23,
    0xB4, 0x89, 0x64, 0xF8, 0xCA, 0xFD, 0x04, 0xB0, 0xF2, 0xDF, 0x5E, 0x02, 0xD5, 0x6C, 0x70, 0xA8,
    0x21, 0xF4, 0x28, 0xCE, 0x56, 0x1A, 0xA3, 0xFB, 0x91, 0x6A, 0x84, 0x66, 0x3A, 0x6F, 0xAE, 0x3B,
    0xA3, 0xDE, 0x09, 0xFB, 0x43, 0xA6, 0x01, 0x79, 0x90, 0x43, 0xEF, 0xEB, 0x40, 0x8D, 0x7B, 0xA7,
    0x11, 0xCA, 0x16, 0x8A, 0x28, 0xD9, 0xED, 0xCA, 0xA7, 0xF1, 0x3A, 0x96, 0x1C, 0xA3, 0x71, 0x50,
    0x14, 0x74, 0x51, 0xFD, 0x28, 0xF2, 0x4A, 0x66, 0xBC, 0x82, 0x2C, 0x96, 0xCC, 0x38, 0xE7, 0x68,
    0xBD, 0x6B, 0x41, 0x03, 0xED, 0xA2, 0xD8, 0x25, 0x30, 0x48, 0xA3, 0xF6, 0x0B, 0x27, 0x0E, 0xBB,
    0xC0, 0x39, 0xFC, 0x15, 0x9B, 0xF0, 0xD2, 0x7D, 0xBC, 0x30, 0x7A, 0x9D, 0x48, 0x78, 0x9E, 0xD5,
    0xEE, 0xDA, 0xE8, 0x42, 0x5A, 0x42, 0x58, 0xE6, 0x48, 0x68, 0xAB, 0xCB, 0x0C, 0xD6, 0xB0, 0xCA,
    0x93, 0x76, 0xAD, 0x48, 0x19, 0xD3, 0xAA, 0xD5, 0x2C, 0x2C, 0x49, 0x32, 0x2D, 0x5B, 0xD7, 0x7B,
    0x84, 0xAD, 0xC1, 0xD9, 0x99, 0x46, 0x45, 0xAA, 0x91, 0x92, 0xDC, 0x8A, 0x9E, 0xC7, 0x8E, 0x4B,
    0x3B, 0x9B, 0x63, 0xA5, 0x28, 0x55, 0x5D, 0xD6, 0xD0, 0x4F, 0x3C, 0x42, 0x74, 0xAE, 0xC2, 0x3A,
    0xCE, 0x64, 0x45, 0xB2, 0xB6, 0x8D, 0xA2, 0x6C, 0xC1, 0x2E, 0x62, 0xAB, 0xCA, 0x23, 0xBC, 0x32,
    0x56, 0x21, 0x7C, 0xBA, 0x2A, 0xD8, 0xB9, 0x04, 0xF2, 0x61, 0xF9, 0x83, 0x64, 0x3E, 0xB5, 0x9C,
    0x97, 0x7C, 0x38, 0x76, 0x1A, 0x97, 0x53, 0x8C, 0xCB, 0x46, 0xE3, 0xD2, 0xAA, 0xFF, 0x8D, 0xEA,
    0x93, 0x53, 0x3C, 0x2F, 0x4B, 0xDD, 0x85, 0x3D, 0xC7, 0x65, 0x15, 0x0E, 0x75, 0x1A, 0xD3, 0xF2,
    0x2A, 0x53, 0x70, 0xCE, 0xA8, 0xD6, 0x98, 0xEF, 0x42, 0x72, 0xCB, 0x7E, 0x61, 0xE2, 0xBF, 0x87,
    0x96, 0x5C, 0xB0, 0x9F, 0x23, 0xDD, 0x8F, 0x95, 0xFA, 0x0B, 0x69, 0xCA, 0xE7, 0xFE, 0x96, 0x91,
    0x98, 0x43, 0x77, 0x61, 0x1F, 0x33, 0x85, 0x54, 0x63, 0xD5, 0x68, 0xAC, 0x9A, 0x22, 0xB0, 0x59,
    0x20, 0x31, 0xE5, 0xBF, 0xCB, 0xC0, 0x89, 0xEF, 0x44, 0x8B, 0x73, 0xD8, 0x61, 0x83, 0xD7, 0x12,
    0x7E, 0x7B, 0xCD, 0x1F, 0x9B, 0x28, 0x6B, 0x60, 0xE1, 0x03, 0xE7, 0x2F, 0x42, 0x06, 0x3D, 0xCD,
    0x2D, 0x2E, 0xD5, 0xC5, 0xDC, 0x63, 0xE9, 0x63, 0x66, 0x99, 0x87, 0x7F, 0xDC, 0x25, 0xFA, 0xB9,
    0x7D, 0x30, 0xFD, 0xBC, 0xD8, 0x7D, 0x23, 0xF4, 0x53, 0x05, 0xFA, 0x19, 0x34, 0x7C, 0x10, 0x48,
    0x7F, 0x91, 0x7E, 0x2A, 0x0D, 0xE5, 0x5C, 0xC3, 0x7B, 0x7D, 0x0F, 0xFA, 0xF9, 0x27, 0x48, 0x67,
    0x50, 0xD2, 0x19, 0x23, 0xE9, 0x70, 0x7A, 0x68, 0x11, 0xB6, 0xC9, 0xE7, 0x48, 0x27, 0x5F, 0xB0,
    0x46, 0x12, 0xE9, 0xA7, 0x52, 0x84, 0x81, 0x03, 0x21, 0x7C, 0xDD, 0x32, 0xE1, 0xBB, 0x40, 0xF8,
    0x9F, 0x3B, 0x18, 0x12, 0x9E, 0x43, 0x34, 0xE5, 0x5A, 0x86, 0xD2, 0xAA, 0x1C, 0x31, 0xE4, 0x6D,
    0xDC, 0x28, 0xED, 0xC5, 0xB4, 0xB9, 0x5C, 0x29, 0x11, 0x19, 0x25, 0xA7, 0x10, 0x7A, 0xD6, 0x04,
    0x76, 0x6A, 0x8C, 0x70, 0xD7, 0xA4, 0x87, 0x63, 0x17, 0x08, 0xF0, 0xFA, 0xF4, 0x92, 0xD6, 0xA4,
    0x0E, 0x5A, 0x6D, 0x42, 0xD2, 0x6A, 0x6B, 0xA6, 0x10, 0xE7, 0x7E, 0xD7, 0xA4, 0xEB, 0xF6, 0x29,
    0x39, 0xDC, 0x9D, 0xBE, 0x1A, 0x26, 0x91, 0x8A, 0x13, 0xBB, 0x96, 0xD3, 0x25, 0xE6, 0x25, 0x2E,
    0x22, 0x0E, 0x9A, 0x24, 0x8D, 0x0B, 0x09, 0xCC, 0xBC, 0xC4, 0xF8, 0x6F, 0xA2, 0xA4, 0xBE, 0xF0,
    0x2E, 0x33, 0xA2, 0x04, 0x16, 0x3B, 0x35, 0xC7, 0x7F, 0x35, 0x1F, 0x6E, 0x18, 0x93, 0x20, 0x8F,
    0x9D, 0x5F, 0x05, 0xDE, 0x3D, 0xAD, 0x3F, 0x72, 0xF8, 0x4B, 0x5E, 0x9F, 0x24, 0x9E, 0xD8, 0xF9,
    0x96, 0x63, 0x7E, 0xE9, 0xBE, 0x45, 0x74, 0xF0, 0x48, 0x7E, 0xCB, 0x54, 0xBD, 0x59, 0xBA, 0xBE,
    0xDA, 0xED, 0x58, 0xE6, 0xFF, 0xE4, 0x8E, 0xFE, 0x83, 0xB4, 0x5C, 0x2A, 0x22, 0x93, 0x84, 0xA2,
    0xA6, 0x02, 0xEB, 0xD4, 0x08, 0xAF, 0x1A, 0x01, 0x5B, 0x83, 0x60, 0x6A, 0x17, 0xAA, 0x65, 0x9C,
    0x33, 0x5C, 0x68, 0x5D, 0xD0, 0xFD, 0xF2, 0xF4, 0x38, 0x67, 0x86, 0x6A, 0xF8, 0xBE, 0x05, 0x6B,
    0x1E, 0xF8, 0x7F, 0x19, 0x97, 0xC7, 0xEC, 0x1E, 0xAD, 0xE6, 0xEE, 0xA5, 0x91, 0xC4, 0xF0, 0xC0,
    0xEF, 0x66, 0xD2, 0xB1, 0x41, 0x16, 0xDF, 0x30, 0xAA, 0x61, 0x2F, 0x2E, 0xC6, 0x47, 0x46, 0x3C,
    0xCC, 0xF0, 0xE1, 0xD9, 0x98, 0xC0, 0x70, 0xAC, 0xC1, 0x07, 0xAD, 0x9A, 0x6F, 0xF4, 0x60, 0x73,
    0xDA, 0x1E, 0x93, 0x02, 0xD2, 0x38, 0x6D, 0xB5, 0x05, 0xDA, 0x17, 0x34, 0x29, 0x42, 0x05, 0xA4,
    0x69, 0x18, 0xA1, 0x9B, 0x30, 0xAF, 0xFB, 0x25, 0xE8, 0x42, 0xBC, 0x38, 0x49, 0x43, 0xAC, 0x90,
    0x3A, 0xD4, 0xD2, 0x4E, 0x37, 0xB7, 0x57, 0x94, 0xE2, 0x15, 0x79, 0x9C, 0x04, 0x55, 0xC1, 0x06,
    0xFC, 0x4A, 0xB0, 0x95, 0x65, 0x94, 0x32, 0x2B, 0xF3, 0x9C, 0x62, 0x49, 0x61, 0x16, 0xCB, 0x9E,
    0xD4, 0xA8, 0xF8, 0x67, 0x7F, 0xEB, 0xA5, 0xE3, 0xA8, 0x89, 0x30, 0xBA, 0x02, 0x1D, 0x85, 0x07,
    0x12, 0xE8, 0x0E, 0xAD, 0x01, 0x3A, 0xC5, 0xBB, 0x15, 0x02, 0x04, 0x44, 0xE3, 0x0F, 0x3B, 0x3A,
    0x8B, 0xCF, 0x68, 0xB7, 0x12, 0x84, 0x86, 0x7F, 0xB1, 0x20, 0x41, 0x39, 0x76, 0xD0, 0xB9, 0xD7,
    0x38, 0xBD, 0x2A, 0x69, 0xD0, 0xBC, 0x95, 0xEE, 0x13, 0xB7, 0x25, 0xAE, 0x08, 0xBC, 0x99, 0xB7,
    0x2B, 0x3E, 0xE9, 0x2D, 0x72, 0xA3, 0xC3, 0x2D, 0x94, 0x07, 0xC8, 0xA1, 0x83, 0x2E, 0x8E, 0xC2,
    0x79, 0x70, 0xD2, 0x82, 0x44, 0xB8, 0x8E, 0x08, 0xDE, 0x4C, 0x76, 0x7A, 0x74, 0xD2, 0x5B, 0xED,
    0x40, 0xF5, 0x78, 0xE2, 0x94, 0x12, 0x4F, 0xFD, 0x1D, 0x4F, 0xF6, 0xCB, 0xD3, 0x03, 0x9F, 0x38,
    0x3D, 0xE3, 0x3C, 0xA8, 0xD5, 0x3C, 0x28, 0x36, 0x9A, 0x62, 0xF3, 0xE9, 0xEA, 0x4B, 0x1E, 0xF4,
    0xC8, 0x28, 0x66, 0xC6, 0xD2, 0x1A, 0xE8, 0xB5, 0x35, 0x20, 0x3D, 0x2B, 0x49, 0xA1, 0x35, 0xE7,
    0x8E, 0x79, 0xB8, 0x56, 0x48, 0xE5, 0x42, 0x4B, 0xBB, 0x2B, 0x82, 0xC5, 0xA5, 0xEE, 0xA0, 0xF2,
    0x95, 0x2B, 0x24, 0x8E, 0x3D, 0xA1, 0xF1, 0x51, 0xEA, 0xA2, 0x6A, 0x8E, 0xAC, 0x24, 0x59, 0x8F,
    0x8F, 0xE2, 0x1C, 0x03, 0xD7, 0xE9, 0x63, 0xD4, 0x25, 0xEA, 0xC7, 0x55, 0x9D, 0x5F, 0x61, 0xCF,
    0x95, 0xDE, 0xF9, 0x71, 0xF5, 0xD7, 0xC5, 0xF5, 0xAE, 0x97, 0xEA, 0x93, 0x5A, 0x5B, 0x03, 0xD1,
    0x7E, 0xEB, 0xD8, 0x1A, 0x38, 0xD7, 0xD6, 0x40, 0xF2, 0xD2, 0x4D, 0xDC, 0x38, 0x25, 0xB3, 0x4A,
    0x04, 0x6C, 0x43, 0x04, 0xBC, 0x76, 0xA1, 0x12, 0x78, 0xAB, 0xED, 0xEB, 0xAB, 0x87, 0xB7, 0xAF,
    0x39, 0x02, 0xDA, 0x59, 0x2B, 0xF8, 0xCE, 0xF6, 0xF5, 0x53, 0xD4, 0xA9, 0xF7, 0x6D, 0x5F, 0xA7,
    0xC7, 0xED, 0xEB, 0xCE, 0x69, 0x0E, 0xBB, 0xD0, 0xBE, 0xDE, 0x7F, 0xBA, 0xF2, 0x79, 0xFB, 0x3A,
    0x56, 0x4D, 0x37, 0xCA, 0x20, 0xEF, 0xB5, 0x84, 0xC4, 0x76, 0xF2, 0x8F, 0x4A, 0xC9, 0xAB, 0xE9,
    0xC7, 0x13, 0xCB, 0xCE, 0xA4, 0x73, 0xA1, 0xAD, 0xF4, 0x56, 0x9B, 0x7C, 0x7F, 0xDE, 0xB9, 0xC8,
    0x9E, 0x45, 0xE7, 0xE2, 0xBE, 0x8D, 0xD3, 0xEC, 0x76, 0xE3, 0x34, 0xF6, 0x30, 0xF0, 0xB3, 0xE1,
    0xF1, 0xDA, 0xF2, 0xFB, 0x34, 0x4E, 0x5D, 0xB0, 0xDF, 0x41, 0x7F, 0x77, 0xE8, 0xB5, 0x41, 0xBD,
    0xE7, 0x9F, 0x4F, 0x7F, 0xF6, 0xF1, 0x79, 0x62, 0xC9, 0xBA, 0xF7, 0x01, 0xFC, 0xD8, 0x09, 0x7E,
    0x10, 0x6E, 0x60, 0x5E, 0xB8, 0x72, 0x77, 0x5E, 0x9C, 0xA2, 0xB5, 0xB8, 0x97, 0xE6, 0x28, 0x07,
    0x96, 0x24, 0x4E, 0x5A, 0xA3, 0xE1, 0x6E, 0xFF, 0x95, 0xFB, 0x1F, 0xE5, 0x58, 0x3D, 0xB2, 0xE3,
    0x44, 0x10, 0x1E, 0x49, 0x55, 0xEB, 0x2A, 0x1C, 0x28, 0x22, 0x79, 0x89, 0x8E, 0xA0, 0x23, 0xC8,
    0x47, 0x20, 0x58, 0x22, 0x0E, 0xB1, 0x47, 0xB0, 0x6F, 0xC0, 0x0B, 0x38, 0x00, 0x29, 0x4E, 0x38,
    0x82, 0x94, 0x6D, 0xAA, 0x23, 0x28, 0x58, 0x8A, 0x10, 0x41, 0x29, 0x10, 0x20, 0x69, 0xE8, 0xFE,
    0xBE, 0xEE, 0x91, 0xBC, 0x14, 0x45, 0xB1, 0x0B, 0x2F, 0x58, 0x5C, 0xAF, 0xDE, 0x7C, 0xB2, 0x67,
    0xFA, 0xEF, 0xEB, 0xEE, 0x69, 0x3B, 0x84, 0xA7, 0x18, 0xE3, 0x37, 0x41, 0x5E, 0xAF, 0xA2, 0xBE,
    0x2E, 0x82, 0x6A, 0xA0, 0x31, 0x84, 0x0C, 0x20, 0xAE, 0x21, 0x14, 0x44, 0xF2, 0x71, 0x69, 0xA8,
    0x0B, 0x95, 0xA1, 0x31, 0x34, 0x86, 0xA6, 0x84, 0x66, 0x45, 0x10, 0xB0, 0x08, 0x5A, 0x44, 0xE8,
    0x35, 0xA1, 0x26, 0xA1, 0xCF, 0xBF, 0x7C, 0x2D, 0x68, 0x0B, 0x7C, 0xC9, 0x89, 0x77, 0x44, 0x6A,
    0xC0, 0xAF, 0x6A, 0x09, 0xB5, 0x6D, 0xCF, 0x82, 0xCE, 0x14, 0x2C, 0x30, 0x4F, 0x56, 0x85, 0xD6,
    0x6D, 0xF1, 0x8F, 0xC5, 0xE8, 0xF0, 0x06, 0x48, 0xE5, 0x87, 0xAF, 0x7C, 0xA3, 0xB8, 0xA7, 0x7B,
    0x29, 0x3E, 0x13, 0x28, 0xBA, 0xBF, 0x10, 0x28, 0x3E, 0x04, 0xB5, 0x1B, 0x9A, 0x82, 0xDA, 0x4D,
    0xD4, 0xE2, 0x3C, 0x91, 0xC6, 0x44, 0xBD, 0x71, 0xDF, 0x76, 0xB4, 0xA5, 0x18, 0xAC, 0x6E, 0x80,
    0x48, 0xC8, 0x53, 0x5C, 0x0E, 0xF6, 0x55, 0x76, 0xC0, 0x83, 0x3A, 0x78, 0xC8, 0x7F, 0x50, 0x90,
    0xDF, 0xEF, 0xB7, 0x80, 0x28, 0x77, 0x1F, 0xBD, 0x50, 0xE5, 0xF2, 0xA1, 0xCB, 0xBF, 0x63, 0xC4,
    0xC7, 0x2C, 0x3D, 0x97, 0x29, 0x58, 0xDA, 0x2D, 0x8C, 0xE8, 0x42, 0xD7, 0xF6, 0xE5, 0xCA, 0xA5,
    0xE2, 0x72, 0x32, 0xCE, 0x5B, 0x2E, 0xAF, 0xE0, 0xD1, 0x98, 0x88, 0xFD, 0x34, 0x51, 0x95, 0x50,
    0x9D, 0x12, 0xB9, 0x49, 0xA8, 0xF5, 0x44, 0xD6, 0x94, 0x13, 0xB4, 0x32, 0x4A, 0x1A, 0xB8, 0x1B,
    0xAA, 0xE4, 0x90, 0xD2, 0x75, 0x42, 0x65, 0x42, 0xA7, 0x84, 0x98, 0xD2, 0x3F, 0x6A, 0x01, 0x21,
    0xA5, 0xDF, 0x2A, 0xD2, 0x23, 0xDB, 0x49, 0x91, 0x7E, 0x3C, 0x01, 0x85, 0xA7, 0xF6, 0x37, 0x14,
    0xEE, 0xD3, 0xFD, 0x3B, 0x2E, 0x77, 0x76, 0x02, 0xDA, 0x55, 0xB1, 0xC1, 0x34, 0x62, 0x4A, 0xA9,
    0x46, 0x04, 0xD8, 0x77, 0x26, 0xF5, 0x5A, 0x3B, 0x46, 0xBF, 0xFA, 0x54, 0xA0, 0x48, 0x72, 0x85,
    0x19, 0x7C, 0xE4, 0x67, 0x70, 0xED, 0x84, 0x13, 0xAD, 0x96, 0xEB, 0x19, 0x72, 0xD0, 0x4F, 0x4A,
    0x28, 0x52, 0xE1, 0x08, 0x8C, 0xFE, 0xDF, 0xD4, 0xCC, 0xD5, 0x62, 0x66, 0x5D, 0xE7, 0xAC, 0x46,
    0x5C, 0x51, 0xEA, 0x85, 0x1E, 0x6E, 0x11, 0x40, 0xE4, 0x1F, 0x63, 0x29, 0xEA, 0xFA, 0x8C, 0x86,
    0xE8, 0x3B, 0x39, 0xCD, 0xD3, 0x7D, 0x05, 0x8D, 0x16, 0x41, 0xE6, 0x2E, 0x64, 0x96, 0x06, 0x2B,
    0x85, 0xEC, 0x36, 0xB2, 0x56, 0x6C, 0x41, 0xAA, 0xAE, 0x81, 0x32, 0x98, 0x7D, 0x85, 0x06, 0xCB,
    0x6C, 0x42, 0x34, 0x84, 0x9E, 0xAD, 0xC9, 0xBA, 0x45, 0xB0, 0xDE, 0x76, 0x23, 0xBC, 0xA6, 0xD6,
    0x05, 0xC6, 0x0C, 0x56, 0xDE, 0xDA, 0xE0, 0xDD, 0x62, 0xF0, 0x1C, 0x4D, 0x19, 0x74, 0x8C, 0x06,
    0xC3, 0x01, 0xD6, 0xEE, 0x99, 0xEF, 0xD3, 0x18, 0x23, 0x4F, 0x72, 0x8F, 0xB8, 0x36, 0x6B, 0x39,
    0x8E, 0x7F, 0x71, 0x68, 0x98, 0x39, 0x1B, 0x29, 0x40, 0xC3, 0x86, 0xCB, 0xCA, 0x42, 0x6D, 0x4F,
    0x17, 0xB0, 0x58, 0x59, 0x5E, 0x74, 0xA0, 0xC5, 0x62, 0x2E, 0x4F, 0xBA, 0x01, 0x9B, 0x1A, 0x25,
    0x55, 0xDF, 0x07, 0x09, 0xAD, 0x5A, 0x55, 0x31, 0xD3, 0x6E, 0x01, 0x17, 0x88, 0x52, 0xA6, 0x54,
    0x64, 0x68, 0xA5, 0xCA, 0x9D, 0x3E, 0xE5, 0xD1, 0x2F, 0x12, 0x41, 0x7D, 0x81, 0x86, 0xAB, 0x4F,
    0xCA, 0xD2, 0x29, 0xAE, 0x72, 0x06, 0x21, 0x16, 0xE1, 0x65, 0x9C, 0x91, 0xE1, 0x13, 0x5C, 0x2E,
    0xD5, 0xB1, 0x4B, 0xCB, 0x56, 0x3C, 0x56, 0xEA, 0x58, 0x87, 0x48, 0x08, 0x0D, 0x8D, 0xBA, 0xD2,
    0x21, 0xC9, 0x84, 0xCE, 0x46, 0x5D, 0xE9, 0xC1, 0x83, 0x88, 0x6A, 0xE3, 0xAD, 0x8A, 0x3F, 0x83,
    0x8A, 0x5A, 0xFB, 0x88, 0x18, 0xFF, 0x8B, 0xB5, 0xF1, 0x15, 0xC6, 0xFF, 0x9E, 0x9A, 0xFA, 0x46,
    0x2A, 0x6F, 0xBC, 0xAB, 0x56, 0x3E, 0x5D, 0xF8, 0xB4, 0x90, 0x5B, 0xBB, 0xBD, 0x66, 0xD2, 0xCB,
    0x3C, 0x50, 0x23, 0xEC, 0x42, 0x28, 0xA2, 0x99, 0x04, 0x3A, 0x8B, 0x68, 0x46, 0x80, 0xD1, 0x3C,
    0x9A, 0x11, 0x78, 0xCA, 0xA8, 0xA8, 0x32, 0xEA, 0x92, 0xA2, 0xC9, 0xF2, 0x85, 0x8A, 0x46, 0xE6,
    0xC9, 0x46, 0x45, 0x3D, 0xF3, 0x63, 0xA1, 0xE8, 0x0B, 0xF9, 0xA6, 0xE8, 0x99, 0x49, 0xD4, 0x59,
    0x71, 0xDA, 0x51, 0x73, 0x62, 0x86, 0xF2, 0x99, 0xCF, 0x2A, 0x88, 0x26, 0x42, 0x5F, 0x67, 0x24,
    0x37, 0x6E, 0xC0, 0x20, 0xDA, 0xCD, 0x95, 0x29, 0x4B, 0xB6, 0x2E, 0x9E, 0x80, 0x62, 0x5A, 0x69,
    0x96, 0xC8, 0x91, 0xEF, 0x2D, 0xAF, 0xD9, 0x68, 0xBC, 0x30, 0x3C, 0x83, 0x73, 0x0E, 0x12, 0xA9,
    0x1A, 0x86, 0x3D, 0xEF, 0xBB, 0x94, 0xF7, 0x71, 0x4F, 0xF6, 0x75, 0x4F, 0xF6, 0x65, 0xAF, 0x86,
    0x18, 0xF6, 0x49, 0xE2, 0x50, 0x44, 0x87, 0x2A, 0x3B, 0x94, 0x61, 0xAA, 0xD3, 0x68, 0xB3, 0x48,
    0x95, 0x46, 0x21, 0xD5, 0x6B, 0x21, 0xD2, 0x40, 0x30, 0x0C, 0x08, 0x0C, 0x83, 0xC3, 0xC0, 0xD0,
    0x0A, 0xEC, 0xBB, 0x5A, 0x0F, 0x92, 0xD3, 0x95, 0x35, 0xA9, 0x0D, 0xB2, 0x07, 0x3D, 0xB5, 0xD8,
    0xCD, 0x76, 0xF2, 0x50, 0x2F, 0xC1, 0x02, 0x73, 0x65, 0x37, 0xBE, 0xD1, 0xE6, 0xDB, 0xFD, 0xFE,
    0xAD, 0xA0, 0xCF, 0xA4, 0x7B, 0xFE, 0x7F, 0xAF, 0x2E, 0x04, 0x78, 0xBF, 0xBA, 0x0A, 0xBB, 0xBA,
    0x2E, 0x20, 0xF5, 0x6F, 0xAE, 0xAE, 0x73, 0x42, 0x9C, 0x5C, 0x7F, 0x52, 0x5A, 0x80, 0xBE, 0xB6,
    0xA6, 0x14, 0x37, 0xEF, 0x61, 0x71, 0x62, 0x03, 0x7F, 0xC3, 0x26, 0xB5, 0x27, 0xD1, 0x9F, 0x50,
    0x05, 0x0B, 0x96, 0xE0, 0xF3, 0x20, 0x47, 0xD0, 0x8D, 0x74, 0x83, 0x5E, 0xB7, 0x65, 0x49, 0xB6,
    0x4C, 0xC9, 0x96, 0x21, 0x4D, 0xD1, 0x69, 0x4A, 0x8B, 0x96, 0x97, 0xD1, 0x2F, 0x26, 0x4B, 0x78,
    0xB4, 0x8D, 0xED, 0xE2, 0x33, 0xE2, 0xB3, 0x15, 0x00, 0x36, 0x7E, 0x10, 0x18, 0x1D, 0x74, 0x4D,
    0x9A, 0xE4, 0xA9, 0x67, 0xF5, 0x3A, 0x98, 0xDD, 0xD9, 0xC1, 0x0B, 0xAE, 0x0B, 0x7B, 0x5F, 0x09,
    0x96, 0xBE, 0x4C, 0xF9, 0xC9, 0xC3, 0xD1, 0xFB, 0xDE, 0x9B, 0x15, 0xD6, 0xF6, 0x58, 0x8C, 0xDE,
    0x8E, 0xBC, 0xCF, 0x04, 0x32, 0x68, 0xE5, 0xF4, 0x17, 0xAA, 0xEB, 0xF7, 0x55, 0x67, 0x2E, 0xCE,
    0x03, 0x38, 0x96, 0xEF, 0xFB, 0x35, 0xB6, 0x0E, 0xE2, 0x3F, 0x01, 0xFC, 0x36, 0x30, 0x50, 0x29,
    0x2F, 0x3F, 0x5D, 0xCA, 0x68, 0xF7, 0x02, 0x96, 0x16, 0x4B, 0x76, 0xE0, 0xD0, 0x96, 0xDE, 0x63,
    0x71, 0x66, 0x24, 0x6C, 0xA6, 0x29, 0xE9, 0xA2, 0xE5, 0xCD, 0x7F, 0xBF, 0x54, 0x3E, 0x60, 0x6D,
    0x0C, 0xDA, 0x4A, 0x92, 0x16, 0x76, 0xBA, 0x89, 0xCB, 0xC0, 0xA5, 0xDB, 0x59, 0x4A, 0x8B, 0xBD,
    0xE9, 0x5B, 0xA6, 0xFD, 0xB8, 0x09, 0x73, 0xD1, 0xD5, 0x4B, 0x79, 0xB4, 0x2F, 0x97, 0x3D, 0xAC,
    0x16, 0xE4, 0xD3, 0xE1, 0xAB, 0x41, 0xEF, 0x74, 0x18, 0x39, 0x46, 0x95, 0x13, 0x67, 0x34, 0x1A,
    0xA9, 0x46, 0x31, 0x08, 0x47, 0x0E, 0x7C, 0xC2, 0x7F, 0xCF, 0xFB, 0x7C, 0x10, 0xA2, 0x5F, 0x36,
    0xE0, 0xD2, 0xBA, 0xCE, 0xA1, 0x0D, 0xF5, 0xE9, 0x42, 0xF4, 0xAB, 0xB7, 0x48, 0x03, 0xC6, 0x12,
    0xEC, 0xAB, 0x7B, 0xF0, 0xE9, 0xF9, 0x45, 0x96, 0x63, 0xD2, 0xD5, 0x29, 0x17, 0x3A, 0x2E, 0x36,
    0xB8, 0x2B, 0x97, 0x99, 0x31, 0xDB, 0x3E, 0x10, 0x5C, 0x1F, 0xDF, 0xB4, 0x2D, 0x45, 0xCA, 0x88,
    0x79, 0x17, 0x56, 0x3F, 0x14, 0x4E, 0x52, 0xFB, 0x42, 0x6E, 0x5A, 0x58, 0xA3, 0xCF, 0x66, 0x73,
    0x22, 0xE0, 0x40, 0x47, 0xFF, 0x40, 0xD5, 0x03, 0x8D, 0xE3, 0x91, 0xE2, 0x67, 0xDE, 0x50, 0x4F,
    0xFC, 0xF6, 0xC5, 0x32, 0x99, 0xF1, 0x49, 0x87, 0x4B, 0xE9, 0x42, 0xD8, 0xBA, 0xC8, 0xCE, 0xE6,
    0x2C, 0x09, 0x4F, 0x77, 0xE2, 0x2F, 0x18, 0x39, 0x47, 0x76, 0xDD, 0xAC, 0x93, 0x22, 0x87, 0xA0,
    0xE1, 0x7C, 0xBC, 0x6B, 0x15, 0x2E, 0x27, 0xFB, 0xC5, 0x43, 0x66, 0xE8, 0xCC, 0xEE, 0x2E, 0x6D,
    0xA1, 0x57, 0x0A, 0x54, 0xF9, 0x25, 0x1D, 0x50, 0x85, 0x05, 0xAD, 0xB7, 0x51, 0x88, 0xB7, 0x30,
    0x27, 0x67, 0x9B, 0xF1, 0xA4, 0x1C, 0xF5, 0xA2, 0xFB, 0x03, 0xDD, 0x59, 0x3D, 0x8E, 0xE5, 0x44,
    0x10, 0xEE, 0x67, 0x6B, 0xE7, 0x49, 0xBC, 0xC0, 0x24, 0x10, 0x30, 0x82, 0xC7, 0x05, 0x90, 0x8F,
    0x60, 0x47, 0xA4, 0x90, 0xCC, 0x25, 0x48, 0xF6, 0x06, 0xD8, 0x12, 0x21, 0x09, 0x01, 0x07, 0x20,
    0x20, 0x9A, 0x88, 0x13, 0x60, 0x1F, 0xC1, 0x47, 0x70, 0xB0, 0x12, 0xA9, 0x03, 0x4B, 0x78, 0x76,
    0xFD, 0xDC, 0x54, 0xD5, 0x57, 0xDD, 0xD5, 0x6F, 0x66, 0x84, 0x66, 0xD8, 0x7D, 0xCB, 0x82, 0xB5,
    0x63, 0x7F, 0xCF, 0xEE, 0xAE, 0xAE, 0xAE, 0xFF, 0xEA, 0xCD, 0x7C, 0x5B, 0xF8, 0xA9, 0xF2, 0x6B,
    0xE7, 0x37, 0x9F, 0x5C, 0xF4, 0x93, 0x5E, 0xD2, 0xA7, 0xCC, 0xB7, 0x2E, 0xB9, 0xE8, 0xE5, 0xFB,
    0xFC, 0x47, 0x2B, 0x16, 0xDE, 0xEB, 0xDA, 0x6F, 0x83, 0x5E, 0x7A, 0xFF, 0xAD, 0x80, 0x92, 0x77,
    0x57, 0x13, 0xC8, 0x64, 0x9F, 0x33, 0xA1, 0xA3, 0xA0, 0x8D, 0x50, 0x83, 0xCD, 0xF7, 0x6E, 0xA7,
    0x62, 0x98, 0x5C, 0xAE, 0x68, 0x61, 0x62, 0x72, 0xAD, 0x3A, 0x81, 0xA7, 0x54, 0xDE, 0x8F, 0x32,
    0x98, 0x51, 0x2D, 0xD4, 0xEB, 0xCE, 0x9F, 0xB0, 0x74, 0xDB, 0xC9, 0x06, 0x0E, 0x44, 0x90, 0xE7,
    0x3B, 0xB7, 0x17, 0xC4, 0x4B, 0xE6, 0x82, 0x26, 0x65, 0xEE, 0x32, 0x28, 0xBB, 0xBD, 0x6D, 0xD3,
    0xD5, 0x16, 0x45, 0xC6, 0x55, 0x13, 0x39, 0x35, 0xEE, 0x6D, 0x47, 0xB6, 0x4B, 0xDB, 0xB9, 0x49,
    0xC3, 0x24, 0x64, 0x52, 0x4B, 0x24, 0x69, 0xD2, 0x95, 0x97, 0x5B, 0xED, 0x14, 0xD6, 0x6F, 0xAF,
    0x4B, 0x43, 0xEE, 0x8A, 0x68, 0xBF, 0x02, 0x04, 0x43, 0x43, 0x18, 0x21, 0xEC, 0x3A, 0xD3, 0xA9,
    0xA9, 0x9C, 0x37, 0x28, 0xFB, 0xBF, 0x67, 0x00, 0x98, 0x50, 0x05, 0x0F, 0xB0, 0xA9, 0x32, 0x19,
    0xF7, 0x46, 0x8D, 0x43, 0x0D, 0xB3, 0x67, 0x92, 0x13, 0x34, 0x3B, 0xB0, 0x70, 0x46, 0xC8, 0x78,
    0xE4, 0xDB, 0x80, 0x15, 0xC5, 0x84, 0x7A, 0x30, 0x18, 0xB1, 0x4B, 0xB1, 0x53, 0xC5, 0x5C, 0x10,
    0x87, 0x8D, 0xF4, 0xEF, 0x01, 0xBF, 0xCF, 0x7D, 0x3D, 0xB6, 0x47, 0x36, 0xCA, 0x4B, 0xE3, 0x34,
    0x24, 0xBA, 0xAF, 0x02, 0x2F, 0x14, 0x29, 0x1B, 0xB5, 0xEF, 0x23, 0x3B, 0xD1, 0xE0, 0x3E, 0xF3,
    0xAF, 0x6B, 0xD7, 0x2C, 0x64, 0x1F, 0x0B, 0x1B, 0xDC, 0xB6, 0x23, 0xE7, 0x38, 0xFA, 0xAD, 0x63,
    0x22, 0x7F, 0xC0, 0xEF, 0xC2, 0x35, 0x94, 0x86, 0xFB, 0x83, 0xE1, 0x68, 0xB5, 0x62, 0x75, 0x9D,
    0x37, 0x1B, 0xAE, 0x12, 0xA9, 0x37, 0xEC, 0x93, 0x57, 0x70, 0x00, 0xBA, 0xB7, 0xE2, 0xCC, 0x13,
    0xDB, 0xDC, 0x09, 0xE6, 0x39, 0x33, 0x9D, 0x19, 0x26, 0xB9, 0xB0, 0xD8, 0x26, 0xC8, 0x6C, 0x85,
    0xED, 0x8A, 0xB5, 0x9F, 0x24, 0x42, 0x21, 0xCC, 0x6F, 0xEC, 0x21, 0x2D, 0x22, 0xA6, 0x44, 0x80,
    0x5A, 0x1D, 0xF8, 0x3E, 0x8E, 0x2E, 0x79, 0x0F, 0x3F, 0x3A, 0x3E, 0xA5, 0x79, 0x48, 0xD6, 0x0A,
    0xEB, 0x32, 0x0F, 0xEA, 0x46, 0x8E, 0xE3, 0x94, 0xF2, 0xBC, 0xD3, 0x88, 0x13, 0xF7, 0x92, 0xEE,
    0x11, 0x7B, 0xCF, 0xB0, 0xF7, 0x54, 0x26, 0x89, 0xAC, 0x4C, 0x86, 0x8B, 0x4B, 0x65, 0x9B, 0xCA,
    0xBC, 0x31, 0x3C, 0x06, 0x1D, 0xFD, 0x49, 0xCB, 0xEC, 0xFD, 0x1C, 0x75, 0x17, 0x75, 0x5A, 0x2D,
    0xA6, 0xEB, 0x82, 0xD8, 0xFD, 0x3C, 0xD8, 0x40, 0x7D, 0x66, 0x1A, 0x4D, 0x08, 0x55, 0x05, 0x14,
    0xDC, 0x86, 0x1C, 0xD4, 0x16, 0xC1, 0x70, 0x2B, 0x88, 0x65, 0x54, 0x1B, 0x96, 0xFD, 0xCF, 0x1A,
    0xD0, 0xD6, 0x10, 0x6B, 0x54, 0x61, 0x9D, 0xC4, 0x56, 0x1D, 0x5E, 0x81, 0xF6, 0x31, 0x44, 0xDE,
    0x16, 0xC4, 0x6A, 0xF9, 0x3E, 0xC8, 0xE2, 0x5B, 0x9C, 0xE9, 0x40, 0x47, 0x04, 0x19, 0xA4, 0x8A,
    0x77, 0x7B, 0x35, 0x05, 0x21, 0x17, 0xB8, 0xE2, 0x4C, 0xE0, 0x02, 0xBF, 0xF2, 0x52, 0x57, 0xE3,
    0xE1, 0xA3, 0x83, 0x26, 0x10, 0xDE, 0x40, 0x52, 0xC9, 0xE5, 0xD1, 0x37, 0x48, 0x93, 0x87, 0x10,
    0x8E, 0x79, 0x72, 0x11, 0x36, 0xCF, 0xE4, 0xBA, 0x18, 0xC1, 0x45, 0x19, 0x27, 0x73, 0xE6, 0x10,
    0xB5, 0x35, 0x9E, 0x4F, 0xF6, 0x3E, 0x7C, 0xBB, 0xE0, 0x8F, 0xF3, 0x2C, 0xFA, 0xB4, 0x1F, 0x1F,
    0x32, 0x6F, 0x4F, 0xFB, 0x21, 0xA1, 0xED, 0x52, 0xFF, 0xDC, 0xD3, 0xAE, 0x0B, 0xF3, 0xB0, 0xFB,
    0xAE, 0xDB, 0x7E, 0xB5, 0x6A, 0xC0, 0xF2, 0xFF, 0x66, 0x19, 0xBF, 0x8F, 0x19, 0xC4, 0x8A, 0x3E,
    0x09, 0x8E, 0x1E, 0x26, 0x1A, 0xC3, 0x46, 0x2C, 0x87, 0x7C, 0x5D, 0x88, 0x85, 0x37, 0x70, 0xE7,
    0x1A, 0x9E, 0x82, 0x30, 0xB8, 0x8F, 0x88, 0xCB, 0xB0, 0xB3, 0xDA, 0x65, 0x88, 0x48, 0xAB, 0xA2,
    0xBD, 0x4F, 0xFC, 0xC9, 0xFB, 0x3B, 0x63, 0xF4, 0xCE, 0x45, 0xFE, 0x66, 0x2B, 0x5F, 0xDA, 0xC8,
    0xC1, 0x1C, 0xE3, 0xDD, 0xC6, 0x13, 0xBE, 0xC6, 0x67, 0x0E, 0x9C, 0xD7, 0x92, 0x52, 0x64, 0xDA,
    0xB5, 0x8F, 0xAA, 0x28, 0x23, 0xCA, 0x05, 0xCD, 0x51, 0xF6, 0x4B, 0x44, 0x12, 0xAC, 0x09, 0x75,
    0x58, 0x9E, 0x50, 0x23, 0x9C, 0x70, 0xF9, 0x22, 0xE1, 0xF2, 0x8E, 0x08, 0x8E, 0x51, 0x06, 0x7D,
    0x66, 0x45, 0x52, 0x15, 0xCD, 0x35, 0xB3, 0x42, 0xEB, 0x3A, 0x22, 0x40, 0x18, 0xF3, 0xB5, 0x96,
    0x58, 0x0A, 0x35, 0x34, 0x94, 0x31, 0x9B, 0x73, 0x72, 0x78, 0x71, 0x73, 0xA3, 0x19, 0x1E, 0xF2,
    0x53, 0x54, 0x47, 0xE9, 0x0E, 0x88, 0x7E, 0x51, 0x33, 0x7D, 0xD0, 0x96, 0x6F, 0x73, 0xE3, 0xCA,
    0x0A, 0xBA, 0x26, 0xF2, 0x77, 0x8C, 0x79, 0x3C, 0x0F, 0x32, 0xD5, 0xCF, 0x22, 0x88, 0x1D, 0x6F,
    0x9E, 0xD6, 0xB9, 0x62, 0xB5, 0x5C, 0xCF, 0xC4, 0x17, 0x7D, 0xEF, 0x58, 0xC6, 0x03, 0xCB, 0x81,
    0x4A, 0xFC, 0x89, 0xB7, 0xD8, 0x87, 0x2A, 0xEE, 0xFE, 0x33, 0x7C, 0x6F, 0x90, 0x8E, 0x6B, 0x99,
    0xDF, 0x6C, 0x91, 0x1E, 0x5F, 0x9F, 0x7A, 0xFF, 0x73, 0x52, 0xC5, 0xFA, 0x9F, 0x9C, 0xE9, 0xFD,
    0x14, 0xED, 0x22, 0x94, 0xB4, 0x65, 0xC8, 0x5E, 0x49, 0xA1, 0x03, 0x91, 0xDC, 0xD5, 0xBB, 0x97,
    0x22, 0x36, 0x88, 0x46, 0xAA, 0x4C, 0xD2, 0x84, 0x96, 0xDE, 0x52, 0x32, 0xB4, 0xB0, 0x2D, 0x4E,
    0x5F, 0x1B, 0x56, 0xE9, 0x7C, 0x9D, 0xA3, 0x60, 0x18, 0x89, 0x34, 0xC9, 0x6D, 0xE4, 0x6C, 0xC9,
    0x39, 0x79, 0x28, 0x7C, 0x2F, 0x32, 0xA1, 0xFB, 0x74, 0x14, 0x13, 0x97, 0x20, 0x3F, 0x97, 0x9A,
    0x2D, 0x57, 0xE7, 0x97, 0xEA, 0x04, 0x5D, 0x9F, 0x5C, 0xB3, 0x56, 0x2B, 0x4D, 0x1D, 0xF6, 0xDC,
    0x0C, 0xAD, 0x0D, 0x7D, 0xF4, 0xED, 0x8E, 0xDB, 0xA1, 0x53, 0xB7, 0x38, 0x66, 0x91, 0x93, 0xEC,
    0xD6, 0xCD, 0x82, 0x49, 0x9F, 0xC7, 0x8D, 0xD8, 0xB3, 0x42, 0xE1, 0xED, 0xB1, 0xF8, 0xA3, 0xD2,
    0xE7, 0xA6, 0x65, 0x93, 0x75, 0x5B, 0xDE, 0x6D, 0xB9, 0x35, 0xCA, 0x1B, 0xB1, 0x7B, 0x22, 0x3E,
    0x2B, 0xF0, 0x5F, 0xAD, 0xC4, 0x7F, 0x09, 0x71, 0x36, 0x6B, 0xA9, 0x0E, 0x4D, 0xE4, 0x96, 0x23,
    0x8B, 0x85, 0xF7, 0x4E, 0xFB, 0x25, 0x39, 0x40, 0x26, 0x24, 0x07, 0x96, 0xCF, 0x15, 0x6B, 0x82,
    0xE4, 0x93, 0x87, 0x74, 0x57, 0xF2, 0x30, 0x93, 0x67, 0x2A, 0xE7, 0x33, 0xF9, 0xA7, 0x7A, 0x49,
    0xF5, 0x95, 0xEA, 0xF1, 0x4C, 0xBF, 0xA9, 0xDE, 0x53, 0x7B, 0x38, 0xB3, 0x13, 0xB3, 0x9F, 0xAC,
    0x13, 0x47, 0x2D, 0x7D, 0xE8, 0xDC, 0x62, 0xD8, 0xD2, 0x38, 0xD1, 0xC3, 0xDA, 0x07, 0xB8, 0xE7,
    0x58, 0xD1, 0xB0, 0x86, 0x7B, 0xFE, 0x9E, 0xF8, 0x9B, 0x20, 0xCC, 0xF8, 0xB8, 0xF6, 0xDB, 0x37,
    0xDC, 0xF4, 0x8B, 0x44, 0x30, 0x7D, 0xC2, 0xBC, 0xA9, 0x49, 0xCB, 0xE0, 0x89, 0x5D, 0xE6, 0x25,
    0x3F, 0x64, 0x1E, 0x3F, 0x2A, 0x79, 0x99, 0xD9, 0x90, 0xE6, 0x6C, 0x3A, 0x13, 0x7B, 0x03, 0xD2,
    0x3F, 0xCA, 0x42, 0xCB, 0xD5, 0xED, 0x2F, 0x0F, 0x33, 0xC1, 0x97, 0xE2, 0x7F, 0xC0, 0xC2, 0xD5,
    0x17, 0xF0, 0x05, 0xC1, 0xBF, 0xA3, 0xB6, 0x96, 0x00, 0x06, 0xC9, 0x77, 0x8C, 0x8F, 0x1B, 0x32,
    0x31, 0xE3, 0x6E, 0x83, 0xE0, 0x27, 0xD5, 0x04, 0xEB, 0x66, 0x62, 0x1E, 0xB7, 0xD0, 0x8E, 0x69,
    0x5D, 0x24, 0x16, 0x94, 0xC5, 0xBE, 0x7F, 0xE2, 0x17, 0x27, 0x44, 0xAE, 0x96, 0x2D, 0x65, 0x46,
    0x88, 0x16, 0x89, 0xA2, 0xC0, 0x9E, 0x39, 0x2A, 0x6D, 0x4E, 0xDF, 0x60, 0xC8, 0x21, 0x19, 0x52,
    0xDD, 0x1F, 0x52, 0xDA, 0x10, 0x87, 0x21, 0xF2, 0x66, 0x8F, 0x45, 0x05, 0xE7, 0x3E, 0xA4, 0x0B,
    0x8C, 0x19, 0x9C, 0x0E, 0x2D, 0x61, 0x0C, 0xE9, 0x84, 0x94, 0x50, 0xBA, 0x00, 0x16, 0x4E, 0x07,
    0xED, 0xD2, 0x41, 0x60, 0x14, 0x7B, 0x3C, 0xF8, 0xD0, 0xF2, 0x4B, 0x6F, 0x60, 0x32, 0xA9, 0x20,
    0xAB, 0xC6, 0x64, 0x05, 0xAB, 0x50, 0x19, 0x66, 0x22, 0xDB, 0x26, 0x91, 0x79, 0xB1, 0x99, 0x2E,
    0x32, 0xE0, 0x5C, 0x74, 0xF4, 0x3D, 0x74, 0xF7, 0x9B, 0xE9, 0xCE, 0x7D, 0x6C, 0xFD, 0xB9, 0x5A,
    0xFC, 0xA5, 0xB1, 0x7B, 0x78, 0x54, 0xF0, 0x9F, 0xC1, 0x1F, 0xDD, 0xDE, 0xEA, 0x5E, 0xFA, 0x7F,
    0xFA, 0xF8, 0x40, 0xF2, 0x4B, 0x21, 0x14, 0x91, 0x5F, 0x24, 0x96, 0xD4, 0xC8, 0x2F, 0x82, 0x87,
    0x87, 0xF9, 0xA5, 0x00, 0x0B, 0x92, 0x5F, 0x0A, 0x04, 0x32, 0xC9, 0x2F, 0x05, 0x57, 0x19, 0x2B,
    0xF2, 0x0B, 0x87, 0x65, 0xC6, 0x9C, 0x5F, 0x14, 0x4B, 0x7E, 0x51, 0x2C, 0xF9, 0x45, 0x71, 0x01,
    0xAF, 0xEE, 0x73, 0x1C, 0xDE, 0x4D, 0xA0, 0x39, 0x27, 0x78, 0x4C, 0x70, 0x6D, 0x78, 0x75, 0xC9,
    0x7B, 0x87, 0xFC, 0x52, 0x40, 0xB0, 0x92, 0x5F, 0x88, 0x66, 0x49, 0x62, 0x93, 0xFC, 0x52, 0x70,
    0xFD, 0x31, 0x22, 0xBF, 0x14, 0xBC, 0xD3, 0x09, 0xF9, 0x45, 0xD6, 0x9D, 0x43, 0x7E, 0x21, 0xFE,
    0x17, 0xE4, 0x97, 0x82, 0xB3, 0xC6, 0x8A, 0xFC, 0x22, 0x7C, 0x9E, 0x90, 0x5F, 0x04, 0x6F, 0xC8,
    0x2F, 0x2F, 0x6E, 0x6A, 0xF7, 0xC9, 0xCD, 0x07, 0x92, 0x5F, 0xFC, 0x33, 0x2F, 0x97, 0x85, 0xC0,
    0xD5, 0x8A, 0xCF, 0xCF, 0x5A, 0xDF, 0x16, 0xD6, 0x70, 0xB7, 0x95, 0x6F, 0x69, 0x77, 0x1D, 0x9F,
    0x37, 0x8C, 0xD2, 0xBB, 0x4F, 0xCC, 0xFC, 0xA3, 0x77, 0xF9, 0x8A, 0x91, 0x98, 0x05, 0x0A, 0xA0,
    0x06, 0xCA, 0x58, 0x45, 0xDB, 0xD5, 0x4C, 0xD3, 0xF3, 0xBB, 0x39, 0x60, 0x7C, 0x26, 0x7A, 0xE4,
    0xB0, 0xE8, 0x1D, 0xA1, 0x7F, 0x6B, 0x47, 0xF7, 0x62, 0xD3, 0xDF, 0x34, 0x70, 0x17, 0xDB, 0xF9,
    0x41, 0x6C, 0xB2, 0xD3, 0xA3, 0x91, 0xA0, 0xFB, 0x51, 0xEC, 0x60, 0x96, 0xE2, 0x62, 0x11, 0x23,
    0x5E, 0xA9, 0xD4, 0x3B, 0xF8, 0xD5, 0x73, 0xE8, 0xA1, 0x3B, 0x0D, 0x46, 0x13, 0x8D, 0xD3, 0xEE,
    0x55, 0x6C, 0x72, 0x09, 0x8E, 0x72, 0x14, 0xFB, 0xEF, 0xD8, 0x75, 0xF6, 0xE2, 0x16, 0x8D, 0x9E,
    0xE6, 0x9E, 0xC2, 0xF1, 0xCA, 0x51, 0x9B, 0x43, 0x49, 0x7C, 0xE2, 0x4F, 0x9D, 0xE9, 0x78, 0x7D,
    0xCA, 0x9D, 0xFD, 0xE9, 0x95, 0xC3, 0x39, 0x54, 0x0D, 0xDE, 0xC7, 0x10, 0xE3, 0xB4, 0x94, 0xAE,
    0xD0, 0xBB, 0x75, 0x21, 0x83, 0x71, 0x37, 0xE5, 0xD0, 0xB4, 0x84, 0x8A, 0x16, 0x6B, 0xA2, 0xC0,
    0xD1, 0x5A, 0x65, 0x75, 0x5A, 0x8F, 0xC8, 0x03, 0x47, 0x3D, 0xD2, 0x61, 0xD9, 0x37, 0xAF, 0x29,
    0xB7, 0x75, 0x91, 0x7D, 0x5A, 0xAC, 0x47, 0x9D, 0xD6, 0xF3, 0x0A, 0x0D, 0xB7, 0x29, 0xC3, 0x2E,
    0x1E, 0x7C, 0xE9, 0x59, 0x24, 0x38, 0xDB, 0x42, 0xFC, 0xCD, 0xD5, 0xFA, 0x3A, 0xF4, 0x48, 0xBA,
    0x23, 0x3B, 0x43, 0x94, 0x33, 0x9E, 0x42, 0x4B, 0x26, 0x9C, 0xDF, 0x39, 0x3D, 0xAC, 0xD3, 0x03,
    0xEE, 0x83, 0x36, 0xAC, 0x2C, 0xFE, 0x95, 0x47, 0xCC, 0xB1, 0xFF, 0x53, 0x91, 0x2B, 0x2A, 0x23,
    0x0A, 0x07, 0x77, 0x7D, 0xFE, 0xF0, 0x40, 0xB4, 0xB7, 0xCE, 0x33, 0x1E, 0xDE, 0xF5, 0xD5, 0xC3,
    0x43, 0xBC, 0x3E, 0x9E, 0xFE, 0xF5, 0xFE, 0x62, 0xA8, 0x7B, 0x64, 0xDD, 0xEA, 0x11, 0x74, 0x7C,
    0x64, 0x1F, 0xB6, 0xB7, 0xE4, 0xF4, 0xDC, 0x64, 0x60, 0x72, 0x31, 0x59, 0xB1, 0x2F, 0x72, 0x87,
    0xF5, 0xBF, 0x41, 0xD9, 0x53, 0xFE, 0xF7, 0xB1, 0x42, 0x6D, 0x5D, 0xAB, 0x03, 0xB2, 0x85, 0xED,
    0xD8, 0x92, 0xA4, 0x11, 0xDB, 0xB3, 0x41, 0x4A, 0xE9, 0xBB, 0x0F, 0x07, 0x00, 0xC3, 0x1E, 0x26,
    0x5B, 0xA2, 0x96, 0x0D, 0xB7, 0x52, 0x8E, 0x34, 0xFC, 0xC8, 0xB7, 0xA1, 0xC3, 0x39, 0x09, 0x5C,
    0x6F, 0xE6, 0x73, 0xD5, 0x1A, 0x54, 0x8F, 0x9C, 0x9B, 0x79, 0x69, 0xE6, 0x49, 0x1C, 0xD9, 0xFE,
    0xDE, 0xD0, 0xDF, 0x0F, 0x7E, 0x5D, 0x28, 0xA4, 0xB4, 0xB9, 0xF8, 0xC6, 0xBB, 0xFB, 0xDB, 0x75,
    0xA1, 0x27, 0x20, 0x76, 0x76, 0x70, 0x41, 0xE4, 0xE9, 0xF6, 0xAC, 0x7B, 0xD3, 0xA6, 0x6A, 0xEE,
    0xA4, 0x71, 0x5F, 0xE0, 0x60, 0x2B, 0xE2, 0x0B, 0x07, 0xBD, 0xE7, 0x3E, 0x74, 0x5E, 0xCB, 0x54,
    0x94, 0xA6, 0xAE, 0xA0, 0xEB, 0xE9, 0xEA, 0xCA, 0xCB, 0x4E, 0xAB, 0x85, 0x0A, 0x22, 0x26, 0x23,
    0x7D, 0xED, 0xDC, 0x5F, 0xED, 0x59, 0x3D, 0xAE, 0xE4, 0x44, 0x10, 0x6E, 0x8F, 0xC5, 0x4E, 0xE0,
    0xC0, 0x24, 0x44, 0x1B, 0xF8, 0x04, 0x68, 0x8E, 0x60, 0x4B, 0x9C, 0xE1, 0x5D, 0x62, 0x13, 0x8E,
    0xE0, 0x91, 0x08, 0x48, 0xB9, 0x04, 0x12, 0xBC, 0x4B, 0x78, 0x56, 0x84, 0x04, 0x3B, 0x88, 0x0B,
    0x58, 0x62, 0x73, 0x2C, 0x18, 0x09, 0x4B, 0xD8, 0x2E, 0xBA, 0xFE, 0xCB, 0xA3, 0xF7, 0x60, 0x85,
    0x36, 0x82, 0xE7, 0x60, 0xB7, 0x3F, 0x4F, 0xBB, 0xAA, 0xBA, 0xAA, 0xBE, 0xAE, 0xEA, 0x7E, 0x29,
    0xF9, 0x73, 0xC6, 0x7F, 0x3E, 0xE5, 0xF1, 0x84, 0xFF, 0x7C, 0xCE, 0xE3, 0x15, 0xFF, 0x39, 0xD1,
    0xAF, 0x09, 0x3A, 0x1C, 0x4F, 0x3C, 0x1E, 0x71, 0xBC, 0xF2, 0x78, 0xC1, 0x31, 0xD0, 0x24, 0xC0,
    0x49, 0x27, 0xFA, 0x35, 0x8F, 0x47, 0x1C, 0x2F, 0x3C, 0x5E, 0x70, 0x4C, 0x22, 0x00, 0x80, 0xC6,
    0x23, 0x8F, 0xAF, 0xA9, 0x01, 0x11, 0x01, 0x73, 0x3A, 0xD2, 0xAF, 0xA9, 0xA2, 0xFF, 0xE8, 0xD7,
    0x54, 0xD0, 0x7F, 0xF4, 0x6B, 0x4A, 0x2D, 0xC0, 0x2D, 0x4C, 0xDA, 0xE2, 0xA4, 0xCB, 0xFD, 0xA4,
    0x2D, 0x4E, 0xBA, 0x84, 0x49, 0x37, 0x1E, 0x9F, 0x71, 0xE6, 0x44, 0x73, 0x56, 0xF9, 0x91, 0xDF,
    0xF0, 0x47, 0xFC, 0x86, 0x84, 0xF1, 0x1B, 0x9F, 0xA2, 0xE2, 0xA3, 0xC4, 0x68, 0x4E, 0x34, 0x53,
    0xD7, 0x38, 0x87, 0xB5, 0x5F, 0x69, 0x3C, 0xD3, 0x98, 0xFD, 0x73, 0x0D, 0xBE, 0x4A, 0xEE, 0xC3,
    0x99, 0xC6, 0x9D, 0xFB, 0x7C, 0x09, 0xB1, 0xA0, 0x29, 0x89, 0xDE, 0x9C, 0x68, 0x4A, 0x1A, 0x43,
    0xEC, 0xBA, 0x10, 0x53, 0x7B, 0xDE, 0x3C, 0x9E, 0x1D, 0x14, 0xB4, 0x9C, 0x74, 0x60, 0xBD, 0x25,
    0x50, 0x0C, 0x1B, 0x46, 0x47, 0x32, 0xA3, 0xE0, 0xD0, 0xA4, 0x9A, 0x7C, 0x59, 0x0B, 0xE2, 0x29,
    0x83, 0xA0, 0x56, 0x57, 0x46, 0x68, 0x40, 0x87, 0x1A, 0xB2, 0x28, 0x2F, 0xA4, 0x87, 0xD4, 0xC1,
    0x9F, 0x84, 0x44, 0x1D, 0x7C, 0x45, 0xA8, 0x62, 0x3F, 0xCC, 0x25, 0x21, 0x56, 0x97, 0xCE, 0xA5,
    0x24, 0x06, 0x2F, 0x9A, 0x11, 0xAB, 0x53, 0xC4, 0xEA, 0x14, 0xB1, 0x3A, 0x41, 0xA2, 0x4E, 0x90,
    0xA8, 0x13, 0x24, 0xEA, 0x04, 0xD5, 0xB0, 0x06, 0xA4, 0xEA, 0x18, 0xB5, 0x18, 0x5A, 0x43, 0xAA,
    0x8E, 0x11, 0x46, 0xAD, 0x44, 0x49, 0x88, 0x48, 0x5D, 0xA5, 0xA8, 0xC4, 0x5C, 0x6F, 0x14, 0xD1,
    0xEB, 0x56, 0x11, 0xA9, 0x03, 0x45, 0x27, 0xFE, 0x56, 0x50, 0x6B, 0x79, 0x83, 0x08, 0xD5, 0xD5,
    0x8A, 0x0A, 0x54, 0xD7, 0x6E, 0x62, 0x79, 0x89, 0xEA, 0x86, 0x45, 0x50, 0xFE, 0xA4, 0x3B, 0xC0,
    0x24, 0x28, 0x7F, 0x92, 0xDF, 0x8C, 0x82, 0x9A, 0xAC, 0xAE, 0x86, 0x8B, 0xA0, 0x96, 0x94, 0x24,
    0x41, 0x7D, 0x56, 0x37, 0xAC, 0x8A, 0x72, 0xEA, 0x17, 0xD9, 0xBB, 0x8C, 0x50, 0x5D, 0x99, 0xF5,
    0x33, 0x42, 0x75, 0x75, 0xD6, 0xCF, 0x08, 0xD5, 0x21, 0xE3, 0x39, 0xC1, 0x51, 0x5D, 0x5E, 0x1C,
    0x30, 0x42, 0x75, 0x8E, 0x58, 0x9D, 0x22, 0x54, 0x77, 0x32, 0x84, 0x4C, 0x6B, 0x14, 0xD1, 0xEA,
    0x8E, 0x8A, 0x4A, 0x8D, 0x1D, 0x4D, 0x3C, 0xF2, 0xC6, 0x21, 0xA8, 0xD6, 0xD8, 0x99, 0x3A, 0x47,
    0xAD, 0xC6, 0xCE, 0xD4, 0xD1, 0xF3, 0xF8, 0x28, 0xEA, 0xFC, 0x79, 0x8C, 0x44, 0xD0, 0x47, 0xA6,
    0x14, 0x2C, 0xE5, 0xC0, 0x3C, 0x55, 0x46, 0xA8, 0x4D, 0x92, 0xDA, 0x15, 0x1B, 0x55, 0x19, 0x43,
    0x20, 0x05, 0x52, 0x9C, 0xD8, 0x2C, 0xD8, 0x71, 0xE4, 0x8E, 0x24, 0x77, 0x2C, 0x51, 0x68, 0x7A,
    0x7E, 0x26, 0x78, 0x94, 0xC4, 0x5D, 0x95, 0x1A, 0xBC, 0xFA, 0x2B, 0xC3, 0x86, 0x99, 0xE2, 0xE4,
    0x88, 0xB9, 0x9B, 0x1D, 0x30, 0xA7, 0x1D, 0x3D, 0x62, 0xF6, 0x16, 0xCA, 0x16, 0x23, 0xC8, 0x25,
    0x40, 0x55, 0x6B, 0x14, 0x11, 0xA7, 0x33, 0x34, 0xAF, 0x2B, 0x49, 0x96, 0x08, 0xCD, 0xEF, 0x4A,
    0x93, 0x29, 0xFB, 0x63, 0xEB, 0x8C, 0x27, 0x57, 0xCC, 0xF7, 0x9B, 0x11, 0xE5, 0x82, 0x29, 0xBE,
    0x19, 0x53, 0x3A, 0xCA, 0x97, 0xB3, 0x50, 0x05, 0xD0, 0xA5, 0x68, 0x1A, 0x73, 0x05, 0x73, 0x15,
    0xD0, 0x70, 0x26, 0xCB, 0x72, 0x20, 0x38, 0x09, 0x5B, 0x6E, 0x25, 0x25, 0x26, 0xC3, 0xFC, 0x9A,
    0x45, 0x4C, 0x1A, 0xCC, 0xC3, 0xE3, 0x77, 0x0A, 0x75, 0x3B, 0x10, 0xA8, 0xFB, 0x81, 0x6C, 0xBB,
    0xB2, 0xFF, 0x64, 0x89, 0xD7, 0xE4, 0x1B, 0xD0, 0x51, 0x3C, 0x24, 0xC1, 0x6C, 0xE5, 0x1B, 0x0E,
    0xE6, 0x41, 0x62, 0x29, 0x5E, 0x6D, 0xC4, 0xB9, 0xE2, 0x55, 0x10, 0x81, 0xEC, 0xD5, 0x4A, 0x03,
    0x51, 0xCB, 0x5E, 0x2F, 0xE9, 0xCD, 0xC1, 0xB4, 0xA0, 0xB5, 0x12, 0x34, 0x89, 0x03, 0xBD, 0x2F,
    0x34, 0xDE, 0x1C, 0xCC, 0x83, 0x3A, 0x9E, 0xE8, 0x83, 0xDA, 0xC8, 0x1B, 0xA2, 0xD6, 0x20, 0x13,
    0xC8, 0x20, 0xAB, 0x35, 0xC8, 0xC1, 0x34, 0xD8, 0x6A, 0x16, 0x32, 0xE4, 0x60, 0x1A, 0xDC, 0xB3,
    0x48, 0x29, 0x72, 0xFF, 0x1C, 0x1E, 0xBF, 0xDF, 0x61, 0x71, 0xE8, 0x2B, 0x80, 0xF7, 0x29, 0x50,
    0x0A, 0x43, 0xDB, 0xB9, 0x4B, 0x4B, 0x0E, 0x2D, 0xAD, 0x75, 0x62, 0xF7, 0x00, 0xA7, 0x12, 0xBF,
    0xA6, 0xAD, 0x63, 0xF1, 0xC2, 0x45, 0x89, 0xB2, 0x79, 0x34, 0x7B, 0xDD, 0x59, 0x8E, 0x56, 0x55,
    0x0F, 0xB2, 0x65, 0x6C, 0xDA, 0x9D, 0xC8, 0xA6, 0x61, 0x95, 0x56, 0xB6, 0x8D, 0xD9, 0xB7, 0x00,
    0x53, 0xCF, 0xF1, 0xDB, 0x42, 0x5D, 0x11, 0x7A, 0x17, 0x46, 0x95, 0x41, 0xF2, 0x58, 0x63, 0x34,
    0x90, 0x3F, 0xAC, 0xBA, 0x20, 0x1E, 0x3D, 0x9D, 0xF4, 0x7B, 0xAB, 0x30, 0xE4, 0x80, 0x9D, 0xFA,
    0x02, 0x45, 0x0D, 0xC1, 0xC7, 0x7D, 0x56, 0x65, 0xEA, 0xC9, 0xD4, 0x8B, 0x15, 0x36, 0xDC, 0xD6,
    0x32, 0x36, 0xF5, 0x2C, 0xEB, 0x42, 0xEA, 0x6B, 0x62, 0xC0, 0x19, 0xBF, 0x27, 0xF5, 0x27, 0x22,
    0xC8, 0x15, 0xE5, 0x9F, 0x98, 0xA3, 0x8B, 0xF8, 0xAB, 0xA3, 0x12, 0x07, 0xB6, 0x51, 0x93, 0xFA,
    0x12, 0x71, 0xC3, 0xFE, 0xC5, 0x35, 0xD1, 0x36, 0x57, 0x91, 0xFF, 0x29, 0xB7, 0xA8, 0x67, 0x23,
    0xF2, 0x4D, 0x94, 0x5C, 0x2D, 0xB0, 0xD0, 0x3C, 0xAE, 0xA5, 0x75, 0x5B, 0x24, 0xDE, 0x98, 0x5E,
    0x07, 0xF8, 0xC3, 0xD6, 0x8C, 0xF9, 0x75, 0x84, 0x5F, 0x0C, 0x63, 0x82, 0xD5, 0xF0, 0x83, 0x61,
    0xCC, 0xB0, 0x16, 0xCA, 0x5D, 0x66, 0x0F, 0x6B, 0xE9, 0x3B, 0x1B, 0x5C, 0x72, 0x95, 0x32, 0x8C,
    0xEA, 0x8F, 0x4C, 0x75, 0xE3, 0x54, 0x8D, 0x4E, 0x11, 0xCC, 0xF5, 0xA8, 0x33, 0x8C, 0xEA, 0xFB,
    0x0D, 0xC5, 0xCC, 0x5E, 0x02, 0x69, 0xE1, 0xB3, 0xA9, 0x0F, 0x98, 0x32, 0x3C, 0x60, 0xAE, 0xBB,
    0x8E, 0x2B, 0x59, 0xBD, 0x62, 0x5A, 0xFD, 0x6B, 0xC7, 0x52, 0x08, 0x92, 0xEA, 0x6F, 0x77, 0xCD,
    0x0C, 0x66, 0xC0, 0x6D, 0x87, 0x61, 0xD7, 0xD0, 0x38, 0xC1, 0xCA, 0x7D, 0x11, 0x4A, 0xB8, 0x97,
    0x79, 0x15, 0xB2, 0xE7, 0xD5, 0x1D, 0xF1, 0xD2, 0x69, 0x9F, 0xD9, 0x3B, 0x19, 0xF8, 0xF5, 0x68,
    0x5E, 0x9B, 0x3E, 0x64, 0x54, 0x85, 0xA2, 0xA1, 0x52, 0x5C, 0x72, 0xD0, 0xF6, 0x81, 0x8F, 0x4B,
    0x39, 0x3E, 0x31, 0xAA, 0x6C, 0x54, 0x1B, 0xC5, 0x5A, 0x5B, 0x31, 0xA8, 0xDE, 0x4A, 0xB7, 0x57,
    0x4C, 0xC0, 0x45, 0x37, 0x26, 0x31, 0xB9, 0x01, 0x15, 0x32, 0x80, 0xF7, 0x4E, 0x12, 0xEC, 0xCA,
    0x7E, 0x6C, 0x40, 0x4B, 0x5A, 0x6B, 0x8B, 0xED, 0x03, 0xAF, 0x7D, 0xDB, 0xF5, 0x3C, 0xBD, 0x3D,
    0x31, 0xA2, 0x4F, 0x3F, 0x79, 0x78, 0x90, 0x51, 0x03, 0x10, 0x47, 0xB7, 0xA4, 0xDB, 0xD8, 0x8D,
    0x55, 0x6D, 0x83, 0xEE, 0x84, 0x6B, 0x4F, 0xD6, 0x61, 0x1D, 0x69, 0xC9, 0xC9, 0x78, 0x64, 0x90,
    0xD6, 0x29, 0x8B, 0xA8, 0x75, 0x34, 0x56, 0x3A, 0xBA, 0x94, 0x3A, 0x4A, 0x49, 0x06, 0x4B, 0xD2,
    0xFE, 0x6A, 0xD2, 0x3D, 0x9B, 0xBC, 0xF5, 0xA5, 0xA9, 0x4C, 0x6F, 0x60, 0xFB, 0x56, 0x8D, 0x5D,
    0x53, 0xD8, 0x57, 0x20, 0x24, 0x4D, 0xCC, 0xAA, 0xDA, 0x03, 0x4D, 0x32, 0xC7, 0x78, 0x7E, 0x98,
    0x62, 0xF3, 0x34, 0x47, 0x71, 0x41, 0x76, 0x13, 0x65, 0xD7, 0x51, 0x76, 0x19, 0x65, 0x17, 0x51,
    0xF6, 0x6E, 0x13, 0xFC, 0xC8, 0x4F, 0x1F, 0x39, 0x73, 0xB7, 0x86, 0x25, 0xD6, 0xB6, 0x2D, 0x1A,
    0xEA, 0x6B, 0x38, 0x42, 0x58, 0x83, 0xA7, 0x90, 0x54, 0xAC, 0x6B, 0xF0, 0xA2, 0x2F, 0xA8, 0x85,
    0xA0, 0xA8, 0x07, 0x4F, 0x19, 0x4A, 0xCB, 0xC5, 0x0D, 0xF0, 0xA8, 0x64, 0x7F, 0xBC, 0x33, 0x13,
    0xB2, 0x01, 0x3F, 0x9A, 0x09, 0xD9, 0x80, 0x2F, 0xCC, 0x84, 0x6C, 0x40, 0x19, 0x78, 0xB2, 0x79,
    0x75, 0x6A, 0xA8, 0x5D, 0x1A, 0x7D, 0xDF, 0x1B, 0x3C, 0xB3, 0x67, 0xEF, 0xD2, 0x06, 0xDA, 0x70,
    0x17, 0x77, 0x87, 0xD6, 0x27, 0xDA, 0x7A, 0xB5, 0x78, 0x91, 0x8E, 0xDA, 0x19, 0x74, 0xB6, 0xB6,
    0xBC, 0x8A, 0x1D, 0x3B, 0xCD, 0xD0, 0x0A, 0x45, 0x9D, 0x85, 0x86, 0xB5, 0x8D, 0x3D, 0x28, 0x97,
    0x3C, 0xD9, 0xFC, 0x06, 0xC9, 0x5E, 0xED, 0x91, 0x21, 0xD4, 0x79, 0x7E, 0x36, 0x6B, 0x41, 0xA4,
    0xC2, 0x3B, 0xE8, 0x38, 0x04, 0xFC, 0x9C, 0xA5, 0x69, 0x60, 0x7E, 0x24, 0x3D, 0x5E, 0xD8, 0xA1,
    0x1C, 0xC0, 0xBB, 0x9C, 0x55, 0x96, 0x78, 0x43, 0x03, 0x16, 0x4F, 0x61, 0xCD, 0x63, 0x7C, 0x59,
    0x68, 0x9C, 0x5A, 0x2A, 0x62, 0xE2, 0x3E, 0xE4, 0x8A, 0x11, 0x01, 0x93, 0xDB, 0xF6, 0x29, 0xDC,
    0xA6, 0x8C, 0x2F, 0xF8, 0xB6, 0xD1, 0x30, 0x65, 0x67, 0x5D, 0x4F, 0x7E, 0xEA, 0x84, 0xA9, 0xD5,
    0xD0, 0xA2, 0xD8, 0xC1, 0x82, 0x6E, 0x2C, 0x2A, 0x62, 0x2E, 0x96, 0x31, 0x4B, 0xAB, 0xD8, 0x74,
    0xED, 0xD8, 0x79, 0x8A, 0x44, 0xDB, 0x51, 0x30, 0x92, 0x73, 0x47, 0xDB, 0x32, 0x0A, 0xF3, 0xA6,
    0x3F, 0x9E, 0xB3, 0x62, 0x19, 0x4B, 0x69, 0xDF, 0x2E, 0xBD, 0x50, 0xF3, 0x85, 0x9A, 0xFF, 0x37,
    0x6A, 0xBE, 0x7A, 0xEC, 0x22, 0x31, 0xC6, 0x98, 0xBD, 0xB7, 0x98, 0xB0, 0xEB, 0xD3, 0x39, 0x5A,
    0xC7, 0xB4, 0xDC, 0x65, 0x62, 0x0F, 0xBF, 0xC6, 0x93, 0xC8, 0xD7, 0xE1, 0x94, 0x0D, 0x07, 0x93,
    0xC0, 0xAD, 0xFD, 0x45, 0xBF, 0xBF, 0xE5, 0x45, 0x5B, 0xEE, 0xE0, 0x4D, 0xE3, 0xEC, 0x27, 0x89,
    0x4A, 0x24, 0x14, 0xD8, 0x16, 0x16, 0xF7, 0xBD, 0xE1, 0x0B, 0x4F, 0x5F, 0x78, 0xFA, 0xDF, 0xE5,
    0x69, 0xB5, 0x75, 0xE9, 0xB3, 0x07, 0xCB, 0x90, 0x11, 0xAF, 0x3D, 0xF5, 0xD3, 0xC5, 0x00, 0x5D,
    0xAF, 0xF6, 0x60, 0x8D, 0x2A, 0x5C, 0x55, 0x28, 0xAF, 0x75, 0xF5, 0x74, 0xB3, 0x1C, 0x1B, 0xE0,
    0xAD, 0x9D, 0x20, 0x12, 0x5F, 0x58, 0x4D, 0x76, 0x12, 0xF2, 0x82, 0x9C, 0x81, 0x93, 0xF6, 0x21,
    0x5B, 0xD2, 0xBF, 0xFF, 0x78, 0x85, 0xB2, 0x81, 0x6F, 0xE2, 0x26, 0xB4, 0x3C, 0xD3, 0xC9, 0xF7,
    0xB1, 0xDB, 0x8E, 0x34, 0x2B, 0x22, 0xCD, 0x0E, 0x91, 0x66, 0x65, 0xA4, 0xD9, 0x31, 0xD2, 0xAC,
    0x8E, 0x34, 0x6B, 0x22, 0x38, 0x41, 0x60, 0x7A, 0x0B, 0x81, 0xE9, 0x3D, 0xFC, 0xEE, 0x26, 0x00,
    0xFC, 0x66, 0x1D, 0x46, 0x36, 0xE0, 0x27, 0xB3, 0x07, 0xB3, 0x3D, 0x9E, 0x2C, 0xCF, 0x43, 0x38,
    0x70, 0x76, 0x76, 0x07, 0xCF, 0x37, 0xCD, 0x73, 0xB2, 0xDB, 0xB2, 0x46, 0x4D, 0x38, 0xE9, 0xBD,
    0xBA, 0xD2, 0xC4, 0xEE, 0x60, 0x06, 0xBE, 0x51, 0x77, 0x6A, 0xEA, 0x75, 0x09, 0x91, 0x4A, 0x69,
    0x46, 0xE7, 0xEC, 0x42, 0x5C, 0xC2, 0x44, 0x14, 0x7B, 0x2A, 0x9A, 0x2E, 0xF6, 0xD4, 0x72, 0x5D,
    0x74, 0xF3, 0x63, 0x4D, 0xAB, 0x37, 0xBC, 0xE0, 0xF9, 0xD2, 0x06, 0xCE, 0x19, 0x35, 0x21, 0x52,
    0x13, 0x5D, 0x52, 0x44, 0x9A, 0x95, 0x4F, 0x83, 0x31, 0x52, 0x73, 0x8A, 0xD4, 0xBC, 0x91, 0x01,
    0x9D, 0x25, 0x7C, 0x6B, 0x57, 0xFA, 0x74, 0x21, 0xBB, 0x79, 0x0F, 0xA8, 0xD4, 0x3C, 0xF1, 0x41,
    0x71, 0x31, 0xCE, 0x19, 0x35, 0x91, 0x73, 0xD6, 0x62, 0x56, 0x7C, 0xB2, 0x1C, 0x8D, 0x73, 0x95,
    0xFF, 0x21, 0x85, 0xCE, 0xA1, 0x17, 0xE3, 0x5C, 0x13, 0xCE, 0xE2, 0xB3, 0xE7, 0x1D, 0xEB, 0x78,
    0x8D, 0xB2, 0x7B, 0xC9, 0xB1, 0x61, 0xC3, 0x2F, 0xAC, 0x32, 0x75, 0x59, 0xF0, 0x6A, 0x91, 0xB7,
    0x60, 0xDD, 0x6F, 0x90, 0xCF, 0x80, 0xDD, 0x37, 0x24, 0xAD, 0xD4, 0xD0, 0x0F, 0xF4, 0x47, 0x39,
    0xC9, 0x90, 0x9D, 0x05, 0x1F, 0xFB, 0x19, 0xB6, 0x5D, 0x05, 0xDC, 0x9D, 0x8A, 0xE7, 0x58, 0xF4,
    0xD6, 0x5D, 0xD1, 0x8B, 0x5D, 0xBC, 0x53, 0xB3, 0x86, 0xD0, 0x79, 0x37, 0x91, 0xA7, 0x6D, 0xE4,
    0xE9, 0xAE, 0x02, 0x0E, 0x11, 0xF8, 0xFD, 0x95, 0xE4, 0xD5, 0xE2, 0xD4, 0x7E, 0x17, 0xDB, 0x88,
    0xFB, 0x0A, 0xE8, 0x06, 0x1C, 0xCC, 0x84, 0x26, 0x56, 0xC0, 0x13, 0x75, 0x1B, 0xD7, 0x27, 0x2B,
    0x60, 0x68, 0x3D, 0xF8, 0xD6, 0x6E, 0x76, 0x77, 0x34, 0x7E, 0x13, 0x73, 0x31, 0x6A, 0x96, 0x31,
    0x72, 0x47, 0x8E, 0x1C, 0xA4, 0x58, 0x01, 0xCF, 0x76, 0x5D, 0xAC, 0x26, 0xF0, 0xD1, 0x43, 0x4C,
    0x68, 0xE3, 0x5F, 0xFD, 0xB8, 0xFC, 0xCA, 0x65, 0xED, 0x3F, 0x57, 0xC0, 0xF5, 0xF9, 0x0A, 0x98,
    0xFE, 0x45, 0x05, 0x1C, 0xFD, 0x88, 0x45, 0x81, 0x78, 0xB2, 0x02, 0xF6, 0x7F, 0x53, 0x01, 0xB7,
    0x7D, 0x05, 0x3C, 0x3E, 0x5B, 0x01, 0xEB, 0xE7, 0x2A, 0xE0, 0x68, 0x9C, 0x43, 0xB1, 0xBD, 0xC6,
    0x19, 0x33, 0xF0, 0x2F, 0xED, 0x59, 0x3D, 0x8E, 0xDC, 0x3A, 0x0C, 0xF6, 0x0F, 0xB0, 0x06, 0x32,
    0x85, 0xFB, 0x34, 0xEE, 0xD3, 0xF8, 0x08, 0xF6, 0x5E, 0xE7, 0x5D, 0xC2, 0x73, 0x84, 0x3D, 0xC4,
    0x6B, 0xB2, 0x39, 0x84, 0x0D, 0xE4, 0x02, 0x3E, 0xC2, 0xF4, 0x69, 0x5C, 0xB8, 0x70, 0x1E, 0x3C,
    0xD6, 0x13, 0x29, 0x92, 0x22, 0xED, 0xDD, 0x64, 0x93, 0x2C, 0xF2, 0x83, 0x8C, 0xB1, 0x18, 0xEB,
    0xE3, 0xEA, 0x87, 0x22, 0x3F, 0x4A, 0x94, 0x9C, 0x24, 0xFE, 0xB9, 0x73, 0x0F, 0x89, 0x3C, 0x9D,
    0xBB, 0x4A, 0x39, 0x75, 0xCE, 0xB5, 0x0C, 0x0A, 0x0F, 0x46, 0x06, 0xA5, 0x07, 0x13, 0x83, 0xCA,
    0x83, 0x99, 0x41, 0xED, 0xEE, 0xDD, 0xC2, 0xA0, 0xB9, 0x26, 0xDD, 0x2A, 0x60, 0x85, 0xBF, 0x27,
    0x81, 0xAE, 0x66, 0x3A, 0x30, 0x5D, 0x9B, 0x41, 0x8D, 0x3A, 0x46, 0x51, 0x33, 0x05, 0x3B, 0xB9,
    0xEF, 0x79, 0x6A, 0x77, 0x8E, 0xA0, 0x89, 0xAA, 0xC1, 0x38, 0x5B, 0x04, 0x5E, 0x03, 0x03, 0xA4,
    0x51, 0xE6, 0xC1, 0xC0, 0x20, 0xD7, 0x5A, 0x17, 0x7A, 0x3E, 0xE5, 0x1E, 0x2C, 0x51, 0x01, 0xE7,
    0xA2, 0xA9, 0x3C, 0xB8, 0x46, 0x05, 0x5C, 0x54, 0xC1, 0xB9, 0x4F, 0x51, 0x05, 0xE7, 0x3E, 0x8A,
    0x45, 0x32, 0x04, 0x83, 0x28, 0x70, 0x2F, 0x2A, 0x78, 0x05, 0x7C, 0xCD, 0x8B, 0x8C, 0x99, 0xF4,
    0xAC, 0x42, 0xE9, 0x07, 0xE9, 0xD8, 0xF2, 0xB5, 0x1F, 0xBE, 0x61, 0x15, 0xC0, 0x02, 0x35, 0x03,
    0xA8, 0x52, 0xB1, 0x0A, 0xA0, 0x7F, 0xC9, 0x2A, 0x40, 0xB7, 0x27, 0x52, 0x21, 0x83, 0xD1, 0x73,
    0x32, 0x49, 0x4E, 0x60, 0x20, 0x05, 0x5A, 0x70, 0x1E, 0xAA, 0x70, 0xC2, 0xB6, 0x64, 0x85, 0xD0,
    0x51, 0x1F, 0x54, 0xA8, 0x71, 0xCA, 0x5D, 0x30, 0x09, 0x58, 0xC0, 0xB1, 0x49, 0x3A, 0x02, 0x68,
    0x92, 0x9E, 0x80, 0x23, 0x17, 0x08, 0xC8, 0x04, 0x9C, 0x83, 0x0B, 0xC2, 0x33, 0x04, 0x17, 0x84,
    0x67, 0x44, 0x05, 0xE8, 0x99, 0x82, 0x0B, 0x04, 0x54, 0x34, 0x2D, 0xF4, 0x4A, 0x43, 0x13, 0xEE,
    0x41, 0x05, 0xE6, 0x1A, 0xBE, 0x7B, 0xB2, 0x0B, 0xD6, 0x60, 0x0F, 0x7A, 0xF7, 0xC1, 0x14, 0x27,
    0xE6, 0x73, 0x9B, 0x33, 0xF0, 0x43, 0x0C, 0x05, 0x3B, 0xC3, 0x0F, 0x3E, 0x9C, 0xD8, 0x4D, 0xBE,
    0xCA, 0xA5, 0x64, 0x0E, 0x41, 0xFD, 0x8A, 0xBD, 0xE9, 0x7B, 0x9A, 0x1B, 0xF1, 0x73, 0x24, 0x46,
    0x23, 0xEA, 0xAE, 0x8A, 0x1C, 0x56, 0xE2, 0xF6, 0x92, 0xEC, 0x20, 0xC9, 0x0F, 0x92, 0xD3, 0x41,
    0x52, 0x1E, 0x24, 0xCD, 0x41, 0xD2, 0x1D, 0x24, 0x4E, 0xF3, 0x9B, 0x63, 0xD6, 0x4A, 0xFC, 0xE0,
    0xBD, 0x95, 0xF8, 0xC1, 0x1B, 0x2B, 0x29, 0xDD, 0xB6, 0x93, 0x78, 0x32, 0xEE, 0x24, 0x1D, 0x98,
    0xC8, 0x48, 0xFC, 0x40, 0x56, 0xE2, 0x07, 0x1F, 0xAD, 0x04, 0x28, 0x69, 0x25, 0x40, 0x4E, 0x2B,
    0x01, 0x52, 0x5A, 0x49, 0x08, 0x0D, 0x45, 0x3B, 0x8C, 0x0F, 0x2B, 0x81, 0x39, 0x19, 0x09, 0x12,
    0xDE, 0x48, 0x30, 0x1E, 0x8C, 0xA4, 0x00, 0xEF, 0x1B, 0x09, 0x46, 0x84, 0x91, 0x60, 0xE4, 0x19,
    0x09, 0x46, 0xA9, 0x91, 0x60, 0x04, 0x19, 0x9D, 0x23, 0xAB, 0x13, 0xCB, 0x82, 0x49, 0xCF, 0x7C,
    0x27, 0x29, 0x0F, 0x92, 0xEA, 0x20, 0x69, 0x0E, 0x92, 0xFE, 0x20, 0x71, 0x7B, 0x49, 0x76, 0x90,
    0xE4, 0x21, 0x22, 0x94, 0x84, 0xC2, 0xC2, 0xEE, 0x38, 0xAD, 0x95, 0x50, 0x50, 0x2A, 0xD6, 0x75,
    0x81, 0x79, 0x4A, 0x42, 0x11, 0x19, 0x25, 0x19, 0x75, 0x10, 0x25, 0x39, 0xAD, 0x45, 0xB2, 0x94,
    0xAC, 0x1C, 0x93, 0x62, 0xD5, 0xB5, 0xA4, 0x58, 0xAC, 0x45, 0x52, 0x93, 0xA7, 0x25, 0x56, 0x56,
    0xD9, 0x82, 0x7A, 0x15, 0x05, 0x77, 0xB0, 0x5C, 0xB7, 0x6A, 0xDA, 0xD7, 0x44, 0xF5, 0x33, 0x72,
    0x4C, 0x50, 0x6D, 0xE9, 0xAC, 0x55, 0x43, 0x8D, 0x4A, 0xB5, 0x49, 0xAA, 0x43, 0x83, 0x18, 0xB9,
    0x1B, 0x34, 0x85, 0x71, 0xC0, 0x8D, 0xE0, 0xB9, 0x99, 0x22, 0xF2, 0x5C, 0xD3, 0x5C, 0x2A, 0xE4,
    0x7A, 0x98, 0xC5, 0x09, 0x23, 0x61, 0x93, 0x65, 0x87, 0xCC, 0x06, 0x1A, 0x4E, 0xBC, 0x9E, 0xC1,
    0xF2, 0x25, 0x1B, 0x12, 0x96, 0xE7, 0x67, 0xCA, 0xDA, 0xD3, 0x7F, 0x40, 0xF9, 0x8B, 0x73, 0x59,
    0x64, 0xEE, 0xBD, 0xB2, 0x09, 0xDB, 0x07, 0x6C, 0xC5, 0x76, 0x2B, 0xD0, 0x86, 0x4E, 0x16, 0xF5,
    0x3A, 0x72, 0xE6, 0x5C, 0x46, 0x8E, 0xB5, 0xA7, 0xB0, 0x5D, 0xA3, 0x5F, 0x72, 0xE5, 0xBB, 0xE8,
    0xC7, 0xC5, 0xF8, 0x37, 0x92, 0x6E, 0x50, 0x7C, 0x50, 0x51, 0xA3, 0x37, 0xC4, 0x31, 0x21, 0x8A,
    0x39, 0xF7, 0x39, 0xCC, 0xE2, 0xAD, 0x2F, 0xFE, 0xD7, 0x4A, 0x58, 0xCD, 0x2A, 0xBE, 0x75, 0x64,
    0x5F, 0x74, 0x94, 0x8F, 0x2A, 0xC4, 0x56, 0x1D, 0xEB, 0xBA, 0xCC, 0x7D, 0xBE, 0xF9, 0xA0, 0x52,
    0x1B, 0xCF, 0xB0, 0x41, 0xAD, 0x05, 0x4F, 0x97, 0xA5, 0x7E, 0xEA, 0x62, 0x8E, 0x94, 0xBA, 0xD8,
    0x67, 0xAA, 0x52, 0x9A, 0x54, 0x65, 0x41, 0xA9, 0x4A, 0x9C, 0x52, 0x99, 0xA1, 0x6C, 0xA5, 0x60,
    0x91, 0xE5, 0x89, 0x4D, 0x71, 0xB3, 0x0B, 0x06, 0xF9, 0xC7, 0x2C, 0x34, 0xE4, 0x63, 0x69, 0xBC,
    0x48, 0xE3, 0x55, 0x1A, 0x6F, 0x71, 0x25, 0x6A, 0xE3, 0x76, 0xF1, 0x63, 0x79, 0xA5, 0xDA, 0x8E,
    0x5F, 0xFF, 0x99, 0x0E, 0xAC, 0xFF, 0x39, 0x25, 0x1E, 0xFE, 0xF5, 0x4B, 0xBF, 0x6A, 0x46, 0xD3,
    0x37, 0x7A, 0x4B, 0xC2, 0xD7, 0xC5, 0xAC, 0xA8, 0x92, 0x52, 0xCC, 0x37, 0x6D, 0xB6, 0x0A, 0xCC,
    0xBA, 0xEC, 0x09, 0xDA, 0x08, 0xDB, 0xE2, 0x49, 0x43, 0xC8, 0x9D, 0xCA, 0x62, 0x95, 0x4B, 0x53,
    0xC9, 0x1F, 0x63, 0x1E, 0xAE, 0x62, 0xA0, 0x53, 0x89, 0xE0, 0x14, 0xD3, 0xA0, 0x1B, 0x8B, 0x6F,
    0x2C, 0x7E, 0x25, 0x16, 0xBF, 0x7B, 0x1F, 0x59, 0x11, 0x0F, 0x9F, 0xA3, 0x90, 0x73, 0xDA, 0x6F,
    0x2D, 0x8D, 0x8B, 0x87, 0x47, 0xDA, 0x0E, 0x32, 0x18, 0x7C, 0x0C, 0x0D, 0xAE, 0x75, 0x68, 0x52,
    0xB9, 0xA5, 0x0C, 0x4D, 0x1A, 0x77, 0xC9, 0xF9, 0x7C, 0x37, 0xA4, 0xD8, 0x24, 0x03, 0xDC, 0x87,
    0xF3, 0xDB, 0x15, 0x6A, 0xF8, 0xB0, 0xB8, 0x7B, 0xFC, 0xD7, 0xEF, 0x4E, 0xF0, 0x73, 0xE3, 0xF3,
    0x8D, 0xCF, 0xDF, 0xC9, 0xE7, 0xEE, 0xC1, 0x2F, 0x90, 0x90, 0x47, 0x67, 0x40, 0xA9, 0x13, 0x30,
    0xAC, 0x00, 0x86, 0x55, 0x00, 0xCB, 0x70, 0xF6, 0x5A, 0xE4, 0x5C, 0xB6, 0x3E, 0x57, 0xE2, 0x7A,
    0x05, 0x40, 0x6C, 0x4B, 0xFD, 0xC1, 0xA2, 0x2D, 0x63, 0xDC, 0x56, 0xE0, 0x1B, 0x63, 0x7F, 0x90,
    0xB1, 0x1D, 0x90, 0xAE, 0x86, 0x95, 0x17, 0x53, 0x88, 0x02, 0xD2, 0x82, 0x70, 0xC2, 0xA5, 0x6B,
    0xAB, 0x35, 0x5C, 0x46, 0x25, 0x78, 0x80, 0xC5, 0x04, 0x36, 0xEC, 0xFF, 0x74, 0xD4, 0x58, 0xBE,
    0x46, 0x34, 0xBA, 0x5D, 0xF8, 0x9B, 0x7F, 0x72, 0xC8, 0xBA, 0xD0, 0xB2, 0x68, 0xE3, 0x3A, 0xC4,
    0xF9, 0x46, 0x57, 0x7F, 0x60, 0x48, 0xCC, 0xC6, 0x0A, 0xF8, 0x27, 0x2E, 0x02, 0x55, 0xD8, 0x93,
    0xD6, 0x24, 0xD9, 0x5D, 0x6D, 0x3D, 0x1D, 0xC9, 0xD3, 0x5F, 0xFF, 0xE3, 0x1F, 0xDA, 0xB7, 0x73,
    0xCA, 0x12, 0x38, 0x97, 0xE5, 0x53, 0x75, 0x47, 0xF9, 0x2E, 0x7D, 0x1A, 0xC8, 0xE9, 0xBE, 0xC4,
    0xAF, 0xB4, 0x58, 0xB1, 0x86, 0x28, 0x1F, 0xA0, 0x9A, 0x3F, 0x93, 0x5F, 0x80, 0xE2, 0x67, 0x58,
    0x75, 0x21, 0x6D, 0x80, 0x04, 0xA1, 0x0C, 0x5E, 0xF4, 0xD5, 0x66, 0x4C, 0x22, 0xDE, 0x3D, 0xFA,
    0x25, 0xF8, 0x9F, 0xC7, 0xF3, 0xCB, 0xD7, 0xDB, 0x32, 0x9E, 0xF4, 0x6F, 0xEF, 0xDF, 0xEE, 0x7D,
    0x07, 0x97, 0x6A, 0xD5, 0x1C, 0x3E, 0xDB, 0xF4, 0x1B, 0xD0, 0x00, 0x38, 0xD0, 0x42, 0xF8, 0xC1,
    0x87, 0x08, 0x8A, 0xD1, 0xC3, 0x9B, 0xFF, 0xDF, 0x85, 0x15, 0xB1, 0xC5, 0xF6, 0xDD, 0x26, 0xFD,
    0x7D, 0xFB, 0x73, 0xF3, 0xC7, 0x6F, 0xFD, 0xE6, 0x0B, 0xB8, 0x07, 0xF3, 0xDD, 0xE3, 0xAC, 0xC1,
    0x62, 0xBE, 0x88, 0x98, 0x6F, 0x47, 0x53, 0x62, 0x6E, 0xF0, 0xF4, 0x87, 0x13, 0x03, 0xCE, 0x1A,
    0x8C, 0x7C, 0x6D, 0x94, 0x3A, 0xA6, 0x1D, 0x9D, 0x87, 0x66, 0x01, 0x39, 0x5D, 0xE6, 0x0E, 0x72,
    0xDC, 0x17, 0x00, 0x97, 0xCA, 0x02, 0x60, 0xD7, 0x11, 0x50, 0x87, 0x0B, 0xC5, 0x81, 0x8F, 0x57,
    0xCF, 0x80, 0xF2, 0x4B, 0x20, 0x5E, 0x35, 0xFE, 0x44, 0xF0, 0x42, 0xDD, 0x5E, 0x32, 0xB9, 0xDA,
    0x82, 0xED, 0x19, 0x53, 0x19, 0x23, 0x6A, 0xF3, 0x1A, 0xC3, 0x97, 0xE0, 0x7C, 0x76, 0x56, 0x4F,
    0xCE, 0xE2, 0xE7, 0xA2, 0xC1, 0xA0, 0x41, 0xAB, 0xC0, 0x55, 0xF3, 0x60, 0x4E, 0xD4, 0x25, 0xEF,
    0xA8, 0xBE, 0x0B, 0x6C, 0xFA, 0x4B, 0xC2, 0xA8, 0xBE, 0x88, 0xC0, 0x1E, 0xF8, 0x3F, 0xED, 0x59,
    0x3B, 0x92, 0xA4, 0x46, 0x10, 0x85, 0xEE, 0xD0, 0x60, 0x60, 0x60, 0xAD, 0x8D, 0x2F, 0x87, 0x23,
    0x80, 0x6E, 0x20, 0x67, 0xCE, 0x43, 0xDF, 0x40, 0x3A, 0xC4, 0x3A, 0x5A, 0x67, 0x8F, 0x00, 0xB2,
    0x64, 0x8A, 0x1B, 0xA8, 0x8D, 0xF5, 0x85, 0x22, 0x88, 0x50, 0x1B, 0x40, 0x29, 0xBF, 0x55, 0xAF,
    0x47, 0xBD, 0x92, 0x31, 0xCE, 0x76, 0x04, 0x18, 0x33, 0x2F, 0x67, 0xAA, 0x5E, 0x56, 0x65, 0xE5,
    0xAB, 0x2A, 0x92, 0x2C, 0xCB, 0xCA, 0xBD, 0xCB, 0x3E, 0xBC, 0x66, 0xF2, 0x0C, 0xE1, 0x9A, 0xB5,
    0x41, 0xE0, 0x39, 0x84, 0xD5, 0x71, 0x15, 0x42, 0xE8, 0x7A, 0xC5, 0x35, 0xE1, 0x29, 0xEC, 0x82,
    0xDB, 0xC0, 0xCF, 0x26, 0xB8, 0x17, 0xBC, 0x1A, 0xCD, 0xAF, 0x84, 0x6F, 0x82, 0xA9, 0x27, 0x35,
    0x9B, 0x0D, 0x33, 0xD5, 0xE8, 0xF8, 0x14, 0x94, 0x32, 0x7B, 0x25, 0xF7, 0xFD, 0x97, 0xEC, 0x9D,
    0x4F, 0xA0, 0xC1, 0xDB, 0x68, 0x09, 0x2F, 0x80, 0x57, 0xC0, 0x3B, 0xE0, 0xD0, 0x01, 0x1E, 0x01,
    0xCF, 0x80, 0x6F, 0x80, 0x57, 0xC0, 0x01, 0xF1, 0x05, 0xF0, 0x04, 0x78, 0x06, 0x7C, 0x03, 0xBC,
    0x01, 0x0E, 0x88, 0x47, 0xC7, 0x7F, 0xCB, 0x74, 0x14, 0xFF, 0x25, 0x44, 0x8A, 0x67, 0x19, 0x85,
    0xE1, 0x96, 0xA7, 0x63, 0xB8, 0xE6, 0xE9, 0x18, 0x2E, 0x99, 0xC8, 0xF0, 0x99, 0x89, 0x0C, 0xE7,
    0x1C, 0x17, 0xC3, 0xB4, 0x4A, 0x6B, 0xC4, 0xAD, 0x2E, 0x8D, 0x60, 0xFA, 0x7D, 0x71, 0xCC, 0x44,
    0x8E, 0x89, 0x68, 0x76, 0x4C, 0x3F, 0x6E, 0x11, 0xF7, 0x61, 0x8B, 0xB8, 0x09, 0x21, 0x62, 0x02,
    0x3F, 0x39, 0x2E, 0x42, 0xF8, 0xC3, 0xF1, 0x49, 0x67, 0xAD, 0xD1, 0x41, 0xDC, 0x02, 0x6E, 0x00,
    0x57, 0x80, 0xCF, 0x80, 0x73, 0xC0, 0x34, 0x9D, 0x84, 0x5B, 0xC0, 0x35, 0xE0, 0x12, 0xF0, 0x19,
    0x70, 0x86, 0x78, 0x00, 0xDC, 0x02, 0xAE, 0x00, 0x17, 0xB2, 0x6A, 0xA5, 0xA7, 0x9C, 0xD2, 0x2D,
    0x90, 0x8A, 0x6B, 0xC4, 0x83, 0x09, 0xC4, 0xE9, 0xFC, 0xA9, 0x34, 0x6B, 0x9C, 0x6E, 0x04, 0xA2,
    0x2B, 0x10, 0x25, 0xD2, 0x1E, 0x48, 0x1B, 0x20, 0xAD, 0x80, 0xB4, 0x00, 0xD2, 0x77, 0x3C, 0x2F,
    0x14, 0x83, 0xFD, 0x67, 0x81, 0x12, 0x63, 0x53, 0x4A, 0xAD, 0x78, 0xC9, 0x7C, 0xDD, 0x34, 0x79,
    0x0B, 0xC7, 0x53, 0x6C, 0x22, 0x8D, 0x7A, 0xC7, 0x5B, 0x6A, 0x4E, 0x1D, 0xCE, 0x09, 0x8F, 0xA5,
    0x52, 0xB3, 0x93, 0xA9, 0x32, 0xE6, 0x5A, 0x93, 0x79, 0xB2, 0xF9, 0x2C, 0xAD, 0x79, 0xA7, 0xB4,
    0x59, 0x63, 0x00, 0x09, 0xF7, 0x1E, 0x03, 0x02, 0x83, 0xC7, 0x86, 0x14, 0xE1, 0x3B, 0x8F, 0xA6,
    0x90, 0xC5, 0xAF, 0x7E, 0x8B, 0xE7, 0x7F, 0xE3, 0xEA, 0x1B, 0xC6, 0xF5, 0x7F, 0xCD, 0x25, 0xCD,
    0x17, 0xE3, 0x80, 0xF1, 0xC1, 0xB8, 0x61, 0x3C, 0x31, 0xCE, 0x18, 0x7F, 0x58, 0x97, 0x2B, 0xAE,
    0x17, 0xAE, 0xE3, 0xDD, 0xFA, 0xE2, 0xBA, 0x63, 0x3E, 0x60, 0x9E, 0xDC, 0xE5, 0x0F, 0xE6, 0x15,
    0xE6, 0x9B, 0x4D, 0x7C, 0x4A, 0x99, 0x9E, 0x32, 0x1A, 0xE5, 0x83, 0xB2, 0x8A, 0x11, 0x10, 0xF5,
    0xCC, 0x20, 0x86, 0xE9, 0x91, 0xDA, 0x1A, 0xA0, 0x69, 0xEF, 0x94, 0x8A, 0x0A, 0x9E, 0x81, 0x72,
    0x3C, 0x34, 0x75, 0x68, 0xEA, 0xA9, 0x35, 0xF5, 0xE9, 0x97, 0x98, 0x88, 0xB9, 0xB7, 0x78, 0x93,
    0xDB, 0x15, 0xE4, 0x7C, 0x0B, 0x27, 0xD8, 0xE0, 0x97, 0x26, 0x73, 0xD0, 0xB9, 0xBA, 0xF6, 0xC1,
    0xF5, 0x55, 0x71, 0x04, 0x66, 0xEF, 0x4A, 0xB7, 0x84, 0xD5, 0xBB, 0x4E, 0x85, 0x75, 0xA6, 0xC8,
    0x74, 0x27, 0x13, 0xA1, 0xFC, 0xCD, 0x3A, 0x4B, 0x5B, 0xEB, 0xFC, 0xDD, 0xEB, 0x8F, 0xF6, 0xE3,
    0xD0, 0xD7, 0xA1, 0xAF, 0x27, 0xD2, 0x57, 0x4E, 0x57, 0xB6, 0xDC, 0xF2, 0x96, 0xAF, 0x66, 0xE7,
    0x74, 0x95, 0xBC, 0x18, 0xE6, 0x4B, 0xEF, 0x5C, 0x28, 0x66, 0x67, 0x74, 0x65, 0xBE, 0xC6, 0x80,
    0x05, 0xD7, 0x82, 0xBF, 0x03, 0x30, 0xCD, 0xDC, 0xBB, 0xAF, 0x46, 0x12, 0x2D, 0x58, 0x90, 0xC6,
    0x93, 0x8B, 0x93, 0x30, 0x4D, 0x48, 0x6F, 0x8B, 0x1F, 0x5E, 0x3B, 0x79, 0x95, 0x3B, 0xB4, 0x73,
    0x68, 0xE7, 0xA9, 0xB4, 0xD3, 0xD3, 0xEF, 0x97, 0xCD, 0xCE, 0x88, 0x85, 0x67, 0x65, 0x67, 0xC4,
    0xC6, 0x1E, 0x4D, 0x17, 0x72, 0x5E, 0xC4, 0xB7, 0xF2, 0x2C, 0xFC, 0x1F, 0x4E, 0xED, 0x0B, 0x3D,
    0x5F, 0xA6, 0xC8, 0x5F, 0xDB, 0x45, 0x10, 0xFC, 0x1E, 0xF7, 0xBA, 0x43, 0x3B, 0x4F, 0xA8, 0x9D,
    0x5C, 0x6C, 0xFA, 0x6B, 0xC5, 0xFF, 0x39, 0xD1, 0x39, 0xD0, 0x32, 0x4B, 0x49, 0x53, 0x94, 0x7E,
    0xCD, 0x4E, 0xF9, 0xB3, 0xC9, 0x31, 0xC4, 0x05, 0x9D, 0x8E, 0x67, 0x71, 0x6D, 0xD9, 0x15, 0x0D,
    0x79, 0xA9, 0x99, 0xBC, 0x91, 0x43, 0x89, 0x1A, 0x11, 0xE9, 0xC8, 0x6E, 0x7E, 0xF0, 0xD1, 0xFE,
    0x26, 0x87, 0x8C, 0x8E, 0x62, 0xF6, 0x71, 0x8E, 0x3E, 0x16, 0xAF, 0xF8, 0xAD, 0x3E, 0xD4, 0x78,
    0xAE, 0x8D, 0x7E, 0xD8, 0x75, 0x5E, 0x70, 0x19, 0x3D, 0xBF, 0x62, 0x99, 0x66, 0xCD, 0x62, 0x11,
    0x48, 0x9B, 0x48, 0xA3, 0xC6, 0x7D, 0x0D, 0xE6, 0x9D, 0x9B, 0xB0, 0x3B, 0x6E, 0xB2, 0xB2, 0xBB,
    0x91, 0x87, 0xCB, 0xEE, 0x96, 0x86, 0x7B, 0xF0, 0x42, 0x94, 0xCC, 0x41, 0x8D, 0xA6, 0x93, 0xB0,
    0xF6, 0xE4, 0x76, 0x60, 0x3F, 0x35, 0xCD, 0xBB, 0x61, 0xCF, 0x05, 0x45, 0xA2, 0x94, 0x68, 0x4D,
    0x8F, 0xD4, 0xFB, 0xFD, 0x27, 0xA8, 0x97, 0x0C, 0x58, 0x3C, 0x81, 0x97, 0x44, 0x1A, 0x89, 0xA4,
    0x47, 0xFE, 0x99, 0x46, 0xF3, 0xA5, 0xD0, 0x1C, 0xD2, 0x15, 0xFD, 0x53, 0x66, 0x75, 0xB7, 0x8A,
    0xAD, 0x1B, 0x97, 0xB8, 0x72, 0x6F, 0xB4, 0x1F, 0x32, 0x48, 0x02, 0x6E, 0x16, 0xBB, 0x30, 0x41,
    0x4A, 0x9B, 0x59, 0xC5, 0xAE, 0x99, 0x71, 0xE3, 0xCD, 0x60, 0xB3, 0x6C, 0x58, 0x65, 0xF2, 0x56,
    0xC5, 0xDA, 0xFD, 0x85, 0x59, 0xEB, 0x64, 0x56, 0x62, 0x15, 0x07, 0x59, 0xAD, 0x0B, 0x21, 0x0E,
    0x3A, 0x7B, 0xF1, 0x0D, 0xE1, 0x77, 0xF2, 0x2A, 0xB5, 0x43, 0x26, 0xE3, 0x1A, 0x5F, 0x2B, 0xCC,
    0x94, 0x2D, 0x45, 0x34, 0xE8, 0x62, 0xAE, 0xC6, 0x2A, 0x64, 0x5C, 0x47, 0x34, 0x83, 0x76, 0xD3,
    0x64, 0x10, 0x88, 0x46, 0xAE, 0x3B, 0x96, 0x1A, 0x67, 0xB9, 0x07, 0x99, 0xC1, 0xB7, 0xFC, 0x68,
    0xD4, 0x5A, 0x4C, 0x54, 0x83, 0xB7, 0xE6, 0x68, 0xF0, 0xC8, 0xDD, 0x60, 0xB2, 0x68, 0x48, 0x1E,
    0xBB, 0x51, 0x29, 0xBD, 0x1A, 0x4C, 0x16, 0x0D, 0xD9, 0xE7, 0xDD, 0x18, 0x38, 0x0C, 0x36, 0x9F,
    0xDC, 0x17, 0x80, 0x0D, 0x15, 0x85, 0x1A, 0x7B, 0x29, 0xB3, 0xA0, 0x18, 0x5C, 0x28, 0x3A, 0xB5,
    0x97, 0x1B, 0x2F, 0x14, 0x37, 0x3D, 0x7C, 0x38, 0x80, 0x95, 0xDF, 0xCA, 0xAC, 0x4C, 0x1A, 0xF3,
    0x5F, 0x92, 0xD7, 0xD6, 0x44, 0x66, 0x2B, 0x64, 0x85, 0x27, 0xEF, 0xA2, 0xAD, 0x96, 0xFB, 0x35,
    0x4D, 0x7B, 0x41, 0xCA, 0x7A, 0x93, 0x77, 0x09, 0xBB, 0x84, 0xDF, 0x06, 0x95, 0xA6, 0x86, 0x2E,
    0x31, 0x5D, 0x36, 0x5D, 0xCD, 0x21, 0xA6, 0x5E, 0x1E, 0xF6, 0x9C, 0xAD, 0x8F, 0xFA, 0x6E, 0x97,
    0x4A, 0x1B, 0x44, 0x96, 0x6A, 0x1B, 0xE4, 0x33, 0x55, 0x18, 0x89, 0xEC, 0xAE, 0x62, 0xD8, 0xC2,
    0xDB, 0x61, 0x0D, 0x6F, 0x87, 0x25, 0x14, 0x53, 0xB0, 0xC8, 0x82, 0xC5, 0x97, 0x6C, 0x00, 0x97,
    0x6D, 0x7C, 0x6B, 0x94, 0xA9, 0x74, 0x5F, 0xA9, 0x75, 0x4E, 0x8F, 0x4A, 0x2E, 0x14, 0xA2, 0x1B,
    0x8C, 0x76, 0x7D, 0xF7, 0x21, 0xED, 0xDC, 0x9C, 0x1B, 0x07, 0xFE, 0x56, 0xF1, 0xF2, 0x10, 0x0F,
    0x96, 0x0B, 0x85, 0xE0, 0xF8, 0x2D, 0xE7, 0xE2, 0x67, 0x76, 0x25, 0x9B, 0x59, 0x88, 0x15, 0xC2,
    0xC6, 0x12, 0x6C, 0xD0, 0xED, 0x6F, 0xD6, 0xC3, 0x66, 0xE3, 0x76, 0xFC, 0x7E, 0xD4, 0xD8, 0xEE,
    0x19, 0xC5, 0x75, 0x42, 0x6D, 0xA2, 0x34, 0x5B, 0xD8, 0xAE, 0x5D, 0x8C, 0xE9, 0xE8, 0xB2, 0x32,
    0x7D, 0x03, 0x67, 0xB3, 0xFE, 0xC3, 0x3E, 0x64, 0xBD, 0x7C, 0x0E, 0xFB, 0xC7, 0x0C, 0x32, 0x3A,
    0x3C, 0xFA, 0x3C, 0x90, 0x7F, 0xA5, 0x76, 0x59, 0xDE, 0x17, 0x66, 0xBA, 0x47, 0x25, 0x50, 0xFC,
    0x20, 0x00, 0x1F, 0x0A, 0xF2, 0xFB, 0xAF, 0x12, 0xA8, 0xE0, 0x2E, 0x51, 0xEE, 0x87, 0xA6, 0x0E,
    0x4D, 0x3D, 0xAD, 0xA6, 0xFE, 0x01, 0xED, 0x58, 0x3D, 0xAE, 0xDC, 0x46, 0x0C, 0x1E, 0xAD, 0x90,
    0xA7, 0x42, 0x85, 0x2A, 0x57, 0x29, 0xD4, 0xA7, 0xD1, 0x11, 0xA4, 0x43, 0xC4, 0xA7, 0x48, 0xE1,
    0x23, 0x68, 0x73, 0x83, 0x57, 0xA4, 0x4F, 0xE3, 0x34, 0x6E, 0x7C, 0x04, 0xE9, 0x08, 0x0B, 0xE4,
    0x02, 0x2A, 0x0C, 0x04, 0xE9, 0x64, 0x58, 0xC5, 0x3E, 0x43, 0x4F, 0xCC, 0xF0, 0x7F, 0xB4, 0xEF,
    0xC5, 0x88, 0x0D, 0x27, 0xF0, 0x22, 0x3B, 0x78, 0x78, 0x22, 0x57, 0x22, 0x87, 0xE4, 0x7C, 0x43,
    0x72, 0x26, 0x84, 0x10, 0x72, 0x58, 0x82, 0x8E, 0x0A, 0x56, 0xA3, 0x5B, 0x00, 0xA3, 0x07, 0x80,
    0xA3, 0x90, 0x19, 0x00, 0x4C, 0x42, 0x17, 0x91, 0x5E, 0x4C, 0x14, 0x4C, 0xB8, 0x85, 0x0F, 0x26,
    0x3C, 0xC0, 0x08, 0x30, 0xAA, 0x68, 0xD7, 0x8B, 0x70, 0x01, 0x5B, 0xA8, 0x45, 0x18, 0x67, 0x2D,
    0xE1, 0x51, 0x44, 0xE7, 0x68, 0x11, 0x88, 0xE8, 0x29, 0x04, 0x15, 0xFE, 0xE2, 0x01, 0x51, 0x63,
    0x20, 0x3F, 0xD1, 0x92, 0x1B, 0xFD, 0x6D, 0xD2, 0xCB, 0xB3, 0xF4, 0x00, 0x67, 0x05, 0x5A, 0xA4,
    0x57, 0x05, 0xDA, 0xB1, 0x17, 0xB4, 0x20, 0xAD, 0x38, 0xC5, 0x67, 0x23, 0x68, 0x89, 0x78, 0x8D,
    0xE8, 0xA2, 0x09, 0x0E, 0x10, 0xBF, 0x8D, 0xDF, 0x6D, 0x5D, 0xC0, 0xD7, 0x2B, 0x81, 0x96, 0xC7,
    0x82, 0x2F, 0x65, 0xCC, 0x08, 0x14, 0x19, 0x23, 0x29, 0xE3, 0x21, 0xC8, 0x06, 0x41, 0xB7, 0x0A,
    0x10, 0x88, 0x1B, 0xA6, 0xBB, 0x60, 0x2F, 0xDE, 0x31, 0xE4, 0xEE, 0xDE, 0xC2, 0xF6, 0x5A, 0x48,
    0x34, 0xB4, 0xE6, 0xDF, 0x1B, 0xDC, 0x44, 0xC3, 0x46, 0x74, 0x1F, 0xB1, 0x9D, 0x89, 0xEC, 0xC0,
    0x98, 0x3F, 0x2A, 0x5A, 0x73, 0xF1, 0xE2, 0xEF, 0xE8, 0xF4, 0xFB, 0x54, 0x4F, 0xAA, 0xBF, 0xA0,
    0x79, 0x97, 0x70, 0xDB, 0x3B, 0xB7, 0xBD, 0x73, 0xAD, 0x7B, 0x47, 0x3C, 0x71, 0x10, 0x17, 0x5E,
    0x7A, 0x48, 0xB5, 0x57, 0x86, 0x26, 0x29, 0x56, 0xD1, 0x80, 0x2D, 0x24, 0xA5, 0x6B, 0x7D, 0x8A,
    0x67, 0xD1, 0x3C, 0xA5, 0x9A, 0xC7, 0x54, 0xB3, 0x8B, 0xD4, 0x12, 0x2E, 0xD1, 0xBC, 0xA6, 0x9A,
    0xE7, 0xF0, 0xF5, 0x87, 0x95, 0xDD, 0x68, 0xC5, 0xA9, 0xD1, 0xBA, 0x8B, 0x04, 0xFE, 0x60, 0x9F,
    0x14, 0xEA, 0xCA, 0x10, 0xED, 0x3B, 0x48, 0x90, 0x32, 0x0A, 0xB4, 0xD4, 0x61, 0x8E, 0x5C, 0xCF,
    0xB1, 0xE0, 0xC8, 0xB5, 0x1C, 0x70, 0x8E, 0x9C, 0xC4, 0xAF, 0xA1, 0xDF, 0x4A, 0xD6, 0xDD, 0xD3,
    0xE4, 0x39, 0xEB, 0x66, 0x3D, 0x51, 0xE7, 0x59, 0xFF, 0xCB, 0x6F, 0xF2, 0x9E, 0x4D, 0x15, 0x49,
    0xD6, 0xA3, 0x6B, 0x42, 0x4F, 0xF5, 0x84, 0xE6, 0x16, 0x3B, 0xD0, 0xD4, 0x39, 0x58, 0xA7, 0x10,
    0x89, 0x83, 0x2D, 0x70, 0xF4, 0xC4, 0xD7, 0x24, 0x0A, 0xFB, 0x02, 0x47, 0x38, 0xFE, 0x2A, 0x58,
    0xA1, 0x09, 0xC1, 0x16, 0x28, 0x47, 0xFA, 0x31, 0x69, 0x4D, 0x04, 0xF4, 0x81, 0x21, 0x39, 0x27,
    0x51, 0x95, 0xE0, 0x09, 0xF6, 0xC6, 0x64, 0xB1, 0x21, 0x85, 0xC1, 0x96, 0x02, 0x64, 0x07, 0x9D,
    0xE5, 0x79, 0x1C, 0xFD, 0x0F, 0x99, 0xE4, 0xC7, 0xAF, 0x4C, 0xD2, 0xC0, 0x74, 0xA3, 0x39, 0xE4,
    0x71, 0x97, 0x5B, 0x92, 0xF4, 0x03, 0xFE, 0x85, 0x91, 0xD0, 0x39, 0x39, 0x3A, 0x39, 0x39, 0x39,
    0xCB, 0x6C, 0x11, 0x44, 0x8B, 0x90, 0xB8, 0x69, 0x7C, 0x33, 0x19, 0xD9, 0x3B, 0xD9, 0xFE, 0xA7,
    0x64, 0x62, 0x83, 0x5B, 0x16, 0xB1, 0x78, 0x16, 0xB2, 0x26, 0x2F, 0x12, 0x87, 0x74, 0x9C, 0x9C,
    0x3C, 0x3A, 0xE9, 0xD1, 0x59, 0x9D, 0x9C, 0x9C, 0xEC, 0x82, 0xC7, 0x54, 0xC8, 0xED, 0xB7, 0x7F,
    0x71, 0x8D, 0x69, 0xBC, 0x02, 0xF8, 0xD8, 0xA5, 0xDB, 0x11, 0x1E, 0x84, 0x39, 0x58, 0x19, 0x49,
    0xAA, 0xC4, 0x79, 0x0F, 0x0F, 0xDF, 0xF9, 0xE4, 0xAB, 0x27, 0x05, 0xDD, 0xE4, 0x75, 0x52, 0x99,
    0x92, 0x7A, 0x74, 0x96, 0xF2, 0x36, 0xD1, 0xF7, 0xAB, 0xA8, 0xE4, 0xC7, 0xA3, 0xA5, 0x4F, 0xAD,
    0x1F, 0x9A, 0x98, 0xB8, 0xB4, 0x1C, 0x3C, 0xFA, 0x3C, 0xF9, 0xC9, 0x2B, 0x85, 0x70, 0xD9, 0xA0,
    0xDC, 0x28, 0x36, 0x50, 0x42, 0x25, 0x8E, 0x53, 0xD6, 0xC0, 0x5C, 0xBE, 0xE3, 0xAA, 0x1D, 0x57,
    0xEF, 0xB8, 0x86, 0x35, 0x0F, 0x5A, 0x58, 0xB7, 0x90, 0x72, 0xEB, 0x27, 0x38, 0x0B, 0x12, 0x17,
    0xE4, 0xA3, 0x73, 0x8D, 0xF8, 0x95, 0xDB, 0xEC, 0xCE, 0xE5, 0x12, 0xC1, 0xDC, 0xAC, 0x5E, 0x9D,
    0x6B, 0x20, 0xF5, 0xAF, 0x30, 0x5F, 0xB4, 0x6B, 0x98, 0x9D, 0xAB, 0x29, 0xD8, 0xCA, 0xE5, 0x14,
    0x5E, 0xE5, 0xE2, 0xA7, 0x5B, 0xC2, 0x51, 0x78, 0x8D, 0xAB, 0xFE, 0x09, 0x87, 0x67, 0xC4, 0x94,
    0x5B, 0x76, 0xDC, 0x9A, 0xE8, 0xC4, 0xA2, 0x94, 0x81, 0x72, 0xB5, 0xE1, 0x07, 0xB9, 0xCA, 0x3A,
    0x13, 0xE4, 0x0A, 0x83, 0x08, 0x72, 0xB9, 0xC1, 0x27, 0xF7, 0xB4, 0x73, 0x12, 0xAE, 0xD5, 0xCE,
    0x85, 0xB8, 0x12, 0xD2, 0x28, 0x21, 0x06, 0xE0, 0xDE, 0x70, 0x7E, 0xF7, 0xF6, 0xE3, 0x2F, 0xFB,
    0x5E, 0xA5, 0xB4, 0x0A, 0x97, 0xFB, 0xA6, 0xF0, 0x42, 0xD3, 0x5B, 0x31, 0xF3, 0xE3, 0x77, 0x65,
    0xA5, 0xCF, 0xBB, 0x94, 0x83, 0x37, 0x2F, 0xAE, 0xA6, 0x37, 0x35, 0x8D, 0xA9, 0xD9, 0xF5, 0x32,
    0x9F, 0x37, 0xEE, 0xA2, 0x2B, 0x7F, 0x06, 0x01, 0x36, 0xCF, 0x57, 0x6A, 0x4E, 0x26, 0x60, 0x13,
    0x02, 0x32, 0xDB, 0x6A, 0xB9, 0xE5, 0x99, 0xD2, 0x52, 0x73, 0x65, 0x69, 0xA8, 0xB1, 0x84, 0xC3,
    0x70, 0xEC, 0xA9, 0xFD, 0xDC, 0x24, 0x38, 0x0C, 0x5F, 0xF4, 0xEF, 0xC5, 0xCB, 0x1F, 0x77, 0x9E,
    0xE6, 0x17, 0xD4, 0x4F, 0xB1, 0x53, 0xF4, 0xC0, 0xFF, 0x81, 0xD4, 0xA0, 0x29, 0xDF, 0x72, 0xC2,
    0x68, 0xF3, 0x8E, 0x36, 0xEF, 0x68, 0x79, 0x60, 0xEC, 0xD3, 0x22, 0xD1, 0x91, 0xA3, 0x23, 0xA7,
    0x87, 0xD2, 0x9A, 0x68, 0x6F, 0xB3, 0x0B, 0xA3, 0x2A, 0x7B, 0xDB, 0x12, 0xB5, 0x72, 0xCF, 0xC1,
    0x5A, 0xEA, 0xBD, 0xE6, 0xF6, 0x19, 0x0B, 0xD8, 0xAA, 0x07, 0xB3, 0xF4, 0xBD, 0x59, 0xFF, 0x33,
    0x52, 0xDF, 0x63, 0xC8, 0x32, 0xF2, 0xF2, 0x55, 0x8A, 0x22, 0xEB, 0x02, 0x13, 0x50, 0x0C, 0xBA,
    0xC2, 0x99, 0xA5, 0x47, 0x07, 0x54, 0x61, 0xCD, 0x4E, 0x65, 0xA2, 0xDE, 0x21, 0x7B, 0x13, 0xAB,
    0x47, 0x04, 0x54, 0x32, 0x5F, 0x86, 0xBB, 0x30, 0xD8, 0xDD, 0x90, 0x73, 0xA5, 0xC8, 0x79, 0xF3,
    0xDA, 0x5A, 0x59, 0x6D, 0x6B, 0x4B, 0x5B, 0xD5, 0xC6, 0xC2, 0xD3, 0xDB, 0xEA, 0x5B, 0xAD, 0xCD,
    0xAD, 0xCE, 0x96, 0xB0, 0xD9, 0xF5, 0xC2, 0x32, 0xB0, 0x48, 0x0F, 0x53, 0xCB, 0x22, 0x64, 0x9A,
    0x64, 0x3F, 0xBA, 0xD3, 0xE3, 0xDB, 0xBC, 0x03, 0x89, 0x34, 0xDC, 0x52, 0x44, 0x28, 0xFE, 0xF0,
    0xE6, 0x5E, 0xFE, 0xDD, 0x30, 0x74, 0x55, 0x18, 0x3A, 0x18, 0x98, 0x9A, 0x68, 0x61, 0xA5, 0x5D,
    0x01, 0x53, 0xA8, 0x26, 0x16, 0xD5, 0x51, 0x2E, 0x82, 0x5B, 0x0C, 0x6C, 0x65, 0xE7, 0xFA, 0xDA,
    0x2E, 0x01, 0x1A, 0x98, 0x7B, 0x86, 0x53, 0x0B, 0xA7, 0x8A, 0x8B, 0x5D, 0x4B, 0x56, 0xB0, 0x33,
    0x68, 0x05, 0x2A, 0x7E, 0xF1, 0x32, 0xFA, 0xF1, 0x70, 0xCB, 0x34, 0xD7, 0x86, 0x92, 0x0C, 0x0F,
    0x6C, 0xC5, 0x03, 0x99, 0x76, 0xC2, 0xE5, 0xA6, 0xD5, 0x5F, 0xF8, 0x72, 0x32, 0x9A, 0x71, 0x46,
    0xCC, 0x4C, 0x52, 0x78, 0xC8, 0xCA, 0xE7, 0x29, 0xFD, 0xAE, 0x46, 0x96, 0x64, 0x45, 0xDF, 0x31,
    0x9D, 0xE3, 0x86, 0x8D, 0xEB, 0xAA, 0x42, 0xD9, 0xF0, 0xEE, 0x49, 0x23, 0xDB, 0x5B, 0x83, 0x02,
    0xC9, 0x95, 0xA5, 0xF4, 0x25, 0xB9, 0x5D, 0xE9, 0x14, 0x70, 0xEA, 0xB5, 0x0A, 0x75, 0x35, 0x88,
    0x12, 0xFC, 0xDB, 0x53, 0xFE, 0xD6, 0x25, 0x5C, 0x8B, 0x6B, 0xF6, 0xD9, 0xD0, 0x82, 0xE9, 0xD2,
    0x2A, 0xB7, 0xF4, 0x86, 0xAB, 0x6F, 0x1E, 0x57, 0x77, 0x7C, 0x65, 0x1C, 0x1F, 0xDB, 0xBD, 0xAD,
    0xC5, 0x91, 0xA4, 0x36, 0x5B, 0x91, 0xA5, 0xD4, 0x93, 0x1B, 0x1B, 0xB0, 0xB5, 0x72, 0xCA, 0xCB,
    0x60, 0x37, 0xFC, 0x36, 0x41, 0x2C, 0x2A, 0xF7, 0xFC, 0x54, 0xED, 0xF9, 0xB9, 0xD9, 0xF3, 0x67,
    0x5B, 0xBB, 0xE8, 0x70, 0x8C, 0xCB, 0x6A, 0x2B, 0xB8, 0xF2, 0xED, 0x02, 0xAF, 0x63, 0xC9, 0xE1,
    0x8A, 0x2F, 0x6D, 0x35, 0xA7, 0xB4, 0x35, 0x97, 0x8B, 0x84, 0x3A, 0xE1, 0x47, 0xE5, 0x6D, 0x7D,
    0xF9, 0x4C, 0x47, 0x06, 0xFE, 0xEE, 0x0E, 0x0C, 0x7B, 0x83, 0x2E, 0xFC, 0x81, 0x0B, 0xFB, 0xE1,
    0xC2, 0x7E, 0x68, 0x2F, 0xF8, 0x1E, 0x2E, 0x47, 0xCC, 0xBF, 0xDF, 0x0D, 0x86, 0x39, 0x46, 0x45,
    0x91, 0xF0, 0xCB, 0x0E, 0x93, 0xEC, 0xA8, 0xDC, 0x0D, 0x57, 0x7A, 0x15, 0x53, 0xF1, 0xA3, 0x91,
    0xDB, 0x26, 0x44, 0xCB, 0x99, 0xE3, 0x61, 0x98, 0xD9, 0xE8, 0x6C, 0xBB, 0x19, 0x72, 0x64, 0xEB,
    0xF4, 0x4F, 0xE3, 0xFD, 0xA9, 0xF5, 0x38, 0xE9, 0xE1, 0x5E, 0xC2, 0x72, 0x94, 0x78, 0x4C, 0x8D,
    0x6E, 0x54, 0x7E, 0xD1, 0x15, 0x7A, 0xCE, 0x2F, 0xE5, 0xF4, 0x3F, 0xC8, 0xFD, 0x23, 0x22, 0x0D,
    0x9F, 0x82, 0xAF, 0xBF, 0x00, 0xED, 0x59, 0x3D, 0xAE, 0x9C, 0x56, 0x14, 0xBE, 0x80, 0x64, 0x0A,
    0x17, 0x54, 0xAE, 0x5C, 0xD0, 0xBB, 0x61, 0x09, 0x20, 0x65, 0x03, 0x2E, 0x3C, 0x9B, 0x70, 0xE3,
    0x25, 0xC0, 0x12, 0x5E, 0x91, 0x25, 0x24, 0x52, 0x34, 0x29, 0xB2, 0x04, 0x6E, 0x76, 0x80, 0xE4,
    0x05, 0x64, 0x0A, 0x37, 0x49, 0x8A, 0x10, 0x89, 0x82, 0xB1, 0x66, 0x38, 0x39, 0x7F, 0xF7, 0x5C,
    0xF0, 0x1B, 0x8F, 0x6C, 0xF9, 0xA5, 0x18, 0x6B, 0x90, 0xFC, 0xF8, 0x64, 0xB8, 0xF7, 0x9E, 0x9F,
    0x8F, 0xF3, 0x37, 0xCE, 0xA5, 0x3D, 0xC0, 0x07, 0x47, 0x17, 0x02, 0x80, 0x01, 0x41, 0x4E, 0x00,
    0x66, 0x44, 0x15, 0x23, 0x68, 0x9C, 0x13, 0x80, 0x8F, 0x33, 0x45, 0xA3, 0x7B, 0xAE, 0xE8, 0xE4,
    0x0A, 0x45, 0xE7, 0xB0, 0x00, 0xC0, 0xD5, 0xBC, 0x17, 0xEE, 0xE9, 0x5A, 0xFC, 0xE7, 0x5C, 0x09,
    0xD0, 0xF5, 0xF8, 0x86, 0xA3, 0xB7, 0x3B, 0x5A, 0xC5, 0x07, 0x79, 0x80, 0x69, 0x83, 0x92, 0xDD,
    0xAE, 0xA1, 0xDD, 0xE5, 0x7A, 0x4A, 0x24, 0x3B, 0xD3, 0x19, 0x19, 0x9F, 0x36, 0x1B, 0x0A, 0xB2,
    0x98, 0x7C, 0xBE, 0x65, 0xA5, 0x51, 0x9B, 0x0E, 0xF5, 0x38, 0xB8, 0x84, 0x34, 0x8A, 0xBA, 0x45,
    0x7D, 0x83, 0x0D, 0xE6, 0x95, 0x5D, 0x82, 0xAD, 0xBC, 0x23, 0x23, 0xF0, 0x02, 0xA7, 0x2F, 0xD2,
    0x91, 0x09, 0xDB, 0xB9, 0x23, 0xB9, 0x9E, 0xFD, 0x06, 0x1F, 0x1F, 0x44, 0xC4, 0x82, 0x2D, 0x2F,
    0xC8, 0x2B, 0xAA, 0x40, 0x1F, 0xD2, 0x3E, 0x9D, 0xA1, 0xD1, 0xD0, 0xC9, 0xD0, 0x22, 0xE8, 0xD5,
    0xAF, 0x7C, 0x98, 0x2A, 0x7D, 0x05, 0x65, 0x8A, 0x48, 0xEA, 0xC5, 0xD0, 0xD9, 0xD0, 0x6C, 0xE8,
    0x60, 0xA8, 0x09, 0xE8, 0x83, 0x4A, 0x17, 0x64, 0x2A, 0x20, 0x88, 0x9C, 0x99, 0x74, 0xA9, 0x58,
    0x5A, 0x0E, 0x3D, 0x99, 0x1A, 0x67, 0x45, 0xA5, 0x49, 0x52, 0xD8, 0x36, 0x99, 0x6D, 0x93, 0x44,
    0xD7, 0xF5, 0xB6, 0x4D, 0x6D, 0xDB, 0x94, 0xB6, 0xCD, 0x17, 0x5E, 0x64, 0xF2, 0x3F, 0x19, 0xB5,
    0xA0, 0x2A, 0x09, 0xC7, 0x97, 0xC8, 0x71, 0x6F, 0x7E, 0x1B, 0x49, 0x78, 0x65, 0x76, 0xAE, 0x68,
    0x31, 0x9F, 0x43, 0x63, 0x3C, 0xE8, 0x84, 0xE3, 0xAD, 0xF0, 0x45, 0x74, 0x19, 0x84, 0x43, 0xA8,
    0xCB, 0x41, 0xF4, 0xC6, 0xBD, 0x46, 0x75, 0x3C, 0xA3, 0xC9, 0xD0, 0xA8, 0xD4, 0x0C, 0xDB, 0x7D,
    0x2B, 0xBA, 0xC4, 0xFB, 0x69, 0x8B, 0xF8, 0xBD, 0x20, 0x55, 0xCF, 0xEA, 0x93, 0xA4, 0x42, 0xAF,
    0x4A, 0x90, 0x9A, 0xA3, 0x34, 0x2D, 0x4D, 0x73, 0xE3, 0xF8, 0xD9, 0x6C, 0x35, 0x1B, 0xC7, 0x87,
    0xC0, 0x71, 0xB0, 0x58, 0xC2, 0x3C, 0x49, 0xCD, 0xF6, 0xC2, 0x54, 0xF3, 0xEB, 0xF9, 0x53, 0x7A,
    0xA4, 0x26, 0x78, 0x0E, 0xE1, 0x6B, 0x88, 0xD4, 0x8A, 0x8C, 0x89, 0x2C, 0xEA, 0x95, 0xA7, 0x2B,
    0x9D, 0x53, 0x5B, 0x9A, 0xAF, 0xF9, 0x79, 0xE7, 0xCB, 0x4D, 0xF2, 0xC5, 0x59, 0xB8, 0x3A, 0x59,
    0xB8, 0x58, 0x2C, 0x3A, 0x6A, 0x44, 0x22, 0x83, 0x0E, 0x21, 0x6E, 0xA8, 0x2E, 0x19, 0x04, 0x5A,
    0x15, 0x16, 0xE1, 0x2A, 0xF8, 0x57, 0x29, 0xD1, 0x92, 0xD9, 0x07, 0x59, 0x80, 0x4E, 0x19, 0x35,
    0x20, 0x16, 0xBC, 0xA4, 0x60, 0x37, 0x8A, 0xA7, 0x27, 0x7E, 0x83, 0x17, 0x90, 0x8C, 0xFE, 0xCE,
    0xA1, 0xDB, 0xE2, 0x50, 0x42, 0x14, 0x29, 0x27, 0xCE, 0xBF, 0xE8, 0x81, 0x7E, 0xE1, 0x40, 0xC2,
    0x5E, 0x6D, 0x68, 0x97, 0x99, 0x84, 0xF2, 0x92, 0x5B, 0xB2, 0x2B, 0x28, 0xBC, 0x57, 0x4A, 0x7A,
    0x6F, 0x68, 0x3F, 0xF2, 0xC2, 0xB2, 0x39, 0xE3, 0xCE, 0x8D, 0x1B, 0xE2, 0x06, 0x5B, 0x88, 0x63,
    0x08, 0xE7, 0x98, 0x9C, 0xDC, 0x90, 0x6A, 0xF9, 0x36, 0xD3, 0xE3, 0x13, 0x3F, 0x66, 0x23, 0x36,
    0x42, 0x04, 0xC9, 0x2D, 0xFC, 0x4E, 0x6D, 0x99, 0xE7, 0xB3, 0x17, 0xD7, 0x2B, 0x37, 0xF8, 0x27,
    0x23, 0xDF, 0xB0, 0x39, 0xD8, 0x30, 0x6C, 0xA2, 0x9A, 0x5C, 0xD3, 0xE3, 0xC3, 0x84, 0x1E, 0x92,
    0x8B, 0xB8, 0x5E, 0x96, 0xCC, 0x5A, 0xD1, 0x43, 0x5E, 0xDE, 0x9B, 0xA7, 0x3F, 0x7B, 0xA9, 0x85,
    0x6F, 0xEF, 0x0F, 0x5E, 0xFB, 0x9F, 0x36, 0xC9, 0x28, 0x94, 0x15, 0x95, 0xD6, 0x28, 0xAD, 0x7C,
    0xC9, 0x94, 0x84, 0xA6, 0x55, 0x41, 0x8D, 0x19, 0x8B, 0x5F, 0xAC, 0x88, 0xEB, 0x9E, 0x8C, 0x34,
    0xD4, 0xD2, 0x52, 0x74, 0xA5, 0x18, 0x13, 0x89, 0x7A, 0xE6, 0xB4, 0x93, 0x71, 0x97, 0x31, 0xD1,
    0x89, 0xFE, 0xD5, 0x1E, 0x8B, 0xFF, 0xB7, 0xFB, 0x87, 0x2F, 0x8F, 0x2A, 0x41, 0x9E, 0xFB, 0xFD,
    0xDA, 0xFD, 0x19, 0xF9, 0xE4, 0xE5, 0x84, 0x76, 0xEE, 0x38, 0x21, 0x50, 0x6A, 0xA7, 0x74, 0xD0,
    0x4B, 0x9C, 0xF5, 0xE4, 0xEC, 0xEC, 0xC2, 0x3D, 0x3C, 0x6F, 0x25, 0x06, 0x34, 0xBC, 0x1E, 0x13,
    0x40, 0xD8, 0xEF, 0xEE, 0xA7, 0xA7, 0xBE, 0x73, 0xB4, 0xDE, 0xEF, 0x9B, 0xAD, 0xD9, 0xEA, 0xBF,
    0x7E, 0x0C, 0xAD, 0x20, 0x46, 0xFA, 0x49, 0x13, 0x89, 0x04, 0xFD, 0x43, 0x84, 0x5D, 0x84, 0xCE,
    0xE0, 0xC9, 0x5D, 0xFA, 0x5F, 0xF9, 0x7A, 0xEB, 0xD0, 0xBD, 0xD3, 0xF5, 0xCE, 0x5E, 0xE6, 0x74,
    0xBC, 0xB8, 0x98, 0xAC, 0x1B, 0x0D, 0x63, 0x61, 0x1D, 0x72, 0xE3, 0x0F, 0x3D, 0x19, 0xF3, 0xCD,
    0x0F, 0xBA, 0x45, 0x09, 0x4B, 0xA2, 0x5D, 0xF4, 0x8B, 0xDD, 0x1B, 0x0E, 0x9D, 0x8F, 0xBA, 0x17,
    0x09, 0x9C, 0x9B, 0xEE, 0x06, 0xCF, 0x7D, 0x28, 0x34, 0x5A, 0xE0, 0xB1, 0x9C, 0x7A, 0x24, 0xF9,
    0xFF, 0x4D, 0x2A, 0x59, 0xE6, 0xEB, 0x44, 0x16, 0x16, 0x22, 0xB1, 0x9C, 0xEB, 0xB3, 0x08, 0x9F,
    0xC3, 0xE3, 0xCC, 0x09, 0xBE, 0x66, 0x73, 0xBD, 0x54, 0xD8, 0x49, 0xB0, 0xD2, 0x62, 0x81, 0x2C,
    0xE0, 0x55, 0xD0, 0xD2, 0x06, 0x24, 0x9C, 0x04, 0xD4, 0xC8, 0x71, 0x48, 0x63, 0x5F, 0xC6, 0xFF,
    0x03, 0x57, 0xA7, 0xCD, 0x6A, 0x58, 0x9D, 0xD2, 0xF0, 0xB8, 0x40, 0x0A, 0x05, 0x92, 0xB7, 0x69,
    0xC5, 0xD3, 0x3A, 0x70, 0x9A, 0xF8, 0xD5, 0xB3, 0x33, 0x8D, 0xE3, 0x68, 0x4A, 0x22, 0x2D, 0x28,
    0x4D, 0xCC, 0x66, 0xDE, 0x05, 0x4B, 0x4A, 0x69, 0x68, 0x53, 0x9A, 0x14, 0xA2, 0x8B, 0xB9, 0xC0,
    0x3A, 0x1A, 0x33, 0x3E, 0x36, 0xDA, 0x5F, 0x76, 0xAB, 0x19, 0x05, 0x4F, 0x6D, 0x52, 0x29, 0xCC,
    0xBC, 0x94, 0x1E, 0x68, 0x78, 0x2F, 0x7B, 0x4E, 0x35, 0xBD, 0x5B, 0xDB, 0x30, 0x2D, 0x8E, 0x85,
    0x7A, 0xF8, 0x5D, 0xCF, 0xEE, 0xA1, 0xD1, 0x89, 0x0E, 0x27, 0x04, 0x36, 0x07, 0xA2, 0x44, 0x64,
    0xD8, 0xED, 0x50, 0x8C, 0xE3, 0x57, 0x77, 0xB1, 0x47, 0xDE, 0x64, 0x28, 0x25, 0x25, 0x71, 0x35,
    0xC8, 0xA7, 0x01, 0xBC, 0x57, 0xF5, 0x00, 0xFE, 0x51, 0xE2, 0x83, 0x95, 0x50, 0x60, 0x65, 0x95,
    0x31, 0x67, 0x8B, 0xB8, 0x3E, 0x82, 0x46, 0xAA, 0xAC, 0x92, 0xC7, 0x79, 0x60, 0x6E, 0x3A, 0x9B,
    0xEF, 0x4E, 0x17, 0x46, 0x6D, 0xD3, 0xC6, 0xDF, 0xDF, 0x27, 0x5A, 0x4D, 0x2D, 0xF2, 0xEB, 0x03,
    0xB1, 0x76, 0xDD, 0xCD, 0x3E, 0x1A, 0x88, 0xE5, 0xB6, 0x4D, 0x7A, 0xA9, 0x86, 0x8E, 0x03, 0xB1,
    0xCA, 0x62, 0xCA, 0x57, 0x8F, 0x3A, 0xB6, 0x4D, 0xC9, 0x31, 0xC6, 0xB9, 0xC9, 0x9A, 0x12, 0x9D,
    0x84, 0x6A, 0x80, 0xB5, 0x2F, 0x2B, 0xB5, 0x56, 0x24, 0xB7, 0x56, 0xC4, 0xBE, 0x36, 0x6F, 0x4D,
    0xC9, 0xA1, 0x0E, 0x2C, 0x19, 0x25, 0xCE, 0x50, 0x7D, 0x29, 0x4D, 0x09, 0x45, 0x48, 0xB5, 0x05,
    0xDE, 0x54, 0xB1, 0x76, 0x8B, 0x46, 0xD5, 0xF4, 0xE9, 0x51, 0x3C, 0x63, 0x96, 0x8F, 0xF8, 0x14,
    0x65, 0x89, 0xF2, 0xC9, 0x20, 0x38, 0xE7, 0x6F, 0x98, 0xD4, 0xC7, 0xEF, 0x7F, 0x8C, 0xBA, 0x45,
    0x7D, 0xA3, 0x0D, 0xA2, 0x5D, 0xA4, 0xEB, 0xE0, 0xFD, 0xA3, 0xFD, 0xF2, 0xD8, 0x94, 0xBC, 0xB3,
    0xA6, 0x24, 0x79, 0x0B, 0xCB, 0xCF, 0xAB, 0x5C, 0xE0, 0xAF, 0x8D, 0xCB, 0xE6, 0xAB, 0xE3, 0xB2,
    0xEE, 0x9B, 0xC7, 0x65, 0x77, 0xE6, 0xDC, 0x28, 0x73, 0xF6, 0xBF, 0x7C, 0x32, 0xDD, 0xE7, 0x90,
    0xDC, 0x59, 0x80, 0x19, 0xAC, 0x8C, 0x99, 0x02, 0x0D, 0x34, 0x84, 0x64, 0x56, 0x11, 0x61, 0x2B,
    0xA2, 0x4B, 0xB0, 0x11, 0x69, 0xA5, 0xAE, 0xC1, 0x5B, 0x15, 0xFA, 0xF5, 0xAE, 0x08, 0x61, 0x5D,
    0x4F, 0x29, 0xA4, 0x2B, 0xEC, 0x64, 0x5C, 0xE6, 0x78, 0xC9, 0x8B, 0x5D, 0x43, 0x7F, 0x5E, 0xDF,
    0x39, 0x74, 0x63, 0x1C, 0x4A, 0xED, 0x17, 0xA7, 0x0A, 0xD7, 0xC9, 0x2F, 0x51, 0xF2, 0x83, 0x97,
    0x17, 0x92, 0x48, 0x4D, 0x93, 0x5B, 0x4D, 0x53, 0x98, 0x8F, 0x4A, 0xDB, 0xB9, 0x62, 0x5B, 0x2F,
    0xAC, 0xE9, 0x50, 0x88, 0x5A, 0x35, 0x17, 0xA7, 0xA3, 0x20, 0x9D, 0xA4, 0x12, 0x4B, 0xCA, 0xE3,
    0x3D, 0xD2, 0xDC, 0x18, 0x4B, 0xFE, 0x03, 0xED, 0x58, 0x4D, 0x6E, 0xD3, 0x50, 0x10, 0x1E, 0x27,
    0x52, 0x2D, 0x91, 0x85, 0x57, 0x6C, 0xD8, 0xF8, 0x08, 0x3E, 0x82, 0x73, 0x09, 0x2E, 0xD1, 0x4D,
    0x8F, 0x10, 0xDF, 0x80, 0x1E, 0x81, 0x05, 0x48, 0xC8, 0x1B, 0x8E, 0x60, 0xEF, 0xD8, 0x46, 0x9C,
    0xC0, 0x8B, 0x4A, 0x2C, 0x71, 0x25, 0x2F, 0x0C, 0x38, 0x19, 0xE6, 0xEF, 0xCD, 0x4B, 0xDA, 0xD0,
    0x52, 0xB5, 0x85, 0x16, 0xF2, 0x16, 0xD1, 0x67, 0xE5, 0xCD, 0xBC, 0xF9, 0xF9, 0x66, 0xFC, 0xC6,
    0x90, 0x34, 0x4B, 0x80, 0xF4, 0x1B, 0x00, 0x2C, 0xB0, 0x03, 0x28, 0x90, 0x1E, 0x73, 0x1C, 0x00,
    0x56, 0xB8, 0xE6, 0xC7, 0x09, 0x00, 0xF9, 0x8F, 0x52, 0x51, 0x7F, 0x18, 0xC5, 0x7D, 0x51, 0xD6,
    0xF4, 0x55, 0x00, 0xF1, 0x8C, 0xDF, 0x5E, 0x49, 0x83, 0xA8, 0x02, 0x2B, 0xA4, 0x45, 0x3A, 0x21,
    0x45, 0x59, 0x4B, 0x56, 0x2A, 0xAB, 0xE3, 0x23, 0x65, 0x4D, 0x30, 0x33, 0xB4, 0x0D, 0xDB, 0x68,
    0x63, 0x16, 0x50, 0x5B, 0x04, 0xD4, 0x95, 0xC8, 0xA6, 0xE5, 0x64, 0x34, 0xE9, 0x25, 0xA5, 0x73,
    0xD2, 0xDD, 0xE0, 0x86, 0x4F, 0x44, 0x1C, 0x59, 0x13, 0xB0, 0xD6, 0x49, 0x8F, 0xA4, 0xC3, 0xF7,
    0x50, 0xCF, 0xA8, 0x7C, 0x0C, 0x14, 0xCF, 0x18, 0x19, 0x35, 0x8C, 0x82, 0x2D, 0xD1, 0xBE, 0x95,
    0xB8, 0x4F, 0x1E, 0x0E, 0xA5, 0xB8, 0x7F, 0x46, 0x2A, 0xA2, 0x6F, 0xD1, 0xDF, 0x18, 0x83, 0x18,
    0x17, 0xD2, 0x29, 0x6B, 0xDC, 0x8D, 0x9F, 0x6D, 0xE4, 0x83, 0xCE, 0x18, 0x5C, 0x48, 0xEC, 0x4F,
    0x71, 0xFB, 0xDE, 0xF2, 0xD0, 0x9C, 0x1B, 0x48, 0xD5, 0x44, 0x5A, 0x99, 0x98, 0xC3, 0xAB, 0x60,
    0xB5, 0xA0, 0x3E, 0xE0, 0x0D, 0x28, 0xEE, 0xCB, 0xD4, 0xA9, 0x3D, 0x7D, 0xD0, 0x54, 0xB7, 0xF3,
    0x21, 0x38, 0x84, 0xFD, 0x43, 0xA3, 0xBB, 0xB0, 0xF2, 0x8F, 0x47, 0x63, 0x56, 0x7F, 0xF0, 0xBD,
    0xBD, 0xCB, 0xAF, 0xAD, 0x3E, 0x56, 0x5C, 0x5C, 0xAB, 0x90, 0x42, 0xCB, 0xE5, 0xC6, 0xF3, 0x3B,
    0x1E, 0xA8, 0x0F, 0x8C, 0xF5, 0x51, 0xFD, 0xB2, 0x3E, 0x16, 0x18, 0xEA, 0x23, 0xC7, 0x50, 0x1F,
    0x25, 0x86, 0xFA, 0x60, 0x1E, 0x09, 0x63, 0x13, 0xDC, 0x36, 0x8A, 0xE6, 0x38, 0x59, 0x7D, 0x90,
    0x99, 0xC6, 0xEC, 0x82, 0x95, 0x09, 0x2A, 0xB1, 0x35, 0x44, 0x2A, 0x15, 0xCD, 0x48, 0xA5, 0xA2,
    0x94, 0xCC, 0x54, 0x94, 0xC9, 0xD6, 0x49, 0x28, 0xBD, 0x36, 0xC4, 0x1E, 0x6A, 0x7D, 0xB0, 0x35,
    0x72, 0xC6, 0x0F, 0xB5, 0x61, 0x72, 0x0F, 0xA7, 0x46, 0xD2, 0x68, 0xF5, 0x81, 0x6D, 0xA8, 0x0F,
    0x2A, 0x95, 0x3B, 0xD5, 0x07, 0x7A, 0xD4, 0x9A, 0x50, 0x1F, 0x49, 0x08, 0x1A, 0xF7, 0x09, 0x2B,
    0x99, 0x0C, 0x2F, 0xA9, 0x3E, 0xDE, 0x85, 0x44, 0x58, 0x8F, 0x0A, 0x49, 0x7B, 0xF9, 0xDA, 0x73,
    0x17, 0x33, 0x4E, 0x51, 0xB4, 0xFF, 0x17, 0x6C, 0x9F, 0xAC, 0xB9, 0x53, 0x2F, 0x41, 0x4F, 0x7E,
    0xE3, 0x84, 0x28, 0x9D, 0x56, 0x99, 0xAB, 0x59, 0xB8, 0x9A, 0xB9, 0xAB, 0xD1, 0xA6, 0x6B, 0xC2,
    0xBD, 0x0B, 0x8F, 0x70, 0xCF, 0xA5, 0xD6, 0xF1, 0xD9, 0xFF, 0x2A, 0xCA, 0x1D, 0x15, 0x82, 0x06,
    0x4B, 0x99, 0x22, 0xA2, 0x80, 0x66, 0x83, 0x29, 0x00, 0x52, 0x01, 0x4C, 0x1A, 0xAE, 0xB6, 0x4A,
    0x5A, 0xA5, 0x14, 0x84, 0x92, 0xC3, 0x19, 0x06, 0xD9, 0xF5, 0x2A, 0xB3, 0xCA, 0xFB, 0xC2, 0x59,
    0x14, 0x5E, 0x7D, 0x62, 0xC4, 0x22, 0xDB, 0x94, 0x11, 0xFF, 0x3D, 0x08, 0x82, 0x57, 0xCD, 0xF7,
    0x65, 0x6C, 0x35, 0x4E, 0x00, 0x0C, 0xD9, 0x8C, 0x94, 0x49, 0x31, 0x50, 0x2F, 0x73, 0x4E, 0xE4,
    0x3B, 0xAD, 0x66, 0xE3, 0x4A, 0xC6, 0xBD, 0x7C, 0x82, 0x9C, 0xB7, 0x76, 0x75, 0xD5, 0x55, 0x8A,
    0xE5, 0x2E, 0x7A, 0x64, 0xCE, 0xF3, 0x64, 0x4E, 0x52, 0x9F, 0x7B, 0xBB, 0x18, 0xFC, 0x8D, 0x31,
    0x79, 0xA3, 0xC2, 0xF8, 0x42, 0xAD, 0x02, 0x0D, 0xAC, 0x85, 0x2C, 0x30, 0x74, 0xA2, 0x42, 0xBB,
    0xAC, 0x08, 0x7C, 0x36, 0x11, 0xDA, 0xAF, 0x22, 0x73, 0x71, 0xA1, 0x13, 0x81, 0x49, 0xEF, 0x7B,
    0x24, 0x30, 0xC8, 0x13, 0x0B, 0x74, 0xB2, 0x03, 0xE0, 0xB4, 0x26, 0x9B, 0xEA, 0x7A, 0x79, 0xE4,
    0xD0, 0xF3, 0xE2, 0xD0, 0x09, 0xB7, 0x80, 0xFC, 0x02, 0xEC, 0xF2, 0xDE, 0x6C, 0x40, 0x2F, 0xF4,
    0x89, 0x5C, 0x3E, 0xF9, 0x2D, 0xA3, 0x9D, 0x03, 0x15, 0xB5, 0x87, 0x51, 0xDC, 0x17, 0x65, 0x55,
    0x1F, 0xDF, 0x7E, 0x52, 0x3F, 0xE3, 0xC8, 0x8D, 0xE3, 0x9B, 0xE9, 0x51, 0xDF, 0x4C, 0x75, 0xFD,
    0x96, 0x7E, 0x5F, 0xD4, 0xF5, 0x7F, 0xCC, 0x17, 0xDC, 0xE7, 0xCB, 0xDC, 0xF8, 0xB2, 0x94, 0x6C,
    0xDF, 0xC2, 0x97, 0x85, 0x23, 0xBD, 0x03, 0x7F, 0xE5, 0x94, 0x08, 0x7A, 0xE3, 0x7C, 0xC9, 0xC2,
    0xFC, 0x31, 0x68, 0xC2, 0xCE, 0x74, 0xFA, 0xBE, 0x76, 0x83, 0xDD, 0x4D, 0x27, 0x5B, 0x30, 0x99,
    0xA5, 0xCA, 0x8B, 0x86, 0x6E, 0xE1, 0x25, 0x5B, 0x35, 0x63, 0x7B, 0x0B, 0x9F, 0x5D, 0x82, 0x2D,
    0x83, 0xDB, 0xD2, 0x85, 0xFB, 0xB8, 0xF6, 0x9C, 0x30, 0xC3, 0xAE, 0x4C, 0x00, 0x6C, 0x63, 0xA7,
    0xB7, 0x6B, 0x32, 0x50, 0xD8, 0x7B, 0x42, 0xE8, 0x7C, 0x97, 0x71, 0x4F, 0x03, 0xCD, 0xF4, 0x4B,
    0x87, 0x8D, 0x2A, 0x03, 0xA3, 0x4B, 0xF3, 0x88, 0xA7, 0x1D, 0x5E, 0x6B, 0x9F, 0x7F, 0x07, 0x47,
    0x9B, 0x38, 0x13, 0x47, 0x54, 0x39, 0x6A, 0x55, 0x17, 0x85, 0x64, 0xAD, 0x61, 0xA2, 0x28, 0x76,
    0x18, 0xBE, 0x79, 0xF4, 0x32, 0x27, 0x72, 0xA0, 0x7B, 0xFF, 0xCE, 0xD0, 0xDB, 0xDB, 0x5F, 0x50,
    0xFF, 0xC0, 0x28, 0x6A, 0x1E, 0x1D, 0x4D, 0x9A, 0x1E, 0xB3, 0x45, 0xAD, 0x42, 0xED, 0x21, 0x9D,
    0xDA, 0x9C, 0xAB, 0xF5, 0x3A, 0x92, 0xB5, 0x07, 0xBC, 0x74, 0xCF, 0xB7, 0x8E, 0x26, 0x88, 0xA3,
    0x7D, 0x88, 0x5F, 0x1B, 0x62, 0xBA, 0xF5, 0x38, 0xCB, 0xC7, 0xA3, 0x3E, 0xF9, 0x28, 0x93, 0xDC,
    0x53, 0x62, 0xC4, 0xF1, 0xFD, 0xFB, 0xB7, 0x51, 0xE1, 0xE8, 0x6A, 0x17, 0x1D, 0xF5, 0xE2, 0x7C,
    0xB5, 0x8B, 0xE6, 0xF7, 0xEE, 0xA2, 0xE5, 0xE3, 0x74, 0xD1, 0xCD, 0x8D, 0x5D, 0xB4, 0x3F, 0xD0,
    0x45, 0x97, 0x60, 0x8E, 0xDC, 0xDA, 0x45, 0x7F, 0x02, 0xED, 0x98, 0x31, 0xAE, 0xE4, 0x44, 0x10,
    0x86, 0xDB, 0xB6, 0xF4, 0x1C, 0x4C, 0xE0, 0x68, 0x13, 0x08, 0xE6, 0x08, 0x3E, 0x42, 0x1B, 0x71,
    0x05, 0xE6, 0x12, 0x10, 0x70, 0x84, 0x19, 0x62, 0x02, 0x38, 0x02, 0x01, 0xD1, 0x9E, 0x80, 0xCC,
    0x96, 0xF6, 0x00, 0x3B, 0xDC, 0xC0, 0xC1, 0x93, 0x10, 0x22, 0x31, 0x92, 0x25, 0xBC, 0x4F, 0x33,
    0xD3, 0x54, 0x57, 0x77, 0x55, 0xFD, 0x1E, 0xCD, 0x2E, 0xA0, 0x7D, 0x2B, 0xF1, 0xA4, 0x71, 0xF0,
    0x54, 0xB5, 0x3B, 0xDD, 0xFD, 0x77, 0x55, 0xF5, 0xD7, 0x65, 0x3B, 0xE7, 0x9A, 0x10, 0x9F, 0xC9,
    0xF1, 0xF3, 0x09, 0x9D, 0x4F, 0xFA, 0xF8, 0x70, 0x30, 0x67, 0x1F, 0x66, 0x73, 0xFA, 0x70, 0x36,
    0x87, 0xD4, 0xA8, 0x5D, 0x92, 0xA3, 0x83, 0x2A, 0x72, 0x06, 0x71, 0x6A, 0x72, 0x8E, 0xE2, 0x6C,
    0xC8, 0x19, 0xC5, 0x69, 0x70, 0x3B, 0x5B, 0x72, 0x16, 0x13, 0x10, 0xC2, 0xC9, 0x04, 0x04, 0x5B,
    0xB5, 0x27, 0xE7, 0x62, 0x02, 0xFE, 0x50, 0x09, 0x45, 0x08, 0x6F, 0x42, 0xE8, 0x54, 0xC0, 0x1B,
    0x95, 0x40, 0xCE, 0x17, 0x2A, 0x81, 0x04, 0x38, 0x95, 0xD0, 0xD0, 0x54, 0xBD, 0x48, 0xD8, 0xD2,
    0x22, 0xBA, 0x57, 0x4F, 0xCB, 0x7B, 0x91, 0xE0, 0x49, 0x58, 0x2B, 0x4E, 0xFC, 0x7D, 0x23, 0x12,
    0x02, 0x3B, 0x41, 0x04, 0x1C, 0xE3, 0x66, 0xBB, 0xBC, 0xE6, 0x90, 0xFE, 0x24, 0xE7, 0x10, 0x03,
    0x34, 0x64, 0x01, 0x5D, 0xFC, 0xED, 0x98, 0x23, 0x90, 0x67, 0x61, 0x01, 0x17, 0x9E, 0x7F, 0x16,
    0x01, 0xF2, 0x97, 0xC3, 0x11, 0x24, 0x24, 0x7D, 0x76, 0x2E, 0x39, 0x05, 0xE9, 0x49, 0x02, 0xF2,
    0xD3, 0xA5, 0x14, 0xA4, 0xE7, 0x80, 0xCE, 0x90, 0x52, 0x90, 0x9E, 0x51, 0x6A, 0x2A, 0xD7, 0xD5,
    0x56, 0x1D, 0x92, 0xD0, 0xE6, 0x6D, 0x71, 0x56, 0x7C, 0xDE, 0x70, 0x1F, 0x25, 0xF4, 0x39, 0x14,
    0x3E, 0x66, 0x45, 0x92, 0x46, 0x12, 0xA3, 0x80, 0x59, 0x72, 0xD9, 0x95, 0x92, 0x5B, 0x5A, 0xE2,
    0x50, 0x49, 0xC8, 0x69, 0xF1, 0x61, 0x23, 0x99, 0xA1, 0x60, 0x1D, 0x1B, 0x71, 0xE8, 0x27, 0xD3,
    0x56, 0x12, 0x18, 0x07, 0xB7, 0x9A, 0x5A, 0x5A, 0xC3, 0x6B, 0xD2, 0x63, 0x14, 0x2A, 0x8D, 0xC6,
    0xF3, 0x58, 0x1F, 0xF5, 0x3C, 0xD0, 0x24, 0xBF, 0x73, 0x01, 0xF4, 0x39, 0xA8, 0x39, 0xC4, 0xE7,
    0x5C, 0xBB, 0x1C, 0xF6, 0x42, 0xC3, 0x5C, 0x69, 0x32, 0x25, 0x13, 0x67, 0x4B, 0x43, 0x0C, 0x7B,
    0xCE, 0xA1, 0xE7, 0xD4, 0xD1, 0x04, 0x87, 0xB4, 0xF9, 0x18, 0xA9, 0x54, 0x0F, 0x14, 0xB7, 0xE1,
    0xD5, 0xEE, 0xAB, 0x6C, 0x69, 0x91, 0xAF, 0xAC, 0x6F, 0x42, 0x78, 0x64, 0x8B, 0x17, 0xF9, 0x2D,
    0x5A, 0x52, 0x38, 0x83, 0x96, 0xC3, 0xA0, 0xEB, 0x0E, 0xBA, 0xEE, 0xE0, 0xD5, 0xDA, 0xAB, 0xC5,
    0x35, 0xF5, 0x90, 0xAC, 0x25, 0xA7, 0x31, 0x25, 0xBB, 0x62, 0x6B, 0xCA, 0x5A, 0x92, 0xD5, 0xE8,
    0xFF, 0x7A, 0xB6, 0x4E, 0xA9, 0x36, 0xD3, 0x2C, 0xDB, 0xF5, 0xCC, 0xFE, 0x86, 0x82, 0xA4, 0xEA,
    0x9D, 0x2A, 0xFD, 0x53, 0xD5, 0x7F, 0x17, 0xAD, 0xCF, 0x63, 0xC8, 0x0A, 0xDE, 0xE5, 0xB7, 0x21,
    0xFC, 0xA8, 0x75, 0x11, 0xC5, 0x9C, 0xFE, 0xD9, 0xE9, 0x48, 0xA9, 0x9E, 0xE5, 0x81, 0xC4, 0x2E,
    0x82, 0x99, 0x45, 0x0E, 0x9F, 0x9C, 0xB8, 0xC9, 0xD0, 0x84, 0x00, 0x31, 0xD4, 0x95, 0x01, 0x71,
    0xD4, 0x87, 0x60, 0xAC, 0xDC, 0x20, 0x10, 0x49, 0xE8, 0xE3, 0x33, 0xF2, 0xB9, 0xBF, 0x74, 0x48,
    0x61, 0xBB, 0x12, 0x0A, 0xAC, 0xE7, 0x0A, 0xA4, 0x71, 0xD5, 0x39, 0xD4, 0xD6, 0x21, 0x85, 0x07,
    0xA4, 0xB0, 0x3A, 0x2D, 0xC2, 0xDA, 0x23, 0xAC, 0x57, 0x3B, 0xC5, 0x53, 0x54, 0xA0, 0x43, 0xD1,
    0x79, 0xAB, 0x12, 0x48, 0xC0, 0xF7, 0x2A, 0x81, 0x04, 0x7C, 0xA9, 0x12, 0x48, 0x80, 0x55, 0x2F,
    0x41, 0xB0, 0x50, 0x27, 0x42, 0x57, 0x25, 0x78, 0xCE, 0xCF, 0x24, 0x02, 0x66, 0x83, 0x75, 0x14,
    0x26, 0xB0, 0x66, 0xB2, 0x0A, 0xAC, 0x99, 0xB9, 0x02, 0xEB, 0x2A, 0x39, 0x41, 0xD0, 0xD3, 0x29,
    0xAC, 0x9B, 0x54, 0x21, 0x69, 0x55, 0xA6, 0xB0, 0xC0, 0x3A, 0x4D, 0x94, 0x25, 0xF8, 0xEC, 0x4C,
    0x76, 0x2B, 0x66, 0x09, 0x01, 0xF8, 0x5C, 0xA0, 0x53, 0x06, 0x80, 0x75, 0x85, 0xB0, 0xAE, 0x11,
    0xD6, 0x0D, 0xF2, 0x79, 0x8B, 0x4E, 0x8B, 0xB0, 0xF6, 0x08, 0xEB, 0x7D, 0xDE, 0x23, 0x27, 0x22,
    0xA8, 0x73, 0xCA, 0xFF, 0xE2, 0xD2, 0x2F, 0x94, 0xC2, 0x91, 0x21, 0x4A, 0xE1, 0x88, 0xD6, 0x5A,
    0x2A, 0x3A, 0x42, 0x57, 0x29, 0x1C, 0x61, 0xDD, 0x48, 0xE1, 0x6E, 0xD2, 0xA9, 0xD4, 0xFC, 0x8D,
    0x1E, 0x9C, 0x69, 0x2F, 0x97, 0x72, 0xC4, 0xBE, 0x25, 0x3D, 0x02, 0xA2, 0x89, 0x8B, 0xF2, 0x6F,
    0x6F, 0x5B, 0x73, 0x1C, 0xC3, 0x0B, 0x44, 0x96, 0x5F, 0x72, 0x3E, 0xB6, 0x3C, 0x61, 0x75, 0x15,
    0xC9, 0x59, 0xEF, 0xBC, 0x51, 0x0F, 0xA6, 0x5C, 0xA4, 0x39, 0xB3, 0x85, 0x55, 0xE3, 0x43, 0x78,
    0x77, 0xA7, 0xF7, 0x0B, 0xA4, 0xF7, 0x15, 0xD3, 0x1C, 0x80, 0x87, 0x97, 0x5F, 0x1C, 0x92, 0xEC,
    0xEC, 0x6E, 0x73, 0x8D, 0xC3, 0x65, 0x5E, 0xB3, 0x42, 0xF0, 0x0A, 0x6D, 0x5C, 0x47, 0xC7, 0x95,
    0x37, 0x3A, 0xA4, 0xDB, 0x84, 0x5D, 0xAE, 0x2D, 0xBF, 0xE2, 0x5B, 0x5C, 0xFC, 0xAD, 0x89, 0x21,
    0xEF, 0x07, 0x23, 0x2E, 0x49, 0xA9, 0x4D, 0x4C, 0x62, 0x5C, 0xA7, 0x52, 0xCE, 0xA5, 0x89, 0x21,
    0xC8, 0x14, 0x26, 0x26, 0x62, 0xCE, 0xC4, 0x44, 0xE0, 0x29, 0xF4, 0x32, 0xE8, 0x66, 0x67, 0xFD,
    0xA6, 0xF6, 0xA8, 0x3C, 0xDF, 0x56, 0x3C, 0xEE, 0x38, 0xB5, 0x4B, 0xE5, 0x96, 0x73, 0x23, 0x62,
    0x98, 0x76, 0x82, 0xBE, 0x84, 0x3B, 0x2D, 0x3F, 0xE6, 0x9D, 0x4A, 0xF3, 0x48, 0xBF, 0xCC, 0x3A,
    0x89, 0x0C, 0x74, 0x8A, 0xC0, 0xBC, 0xC5, 0x21, 0xF4, 0x4E, 0x0E, 0xA9, 0x77, 0x71, 0x2B, 0xEC,
    0xD9, 0x1B, 0x4D, 0x86, 0x20, 0x80, 0xEF, 0xE0, 0x90, 0x7C, 0x83, 0x43, 0xF4, 0x1D, 0x9D, 0xB2,
    0x2F, 0xC3, 0x2D, 0x20, 0x09, 0x95, 0x7E, 0x2C, 0x46, 0xF1, 0xC7, 0x3D, 0xAB, 0xF2, 0x8F, 0x3B,
    0x57, 0x05, 0x20, 0x53, 0x4D, 0x09, 0xB8, 0xCD, 0xDE, 0x41, 0x79, 0xA8, 0xAD, 0x30, 0x1F, 0x1C,
    0xA7, 0x10, 0xE4, 0x09, 0x94, 0x82, 0x11, 0x89, 0x2A, 0xC5, 0x16, 0x96, 0x14, 0x8F, 0x78, 0x7D,
    0x07, 0x28, 0xF5, 0x12, 0xAB, 0x99, 0xE6, 0x84, 0x97, 0xAD, 0xC4, 0x4C, 0x28, 0xE0, 0xE3, 0x6A,
    0xCA, 0x61, 0xF5, 0xC6, 0xF6, 0x21, 0xEF, 0xB8, 0xF2, 0x66, 0xF7, 0xCB, 0xAA, 0xF0, 0x17, 0x87,
    0x17, 0xFE, 0xB2, 0x3A, 0x3E, 0xCB, 0xEA, 0x68, 0x2D, 0xAB, 0xD7, 0xBD, 0x05, 0xDF, 0x11, 0x71,
    0x83, 0x09, 0xC2, 0x4A, 0x56, 0x40, 0x2B, 0xB0, 0xD5, 0xE0, 0x0A, 0x74, 0x05, 0xBC, 0x02, 0x5F,
    0x01, 0xB0, 0x40, 0x58, 0x67, 0x88, 0x75, 0xC6, 0x58, 0x67, 0x90, 0x75, 0xD7, 0x94, 0x05, 0xCC,
    0x8A, 0xA9, 0xA0, 0x05, 0xD2, 0x1A, 0x6A, 0xAD, 0x78, 0x07, 0xD3, 0x30, 0x98, 0x86, 0xC1, 0xEA,
    0x72, 0x70, 0x46, 0x45, 0x67, 0xC0, 0x75, 0x46, 0x5C, 0x67, 0xC8, 0x75, 0xC6, 0x5C, 0x67, 0xD0,
    0x75, 0x46, 0x5D, 0x67, 0xD8, 0x75, 0xC6, 0x5D, 0x5C, 0xC2, 0xDF, 0x94, 0x63, 0xEC, 0x75, 0x00,
    0x5F, 0xA0, 0x2F, 0xE2, 0x97, 0xF9, 0x5B, 0x18, 0x95, 0x6A, 0xCB, 0x28, 0x94, 0x1A, 0x7C, 0x0B,
    0x30, 0x9C, 0x15, 0x56, 0xB4, 0x25, 0xE2, 0xF0, 0xB6, 0x89, 0x84, 0xEC, 0x1E, 0xF4, 0x75, 0x4F,
    0x92, 0x51, 0x9A, 0xE9, 0xC0, 0xEC, 0x03, 0xF4, 0x81, 0x6A, 0xD6, 0xD0, 0xBA, 0x5A, 0x53, 0xED,
    0x01, 0xFB, 0xF8, 0x89, 0x02, 0x58, 0x8D, 0x27, 0xB2, 0x06, 0xF6, 0x37, 0x70, 0x47, 0x6C, 0x61,
    0x1A, 0x0F, 0xD3, 0xF4, 0x50, 0xEB, 0x30, 0x4D, 0x09, 0xD3, 0x54, 0x30, 0x4D, 0x83, 0x97, 0xD0,
    0xC7, 0xBD, 0x58, 0x5E, 0x3A, 0x0B, 0x51, 0x16, 0xD4, 0x1A, 0x07, 0x0B, 0x00, 0xED, 0x06, 0x50,
    0xDA, 0x02, 0x2C, 0x7B, 0xEB, 0x19, 0xED, 0x03, 0xC1, 0x09, 0x9A, 0xD1, 0x4B, 0x1C, 0x1A, 0xD7,
    0x89, 0xA1, 0x8D, 0xDA, 0xE7, 0x7C, 0x3A, 0x0F, 0xAD, 0xB6, 0xC4, 0x7C, 0xD3, 0x77, 0xF9, 0x00,
    0x1F, 0xBD, 0x75, 0xD4, 0xE3, 0xDE, 0x5A, 0xED, 0xA9, 0xB7, 0x1E, 0x7C, 0x52, 0x3C, 0xB0, 0x3D,
    0xBF, 0xC7, 0x9E, 0x6E, 0xBE, 0xC5, 0xFC, 0x6F, 0xED, 0x0F, 0xEE, 0x65, 0xD1, 0xBD, 0xF7, 0x10,
    0x13, 0x89, 0x4F, 0x6A, 0x9F, 0x2F, 0x5A, 0x7E, 0x52, 0xB1, 0x4D, 0xEA, 0x9D, 0x86, 0x5C, 0xC5,
    0xB1, 0xF9, 0x9E, 0xF2, 0x41, 0xE8, 0x36, 0x41, 0x7A, 0xE3, 0x00, 0xF9, 0x3A, 0x41, 0x1E, 0x97,
    0x55, 0x7E, 0x11, 0x0A, 0x56, 0x0F, 0x70, 0x23, 0x2F, 0xF0, 0x31, 0xE9, 0x68, 0x75, 0x95, 0x5B,
    0xE6, 0xCF, 0xC8, 0x7C, 0xEA, 0x0C, 0xE9, 0x97, 0xEB, 0x43, 0x54, 0xEA, 0x86, 0xF5, 0x26, 0x75,
    0x1B, 0x78, 0x73, 0x93, 0x83, 0x69, 0x1F, 0x6B, 0xF6, 0xF0, 0x5A, 0x30, 0xEB, 0x24, 0xE3, 0x35,
    0x8D, 0xB5, 0x37, 0xB1, 0x9E, 0xE5, 0xBF, 0x3F, 0x25, 0x45, 0xE2, 0x51, 0xC9, 0xC1, 0xFB, 0xAB,
    0x75, 0xD7, 0xAD, 0x9E, 0x0D, 0x3D, 0x19, 0x95, 0xC6, 0x6D, 0xA3, 0x91, 0x6D, 0xF4, 0xCE, 0xD1,
    0x23, 0x14, 0xE3, 0x95, 0x8E, 0x51, 0x3C, 0x13, 0x69, 0x9F, 0x87, 0xC4, 0x98, 0x88, 0x8E, 0xA0,
    0xD7, 0x4D, 0xDA, 0xA1, 0x59, 0xC5, 0x6E, 0xD7, 0x85, 0x55, 0xEB, 0xF6, 0x5C, 0x56, 0x9A, 0xD9,
    0xFA, 0xF7, 0x45, 0x2D, 0xD1, 0xA2, 0xFA, 0x62, 0xAF, 0x9E, 0x80, 0x40, 0xEF, 0x21, 0x14, 0xF8,
    0x62, 0xF5, 0x96, 0x02, 0xFB, 0xAD, 0xB5, 0x44, 0x4A, 0xAB, 0xA7, 0xFE, 0xFA, 0x3D, 0x54, 0xFB,
    0xB9, 0x25, 0xF1, 0x57, 0x1A, 0xEC, 0xE2, 0xEB, 0xF0, 0x24, 0xAD, 0x7C, 0xF9, 0xFA, 0x67, 0x68,
    0x67, 0x4E, 0xEE, 0x16, 0x15, 0x3D, 0xB4, 0xE2, 0xD0, 0x7A, 0x97, 0xF0, 0x59, 0xA1, 0x86, 0xAF,
    0xBE, 0x4D, 0x78, 0xD2, 0xC1, 0x3E, 0x9E, 0x35, 0xBD, 0x2D, 0x88, 0x4B, 0xA3, 0x0C, 0xA5, 0x17,
    0xC8, 0x39, 0x0F, 0x3D, 0x53, 0x4E, 0xCF, 0x79, 0xE8, 0x12, 0x25, 0xCB, 0x50, 0x1E, 0x13, 0xED,
    0x57, 0xBB, 0x2E, 0xFF, 0xB9, 0x93, 0xF9, 0x4E, 0xE6, 0x17, 0x44, 0xE6, 0xF2, 0xF5, 0x4F, 0x7A,
    0x2A, 0x4E, 0xDA, 0xB7, 0x1B, 0x70, 0x33, 0x84, 0x8B, 0x00, 0x1F, 0xD6, 0xED, 0x4B, 0x7C, 0x1E,
    0xD2, 0x86, 0xBF, 0xF2, 0x90, 0x7D, 0xF8, 0x35, 0x0D, 0x29, 0x18, 0x6B, 0x43, 0x1A, 0x90, 0x8E,
    0x0A, 0xAF, 0x90, 0x56, 0x69, 0x29, 0xA0, 0x35, 0x0F, 0xD9, 0x93, 0xBE, 0x92, 0x87, 0xEC, 0x76,
    0xF2, 0xE7, 0xCE, 0xE8, 0x17, 0xC6, 0x68, 0xD7, 0x8F, 0xEE, 0x46, 0xAB, 0xBE, 0x62, 0x74, 0x0B,
    0x1D, 0x2D, 0xF2, 0xFA, 0xDF, 0xD8, 0xED, 0x7B, 0xBA, 0x61, 0x5C, 0x0B, 0x35, 0xDC, 0xBB, 0xE4,
    0x3B, 0x8B, 0x5F, 0x1A, 0x8B, 0xFF, 0x06, 0xED, 0x59, 0x3B, 0x92, 0xE3, 0x36, 0x10, 0x05, 0xC9,
    0x2A, 0x31, 0x60, 0xC0, 0xDC, 0x89, 0x72, 0x27, 0x3A, 0x82, 0x78, 0x84, 0x4D, 0xE6, 0x12, 0x4E,
    0xF6, 0x08, 0xE4, 0x11, 0xE6, 0x08, 0x0E, 0x1C, 0x29, 0xF1, 0x11, 0xC8, 0x2A, 0x5F, 0x40, 0x47,
    0x60, 0xB0, 0xC9, 0x46, 0xA6, 0xCB, 0x0C, 0xE4, 0x2D, 0x0D, 0x61, 0xF4, 0x07, 0xDD, 0x8D, 0x19,
    0x49, 0xD6, 0xCC, 0x6A, 0x76, 0xBD, 0x55, 0x42, 0x32, 0xAF, 0x87, 0x04, 0xD0, 0xFD, 0xBA, 0xF1,
    0x00, 0x42, 0xCE, 0x39, 0xD7, 0x8F, 0x8E, 0x5A, 0xE1, 0x8F, 0x8C, 0x6A, 0xEF, 0x19, 0x6D, 0xBC,
    0xEF, 0x08, 0x6D, 0xBD, 0x1F, 0xAE, 0x41, 0xDA, 0x43, 0x47, 0xD1, 0x91, 0x75, 0xB6, 0x2B, 0x5B,
    0xDE, 0x7B, 0xFF, 0x89, 0x7A, 0xFA, 0xD0, 0xF6, 0x01, 0x94, 0x00, 0xFC, 0x81, 0xE6, 0x82, 0xD6,
    0x38, 0x47, 0x20, 0x3C, 0x2E, 0x18, 0x4D, 0xAE, 0x62, 0x74, 0x04, 0x47, 0xB0, 0x3D, 0xC5, 0x0E,
    0xC1, 0xB1, 0x2D, 0x8E, 0x15, 0xC6, 0x74, 0x2D, 0xBA, 0xB9, 0x0E, 0x6E, 0xF7, 0xE1, 0x0D, 0x74,
    0xBB, 0xF3, 0xE8, 0x70, 0x98, 0x68, 0xF0, 0x7E, 0x4E, 0x50, 0xF6, 0xF0, 0xD0, 0xC0, 0xE8, 0xD4,
    0x6E, 0x89, 0x68, 0xE4, 0x19, 0xE9, 0x82, 0xD9, 0x0E, 0x82, 0xA2, 0x2F, 0xE2, 0xDF, 0xD0, 0x62,
    0xD0, 0x40, 0x75, 0x88, 0x63, 0x74, 0x19, 0x44, 0xA4, 0xB1, 0x69, 0xBC, 0x25, 0xA3, 0x83, 0xCB,
    0x85, 0x17, 0x22, 0x12, 0xF3, 0xC5, 0x5D, 0x68, 0x22, 0xE6, 0xD4, 0x7D, 0x04, 0x84, 0x29, 0xCC,
    0x7E, 0xF1, 0x5F, 0x1E, 0xD1, 0xC3, 0x9F, 0x77, 0xE1, 0xEF, 0x6E, 0xD7, 0x51, 0x82, 0x67, 0x98,
    0xB0, 0xA3, 0x14, 0x1F, 0x43, 0xD7, 0x85, 0x93, 0xEC, 0xD1, 0xE6, 0x90, 0xBA, 0x4D, 0x8C, 0xAF,
    0xF5, 0xFB, 0x16, 0x13, 0x87, 0x9D, 0xFF, 0x42, 0xD7, 0xB9, 0x3E, 0xB8, 0x2B, 0xCD, 0x2F, 0x35,
    0xE2, 0x95, 0x1A, 0xC8, 0xCE, 0xDE, 0x69, 0x31, 0x36, 0x4E, 0x4A, 0x74, 0x91, 0x1A, 0x31, 0xE5,
    0xE5, 0xDC, 0xC3, 0x07, 0xF7, 0xC6, 0xB6, 0x02, 0x7F, 0x68, 0x82, 0x9C, 0xF9, 0x73, 0x5A, 0x64,
    0xE0, 0x45, 0x26, 0x25, 0xE5, 0xA4, 0xBC, 0x38, 0x11, 0xF2, 0x52, 0xEF, 0x85, 0xE9, 0xF8, 0xBA,
    0x47, 0x96, 0x62, 0x5B, 0xA0, 0x2B, 0xCC, 0x53, 0x72, 0xAE, 0x66, 0x8E, 0x33, 0x30, 0x46, 0x8B,
    0x28, 0xD4, 0xE2, 0xB0, 0xE5, 0x58, 0xC3, 0xBB, 0xFB, 0xAD, 0x32, 0x3C, 0xB6, 0x1C, 0x6B, 0xF0,
    0x70, 0xEA, 0x19, 0x87, 0x79, 0x26, 0x4E, 0x1E, 0x16, 0x13, 0x0F, 0x79, 0x02, 0x0B, 0xAD, 0xEE,
    0x87, 0xC0, 0x17, 0x63, 0x39, 0x48, 0xEC, 0xBD, 0xE1, 0x24, 0xF2, 0x03, 0x5C, 0x45, 0xDE, 0x4A,
    0xE4, 0xD0, 0xC7, 0xA2, 0x1B, 0x22, 0xCF, 0xE1, 0x7F, 0x5D, 0xCD, 0x93, 0x41, 0x22, 0x2B, 0xAA,
    0x47, 0xCC, 0x4B, 0x61, 0x72, 0xA7, 0x79, 0x3C, 0x24, 0xF9, 0x85, 0x01, 0x64, 0x2D, 0x49, 0x3D,
    0x48, 0xF9, 0xB0, 0x8B, 0x5B, 0xAD, 0x1F, 0x7E, 0xF0, 0x0F, 0x45, 0xF1, 0x53, 0x80, 0x5F, 0x1A,
    0x92, 0xB6, 0x3D, 0x2F, 0xA9, 0x6D, 0x18, 0xB6, 0xC0, 0x31, 0x6A, 0x14, 0x2E, 0x5A, 0xFA, 0x0B,
    0x2E, 0x3A, 0xEC, 0xDE, 0xB4, 0x7E, 0x24, 0x7F, 0x07, 0x5E, 0x83, 0x5B, 0xFF, 0xB7, 0xC6, 0xC6,
    0xD1, 0x43, 0x08, 0xB3, 0x54, 0xF2, 0x28, 0xCB, 0x4A, 0xD5, 0x9A, 0xA9, 0x5E, 0xCB, 0xD2, 0x29,
    0x23, 0xB9, 0x41, 0x88, 0x3E, 0xDC, 0x48, 0xA3, 0x8F, 0x97, 0x35, 0x7A, 0x3E, 0xA1, 0xD1, 0xCB,
    0x29, 0x8D, 0x6E, 0x9E, 0x6B, 0x74, 0x95, 0xE8, 0xA2, 0x55, 0xCD, 0xF9, 0x1D, 0x94, 0x59, 0x51,
    0x1E, 0x34, 0xF0, 0xBC, 0x46, 0x57, 0xDF, 0x55, 0xA3, 0x77, 0xBB, 0xC6, 0x65, 0xBB, 0x1D, 0x7B,
    0x3B, 0x70, 0x19, 0x51, 0x49, 0x45, 0x5D, 0x5E, 0x87, 0xEE, 0x51, 0x97, 0xCB, 0x30, 0x77, 0xCF,
    0xE2, 0x1A, 0x66, 0xCE, 0x64, 0xDF, 0xF6, 0xFE, 0x0F, 0xA9, 0x8F, 0xAD, 0xFF, 0x53, 0x2A, 0x64,
    0x6D, 0x74, 0xB9, 0xF4, 0xAA, 0xCB, 0xB9, 0x97, 0xAE, 0xD0, 0x59, 0x75, 0x79, 0x6B, 0x74, 0xB9,
    0x36, 0xEB, 0x7B, 0xB5, 0xEB, 0xDC, 0xD7, 0x36, 0xA6, 0xEA, 0x93, 0xC1, 0x58, 0xE7, 0xAA, 0xB2,
    0x8A, 0xE1, 0x81, 0x59, 0xCE, 0x8A, 0xBD, 0xC5, 0x83, 0xC1, 0xA3, 0xC1, 0x73, 0xAC, 0x82, 0x16,
    0x3A, 0x33, 0x2E, 0x21, 0x73, 0x91, 0x0E, 0x18, 0x28, 0xE2, 0xAD, 0xC1, 0x81, 0x30, 0x39, 0x2B,
    0xD0, 0xA9, 0x82, 0x30, 0x55, 0x6F, 0xCC, 0xC2, 0x69, 0x5C, 0xFC, 0x80, 0xF8, 0x5C, 0x2C, 0x55,
    0x8A, 0xBB, 0x53, 0x9C, 0x58, 0xAE, 0x2C, 0x87, 0x86, 0xDB, 0x02, 0xB2, 0xCA, 0xF8, 0x23, 0xE5,
    0x42, 0x75, 0x59, 0xF1, 0x64, 0xF0, 0xDE, 0xE0, 0x46, 0xA5, 0xFB, 0xC9, 0x48, 0xF7, 0x4C, 0x85,
    0xED, 0x79, 0x45, 0x95, 0xFA, 0xEF, 0xB8, 0x0A, 0x3F, 0x27, 0x65, 0x37, 0xBD, 0x50, 0x85, 0xD7,
    0x98, 0xD9, 0x45, 0x33, 0x4F, 0xCD, 0x42, 0xA4, 0x1B, 0xCD, 0x32, 0x35, 0x6B, 0x5D, 0x81, 0x60,
    0xEA, 0x09, 0xDC, 0x31, 0x07, 0x9D, 0x9A, 0x85, 0x97, 0x15, 0x0D, 0x66, 0x4D, 0xEB, 0x63, 0xD5,
    0x87, 0xAD, 0x28, 0x98, 0x15, 0xC9, 0x17, 0x44, 0xBB, 0xA7, 0x97, 0x67, 0x26, 0xE2, 0x48, 0x43,
    0xED, 0xF5, 0x88, 0x03, 0x13, 0x75, 0xBA, 0x6C, 0x82, 0x1B, 0x4F, 0x4E, 0x37, 0xCB, 0xE0, 0xF3,
    0xAC, 0x1C, 0x42, 0x80, 0x83, 0x13, 0xA9, 0xE3, 0xD8, 0x36, 0xA9, 0x89, 0xE2, 0x08, 0x73, 0x4F,
    0xF1, 0xBC, 0xD7, 0x60, 0x46, 0x26, 0xDE, 0x50, 0x16, 0x2A, 0x9A, 0x58, 0x0D, 0x47, 0x2A, 0x84,
    0x68, 0x1E, 0xF8, 0x08, 0xC0, 0xE6, 0x6C, 0x45, 0xFB, 0x85, 0x39, 0x7D, 0x4B, 0xF3, 0x99, 0x57,
    0x79, 0x6A, 0x16, 0x69, 0x44, 0xA5, 0xC6, 0xCB, 0xDB, 0x87, 0x65, 0xA3, 0x4D, 0xB8, 0x5A, 0x59,
    0xEA, 0x2C, 0x93, 0xEB, 0xD4, 0xAC, 0x52, 0xB3, 0x48, 0x4D, 0xCE, 0x60, 0x1B, 0x4D, 0x1C, 0xEB,
    0x28, 0x26, 0x76, 0x1E, 0xC5, 0xC4, 0xDA, 0x68, 0xD4, 0xCC, 0x7E, 0xF7, 0xBF, 0x3A, 0x73, 0xFE,
    0xA6, 0xF6, 0x98, 0xCC, 0xD3, 0x59, 0xE3, 0x60, 0x0D, 0x78, 0x54, 0x98, 0xF5, 0x9A, 0x1C, 0xB6,
    0x8C, 0xE1, 0x13, 0xA3, 0xB3, 0x06, 0x1E, 0x22, 0x06, 0x3E, 0x92, 0x4F, 0xD1, 0x00, 0x0A, 0x66,
    0x31, 0x0A, 0x3E, 0x77, 0x0F, 0x42, 0xB4, 0x18, 0x6D, 0xA0, 0x59, 0x0C, 0x38, 0x26, 0x8A, 0xB1,
    0xA1, 0xB3, 0xDF, 0x10, 0x19, 0x3D, 0x63, 0xD4, 0x97, 0x0C, 0xDD, 0x51, 0xBE, 0xA1, 0x71, 0xA5,
    0x6F, 0xD7, 0x04, 0xB7, 0x49, 0x8D, 0xE5, 0x0C, 0x55, 0x09, 0x89, 0x96, 0xDE, 0x84, 0xF8, 0x1A,
    0x92, 0x1F, 0x93, 0xD5, 0x73, 0xB2, 0x74, 0x9F, 0x2D, 0x6C, 0x18, 0x85, 0x55, 0x6B, 0x35, 0xAC,
    0xC2, 0xC0, 0xEA, 0xC9, 0x4C, 0x19, 0xE8, 0x81, 0x7C, 0xB1, 0xE2, 0x62, 0x4E, 0xDB, 0xFE, 0x37,
    0x77, 0xEA, 0x2B, 0xE3, 0x32, 0xAC, 0xE5, 0xD4, 0x75, 0x03, 0xF8, 0x1F, 0xB3, 0x45, 0x19, 0x36,
    0x12, 0x6C, 0xE5, 0xD7, 0x48, 0xAF, 0x91, 0x5D, 0xB3, 0x9C, 0x8D, 0xDC, 0x1A, 0xA9, 0x35, 0x32,
    0x6B, 0x24, 0xD6, 0xC8, 0xAB, 0x91, 0x56, 0x23, 0xAB, 0x46, 0x52, 0x8D, 0x7E, 0x26, 0x70, 0xBA,
    0x35, 0x34, 0xB3, 0xE5, 0x0A, 0x0B, 0xF5, 0xAC, 0x24, 0x7F, 0x45, 0x1A, 0x8D, 0x2C, 0x1A, 0x49,
    0x34, 0x72, 0x68, 0xA4, 0xB0, 0x3A, 0xC9, 0x99, 0x95, 0x3F, 0x23, 0x7D, 0x56, 0xF6, 0x8C, 0xE4,
    0x19, 0xB9, 0xD3, 0xAC, 0xDE, 0x06, 0xDD, 0xA2, 0xF9, 0x77, 0x6C, 0xD3, 0xBB, 0x7E, 0x4F, 0x9D,
    0x47, 0x71, 0xFA, 0xDB, 0xA3, 0xEF, 0x15, 0xD1, 0xF4, 0xCA, 0x6C, 0xC9, 0x69, 0xD5, 0x4B, 0x61,
    0x7B, 0xA9, 0x6B, 0x5F, 0xEA, 0x26, 0x29, 0x2F, 0x72, 0x81, 0x1F, 0x65, 0xAF, 0xFD, 0x5A, 0xF4,
    0x86, 0x06, 0x12, 0xFF, 0x39, 0x9E, 0x5D, 0xE8, 0xC0, 0x5A, 0x8A, 0x3C, 0x6F, 0xE4, 0xAB, 0x56,
    0xAA, 0x2B, 0x97, 0x8D, 0xBF, 0x14, 0x1D, 0x17, 0x15, 0x6B, 0x44, 0xC4, 0x3A, 0xBA, 0x0B, 0x68,
    0xE9, 0xBB, 0x9A, 0x74, 0x60, 0x4F, 0x8A, 0x00, 0xA7, 0x64, 0x72, 0x37, 0x97, 0x7B, 0xA1, 0x4C,
    0x6E, 0x8B, 0x32, 0xCD, 0xF9, 0x3B, 0xD7, 0xD0, 0x9C, 0x22, 0x7C, 0xEF, 0x28, 0x37, 0x75, 0x8B,
    0xDC, 0x49, 0xC1, 0xE9, 0x67, 0x43, 0x88, 0xE9, 0xD0, 0xEF, 0x8F, 0xFA, 0x59, 0x2A, 0x71, 0xEF,
    0xD3, 0x23, 0x94, 0x5E, 0x25, 0x55, 0xAA, 0x20, 0xBD, 0x7C, 0x07, 0xE7, 0x91, 0x7B, 0xBC, 0x10,
    0xAD, 0xE9, 0x64, 0x75, 0x0A, 0x3D, 0xC1, 0x16, 0x30, 0xA1, 0x6B, 0x30, 0xE8, 0x88, 0x34, 0x8D,
    0x39, 0x6D, 0x9B, 0x92, 0x23, 0xCA, 0x20, 0x5E, 0x43, 0x6E, 0x64, 0x83, 0xAD, 0xE4, 0x0E, 0x22,
    0x97, 0x7D, 0x16, 0x1E, 0x2F, 0x92, 0xFE, 0xC7, 0xBB, 0x86, 0xDD, 0x35, 0xEC, 0xED, 0x1A, 0xE6,
    0xD2, 0x2B, 0x23, 0x5E, 0xEC, 0xA7, 0x10, 0xFE, 0x0C, 0x81, 0x25, 0x19, 0x7F, 0x84, 0x08, 0x03,
    0x36, 0xEB, 0x28, 0x0A, 0xAC, 0x61, 0xD9, 0xB3, 0xCF, 0xF9, 0x51, 0xBE, 0x76, 0x86, 0x58, 0xCF,
    0x4B, 0xBC, 0x49, 0x8E, 0x6B, 0x78, 0x15, 0xAF, 0x68, 0xEF, 0x5A, 0xF7, 0xBF, 0xD7, 0x3A, 0xA0,
    0xFA, 0xA0, 0x2A, 0xA2, 0x9F, 0xA4, 0x83, 0x7C, 0xC9, 0x8E, 0xF2, 0x7B, 0xD3, 0x74, 0x0D, 0xD2,
    0x1E, 0x85, 0xBD, 0x53, 0x71, 0x2F, 0x66, 0xBB, 0x2B, 0xDC, 0x5D, 0xE1, 0x5E, 0xAF, 0x70, 0xFF,
    0x02, 0xED, 0x59, 0x3B, 0x72, 0xD4, 0x40, 0x10, 0x1D, 0x49, 0x85, 0x55, 0x85, 0x02, 0x45, 0x44,
    0x04, 0xCA, 0x49, 0x74, 0x04, 0xED, 0x11, 0x48, 0xB8, 0x05, 0x55, 0x3E, 0x82, 0x7C, 0x04, 0x1F,
    0xC2, 0x01, 0xF8, 0x12, 0xD2, 0x11, 0x74, 0x04, 0x05, 0x24, 0x64, 0x0A, 0x54, 0x94, 0x5C, 0x25,
    0xA9, 0x99, 0xEE, 0x99, 0xE9, 0xEE, 0xF5, 0x2E, 0xF6, 0xB2, 0x66, 0x6D, 0x53, 0xDE, 0x09, 0x5C,
    0x0F, 0x3C, 0x33, 0xFD, 0x99, 0xD7, 0xAF, 0x5B, 0x60, 0x8C, 0x31, 0x4D, 0x6F, 0xDC, 0x4A, 0x60,
    0xF6, 0x28, 0x07, 0xF0, 0xA8, 0x04, 0xB8, 0x72, 0xA8, 0x02, 0x68, 0x0F, 0x41, 0x72, 0x42, 0x6E,
    0x91, 0x9B, 0xC5, 0xDA, 0x81, 0x2B, 0x6A, 0x00, 0x7E, 0x12, 0xAA, 0xC1, 0x2E, 0x3C, 0x9D, 0x22,
    0x80, 0xD5, 0xD9, 0xC2, 0x65, 0x2D, 0x3B, 0x00, 0x83, 0x89, 0x3D, 0x9A, 0xFD, 0x36, 0xDC, 0x98,
    0x7B, 0x04, 0x9B, 0x32, 0xA0, 0x2B, 0xEB, 0x70, 0x47, 0x77, 0xB6, 0x35, 0xB9, 0x69, 0xF7, 0x74,
    0x0D, 0x2C, 0xE4, 0x2C, 0xF4, 0x40, 0x0E, 0xDB, 0xBB, 0x06, 0x80, 0x09, 0xBD, 0x20, 0x34, 0x32,
    0x1A, 0xD0, 0x21, 0x42, 0xC1, 0xF0, 0xD3, 0xD0, 0xE0, 0xA3, 0xD5, 0x68, 0xDC, 0x46, 0xB4, 0x2F,
    0x78, 0xD5, 0x50, 0xF8, 0xE8, 0x69, 0x45, 0xE9, 0x2E, 0x1D, 0xF2, 0xE9, 0x28, 0x38, 0x4A, 0x8E,
    0x1C, 0xF7, 0xD2, 0x5A, 0x38, 0x57, 0x13, 0xBD, 0x1A, 0x2E, 0x9B, 0x88, 0xCC, 0x6F, 0xC3, 0x17,
    0x42, 0xF0, 0x03, 0x51, 0xEC, 0x73, 0xCF, 0x9E, 0xC2, 0x09, 0x61, 0x08, 0xFC, 0x25, 0x21, 0xB3,
    0xE8, 0x74, 0xF0, 0x35, 0x84, 0xB9, 0x1B, 0xF1, 0x01, 0x2F, 0xD4, 0x08, 0xAC, 0x04, 0x16, 0x02,
    0x53, 0x81, 0xB2, 0x39, 0x58, 0x8A, 0xA9, 0xB4, 0x68, 0x65, 0x62, 0xBF, 0x0C, 0xA2, 0x81, 0x95,
    0xB8, 0x61, 0xAF, 0x56, 0x2E, 0x7E, 0x39, 0x15, 0x8B, 0x84, 0x24, 0x7F, 0x80, 0x8B, 0x40, 0xD8,
    0x7C, 0x64, 0x18, 0x9C, 0x88, 0x95, 0x3F, 0x0A, 0x36, 0xA0, 0xC5, 0x2E, 0xC0, 0x14, 0xE4, 0xBA,
    0x4B, 0xB8, 0x3E, 0xEB, 0x90, 0xD6, 0xA1, 0xE6, 0x21, 0x1D, 0xEA, 0xF6, 0xE9, 0x50, 0xF6, 0x80,
    0x0E, 0x8D, 0x5A, 0x87, 0x24, 0xA7, 0x8E, 0x43, 0x7D, 0xE8, 0x01, 0x93, 0xF7, 0xA2, 0xC0, 0x5D,
    0xF7, 0x18, 0xC3, 0x84, 0x11, 0x92, 0xA4, 0xEC, 0xB6, 0xD0, 0x2D, 0xDF, 0x8B, 0x46, 0x46, 0x8B,
    0xF9, 0x1A, 0xFA, 0x96, 0xBF, 0x27, 0x63, 0x94, 0x30, 0x8A, 0x19, 0xA1, 0x87, 0x73, 0xF0, 0x2A,
    0x38, 0x18, 0x35, 0x2B, 0xBA, 0x75, 0x71, 0x7B, 0x63, 0xCC, 0x7B, 0xFC, 0x91, 0x61, 0xA8, 0x15,
    0x9A, 0x49, 0x5C, 0x65, 0x74, 0x94, 0xC4, 0x36, 0x72, 0x7D, 0xB2, 0x82, 0x3E, 0x71, 0xAC, 0x2B,
    0x60, 0xCA, 0xDD, 0x7D, 0xF6, 0x48, 0xE9, 0x3C, 0xB4, 0xC6, 0x1A, 0x1F, 0x30, 0xE5, 0x31, 0xF4,
    0xDA, 0x95, 0xCD, 0xCE, 0x21, 0xCA, 0x10, 0x52, 0x0C, 0x9C, 0x21, 0xE0, 0x0C, 0x7D, 0xFA, 0x6E,
    0x8E, 0x5A, 0x70, 0xC2, 0xB5, 0x8F, 0x6B, 0xCF, 0x81, 0xFE, 0x4D, 0xA5, 0x1C, 0x5A, 0x3D, 0x2F,
    0x12, 0xDB, 0x23, 0x4B, 0xA4, 0x5C, 0x94, 0x5C, 0x84, 0x3C, 0xDD, 0xA3, 0xF9, 0x8A, 0x12, 0x15,
    0x9A, 0x23, 0xAD, 0xB3, 0x84, 0x75, 0x9C, 0x26, 0x8E, 0x13, 0xCF, 0x91, 0x7D, 0xF4, 0xF7, 0x8E,
    0xE3, 0x95, 0xAB, 0xDF, 0x0A, 0x85, 0xAC, 0x75, 0x84, 0xFD, 0xE5, 0x2F, 0x4B, 0x21, 0x28, 0x6C,
    0x0C, 0xAC, 0x31, 0xA1, 0xE0, 0xF5, 0x3C, 0x59, 0x28, 0x4D, 0x5E, 0xB8, 0xCE, 0xC7, 0xF3, 0x14,
    0xF9, 0xBF, 0x4D, 0x91, 0xB4, 0x6E, 0xBF, 0x19, 0xD5, 0xA5, 0x8D, 0xCC, 0x04, 0xE1, 0xA3, 0x81,
    0x1E, 0xBC, 0x93, 0xA9, 0x40, 0x5E, 0x5A, 0x74, 0x57, 0x77, 0x75, 0xE4, 0x1D, 0x1F, 0x2E, 0x60,
    0xAC, 0xC3, 0xE1, 0x1A, 0xFA, 0x42, 0x78, 0xD5, 0x66, 0x22, 0xE4, 0x6C, 0x39, 0x73, 0x71, 0x5C,
    0xB9, 0xDE, 0x3F, 0xE2, 0x19, 0x3A, 0xFC, 0xE1, 0xCB, 0x67, 0x63, 0xDE, 0xE1, 0x8F, 0x23, 0xD6,
    0x05, 0x92, 0xE5, 0x5A, 0x26, 0x0E, 0x2F, 0xC2, 0x25, 0x37, 0x3B, 0x7C, 0x7C, 0xCE, 0x13, 0x37,
    0xC6, 0x8E, 0xB7, 0xD0, 0x26, 0xAE, 0xBC, 0x45, 0xB6, 0xAB, 0xFC, 0xFB, 0x9E, 0x8A, 0xAD, 0x06,
    0x7F, 0xDD, 0xE6, 0x3E, 0x4F, 0xF8, 0x82, 0xA5, 0x2F, 0x1D, 0xCB, 0xDC, 0xA1, 0xF2, 0xD6, 0xAD,
    0x27, 0x63, 0x15, 0xBA, 0x86, 0x7D, 0xB4, 0x3A, 0x94, 0x52, 0x03, 0x53, 0x13, 0xD2, 0x5A, 0xC3,
    0xCC, 0x6D, 0x8C, 0xF0, 0x18, 0x6A, 0x71, 0x56, 0xCF, 0xA0, 0xE7, 0xC7, 0xE3, 0xB0, 0x2B, 0xA9,
    0xF9, 0x59, 0xF0, 0x7D, 0xFF, 0x77, 0xF0, 0xC4, 0x58, 0xE7, 0xA1, 0x96, 0x16, 0x3F, 0xEB, 0xBC,
    0x85, 0x7C, 0xDA, 0x77, 0x18, 0x43, 0x9E, 0xB1, 0xF5, 0xE6, 0xDE, 0x18, 0xE6, 0x3F, 0x73, 0xAA,
    0x42, 0xEF, 0xA2, 0xDF, 0x4B, 0xBF, 0xA3, 0xBC, 0xEF, 0xAC, 0xDE, 0x7D, 0x50, 0x7C, 0x68, 0x85,
    0x27, 0xEB, 0x3D, 0xFE, 0x6C, 0xF1, 0x8A, 0xF8, 0x06, 0xD7, 0xA1, 0xBC, 0x6E, 0x76, 0xA6, 0xE1,
    0x8C, 0xA7, 0x80, 0x92, 0x35, 0xB5, 0xE6, 0xDC, 0x6C, 0x0D, 0x38, 0x6B, 0x18, 0x84, 0x98, 0xB3,
    0x83, 0xAF, 0x08, 0x3B, 0x84, 0xB8, 0x89, 0x24, 0x22, 0x39, 0x98, 0xE9, 0xC0, 0xEA, 0x0B, 0x09,
    0xFF, 0xEC, 0xA6, 0x19, 0xEA, 0x0D, 0x0D, 0xF4, 0xC7, 0x15, 0x4E, 0x03, 0x77, 0xAE, 0xF4, 0x30,
    0x39, 0x5D, 0x6D, 0xEF, 0xA2, 0x97, 0x9C, 0x10, 0x39, 0x8D, 0xA9, 0xD5, 0xD7, 0xD4, 0xC0, 0xB9,
    0x1D, 0xB8, 0x63, 0x0D, 0xAC, 0x54, 0x83, 0x24, 0xB5, 0x22, 0xBD, 0xC7, 0x90, 0x6B, 0x8A, 0x2B,
    0x27, 0xE5, 0x5B, 0x7C, 0x85, 0x80, 0x0F, 0x66, 0x57, 0xA3, 0xCD, 0x3D, 0x8D, 0x7E, 0x2A, 0x92,
    0x9B, 0x63, 0x46, 0x62, 0x37, 0xE5, 0xB9, 0x3A, 0x77, 0x9E, 0xBA, 0x26, 0x38, 0x50, 0x87, 0x89,
    0x7C, 0x1C, 0x3E, 0xA2, 0x62, 0x4F, 0xBC, 0x92, 0x8D, 0x48, 0xE8, 0x54, 0x33, 0xA2, 0x8D, 0x13,
    0x22, 0xFA, 0x75, 0x47, 0x2E, 0x59, 0xEA, 0xDC, 0x3D, 0x3C, 0x52, 0x44, 0xCE, 0x86, 0xF7, 0x34,
    0xA7, 0xFC, 0x59, 0x42, 0xF5, 0x79, 0x10, 0xAC, 0x56, 0x08, 0xCB, 0x1E, 0x6C, 0x62, 0x21, 0xAE,
    0xB0, 0xBC, 0x62, 0x8E, 0xE7, 0xCC, 0xF0, 0x58, 0xF8, 0x7D, 0xB9, 0x35, 0xED, 0xDF, 0xED, 0xB0,
    0x83, 0x46, 0xF6, 0xCA, 0x11, 0x58, 0xE3, 0x6C, 0x0B, 0x93, 0x72, 0x7A, 0xF5, 0x9B, 0x59, 0xDB,
    0x13, 0xA7, 0x96, 0x1B, 0x55, 0x3B, 0x6A, 0x60, 0x5A, 0x8C, 0x0C, 0x06, 0x93, 0x7C, 0x08, 0x06,
    0x16, 0xA7, 0x52, 0x6A, 0xC4, 0xCC, 0x49, 0x84, 0x7E, 0xDD, 0x1C, 0x37, 0x55, 0x9F, 0x7B, 0xC4,
    0xA3, 0x38, 0x53, 0x1A, 0x7E, 0x0A, 0xFC, 0x56, 0x7B, 0x84, 0x94, 0xCE, 0x7E, 0x44, 0x43, 0x50,
    0x8B, 0x36, 0x42, 0xF9, 0xA4, 0x5C, 0x3C, 0x09, 0x33, 0x32, 0x92, 0xC2, 0x69, 0xB8, 0x6C, 0xA4,
    0x68, 0x32, 0xB1, 0x2C, 0x05, 0xF3, 0xD7, 0xE5, 0x72, 0xEE, 0x07, 0xAF, 0xB3, 0x1F, 0x14, 0x2F,
    0xD9, 0x0F, 0xCA, 0x49, 0xFF, 0xE3, 0x84, 0xFE, 0x96, 0x68, 0xD5, 0xB7, 0x44, 0x2F, 0x5D, 0x43,
    0x84, 0xE5, 0x10, 0xAC, 0xCF, 0xEA, 0x3B, 0xB5, 0xAD, 0x2D, 0x1F, 0x8E, 0x5F, 0xE7, 0x1E, 0xF0,
    0x18, 0x4E, 0x94, 0x46, 0x9F, 0x02, 0xC7, 0x6F, 0xF7, 0x3B, 0xE1, 0x75, 0xFF, 0x9F, 0xDF, 0x59,
    0xF9, 0xCF, 0x5F, 0x02, 0x5A, 0xF9, 0x7F, 0x03, 0xED, 0x59, 0x3B, 0x72, 0xDB, 0x30, 0x10, 0x25,
    0xA9, 0x19, 0xB3, 0x60, 0x81, 0x2A, 0x95, 0x0B, 0x1D, 0x41, 0x47, 0x00, 0x8F, 0x90, 0xC6, 0x97,
    0x48, 0xE3, 0x23, 0x90, 0x47, 0xF0, 0x39, 0x74, 0x09, 0x30, 0x93, 0x0B, 0x70, 0x72, 0x02, 0x16,
    0x2E, 0x52, 0xB2, 0xD0, 0x4C, 0xE8, 0x31, 0xC5, 0xCD, 0xEE, 0x02, 0xD8, 0xA5, 0x1C, 0xC7, 0xB6,
    0x6C, 0x4B, 0xF6, 0x44, 0xC2, 0xC8, 0xC0, 0x93, 0xC5, 0x05, 0x16, 0xFB, 0x07, 0x98, 0x24, 0xC9,
    0x05, 0x00, 0x4C, 0x37, 0x09, 0xB5, 0x0C, 0xB8, 0x95, 0x84, 0x57, 0x1E, 0x6F, 0x10, 0xA6, 0x10,
    0x1A, 0xE2, 0x22, 0xE2, 0x56, 0x1E, 0xE1, 0x87, 0x5C, 0xC4, 0x5B, 0x7D, 0x1C, 0x09, 0x16, 0x8A,
    0x6B, 0x24, 0x9D, 0x4A, 0x3F, 0x5B, 0x63, 0xFC, 0xCC, 0x34, 0x45, 0x87, 0x7F, 0x0D, 0xE1, 0x1C,
    0xA0, 0xB7, 0x61, 0x75, 0xE4, 0x64, 0x63, 0x61, 0x62, 0xAE, 0x12, 0x80, 0xA1, 0xC2, 0x79, 0xB9,
    0x39, 0x18, 0x1C, 0x8C, 0x1E, 0x57, 0x30, 0xE2, 0x4F, 0x33, 0xBC, 0xF1, 0xD8, 0xCE, 0x30, 0x93,
    0xF7, 0x6F, 0xC3, 0x7E, 0x13, 0xE3, 0x51, 0xF0, 0x43, 0xFE, 0xFF, 0xC2, 0x83, 0xE0, 0xB9, 0x1C,
    0xAA, 0x88, 0xF1, 0x9F, 0x73, 0xB9, 0x45, 0x79, 0xE2, 0x12, 0x9B, 0x28, 0x67, 0xD4, 0x43, 0x6F,
    0xC2, 0x62, 0x24, 0x7F, 0xD2, 0x4B, 0xD0, 0x72, 0x33, 0xD7, 0xD7, 0x5C, 0x8F, 0xAA, 0xDF, 0x71,
    0xA6, 0xF7, 0x7E, 0x66, 0x0F, 0x8D, 0xDA, 0xC9, 0xF4, 0xC0, 0x7E, 0x76, 0xEC, 0x8A, 0xED, 0x0D,
    0x6E, 0x92, 0xD7, 0xB5, 0x6C, 0xBD, 0xAE, 0x23, 0x5E, 0x84, 0xFD, 0x3C, 0x85, 0xF3, 0x7F, 0x60,
    0xB3, 0x8B, 0x65, 0xCE, 0x55, 0xE4, 0x92, 0xC5, 0x0A, 0x33, 0x3B, 0x80, 0xD9, 0xF4, 0xDB, 0x88,
    0x97, 0x10, 0xE5, 0x4E, 0x1A, 0x89, 0xBA, 0xE1, 0x69, 0xC4, 0x86, 0x8A, 0x5D, 0xD6, 0x4A, 0x9D,
    0x73, 0xAB, 0xFB, 0xB2, 0x6A, 0xAE, 0x89, 0x69, 0x15, 0xE7, 0xCF, 0x8B, 0xA4, 0x50, 0xE6, 0x3B,
    0x99, 0x7A, 0x90, 0x05, 0x27, 0xDD, 0x65, 0x29, 0xCC, 0xB5, 0xC2, 0xF2, 0x46, 0xF6, 0xE7, 0x19,
    0x4E, 0x21, 0xB2, 0x9B, 0x41, 0xA4, 0x5D, 0xC8, 0x2E, 0x73, 0xD9, 0x57, 0x21, 0x93, 0xE8, 0xFE,
    0x54, 0x90, 0xBA, 0x98, 0x11, 0xC1, 0xBD, 0x14, 0xED, 0xDD, 0x2E, 0x1C, 0xDC, 0x25, 0x5F, 0xAE,
    0xBE, 0x7A, 0x23, 0x6D, 0x2B, 0x64, 0x31, 0x27, 0x1B, 0x1B, 0x08, 0x59, 0xB6, 0x3C, 0x42, 0x62,
    0xB4, 0x62, 0xE3, 0x7D, 0x2E, 0xC8, 0x08, 0x52, 0xE3, 0x46, 0xD2, 0x8E, 0xAD, 0xA0, 0xAF, 0x78,
    0x3B, 0xE4, 0x33, 0x8E, 0x95, 0x46, 0x62, 0xF0, 0x32, 0x59, 0x30, 0x1A, 0xBC, 0xE0, 0xFA, 0x20,
    0x4E, 0x46, 0xFD, 0xBB, 0x21, 0x9D, 0x39, 0x13, 0xA4, 0xEB, 0xE6, 0xCC, 0xD5, 0xE8, 0x45, 0xD8,
    0x7B, 0x9B, 0xB5, 0x9E, 0xFB, 0x96, 0xB5, 0xD9, 0x5B, 0xD9, 0xD1, 0xF2, 0x91, 0xFD, 0xAA, 0x34,
    0x52, 0x75, 0xEB, 0x4A, 0x10, 0x3F, 0x38, 0x10, 0xE2, 0x9F, 0x5B, 0x66, 0x09, 0x5D, 0xF8, 0x6E,
    0x16, 0x26, 0x1F, 0x41, 0x29, 0xAF, 0x31, 0x05, 0x4E, 0x4D, 0x4C, 0x1D, 0x9D, 0x89, 0x89, 0xA3,
    0xD1, 0xC0, 0x21, 0x1C, 0x94, 0x99, 0x06, 0x10, 0x8D, 0x36, 0x56, 0x62, 0x8D, 0x91, 0x48, 0x93,
    0x69, 0x9C, 0xB9, 0x26, 0xC4, 0x86, 0x9F, 0x3A, 0x62, 0x2B, 0xC6, 0x09, 0x8D, 0x30, 0x66, 0x96,
    0x0B, 0xAC, 0xFA, 0x2B, 0x59, 0x4B, 0x84, 0xB4, 0xB7, 0x5A, 0x7D, 0x14, 0x3A, 0xB5, 0x4A, 0x21,
    0xB6, 0x70, 0x2F, 0xC4, 0x0E, 0x7E, 0x44, 0x62, 0x24, 0x2D, 0xA3, 0x07, 0xE4, 0xC8, 0x52, 0x15,
    0x88, 0x0D, 0x3E, 0xBC, 0x0A, 0xC4, 0x16, 0xB9, 0x2F, 0x82, 0xBB, 0x3B, 0x14, 0xC0, 0x22, 0x10,
    0xAF, 0xD7, 0x65, 0xE8, 0xDE, 0xD2, 0xA2, 0xD0, 0x29, 0xEE, 0x9D, 0x1E, 0x96, 0x76, 0x04, 0x7C,
    0xCA, 0x72, 0xEE, 0xE7, 0xB9, 0x35, 0x15, 0xF7, 0x2A, 0x24, 0xD5, 0xAC, 0x24, 0x9F, 0x55, 0x12,
    0xFD, 0x25, 0x99, 0x2C, 0x24, 0xC1, 0x90, 0xDF, 0x0F, 0x81, 0xE0, 0x3E, 0x90, 0x54, 0xF0, 0x33,
    0x90, 0xA0, 0x1B, 0x3A, 0x26, 0x21, 0x17, 0xB1, 0x4C, 0x52, 0xA0, 0x23, 0x19, 0x26, 0x21, 0x77,
    0xCA, 0xD9, 0xEB, 0xC9, 0xC9, 0x32, 0x26, 0xF9, 0xB6, 0x8E, 0xDD, 0xAB, 0xFD, 0xE6, 0x93, 0xA0,
    0xD4, 0x71, 0xF4, 0x0A, 0x61, 0x7A, 0xC3, 0xC8, 0xF9, 0xE2, 0x0B, 0xE0, 0x77, 0x88, 0x7C, 0x1A,
    0xA2, 0x23, 0x1A, 0x12, 0xAD, 0xBC, 0xB5, 0x5E, 0xDB, 0x41, 0x83, 0x57, 0x89, 0x2F, 0xDA, 0x71,
    0xF2, 0x5A, 0x4A, 0xF9, 0x06, 0x62, 0x3E, 0x6B, 0x24, 0x9F, 0x35, 0x5E, 0x3F, 0x1E, 0x6D, 0x76,
    0xF4, 0xFF, 0x7F, 0x22, 0xAD, 0x3D, 0x6C, 0xCC, 0xA3, 0x87, 0xF9, 0x0A, 0x3B, 0xAD, 0x39, 0xDC,
    0xD7, 0xA3, 0xED, 0x28, 0x31, 0xBA, 0xEA, 0x07, 0x7F, 0x3D, 0xDA, 0x7E, 0x4F, 0xE4, 0xEB, 0xF3,
    0x50, 0xEA, 0xB2, 0xF7, 0x80, 0x2F, 0x5B, 0xF8, 0xD2, 0x9F, 0x1C, 0x11, 0xA6, 0xA1, 0xFE, 0x43,
    0x68, 0x42, 0x51, 0x88, 0xA3, 0x0D, 0x47, 0x4E, 0xA3, 0xB6, 0x61, 0xF4, 0x0C, 0x2B, 0xB0, 0x56,
    0xD8, 0x28, 0x6C, 0x19, 0x96, 0xD4, 0x77, 0xD4, 0x8D, 0xBE, 0x78, 0x4D, 0xFC, 0x59, 0x39, 0x0D,
    0xB0, 0x09, 0x71, 0x3B, 0x1C, 0x76, 0x02, 0x2C, 0x15, 0x26, 0x27, 0x0B, 0x8B, 0xA9, 0xC4, 0x73,
    0x18, 0x56, 0xB8, 0x1D, 0x1A, 0x13, 0x1F, 0x1A, 0x2D, 0x2B, 0x07, 0xB3, 0xCF, 0x92, 0xCF, 0x0E,
    0x93, 0xAF, 0xE5, 0xB7, 0xFE, 0x78, 0x31, 0x3A, 0xF8, 0xEE, 0x0F, 0x17, 0xA5, 0xE5, 0xE3, 0x0C,
    0x8B, 0x17, 0x07, 0xCC, 0xEC, 0xC9, 0xD5, 0x15, 0x26, 0xAD, 0xDB, 0x97, 0x25, 0xF2, 0x50, 0xD4,
    0x9F, 0x87, 0xC3, 0x0F, 0xA4, 0x62, 0x3E, 0xC4, 0x9C, 0x55, 0x7C, 0xDC, 0x01, 0xF6, 0x6C, 0x7B,
    0xD4, 0xC1, 0xBE, 0xA6, 0x3F, 0xF7, 0x7B, 0xF6, 0x67, 0x8D, 0xBC, 0x56, 0x6E, 0x04, 0xC6, 0x87,
    0x43, 0x89, 0xA7, 0x90, 0xD1, 0x71, 0x3E, 0x1E, 0x2A, 0x3C, 0x81, 0x38, 0x7A, 0x01, 0x30, 0xBB,
    0xB5, 0x6A, 0xFD, 0x85, 0x51, 0x9D, 0x85, 0x9B, 0x1F, 0xE7, 0x33, 0x7D, 0x11, 0x6E, 0x6E, 0xAE,
    0xE1, 0x76, 0xBF, 0x63, 0xDF, 0x79, 0x38, 0xF8, 0x70, 0xD6, 0xF4, 0x07, 0x0F, 0xEC, 0x6F, 0x27,
    0xDE, 0xA1, 0xF9, 0xD4, 0x58, 0x6E, 0x8C, 0x64, 0x40, 0x3D, 0x5D, 0x7F, 0xB4, 0x94, 0x51, 0x1B,
    0xBA, 0x12, 0x29, 0xE9, 0xC7, 0xC4, 0xDB, 0x69, 0xEC, 0x4A, 0xEA, 0xDA, 0xAC, 0xE3, 0x5B, 0x65,
    0xB2, 0xBC, 0x8E, 0x6C, 0x93, 0xDE, 0x51, 0xF2, 0x8B, 0x32, 0xE8, 0xFC, 0x55, 0xF1, 0x25, 0xFC,
    0x4A, 0x92, 0x4B, 0x7F, 0x5F, 0xD3, 0xF8, 0x63, 0x42, 0x4E, 0x56, 0xCA, 0xC7, 0x86, 0x07, 0x5D,
    0x41, 0x17, 0x2A, 0x8B, 0xE0, 0x11, 0xB8, 0xF0, 0x72, 0xFB, 0x44, 0xD4, 0x3F, 0x8B, 0x58, 0x45,
    0x7C, 0x8B, 0x93, 0xD6, 0x86, 0x5E, 0x60, 0x60, 0xB8, 0x98, 0xE6, 0xB9, 0xD4, 0x51, 0x9D, 0x39,
    0xE2, 0x4F, 0x99, 0xBE, 0xBA, 0xD3, 0x4A, 0xF1, 0xD3, 0x7E, 0xFC, 0x2B, 0x9D, 0xA3, 0x7D, 0xFE,
    0x00, 0xED, 0x59, 0x4B, 0x8E, 0xE3, 0x36, 0x10, 0xA5, 0x6C, 0x20, 0x5A, 0x68, 0xE1, 0xFD, 0x04,
    0x88, 0xF6, 0xB3, 0xE1, 0x11, 0xE4, 0xF3, 0xE4, 0x12, 0x12, 0x90, 0x0B, 0xE4, 0x08, 0x59, 0x24,
    0x40, 0xE0, 0x4B, 0xC8, 0x47, 0xD0, 0x11, 0x14, 0x20, 0xFB, 0x08, 0x0D, 0x03, 0xF1, 0x24, 0x92,
    0x2A, 0x2C, 0xD6, 0xD7, 0x6D, 0xB7, 0x67, 0xD2, 0xBD, 0x99, 0x41, 0x9B, 0x0B, 0xE9, 0x95, 0x2D,
    0x92, 0xC5, 0xE2, 0xAB, 0x0F, 0x25, 0x80, 0x29, 0x70, 0xDB, 0x02, 0x1C, 0xE1, 0x21, 0xBE, 0x37,
    0xF1, 0xE3, 0xE1, 0x77, 0x2F, 0x36, 0xB0, 0xA0, 0x58, 0xBE, 0x24, 0xAE, 0x28, 0x56, 0x2C, 0x46,
    0x12, 0x77, 0x00, 0x1D, 0x8A, 0x35, 0x00, 0x8B, 0x7B, 0x14, 0xF1, 0xE7, 0x24, 0xC6, 0xF4, 0x2B,
    0x8B, 0xC7, 0x24, 0x36, 0x2C, 0x56, 0xA4, 0x0B, 0xA4, 0x21, 0x10, 0xA5, 0xF9, 0x97, 0x3C, 0xCF,
    0x9C, 0xC5, 0x0D, 0x70, 0x3B, 0x67, 0x31, 0x88, 0x38, 0x91, 0xD8, 0xB2, 0x38, 0x90, 0x18, 0x59,
    0xEC, 0x48, 0xAC, 0x48, 0x5A, 0x03, 0x89, 0x1B, 0x19, 0x89, 0x44, 0xEE, 0x3C, 0x88, 0x58, 0xA2,
    0xB4, 0x04, 0x6D, 0xDF, 0xA7, 0x9E, 0xFB, 0x74, 0x2F, 0xFA, 0x9F, 0x51, 0xFA, 0x94, 0x14, 0x9F,
    0xB3, 0xA2, 0x47, 0x54, 0x1D, 0x15, 0x9D, 0xD2, 0x08, 0x7B, 0xEC, 0x77, 0x02, 0x5C, 0x53, 0x5A,
    0xD8, 0x7C, 0x07, 0xF4, 0xA8, 0x57, 0x52, 0xE9, 0xAC, 0xDD, 0x75, 0xC0, 0x02, 0xB5, 0x08, 0xB5,
    0x9B, 0xFC, 0x4E, 0x6B, 0xB8, 0xD7, 0xF4, 0x00, 0x6F, 0x07, 0xD9, 0xA2, 0xC5, 0x15, 0xD8, 0x08,
    0x48, 0xDB, 0x34, 0x06, 0xA6, 0xFA, 0x90, 0x41, 0x24, 0xFA, 0xEE, 0x00, 0x1C, 0xE8, 0x04, 0x30,
    0xEF, 0x89, 0x47, 0x3B, 0x62, 0x1B, 0x81, 0x49, 0x40, 0xC7, 0x20, 0xFF, 0x93, 0xC0, 0x3F, 0xFB,
    0x60, 0xBE, 0x78, 0xB2, 0x7D, 0x26, 0x76, 0x70, 0x8B, 0x34, 0x34, 0xB5, 0x96, 0x66, 0xA6, 0x06,
    0xA2, 0x21, 0x69, 0x6B, 0x23, 0xEC, 0x3C, 0x9D, 0x23, 0x3C, 0xD9, 0x08, 0x2D, 0x0C, 0x36, 0x42,
    0x52, 0xA8, 0x91, 0x11, 0x52, 0xFF, 0xE4, 0xBC, 0x27, 0x9B, 0xBF, 0x92, 0x11, 0x62, 0xFA, 0x75,
    0x2B, 0x23, 0xB4, 0xF8, 0xBC, 0xD7, 0xE1, 0x8D, 0x6D, 0xE7, 0x17, 0xF7, 0x10, 0xBE, 0x05, 0xC1,
    0xF8, 0x9C, 0x85, 0x4C, 0x99, 0xFA, 0x96, 0x70, 0x26, 0xF6, 0x60, 0x7E, 0xE8, 0x89, 0xD0, 0x94,
    0x3B, 0x5A, 0x11, 0x16, 0xFD, 0x89, 0x1F, 0x68, 0x30, 0xA8, 0xA2, 0x2B, 0xCE, 0x34, 0xCC, 0x90,
    0x43, 0xF3, 0x49, 0x9D, 0x26, 0xD2, 0xDC, 0x95, 0xA4, 0x82, 0x91, 0x89, 0x0F, 0xE2, 0x91, 0x85,
    0x08, 0xE2, 0x2C, 0x16, 0xD8, 0x6B, 0x12, 0x88, 0xE1, 0xA5, 0xE4, 0x8E, 0x40, 0x93, 0x53, 0xAA,
    0x10, 0x6F, 0x77, 0x6E, 0xF5, 0xA1, 0x5F, 0x7F, 0xD3, 0xF5, 0x1F, 0x7E, 0x65, 0x57, 0x99, 0x2F,
    0x6C, 0xC3, 0x61, 0x01, 0x87, 0x19, 0x59, 0x87, 0x13, 0x2B, 0xB6, 0xE4, 0xC7, 0xD6, 0xFC, 0x60,
    0x84, 0x29, 0x3F, 0xD8, 0xC3, 0x80, 0x5E, 0x97, 0x1E, 0xEB, 0x6A, 0x76, 0x2D, 0xF4, 0x35, 0xF4,
    0x39, 0xC4, 0x0D, 0x76, 0x4E, 0x0F, 0x7E, 0x3C, 0xA4, 0xDC, 0xF3, 0x23, 0x5E, 0xBE, 0xD4, 0x87,
    0x1E, 0xF7, 0xD7, 0xDD, 0x6B, 0xDB, 0xC7, 0x60, 0x2C, 0xC5, 0x0D, 0x5A, 0x28, 0xC8, 0x72, 0xC6,
    0xB0, 0xFB, 0x89, 0xEF, 0x13, 0xDF, 0x07, 0xBE, 0xEF, 0xE9, 0xBE, 0x70, 0x70, 0x1E, 0xE8, 0xFE,
    0x27, 0x07, 0xDB, 0x89, 0xE3, 0xEC, 0xEA, 0x5C, 0xE8, 0x2C, 0xB8, 0x41, 0xF2, 0x30, 0xB6, 0x32,
    0x26, 0x93, 0x48, 0xFA, 0xEE, 0xB2, 0x02, 0x84, 0x1B, 0x2E, 0x89, 0x26, 0xE2, 0xDD, 0xD1, 0xD5,
    0x39, 0x32, 0x57, 0x05, 0x96, 0xE9, 0xA2, 0xE8, 0x3A, 0xC9, 0xE3, 0x19, 0x17, 0xAA, 0xF3, 0x84,
    0x2E, 0xB1, 0x88, 0x9E, 0x35, 0xFB, 0x09, 0xE2, 0x56, 0xD7, 0x81, 0x85, 0x57, 0x7E, 0x1C, 0xF1,
    0x56, 0xFC, 0x2A, 0x17, 0x33, 0x9C, 0xD1, 0x72, 0x7A, 0x65, 0xE7, 0x01, 0xA4, 0x3B, 0x65, 0xBC,
    0x84, 0xFF, 0x56, 0x07, 0x03, 0x31, 0xE4, 0x2D, 0x0C, 0x1E, 0x77, 0x0E, 0x0F, 0x0E, 0x4F, 0x0E,
    0xCF, 0x0E, 0xAF, 0x82, 0x17, 0xE9, 0x0C, 0x54, 0xA8, 0xB1, 0xFE, 0x70, 0x8C, 0x66, 0x60, 0xB6,
    0x26, 0xE2, 0x99, 0x36, 0x85, 0x03, 0x98, 0xB7, 0x89, 0xA4, 0xDB, 0x2B, 0x1B, 0xEE, 0x9C, 0x6D,
    0xB9, 0x73, 0xC6, 0xDC, 0xF9, 0x6A, 0x5F, 0xB8, 0xB3, 0xEE, 0xA3, 0x16, 0xA2, 0x5B, 0xAB, 0x51,
    0xB9, 0x33, 0xAB, 0x98, 0x3B, 0x33, 0x8E, 0x5A, 0xF4, 0x5E, 0x72, 0x26, 0xEF, 0x01, 0xE3, 0xDC,
    0x59, 0x6C, 0xD3, 0xBF, 0x32, 0x43, 0x1F, 0x0E, 0xBF, 0xB8, 0xE2, 0x62, 0xFA, 0x1C, 0x2E, 0x5E,
    0xC0, 0x9B, 0xCB, 0x33, 0x86, 0x06, 0x53, 0x2D, 0xA4, 0x68, 0x1D, 0x47, 0x2B, 0x6B, 0x0D, 0xEB,
    0xBE, 0x0B, 0xF7, 0xF5, 0xF1, 0xD5, 0xE1, 0xD9, 0x0D, 0x7F, 0x72, 0xAA, 0x8D, 0xAE, 0x54, 0xEE,
    0x14, 0xD7, 0xAB, 0x2D, 0xB1, 0x74, 0x65, 0x56, 0x31, 0xDC, 0xB0, 0x81, 0xE9, 0xFE, 0xF5, 0x21,
    0xE0, 0x83, 0x13, 0x2E, 0x7B, 0x56, 0x26, 0x32, 0x37, 0x1A, 0x65, 0x4C, 0x2F, 0x31, 0x63, 0xA3,
    0x11, 0xA3, 0x52, 0xFE, 0x45, 0x65, 0x65, 0x2F, 0xBC, 0xDD, 0x90, 0xFF, 0x26, 0x54, 0x91, 0x09,
    0x13, 0x8A, 0xB4, 0x0F, 0x09, 0xF5, 0xE2, 0x1B, 0x4F, 0xEC, 0xE6, 0x00, 0xFF, 0xB2, 0xA5, 0xCD,
    0x4D, 0x35, 0x03, 0x07, 0x73, 0x51, 0x39, 0x72, 0x31, 0x5A, 0x2E, 0xBD, 0xDC, 0x92, 0x76, 0xBA,
    0xFD, 0x25, 0xF3, 0xC2, 0x4F, 0x12, 0x5D, 0x57, 0x8D, 0xBF, 0x67, 0x5A, 0x50, 0xA0, 0xD3, 0xA7,
    0x68, 0xBF, 0x03, 0x2A, 0x45, 0x27, 0xE6, 0x00, 0xC7, 0xB3, 0x39, 0x3C, 0xB3, 0x01, 0x76, 0xE9,
    0xD4, 0x56, 0x1C, 0x63, 0x73, 0x55, 0x21, 0x1E, 0x3B, 0x9B, 0xBF, 0x5A, 0x74, 0xED, 0x5E, 0xE5,
    0x36, 0xFF, 0x7B, 0x63, 0xCD, 0x6D, 0xB6, 0x8A, 0x4A, 0xE5, 0xF1, 0x4E, 0x1D, 0x26, 0xAA, 0x8B,
    0xA8, 0x6F, 0x6F, 0x24, 0x1A, 0xE7, 0x72, 0x5F, 0x3D, 0x6C, 0x51, 0x1F, 0x3C, 0x5F, 0x4D, 0xDB,
    0xA8, 0x9F, 0xED, 0xD4, 0xB3, 0xB6, 0xE7, 0x97, 0xDD, 0x41, 0xE3, 0xD5, 0x64, 0x76, 0xB9, 0x3C,
    0xB3, 0xA3, 0xDA, 0x1C, 0x8F, 0x6A, 0xB5, 0x6E, 0x2B, 0x16, 0x2F, 0x34, 0xBA, 0x95, 0x1A, 0xF3,
    0x6A, 0x3D, 0x77, 0xB7, 0x12, 0x2B, 0x75, 0xA7, 0x91, 0x7F, 0x27, 0xE5, 0xDF, 0x20, 0xFC, 0xE3,
    0x78, 0xFC, 0xA4, 0x11, 0xFB, 0x82, 0x61, 0xE3, 0x7D, 0xAE, 0xED, 0x9F, 0x73, 0xCD, 0xE5, 0x6D,
    0xCD, 0xE8, 0x7F, 0x48, 0x0C, 0x87, 0xAE, 0x67, 0xAD, 0xD6, 0x10, 0x59, 0xD3, 0x33, 0x39, 0x99,
    0x70, 0x4D, 0x18, 0x66, 0x99, 0x59, 0xD7, 0xEB, 0x6C, 0x50, 0x29, 0xC3, 0x5C, 0x94, 0x06, 0xCF,
    0x30, 0x7E, 0x13, 0x53, 0xAB, 0x75, 0xB3, 0x8D, 0x2C, 0xA0, 0x5D, 0xD0, 0xE0, 0xA8, 0x34, 0xD8,
    0x07, 0x5F, 0xA4, 0x58, 0x6D, 0xED, 0x37, 0xDA, 0x82, 0x6E, 0xA9, 0x5D, 0xAD, 0x92, 0xAF, 0xF5,
    0x6C, 0xD8, 0x68, 0xD7, 0xDE, 0x45, 0xF8, 0xD7, 0xB7, 0xAF, 0x39, 0x76, 0x3E, 0xD0, 0x35, 0xE2,
    0x36, 0xDF, 0x47, 0xBD, 0xA2, 0x46, 0x51, 0x54, 0xA4, 0x87, 0xB1, 0x39, 0xF4, 0x8A, 0xB6, 0xEC,
    0xF3, 0x03, 0x71, 0x37, 0x57, 0xD6, 0xF9, 0xBC, 0x87, 0x64, 0x2D, 0xD8, 0x91, 0x06, 0x62, 0x67,
    0x26, 0x66, 0xC4, 0x3F, 0x33, 0x1D, 0xBF, 0x80, 0x89, 0x56, 0x4B, 0x7D, 0xEB, 0x97, 0x13, 0x9F,
    0x93, 0x73, 0xC4, 0xCA, 0x75, 0x2E, 0xDA, 0x70, 0xC4, 0x83, 0xEB, 0x88, 0xC6, 0x1E, 0xF1, 0xD4,
    0x3A, 0xA2, 0x89, 0xC7, 0x4D, 0x0E, 0x75, 0x11, 0x2F, 0x45, 0x0F, 0xE3, 0x83, 0xC0, 0x0F, 0x57,
    0x03, 0xF0, 0xEF, 0x09, 0x3F, 0xDB, 0x36, 0x87, 0x43, 0x67, 0x2F, 0xFE, 0x5F, 0x46, 0xE5, 0x0D,
    0x54, 0xF9, 0x3C, 0xD2, 0x5D, 0x27, 0x23, 0xB0, 0x85, 0xEA, 0x70, 0xEB, 0xF3, 0x72, 0xBD, 0xD1,
    0x9A, 0xA4, 0x51, 0xD3, 0x58, 0x89, 0xB3, 0xB5, 0xA2, 0xCB, 0x6A, 0xFD, 0x56, 0xAB, 0x93, 0x5A,
    0xAB, 0x93, 0x72, 0xFF, 0x6C, 0x61, 0xA4, 0xFA, 0xBB, 0xBA, 0x0E, 0x92, 0xE4, 0xA9, 0x5E, 0xC8,
    0x2F, 0xC1, 0xF6, 0xF9, 0x2B, 0x47, 0x57, 0xC8, 0x67, 0x10, 0xBC, 0xB6, 0xF9, 0x1A, 0x81, 0x3F,
    0x40, 0xA0, 0x85, 0xF3, 0xC7, 0x88, 0xF0, 0xDD, 0xBD, 0x12, 0x97, 0x98, 0x72, 0x3D, 0x71, 0xE9,
    0xAE, 0xC4, 0x08, 0x62, 0x03, 0x31, 0xA1, 0xE1, 0x2A, 0x1D, 0x64, 0xF7, 0x69, 0xE7, 0x69, 0xD7,
    0x1B, 0xA9, 0xC0, 0x07, 0xDD, 0x69, 0xDA, 0x65, 0xDA, 0x61, 0xDA, 0x5D, 0xB7, 0xB3, 0xEE, 0x2D,
    0xE3, 0xDB, 0x60, 0x6D, 0xB0, 0xF1, 0x70, 0xB5, 0xB7, 0x2D, 0x52, 0x9E, 0x6D, 0xEC, 0x2C, 0x50,
    0x1A, 0x8C, 0x5A, 0xC9, 0xA1, 0xE9, 0x26, 0x83, 0x83, 0x3F, 0x2D, 0x68, 0xA9, 0x6C, 0x27, 0x7B,
    0x7D, 0x59, 0x13, 0xEC, 0xEC, 0x1F, 0x5A, 0x7D, 0x25, 0x10, 0x7E, 0xB8, 0x3C, 0x4D, 0xBF, 0x1B,
    0xE8, 0x3E, 0xEB, 0x69, 0x14, 0xBB, 0x0D, 0x2D, 0x1C, 0x06, 0x8B, 0x87, 0xC1, 0x02, 0x62, 0x70,
    0x11, 0xD1, 0x85, 0xC4, 0xFF, 0x00, 0xED, 0x99, 0xBD, 0x6E, 0xD4, 0x40, 0x10, 0xC7, 0xFD, 0x21,
    0xC5, 0x12, 0x2E, 0xFC, 0x04, 0x91, 0x7B, 0x1A, 0x3F, 0x82, 0x2D, 0x5E, 0x80, 0xF7, 0x48, 0x43,
    0x43, 0x41, 0x67, 0xBF, 0x01, 0x3C, 0x02, 0x25, 0xBA, 0x3A, 0x35, 0x36, 0xE2, 0x05, 0x2C, 0xE5,
    0x01, 0xB8, 0x82, 0x3E, 0x16, 0x3A, 0x09, 0xA3, 0xD8, 0x37, 0xEC, 0xCE, 0xCC, 0xCE, 0x8E, 0x2F,
    0x47, 0x92, 0x83, 0x10, 0x25, 0xD1, 0x6D, 0x91, 0xFF, 0x6F, 0x93, 0xF3, 0x78, 0xC7, 0x9E, 0x8F,
    0xBD, 0x0D, 0xC0, 0x10, 0x04, 0x19, 0x98, 0x71, 0x83, 0xE6, 0x3B, 0x5A, 0xB0, 0x96, 0xB0, 0x45,
    0xAD, 0x59, 0x01, 0x66, 0xAB, 0x31, 0xC0, 0x64, 0x35, 0x05, 0x18, 0xAD, 0x96, 0xE6, 0x87, 0x55,
    0x73, 0xD1, 0x9A, 0xB5, 0xE3, 0xDF, 0x57, 0x56, 0x33, 0xD8, 0x06, 0x74, 0xDD, 0x88, 0x1A, 0xC2,
    0x3A, 0x20, 0xBB, 0x15, 0xE9, 0x69, 0x40, 0x1A, 0x3C, 0x46, 0xDD, 0xB0, 0x8E, 0xAC, 0x33, 0x6A,
    0x6B, 0x9D, 0x55, 0x5A, 0xEE, 0x68, 0xCE, 0x9A, 0xB0, 0x86, 0xAC, 0xF6, 0xD9, 0xA2, 0x86, 0x2D,
    0xAA, 0xBB, 0xCF, 0xF3, 0xA5, 0x62, 0x74, 0x04, 0xC0, 0x64, 0x02, 0xA8, 0x23, 0x4A, 0xC1, 0xC5,
    0x42, 0x46, 0x91, 0x73, 0x2B, 0xF9, 0x2B, 0xBC, 0x15, 0x6F, 0x59, 0xDD, 0xED, 0xFF, 0x78, 0xC4,
    0x63, 0xBA, 0x99, 0x5A, 0xA1, 0x52, 0xA8, 0x10, 0x4A, 0x85, 0x82, 0xD6, 0x5F, 0x3B, 0xA8, 0x5B,
    0x3D, 0x09, 0x89, 0xA0, 0xA1, 0xEC, 0x1E, 0x28, 0xD9, 0xD1, 0x87, 0x96, 0x4A, 0x05, 0x50, 0x05,
    0xD9, 0x2B, 0xFC, 0x11, 0xBE, 0x80, 0x2F, 0x67, 0x63, 0x7B, 0x6E, 0xB4, 0x51, 0xE9, 0xC7, 0xD9,
    0x07, 0x94, 0x4C, 0x9C, 0x7B, 0xE5, 0x42, 0x38, 0xF1, 0x52, 0x12, 0x97, 0x76, 0x9C, 0x75, 0x9C,
    0x74, 0x99, 0x8D, 0x17, 0x1E, 0x4F, 0x8A, 0xDF, 0x79, 0x4E, 0x46, 0xCF, 0xB5, 0xE7, 0x08, 0x3C,
    0xBF, 0x51, 0x0C, 0x07, 0xF3, 0x46, 0x71, 0x43, 0x5C, 0x60, 0xCC, 0xE2, 0xB0, 0x0F, 0x16, 0x7A,
    0xFF, 0x91, 0x99, 0x97, 0x59, 0xBB, 0x3A, 0xC7, 0xB5, 0xB1, 0x52, 0x1C, 0xFC, 0x2D, 0x5F, 0x2A,
    0x56, 0xCF, 0xE4, 0xFC, 0x1F, 0x9F, 0x27, 0x8F, 0xEE, 0x4E, 0x9C, 0x2A, 0x8E, 0x15, 0x47, 0x8A,
    0x25, 0x9D, 0x2D, 0xA7, 0x8B, 0xCF, 0x9B, 0x5F, 0x3C, 0x90, 0x44, 0x15, 0x4A, 0xD1, 0x58, 0xF9,
    0x02, 0x28, 0xDF, 0x48, 0xE0, 0x2E, 0x52, 0x61, 0x0A, 0x8D, 0xE4, 0x4C, 0x87, 0x0D, 0x6C, 0x96,
    0xEC, 0x6A, 0xBD, 0x9F, 0xB7, 0xC9, 0x05, 0xCA, 0x67, 0x5A, 0xD9, 0xF9, 0x9F, 0x96, 0xDB, 0x93,
    0xAC, 0x49, 0x6C, 0xCC, 0x45, 0xB4, 0x88, 0x88, 0xE3, 0x6E, 0x29, 0x35, 0x49, 0x41, 0x92, 0x70,
    0x68, 0xB6, 0x24, 0x27, 0x12, 0xA8, 0x12, 0xA6, 0x18, 0xA8, 0x1B, 0xC7, 0xB1, 0xAF, 0xE4, 0xF6,
    0xF5, 0x74, 0x2A, 0x16, 0x5C, 0x9C, 0x1A, 0xD3, 0x5B, 0x89, 0x91, 0xD2, 0x9B, 0x09, 0x94, 0x99,
    0xD0, 0x87, 0xB8, 0xF3, 0x04, 0x47, 0xA2, 0xCC, 0x64, 0xCA, 0x4C, 0xA1, 0xCC, 0xDC, 0xC7, 0x70,
    0xB7, 0xB7, 0xE1, 0xEC, 0x96, 0x45, 0x3C, 0x29, 0xDE, 0x2A, 0xA6, 0x75, 0x31, 0x77, 0x8A, 0x07,
    0xC5, 0xA3, 0xE2, 0x49, 0x31, 0x68, 0x6E, 0x14, 0xF7, 0x8A, 0x07, 0xC5, 0xA3, 0xE2, 0x59, 0x31,
    0x68, 0xEE, 0x1C, 0xFF, 0x44, 0x77, 0x88, 0x7F, 0xB8, 0x66, 0x1F, 0xE0, 0x96, 0x72, 0x12, 0x2E,
    0xAD, 0x3B, 0xCC, 0xB9, 0x75, 0x87, 0x39, 0xE5, 0x34, 0xB5, 0x8C, 0x61, 0xC4, 0x8C, 0x6F, 0x9D,
    0xD9, 0x84, 0xC7, 0x24, 0x6C, 0xE2, 0x58, 0xD8, 0x68, 0xE3, 0xD8, 0x1A, 0x72, 0x6C, 0xC3, 0xC4,
    0xB1, 0xED, 0x3C, 0xC2, 0x35, 0xCC, 0xC2, 0x26, 0x04, 0x85, 0x0D, 0xBC, 0x77, 0x9C, 0xD8, 0x6C,
    0x63, 0xA6, 0xDA, 0x20, 0x7B, 0x14, 0xCF, 0xA5, 0xE2, 0x42, 0x71, 0xA6, 0x38, 0x56, 0x1C, 0x2A,
    0xA6, 0xD2, 0xC8, 0x5C, 0x2A, 0xCE, 0x15, 0xA7, 0x8A, 0x63, 0xC5, 0x81, 0xE6, 0x56, 0x71, 0xA9,
    0x38, 0x53, 0x9C, 0xB8, 0x92, 0x59, 0x4A, 0xED, 0x6C, 0x5D, 0xB1, 0x0F, 0x25, 0xCD, 0x7C, 0x62,
    0x25, 0xBA, 0x2B, 0xF8, 0xB6, 0x21, 0x09, 0x35, 0x8B, 0x91, 0x51, 0x8C, 0x0C, 0x62, 0xA4, 0x17,
    0x23, 0xCD, 0xF5, 0x8A, 0x7D, 0xE8, 0x30, 0xCD, 0xFE, 0x17, 0x7A, 0xDC, 0xE7, 0xD4, 0xCE, 0x0C,
    0xD9, 0x67, 0xB7, 0xB5, 0x74, 0xC1, 0x41, 0x08, 0x70, 0xA9, 0x77, 0x27, 0x18, 0xBD, 0x8E, 0x66,
    0xBF, 0xDF, 0x5B, 0xD2, 0x88, 0x85, 0xA8, 0xA2, 0x14, 0x30, 0xC6, 0x1B, 0x8A, 0xED, 0x14, 0xBF,
    0xF7, 0xCC, 0xE4, 0x40, 0x47, 0x0F, 0x27, 0x46, 0x1A, 0x85, 0x36, 0x42, 0xC3, 0x33, 0xA6, 0x63,
    0x7D, 0x3A, 0xD6, 0xA7, 0x07, 0xAE, 0x4F, 0x07, 0x8E, 0x97, 0xAB, 0x4F, 0x7B, 0xDB, 0xFC, 0xA1,
    0x5C, 0x2F, 0xB6, 0x08, 0x7A, 0xD7, 0x31, 0xAA, 0x2D, 0xC2, 0x46, 0xED, 0x3A, 0x06, 0xBF, 0x2D,
    0xF0, 0xDC, 0x4A, 0xED, 0xC3, 0xC7, 0xE1, 0xB6, 0x14, 0x91, 0xDA, 0x41, 0xDB, 0xEF, 0x4D, 0x7B,
    0x97, 0x90, 0x79, 0x33, 0xE6, 0xE2, 0xCE, 0xFB, 0xB8, 0x55, 0xFE, 0xBE, 0x3D, 0xD6, 0xC8, 0x47,
    0x45, 0x07, 0x84, 0xEA, 0x8B, 0xD5, 0xEA, 0xDA, 0xF7, 0x97, 0x7D, 0x94, 0xEF, 0x21, 0xDD, 0x7A,
    0xB7, 0xBB, 0xFD, 0x3B, 0xD0, 0xFD, 0x7B, 0x12, 0x73, 0xA3, 0x34, 0xFC, 0x41, 0x4E, 0x3D, 0xD6,
    0x42, 0x9D, 0xFC, 0xB5, 0xDA, 0xDD, 0xE9, 0xC6, 0x12, 0xF3, 0xA1, 0xDF, 0x20, 0xD7, 0x12, 0xBF,
    0xA7, 0xD7, 0x5D, 0x3B, 0x5B, 0x55, 0x41, 0xC8, 0xEE, 0xB5, 0x26, 0x50, 0x62, 0xB6, 0x55, 0x60,
    0xF5, 0x73, 0xDD, 0x62, 0xC2, 0x39, 0xDD, 0x61, 0x6B, 0xA2, 0xAA, 0x77, 0x29, 0x56, 0xC9, 0x3E,
    0xA1, 0x85, 0xAF, 0xB2, 0x8C, 0x02, 0xAE, 0x24, 0x3B, 0x32, 0xF0, 0x49, 0x16, 0xFB, 0x6F, 0xAC,
    0x58, 0xB0, 0x9A, 0x43, 0x12, 0x2B, 0x5A, 0x7D, 0x38, 0xEE, 0xDB, 0x8F, 0x7D, 0xF1, 0x69, 0xF5,
    0xC5, 0xB3, 0x55, 0xC3, 0x3F, 0x4A, 0x3C, 0x76, 0xB7, 0x51, 0x90, 0x9B, 0xD7, 0x1C, 0x73, 0x29,
    0x9E, 0x39, 0xC9, 0x8C, 0xBF, 0xC6, 0x1D, 0x3E, 0x68, 0xEB, 0x38, 0xC1, 0x4A, 0xFB, 0x26, 0x1B,
    0x5A, 0xE0, 0x15, 0x97, 0x91, 0x44, 0x0E, 0x80, 0x22, 0xD0, 0xE5, 0xA1, 0x97, 0xA2, 0xD0, 0xEC,
    0x56, 0xA0, 0x44, 0x12, 0x2A, 0x5C, 0x7D, 0x3C, 0xEE, 0xE0, 0x9F, 0x48, 0x77, 0x5A, 0xB6, 0xA8,
    0xFB, 0x99, 0x25, 0x8B, 0x59, 0xB6, 0x98, 0xE5, 0xAA, 0x1C, 0xEB, 0xE6, 0xE2, 0xC2, 0xDD, 0xD7,
    0x61, 0xD0, 0xB3, 0xD4, 0x1F, 0x3C, 0xD2, 0x65, 0xEA, 0xA0, 0xA5, 0xE0, 0x12, 0x7B, 0x02, 0xF0,
    0x9D, 0xFE, 0x6D, 0x60, 0x96, 0x53, 0xD5, 0xF8, 0xCA, 0x8D, 0x95, 0xC6, 0xCC, 0x5E, 0x71, 0xD5,
    0x33, 0x01, 0x65, 0x66, 0xAF, 0xB9, 0xD6, 0x95, 0x98, 0x20, 0xAD, 0x3B, 0x03, 0xEC, 0xFD, 0x71,
    0xDF, 0x3A, 0x88, 0x2B, 0x3F, 0xDB, 0xB8, 0x24, 0xE5, 0xB3, 0xFC, 0xBD, 0xB3, 0xB5, 0x4D, 0xBB,
    0xD9, 0xCD, 0x2A, 0xFC, 0x5F, 0x1A, 0xCF, 0x66, 0xDF, 0x9F, 0x63, 0x0A, 0xB0, 0x5C, 0x66, 0x83,
    0xEF, 0xEC, 0x7C, 0x3A, 0xE6, 0x67, 0xFD, 0x62, 0xD6, 0x1D, 0x67, 0x77, 0x9F, 0xFD, 0x06, 0xED,
    0x99, 0x4F, 0x8E, 0xDB, 0x36, 0x14, 0xC6, 0x65, 0x1B, 0x88, 0x81, 0x7A, 0xA1, 0x7D, 0x37, 0xDA,
    0x77, 0xA3, 0x23, 0x48, 0x40, 0x6E, 0x93, 0xCD, 0x1C, 0x41, 0x02, 0x7A, 0x81, 0x1C, 0x21, 0x8B,
    0x74, 0x93, 0x4B, 0x58, 0x40, 0x2F, 0x20, 0xA0, 0x07, 0x88, 0x80, 0x74, 0x93, 0x55, 0x05, 0xD4,
    0x0B, 0xA7, 0x95, 0xC4, 0x92, 0x7C, 0xFF, 0x3E, 0x69, 0x38, 0x45, 0x27, 0x9D, 0x14, 0x33, 0x85,
    0xB5, 0xB0, 0x7F, 0x20, 0x6C, 0x92, 0xEF, 0xBD, 0xEF, 0x3D, 0x52, 0xA4, 0x73, 0x5D, 0x16, 0x9E,
    0x83, 0x73, 0x9D, 0x73, 0x23, 0xF0, 0x15, 0x78, 0x06, 0x76, 0xC8, 0x2D, 0x70, 0x0F, 0x3C, 0x02,
    0x4F, 0xC0, 0x0B, 0xB0, 0x43, 0xEE, 0x80, 0x07, 0xE0, 0x0B, 0xF0, 0x04, 0xBC, 0x00, 0xBB, 0x5A,
    0xF8, 0xCF, 0xD8, 0x11, 0xF1, 0xEF, 0x71, 0x16, 0x6C, 0x57, 0x34, 0x87, 0xB9, 0x09, 0x1D, 0x31,
    0x97, 0x61, 0x16, 0xCC, 0x79, 0x30, 0x87, 0xF9, 0x18, 0xCC, 0x61, 0xDE, 0x87, 0x8E, 0xC4, 0x3F,
    0xA1, 0x23, 0xE1, 0xCA, 0xFB, 0x45, 0xB8, 0xF0, 0x1D, 0x09, 0x9F, 0xFC, 0xB7, 0xB0, 0xFF, 0x1E,
    0x84, 0x77, 0xFE, 0x43, 0xFD, 0x7C, 0x76, 0x93, 0x72, 0xE5, 0x16, 0x65, 0x3F, 0x8B, 0xD7, 0xC2,
    0xBE, 0xA3, 0x9F, 0x85, 0xFD, 0x0F, 0x3E, 0x69, 0x8C, 0xC8, 0x52, 0xE2, 0x26, 0xBA, 0x8F, 0xB8,
    0x04, 0xCE, 0x81, 0x8F, 0xC0, 0x7B, 0xE0, 0x0C, 0xB9, 0x02, 0x2E, 0x80, 0x73, 0xE0, 0x03, 0xF0,
    0x0E, 0xD8, 0x9B, 0x63, 0x5C, 0x01, 0x17, 0xC0, 0x27, 0xC7, 0x62, 0xE3, 0xD8, 0x09, 0x1F, 0x1F,
    0x60, 0xFC, 0x7D, 0xCE, 0x5A, 0xE3, 0x3E, 0x95, 0xCF, 0x31, 0xFA, 0x99, 0xF8, 0x21, 0x33, 0x5E,
    0x80, 0x67, 0xE0, 0x2B, 0xF0, 0x08, 0xDC, 0x19, 0xCB, 0x5F, 0x03, 0x0F, 0xC2, 0xD5, 0x1F, 0xEF,
    0x09, 0x76, 0x67, 0xF7, 0x25, 0xBA, 0xAE, 0x2F, 0x48, 0xA0, 0x9E, 0xCE, 0x34, 0xA0, 0x73, 0xBF,
    0x38, 0x52, 0xB3, 0x73, 0xBF, 0x45, 0x1A, 0xA3, 0x8B, 0x5D, 0x1C, 0x57, 0x68, 0x56, 0x72, 0x6B,
    0xBA, 0xC6, 0x11, 0x6B, 0xCA, 0xA5, 0x60, 0x25, 0x59, 0x74, 0xD2, 0x1C, 0x3C, 0x46, 0x9A, 0x56,
    0x39, 0x4A, 0x74, 0x59, 0xE5, 0xF0, 0xFF, 0x93, 0xB6, 0x0A, 0x31, 0x32, 0xA5, 0x98, 0x4E, 0x4C,
    0x25, 0x0D, 0x6B, 0xA4, 0x52, 0x85, 0x98, 0x3E, 0x1A, 0x29, 0x50, 0xA0, 0x0D, 0x53, 0x86, 0xE9,
    0xC2, 0x54, 0x61, 0x9A, 0x68, 0xDC, 0x67, 0x02, 0x8E, 0xE0, 0x37, 0xE3, 0xA7, 0x7A, 0x5E, 0x79,
    0x99, 0x2E, 0x6F, 0x33, 0x49, 0x5E, 0xC7, 0x7E, 0x29, 0x88, 0x2F, 0x36, 0x6C, 0x1C, 0xF8, 0x28,
    0xDC, 0xEB, 0x4F, 0xE2, 0x8F, 0x1A, 0xD3, 0xB1, 0xC9, 0x37, 0x56, 0x3F, 0x79, 0xBA, 0x13, 0x75,
    0x1D, 0x06, 0xE9, 0x73, 0xEE, 0xD9, 0x77, 0x31, 0x16, 0xBC, 0x4A, 0xF8, 0xAE, 0x2F, 0x15, 0x8F,
    0xEE, 0xEB, 0xD1, 0x54, 0x99, 0xD5, 0x53, 0x23, 0xD9, 0xEA, 0xE1, 0xCC, 0xB1, 0x09, 0x15, 0x52,
    0x33, 0xB7, 0xD4, 0xC9, 0xF2, 0xBC, 0x90, 0xC7, 0xFB, 0x9C, 0x3F, 0x63, 0x2E, 0xFE, 0xCE, 0x16,
    0xB3, 0x17, 0xFD, 0x80, 0xFE, 0x41, 0xBF, 0xA1, 0x3F, 0xD1, 0xCF, 0xE8, 0x7F, 0x88, 0xCB, 0x80,
    0xF1, 0xC2, 0x38, 0xAE, 0xE2, 0x8B, 0x71, 0x47, 0x3D, 0xA0, 0x4E, 0x56, 0xFA, 0x41, 0x5D, 0x81,
    0xDE, 0x68, 0xB0, 0xE9, 0xC9, 0xE8, 0x5F, 0x3D, 0xBE, 0x80, 0xC7, 0x0A, 0xCE, 0xA6, 0x5E, 0x4C,
    0xEB, 0x35, 0xAB, 0x2B, 0xA6, 0x38, 0x5B, 0x38, 0xD1, 0x8A, 0x19, 0x2B, 0x86, 0xBA, 0xA0, 0xCE,
    0xD5, 0x77, 0xA5, 0xD0, 0x50, 0x49, 0xAA, 0xF8, 0x2D, 0x86, 0xA3, 0xE9, 0x5E, 0xCE, 0x31, 0x5A,
    0xDE, 0x2B, 0x57, 0x9E, 0xB8, 0xFF, 0x62, 0x57, 0x35, 0x6B, 0xE2, 0x35, 0xF8, 0x1B, 0x90, 0x8D,
    0x71, 0xA5, 0x25, 0x73, 0xB2, 0xB9, 0xD8, 0xFC, 0xA8, 0x4A, 0x72, 0x66, 0x7A, 0xF3, 0xEF, 0x68,
    0x7B, 0xC4, 0xB6, 0x99, 0xBD, 0xE6, 0x03, 0xF3, 0x4B, 0x58, 0x86, 0x59, 0xB1, 0xE6, 0xBF, 0xA3,
    0x29, 0xE4, 0x2E, 0xC0, 0xAF, 0xD1, 0xF7, 0x6F, 0xDC, 0xF2, 0xD3, 0xBD, 0x88, 0x1C, 0xC2, 0x7C,
    0x2A, 0x2A, 0xB5, 0x0F, 0xF3, 0x1C, 0xAC, 0xE8, 0x58, 0xE3, 0x61, 0xF6, 0x2D, 0x2B, 0xAE, 0x3F,
    0x8A, 0xE2, 0xB0, 0x6A, 0x36, 0xCE, 0x56, 0xFE, 0x12, 0xF2, 0x09, 0xF3, 0x2F, 0x9A, 0xD0, 0xDA,
    0x6A, 0x3F, 0x9B, 0x46, 0x96, 0xFA, 0x56, 0x65, 0x6F, 0x55, 0xF6, 0x45, 0x55, 0xD9, 0xEF, 0x3E,
    0xBC, 0xCB, 0xB2, 0x1F, 0x3E, 0xB4, 0xC1, 0xFA, 0x91, 0x13, 0x07, 0xE9, 0xC2, 0x09, 0x74, 0x0A,
    0x86, 0x46, 0xDD, 0xFB, 0xD1, 0xDA, 0x93, 0xBC, 0x40, 0xF1, 0x48, 0x3B, 0xA7, 0x89, 0x73, 0x56,
    0x07, 0x55, 0xEA, 0xCE, 0x93, 0xA5, 0xCC, 0x59, 0xBD, 0xF7, 0xCA, 0x3D, 0x32, 0x5D, 0x6E, 0x35,
    0xF8, 0x79, 0xD4, 0x60, 0x1F, 0xCD, 0x5E, 0xF4, 0x1D, 0xF6, 0xCE, 0x0D, 0xE7, 0x40, 0x19, 0xDF,
    0x48, 0x2E, 0x1C, 0xA1, 0x69, 0x2F, 0xB9, 0xE4, 0xFB, 0x97, 0xAD, 0xF8, 0x8E, 0xA4, 0x5E, 0xCB,
    0xEB, 0x5C, 0xC1, 0xDD, 0x84, 0xB6, 0x8A, 0xBB, 0xF1, 0x5D, 0xFA, 0xBF, 0x5F, 0xB8, 0xCB, 0x29,
    0x93, 0xBD, 0xB3, 0x6F, 0xDB, 0xCB, 0xD6, 0x9A, 0xB2, 0xA4, 0xE6, 0x2E, 0x7D, 0x55, 0x5B, 0x6E,
    0x3B, 0xDD, 0x5B, 0x0D, 0x7E, 0xA9, 0x35, 0x58, 0xD2, 0x68, 0xD6, 0x24, 0xBA, 0x46, 0x6B, 0xE6,
    0xBD, 0x1C, 0xDD, 0x84, 0x04, 0xEA, 0x35, 0x7D, 0xDA, 0x98, 0x3C, 0x7D, 0x21, 0x42, 0x6C, 0xAB,
    0xF8, 0x57, 0x4A, 0x9C, 0x6B, 0xEC, 0x24, 0x9C, 0x17, 0x8C, 0xB1, 0x93, 0x2B, 0x27, 0x0D, 0x1D,
    0x24, 0xB5, 0x92, 0x30, 0x5C, 0xE8, 0xDA, 0xFC, 0x6B, 0xF7, 0xC6, 0xB7, 0x6A, 0xFC, 0x2C, 0xAA,
    0x71, 0x54, 0xD1, 0x7A, 0x1D, 0x25, 0x95, 0x7D, 0xC9, 0x40, 0xC1, 0xA2, 0xC2, 0x0E, 0xDB, 0x44,
    0xBC, 0xD0, 0x26, 0xD3, 0x5A, 0xA0, 0xAD, 0x70, 0xDB, 0xA7, 0xB3, 0x2C, 0x48, 0x66, 0x89, 0xB6,
    0x1D, 0x12, 0x6D, 0x47, 0xCB, 0x32, 0x6D, 0xCB, 0xD9, 0xA9, 0x25, 0x1C, 0x5F, 0x40, 0x96, 0x6A,
    0x5B, 0xC5, 0xBB, 0x88, 0xFD, 0xBA, 0x4D, 0x4F, 0x3F, 0xEC, 0x0C, 0x4E, 0xAB, 0x80, 0xB3, 0x53,
    0xBF, 0x69, 0xF3, 0x87, 0xD0, 0x66, 0x55, 0x44, 0xDA, 0xB0, 0xCA, 0x3C, 0xBE, 0xCD, 0xAA, 0xD8,
    0x3F, 0x6D, 0xB3, 0x93, 0xBE, 0x97, 0xD3, 0xF6, 0x78, 0x7B, 0xBF, 0xDE, 0xA7, 0xA9, 0x18, 0xA5,
    0x62, 0x99, 0x8A, 0x79, 0x4A, 0x1B, 0x29, 0x0D, 0xA5, 0xB4, 0x96, 0xD2, 0x64, 0x4A, 0xBB, 0x29,
    0x8D, 0xA7, 0x72, 0x21, 0x99, 0x33, 0xA9, 0xDC, 0x92, 0x1C, 0x9C, 0x9B, 0x44, 0xAE, 0x96, 0xF7,
    0x73, 0xBA, 0x3D, 0x41, 0x9B, 0xE4, 0xBE, 0xD4, 0x92, 0x58, 0xFA, 0x53, 0x35, 0x82, 0xAB, 0xF7,
    0xDD, 0xAA, 0x88, 0x0F, 0xD4, 0xE7, 0xA0, 0xB5, 0x7C, 0xA1, 0x7E, 0x96, 0x4C, 0x4B, 0xD2, 0x8F,
    0xDB, 0x29, 0xD1, 0x99, 0x35, 0x5D, 0x5B, 0xE0, 0x33, 0x65, 0xA7, 0x75, 0xC3, 0x62, 0x6A, 0x92,
    0xDA, 0x57, 0x6E, 0x8D, 0xD7, 0xE2, 0x1F, 0x84, 0x10, 0xEE, 0x04, 0x74, 0x0D, 0xA0, 0x77, 0x10,
    0x37, 0x68, 0xA9, 0xE5, 0xF6, 0x51, 0xAB, 0xF0, 0x42, 0x41, 0x1D, 0xB5, 0x54, 0xCF, 0x2C, 0x47,
    0xAB, 0xDD, 0xDA, 0x20, 0x65, 0x7D, 0xDB, 0xC0, 0xCF, 0x7F, 0xDD, 0x30, 0xAD, 0xF5, 0xDF, 0x40,
    0xC3, 0x75, 0xA5, 0xF7, 0x4C, 0xAD, 0x15, 0xE3, 0xC8, 0x1F, 0x7B, 0x7D, 0x0D, 0x1B, 0x75, 0x05,
    0xE2, 0x6D, 0xC2, 0x58, 0xC5, 0x45, 0xE3, 0x8E, 0x7C, 0xEA, 0xBF, 0x86, 0xAD, 0xD7, 0xFB, 0x3C,
    0x55, 0xA3, 0x57, 0x81, 0xDA, 0x6F, 0x43, 0x29, 0xFA, 0xFA, 0xA8, 0x4B, 0x16, 0xAB, 0xF1, 0xB5,
    0xAE, 0x5C, 0x72, 0xF2, 0xA6, 0x0A, 0x22, 0x09, 0xF5, 0xA4, 0x0B, 0xDA, 0xD3, 0xFB, 0x75, 0x2C,
    0xDC, 0x90, 0x7C, 0x7F, 0x5E, 0xDE, 0xC3, 0x0D, 0xCE, 0x00, 0x39, 0xA8, 0xB7, 0x39, 0xA5, 0xDE,
    0xDA, 0x04, 0x07, 0xD9, 0x7E, 0x1F, 0x0E, 0xF7, 0x76, 0x5A, 0x3F, 0xE2, 0xE8, 0xC3, 0x03, 0x97,
    0x42, 0x99, 0x75, 0x69, 0xDD, 0x34, 0xB0, 0x0F, 0xB2, 0x4B, 0x9E, 0x78, 0x52, 0xF4, 0xA4, 0xE7,
    0xE9, 0xE2, 0xC1, 0x1A, 0xB6, 0x89, 0x33, 0x70, 0x18, 0xCE, 0x59, 0xD5, 0xCD, 0xD0, 0xE7, 0x16,
    0x80, 0x16, 0xB8, 0x07, 0x1E, 0x37, 0x3C, 0x72, 0xD5, 0xB2, 0xF2, 0xED, 0xE2, 0x1B, 0xD5, 0xA8,
    0x65, 0xD4, 0xAE, 0x2D, 0x8C, 0xAB, 0x27, 0xE2, 0xE6, 0x81, 0xB1, 0x60, 0x3E, 0x07, 0x98, 0x67,
    0x11, 0x42, 0x96, 0xAE, 0xA2, 0xB5, 0x31, 0xBE, 0x57, 0x0D, 0xC0, 0xB5, 0xF1, 0x84, 0xFE, 0x44,
    0xEE, 0x80, 0x47, 0x89, 0x73, 0xC1, 0x17, 0x72, 0x7C, 0x65, 0x34, 0x69, 0xFC, 0x79, 0xAC, 0x51,
    0x57, 0x12, 0xE6, 0x12, 0xB8, 0xA0, 0xB9, 0x8D, 0xAA, 0x56, 0x3B, 0xF1, 0xE8, 0xC0, 0xFF, 0x3D,
    0xD8, 0x3B, 0x08, 0xEF, 0xC1, 0xF6, 0x28, 0xDD, 0x84, 0x7F, 0x36, 0x31, 0x9A, 0xC1, 0xCF, 0x0B,
    0xB0, 0xCB, 0xE0, 0xF2, 0x54, 0xD9, 0x4F, 0xA8, 0xFE, 0x0B, 0xED, 0x59, 0xAD, 0x92, 0xE3, 0x46,
    0x10, 0x1E, 0x49, 0x55, 0xEB, 0xAA, 0x13, 0x18, 0x74, 0x01, 0x39, 0x20, 0xBE, 0xC4, 0x8F, 0x30,
    0xAA, 0x90, 0xD0, 0x80, 0x18, 0x05, 0x84, 0x1F, 0x39, 0x12, 0x2E, 0x55, 0xE5, 0x05, 0x16, 0xDC,
    0x03, 0x04, 0x04, 0x24, 0x22, 0x79, 0x04, 0x89, 0x1D, 0x75, 0x50, 0x40, 0x88, 0xC1, 0x05, 0x47,
    0xC0, 0xC0, 0x97, 0x58, 0xEA, 0x4C, 0xCF, 0xF4, 0x74, 0xB7, 0xBD, 0xBE, 0xBD, 0x78, 0x2F, 0x3F,
    0x97, 0x94, 0xA6, 0x6A, 0xDD, 0xDF, 0xAE, 0x67, 0x5A, 0xDD, 0x3D, 0x5F, 0x77, 0x8F, 0x66, 0x8D,
    0x31, 0x16, 0x60, 0x30, 0xC6, 0xAC, 0x01, 0xFC, 0xA7, 0x69, 0x60, 0x46, 0x01, 0x70, 0xF4, 0x9F,
    0x19, 0xC0, 0xE8, 0x45, 0x01, 0xB0, 0xF3, 0xA2, 0x8C, 0x13, 0x6D, 0x9C, 0xB8, 0x86, 0x09, 0x85,
    0x0B, 0x13, 0x4D, 0x9C, 0xE8, 0xE7, 0x6F, 0xE3, 0x7C, 0x9C, 0xF8, 0xA7, 0x87, 0x5F, 0x95, 0xF5,
    0x80, 0x02, 0x8D, 0x00, 0xF8, 0x11, 0x82, 0xF8, 0x29, 0x8A, 0x5F, 0xA3, 0x80, 0x87, 0xC4, 0x14,
    0xB4, 0x84, 0x87, 0x7B, 0x51, 0x07, 0xA1, 0xFC, 0xF0, 0xE2, 0x10, 0xC5, 0xFE, 0x44, 0x8C, 0x1F,
    0x90, 0x08, 0x63, 0xAE, 0x05, 0x27, 0xA7, 0xE2, 0xD8, 0x2A, 0x7C, 0x50, 0x78, 0x56, 0x18, 0x5A,
    0x85, 0xB7, 0x0A, 0x8F, 0x67, 0x38, 0x3C, 0x72, 0x85, 0x8A, 0x08, 0x87, 0x38, 0x25, 0xDC, 0x2B,
    0xDC, 0x28, 0xEC, 0xFE, 0x22, 0xDC, 0xBC, 0xE5, 0x59, 0xCA, 0x9E, 0x42, 0xD9, 0x59, 0x21, 0xFB,
    0xC4, 0xFE, 0x41, 0xE1, 0x5A, 0xF0, 0xA4, 0xE2, 0xB0, 0x53, 0xB8, 0x16, 0x7C, 0xD4, 0xF1, 0xD4,
    0x78, 0x50, 0x78, 0x4C, 0x5B, 0x52, 0x05, 0x96, 0x70, 0x02, 0x1C, 0xD5, 0x56, 0x4D, 0x8C, 0x1D,
    0x2A, 0x22, 0xBC, 0x56, 0xB8, 0x8A, 0xB6, 0x05, 0x6C, 0xA3, 0xCD, 0x01, 0x97, 0x0A, 0xAF, 0xE2,
    0x1E, 0x25, 0x7F, 0x77, 0x09, 0xE7, 0xCA, 0xF7, 0x0C, 0x8D, 0xB8, 0x10, 0x9F, 0xB3, 0x3D, 0x9A,
    0x54, 0x9C, 0x67, 0x85, 0x81, 0x71, 0xA5, 0xB0, 0x8D, 0x19, 0x72, 0xF5, 0xB8, 0xED, 0xBE, 0x63,
    0x4C, 0x69, 0xFF, 0x20, 0x6E, 0xDE, 0x82, 0x7B, 0x85, 0x29, 0x31, 0xC9, 0xEF, 0x7D, 0xC2, 0x45,
    0xB2, 0x35, 0x9A, 0x3B, 0x8A, 0xFA, 0x50, 0x89, 0x68, 0x29, 0x57, 0x99, 0x22, 0x70, 0x5F, 0xB0,
    0x52, 0x3F, 0x29, 0xD3, 0xF8, 0x51, 0x5E, 0x27, 0xAB, 0xF1, 0xFB, 0xD0, 0x32, 0xCE, 0x26, 0xE5,
    0xEF, 0x57, 0x97, 0x82, 0xE0, 0xD5, 0xD7, 0x37, 0xDE, 0x01, 0x94, 0x7D, 0x94, 0x9F, 0x42, 0x94,
    0x5F, 0x92, 0xEC, 0x49, 0xC2, 0xBB, 0xE4, 0x9E, 0xCC, 0xAD, 0xA3, 0x9C, 0x48, 0xFF, 0x41, 0x47,
    0x80, 0x6A, 0x2F, 0xCA, 0xED, 0x99, 0x1C, 0x3E, 0x64, 0xF9, 0xAE, 0x91, 0x77, 0x5D, 0x7B, 0x8D,
    0xBE, 0x15, 0x49, 0xEA, 0x56, 0x48, 0xE8, 0x96, 0x18, 0x51, 0x47, 0x52, 0x01, 0x91, 0x08, 0x28,
    0xD1, 0xA8, 0x3D, 0x45, 0xB2, 0xAD, 0x89, 0x5C, 0xA5, 0x84, 0x73, 0x20, 0x86, 0x10, 0x3B, 0x88,
    0x93, 0x96, 0x88, 0x51, 0xB4, 0xA7, 0xF6, 0xDE, 0x74, 0xDF, 0x1A, 0xF3, 0x04, 0x3F, 0x50, 0xC9,
    0x84, 0x9A, 0xF7, 0xF4, 0x40, 0x7C, 0xF8, 0x96, 0x94, 0x0D, 0x59, 0x62, 0xA2, 0x83, 0xB1, 0x48,
    0xCA, 0x2B, 0x38, 0xD8, 0x44, 0xFA, 0x15, 0x4C, 0xEB, 0x44, 0xE8, 0x1C, 0xC9, 0xB2, 0x15, 0x3E,
    0x33, 0x13, 0x9D, 0x22, 0x71, 0x05, 0x92, 0x2F, 0x2B, 0x95, 0x0B, 0x39, 0xF0, 0x52, 0x5C, 0x2C,
    0xF6, 0xDE, 0x7E, 0x6F, 0xDE, 0x7B, 0x2C, 0xFD, 0x68, 0xE9, 0x47, 0xFF, 0x64, 0x3F, 0x7A, 0x8E,
    0xD5, 0xE0, 0x79, 0x57, 0xFB, 0xAC, 0xC1, 0x87, 0xD4, 0x36, 0x94, 0xC8, 0xD9, 0x1B, 0x35, 0x1B,
    0xC4, 0xDE, 0x88, 0x3A, 0xA4, 0x4D, 0x0F, 0x43, 0x83, 0xE4, 0xF3, 0x13, 0x43, 0x30, 0x2D, 0xFC,
    0x1E, 0x4E, 0x7A, 0x2B, 0x0A, 0x68, 0x0E, 0xA4, 0xB6, 0xA7, 0xF4, 0x48, 0x05, 0xC2, 0xC6, 0x03,
    0xA1, 0x9F, 0x18, 0xB3, 0x29, 0xEB, 0xBE, 0xB9, 0x22, 0x1F, 0x96, 0xB2, 0x7F, 0x4D, 0xD9, 0x97,
    0xB6, 0x9B, 0x4B, 0x83, 0x57, 0x3D, 0xBD, 0x94, 0xD9, 0xD5, 0x49, 0xD1, 0xBB, 0x70, 0x5C, 0x90,
    0x53, 0x41, 0x2E, 0xCD, 0x5F, 0x3D, 0xAE, 0x94, 0xD3, 0x4C, 0x45, 0x5B, 0x7C, 0x76, 0x0E, 0x79,
    0xD4, 0x78, 0xE1, 0x37, 0xE8, 0x8D, 0xA1, 0x3C, 0xF2, 0xE3, 0x35, 0x71, 0x8B, 0x72, 0xB5, 0x92,
    0x32, 0xD8, 0x70, 0x15, 0xCC, 0x24, 0xF9, 0x0B, 0x49, 0x78, 0x2B, 0x79, 0x5D, 0x49, 0x35, 0xA4,
    0x86, 0xE4, 0xFF, 0x32, 0x3A, 0xA6, 0xC2, 0xE8, 0xA2, 0x07, 0x5E, 0xD1, 0x21, 0x79, 0xA0, 0xA0,
    0x8F, 0xCA, 0x05, 0xE8, 0x64, 0x42, 0xF8, 0x6D, 0x32, 0xF7, 0xE3, 0xA9, 0xCE, 0x4D, 0xD8, 0x5A,
    0x5E, 0x72, 0xEC, 0xBD, 0x93, 0x94, 0x1D, 0xA1, 0x78, 0xDF, 0x51, 0x26, 0xE1, 0xB8, 0x13, 0x87,
    0xD1, 0xBE, 0x9E, 0xE0, 0x5E, 0x9C, 0x9F, 0xD5, 0x8C, 0x41, 0xFE, 0x3C, 0x52, 0xF8, 0x80, 0xF6,
    0xFE, 0x23, 0xAE, 0x76, 0xDE, 0xB3, 0x17, 0x20, 0xE4, 0x78, 0xA6, 0xBA, 0x5C, 0x7F, 0x62, 0xAC,
    0xEA, 0x7D, 0xAA, 0x4A, 0x24, 0x2A, 0x58, 0x56, 0x8D, 0x30, 0x1D, 0x27, 0x15, 0xF4, 0xCB, 0x1A,
    0x52, 0xE2, 0x95, 0x39, 0xA2, 0x98, 0x37, 0x98, 0xA2, 0x8E, 0xA7, 0x03, 0xD9, 0x96, 0x63, 0xC9,
    0x70, 0x2F, 0xFB, 0x36, 0x66, 0xAA, 0x1E, 0x37, 0x52, 0xA6, 0xAD, 0x34, 0xBD, 0x5C, 0x48, 0x40,
    0x2C, 0x79, 0xC3, 0xDC, 0xF9, 0xAD, 0x66, 0xFE, 0x1E, 0xCF, 0xCF, 0xB7, 0x05, 0xEF, 0x86, 0x24,
    0x42, 0xC5, 0x34, 0x76, 0xCC, 0x62, 0xC9, 0x02, 0x4E, 0x9D, 0x8C, 0x97, 0x4A, 0x0A, 0x94, 0x1C,
    0x2F, 0xCB, 0xA1, 0x5D, 0x3F, 0x9E, 0xFF, 0x1F, 0x27, 0x82, 0xDC, 0xA4, 0xAD, 0x27, 0xE7, 0x46,
    0x93, 0x18, 0x3E, 0x19, 0x26, 0x78, 0xCD, 0x01, 0x19, 0x14, 0x01, 0x1C, 0x93, 0xC5, 0x71, 0xB8,
    0xC2, 0xB6, 0x66, 0x18, 0x8E, 0x48, 0xD7, 0x86, 0x91, 0x63, 0xF4, 0x74, 0xF3, 0xB9, 0xF2, 0xDF,
    0xC5, 0xB4, 0x23, 0x03, 0x14, 0x51, 0x03, 0x4F, 0xCB, 0x73, 0x9A, 0x4E, 0x86, 0x59, 0x3A, 0xF0,
    0xD7, 0x42, 0xC6, 0x10, 0x90, 0x2F, 0x80, 0xF9, 0x77, 0xD3, 0x33, 0xFD, 0x32, 0x64, 0xDF, 0xD3,
    0xCD, 0x67, 0xDC, 0x98, 0xF6, 0x74, 0xCF, 0x11, 0x69, 0x86, 0x28, 0x52, 0x2B, 0x22, 0x8C, 0x09,
    0x7A, 0xE3, 0x98, 0x15, 0x8E, 0x33, 0xA2, 0xE2, 0x12, 0x50, 0xB2, 0xE7, 0xB9, 0x24, 0x46, 0x7F,
    0x96, 0x2D, 0xB3, 0x49, 0x41, 0xDD, 0xA5, 0x90, 0xFF, 0x42, 0xDE, 0x3F, 0xE9, 0xEE, 0x24, 0x0D,
    0xC6, 0x8B, 0x95, 0x11, 0xEE, 0xBF, 0xFF, 0x94, 0xC0, 0xC7, 0xC2, 0x35, 0x27, 0x8C, 0x5F, 0xF5,
    0x73, 0x5A, 0x07, 0xF0, 0x35, 0xAD, 0x2B, 0x82, 0x83, 0x6D, 0x5C, 0x75, 0xF4, 0x73, 0x76, 0x71,
    0xD5, 0x3E, 0xFC, 0x84, 0x55, 0x3B, 0x63, 0xD3, 0x05, 0xCA, 0x60, 0xE8, 0x38, 0xBB, 0xD9, 0xA4,
    0x8F, 0xA5, 0xA2, 0x2E, 0x15, 0xF5, 0x5F, 0xA8, 0xA8, 0xF7, 0x5F, 0xE2, 0xD7, 0x7C, 0xC8, 0x68,
    0x52, 0x28, 0x32, 0x8E, 0x44, 0xC1, 0x17, 0x05, 0x36, 0xA5, 0x59, 0xD0, 0x7D, 0xA0, 0x05, 0xAF,
    0xE2, 0x12, 0xBF, 0xE0, 0x93, 0xB8, 0xA4, 0x08, 0x67, 0xD6, 0x78, 0xD5, 0x89, 0x85, 0x69, 0x0C,
    0x0B, 0x46, 0x7C, 0x8B, 0x0B, 0x0B, 0xB6, 0xF1, 0x05, 0xD0, 0x07, 0xB8, 0xF5, 0x06, 0xCF, 0x4B,
    0x6D, 0xFD, 0xCF, 0xD5, 0xD6, 0xA5, 0x14, 0x2D, 0xA5, 0xE8, 0x91, 0xA5, 0x28, 0xD3, 0xA5, 0xC8,
    0xCA, 0x0D, 0x4C, 0x25, 0xEF, 0x3F, 0x4E, 0xEE, 0x62, 0x9C, 0xBC, 0x9C, 0x34, 0xF2, 0xFA, 0xD3,
    0xC8, 0x8D, 0x4E, 0x23, 0x01, 0xBB, 0xFD, 0x41, 0x42, 0x93, 0x9D, 0xDC, 0x61, 0x5E, 0x80, 0x7C,
    0xB5, 0xB4, 0x22, 0xA2, 0x13, 0x9C, 0x04, 0x1E, 0x04, 0xEE, 0x04, 0xD6, 0x0C, 0x5F, 0xFF, 0x7F,
    0x4A, 0x52, 0xFB, 0x37, 0x96, 0xA4, 0xE6, 0xC1, 0x92, 0x64, 0xAF, 0x2F, 0x49, 0xB9, 0x94, 0xA4,
    0x67, 0x52, 0x92, 0x4A, 0xA6, 0x92, 0x55, 0xEF, 0xC6, 0xED, 0x3D, 0x1E, 0x39, 0xA6, 0x91, 0x63,
    0x16, 0x39, 0xDE, 0x77, 0xC5, 0x21, 0x45, 0xA1, 0x0B, 0x28, 0x97, 0x33, 0x20, 0xC5, 0xBF, 0xE0,
    0x48, 0x15, 0x4C, 0x9E, 0x82, 0x13, 0xB4, 0x60, 0xEA, 0x14, 0x69, 0x97, 0xB2, 0xAE, 0xAB, 0xF1,
    0x1A, 0xB7, 0xA6, 0xE3, 0xE1, 0x2A, 0x2A, 0x72, 0xA1, 0x53, 0x1E, 0xCD, 0x49, 0xFB, 0x0C, 0x5F,
    0x52, 0x1B, 0xCE, 0x43, 0xA3, 0xAD, 0xA9, 0x30, 0xBC, 0x4A, 0xDB, 0xEF, 0x84, 0xB2, 0x96, 0x1F,
    0x1B, 0x28, 0x3B, 0xB0, 0xC9, 0x9C, 0x4C, 0xBD, 0x2E, 0x84, 0x07, 0x39, 0x10, 0xF0, 0x31, 0x39,
    0xDB, 0x3C, 0xE6, 0x5F, 0x1C, 0x4B, 0x5F, 0x58, 0xFA, 0xC2, 0xFB, 0x1E, 0x51, 0xFF, 0x00, 0xED,
    0x98, 0x3D, 0x6E, 0xDB, 0x30, 0x14, 0xC7, 0x69, 0x19, 0x8D, 0x06, 0x0F, 0x9A, 0xBA, 0xA4, 0x83,
    0xF7, 0x2E, 0x3A, 0x82, 0x74, 0x84, 0x0C, 0xF5, 0xD4, 0x43, 0xE4, 0x08, 0xF2, 0xD6, 0x35, 0x43,
    0x8F, 0xD0, 0xA5, 0x5E, 0x72, 0x04, 0xB9, 0xE8, 0xD0, 0xD5, 0x47, 0xD0, 0x90, 0xA2, 0x43, 0x87,
    0x6A, 0xD0, 0xE0, 0x14, 0xB2, 0xD8, 0xF7, 0x4D, 0x1A, 0x8D, 0x91, 0x22, 0x71, 0x90, 0xC6, 0x90,
    0x86, 0xF0, 0x17, 0xC8, 0x8F, 0x7C, 0xA4, 0x1E, 0xFF, 0x7C, 0x7C, 0xCE, 0xD9, 0xE3, 0xFD, 0xDA,
    0xA5, 0xDE, 0x03, 0x15, 0xBE, 0x75, 0x99, 0xEF, 0x81, 0xE6, 0x7E, 0xEB, 0x72, 0xF8, 0xCF, 0xC1,
    0x9B, 0x9D, 0xAB, 0xFC, 0x06, 0x28, 0x81, 0xDF, 0x78, 0xBF, 0x64, 0x93, 0xAF, 0x64, 0x80, 0x26,
    0x3F, 0xC9, 0x00, 0x4D, 0x3C, 0x19, 0xA0, 0x89, 0x27, 0x03, 0x32, 0x61, 0x03, 0x34, 0x19, 0x64,
    0xBC, 0x42, 0x0C, 0xD0, 0xA4, 0x15, 0x4A, 0xC5, 0xE0, 0x9F, 0x9F, 0x73, 0xE8, 0xF9, 0x23, 0xC2,
    0x99, 0xC7, 0xA7, 0x04, 0xCA, 0x89, 0xA0, 0xC7, 0x09, 0x01, 0xF8, 0xED, 0xA6, 0x4C, 0xF0, 0x3A,
    0x13, 0x5A, 0x93, 0x9F, 0xFC, 0xC3, 0x42, 0xA8, 0x33, 0xDA, 0x22, 0x51, 0x07, 0xBD, 0xB8, 0x59,
    0x19, 0x15, 0x46, 0xAF, 0x17, 0xEF, 0x80, 0xC2, 0x74, 0xFC, 0x0D, 0x13, 0x3A, 0x70, 0x8B, 0x9E,
    0xF0, 0x68, 0xC3, 0x15, 0xD0, 0x8C, 0x3B, 0xBE, 0xE2, 0xB5, 0x60, 0xAF, 0x5C, 0xAD, 0xBE, 0xE8,
    0x6B, 0x5C, 0x86, 0x4B, 0x22, 0x5A, 0x9A, 0xF7, 0xFA, 0x43, 0x98, 0x1E, 0xFE, 0x96, 0xBB, 0x9F,
    0x00, 0xC2, 0xD8, 0x17, 0xBC, 0xD6, 0x0E, 0xFD, 0xA6, 0x91, 0x1C, 0xFA, 0xCD, 0x54, 0x93, 0x3D,
    0x13, 0xAE, 0x09, 0xCE, 0x46, 0xE7, 0x16, 0x68, 0xB0, 0x35, 0xD8, 0xA9, 0x03, 0xD0, 0x43, 0x62,
    0xEB, 0x12, 0xF9, 0x37, 0x17, 0x03, 0x5D, 0xD4, 0x46, 0x97, 0xFC, 0x3B, 0x7D, 0xD2, 0x27, 0x7F,
    0xF6, 0xE3, 0x65, 0xC4, 0x93, 0xC2, 0x4A, 0xB5, 0x01, 0x23, 0x2E, 0xC8, 0x91, 0x6E, 0x2C, 0x08,
    0xB9, 0xE1, 0x42, 0x30, 0x09, 0xF2, 0x91, 0x98, 0xBA, 0x10, 0xB6, 0x01, 0xB7, 0x62, 0xB6, 0xBA,
    0x0E, 0x63, 0x4C, 0xEF, 0xC3, 0xB9, 0x62, 0x1E, 0x7A, 0xC8, 0x3D, 0x6F, 0x2E, 0xC1, 0x26, 0xE0,
    0xD2, 0x70, 0xE7, 0x0C, 0xAF, 0xA4, 0x4F, 0xDC, 0x30, 0xC7, 0x69, 0x38, 0xF8, 0xFB, 0x87, 0x36,
    0x47, 0xF5, 0xE5, 0x41, 0xCD, 0x86, 0x9B, 0xCE, 0x89, 0x06, 0xF7, 0x2C, 0x2F, 0x3D, 0xCB, 0x48,
    0xCF, 0x33, 0xEC, 0x31, 0x04, 0xA8, 0xC9, 0xB9, 0x99, 0x89, 0x00, 0xD6, 0x5E, 0xB4, 0x97, 0x1A,
    0xF9, 0xF2, 0xFC, 0x9D, 0x12, 0xFE, 0x46, 0x53, 0x56, 0xD7, 0x94, 0xBF, 0x43, 0xCA, 0x27, 0x40,
    0xCA, 0x9A, 0x95, 0xEA, 0x27, 0xE3, 0x03, 0x0C, 0xE4, 0xF0, 0x8E, 0xA6, 0x52, 0x9D, 0x6B, 0xB8,
    0x59, 0x73, 0xB3, 0xA4, 0x66, 0x60, 0x1F, 0x3A, 0x6A, 0x86, 0x12, 0x43, 0x6A, 0x85, 0x7F, 0x3E,
    0xB3, 0x0E, 0xAE, 0xC1, 0xD1, 0x81, 0x3B, 0x69, 0xE8, 0xA4, 0xA4, 0xB1, 0x3A, 0x3A, 0x3E, 0x69,
    0x84, 0xDE, 0xF1, 0x42, 0xE0, 0xDC, 0x13, 0x3E, 0x9C, 0x70, 0xC6, 0x1F, 0x34, 0x68, 0x2A, 0xFF,
    0x2B, 0x0E, 0x35, 0x09, 0xE1, 0x99, 0x17, 0x2B, 0x5E, 0xB3, 0x70, 0x3C, 0xEF, 0xC2, 0x86, 0xE9,
    0x9C, 0x85, 0x5D, 0xA3, 0x78, 0xB6, 0x2A, 0xDD, 0xC3, 0x9F, 0x51, 0xC4, 0x47, 0x7C, 0x0C, 0x4A,
    0x10, 0xB5, 0x07, 0x79, 0xB2, 0x58, 0x94, 0xCA, 0x22, 0x10, 0x93, 0x03, 0x9C, 0x44, 0x3C, 0xC5,
    0xAD, 0x29, 0x3C, 0x43, 0x41, 0x11, 0xCE, 0xB0, 0x11, 0x2E, 0x22, 0xA6, 0xCD, 0x3B, 0x35, 0x01,
    0x50, 0x31, 0xCA, 0x70, 0x37, 0x8B, 0x2C, 0xCE, 0x3C, 0xED, 0x4C, 0x62, 0x1A, 0x4A, 0xE5, 0xB2,
    0x86, 0xEE, 0x95, 0x73, 0xD8, 0xAE, 0xCA, 0x59, 0x6F, 0x52, 0xEC, 0xA6, 0x6D, 0x60, 0x57, 0x46,
    0xEC, 0xF6, 0x59, 0xFD, 0x39, 0x45, 0xDE, 0x44, 0xDC, 0x45, 0x6C, 0x73, 0x4F, 0x22, 0x76, 0x87,
    0xB8, 0x8A, 0x78, 0x1E, 0x71, 0x1A, 0xB1, 0x1E, 0x01, 0x4E, 0xF2, 0xCD, 0x7E, 0xD4, 0xAA, 0x03,
    0x98, 0x85, 0xB4, 0xFD, 0xA8, 0x78, 0x72, 0x5A, 0x95, 0xAC, 0x56, 0xCB, 0x17, 0x97, 0x9F, 0x3D,
    0x55, 0xD7, 0x92, 0x9F, 0xB5, 0x7F, 0xE5, 0x67, 0x6E, 0xBF, 0x29, 0xB8, 0x91, 0x6D, 0x9A, 0xEE,
    0xE7, 0x67, 0xB2, 0x2F, 0x67, 0x20, 0xBC, 0xAF, 0x58, 0xE3, 0xE1, 0xCD, 0x16, 0x82, 0x48, 0x73,
    0x1F, 0xBF, 0x9C, 0x33, 0x63, 0x5C, 0x75, 0x05, 0x67, 0xCF, 0xB9, 0xB7, 0x1B, 0xBB, 0xDE, 0x48,
    0x4D, 0x16, 0x34, 0xCB, 0xAF, 0xFD, 0xBA, 0x0E, 0x9B, 0xBE, 0x9C, 0x6B, 0x44, 0xC2, 0x4F, 0x4D,
    0x92, 0x16, 0x0B, 0xB8, 0x33, 0xDF, 0xBA, 0x47, 0x3E, 0xDA, 0x33, 0x76, 0x3B, 0xF2, 0xFF, 0xCA,
    0xDD, 0x9D, 0x5C, 0x4B, 0x12, 0x9D, 0x12, 0x9B, 0x1C, 0x2E, 0x2B, 0xC9, 0x98, 0x91, 0x0B, 0xAB,
    0x53, 0x79, 0x8C, 0xBC, 0xB5, 0x9C, 0x2D, 0x4E, 0x42, 0x2A, 0xC1, 0xEC, 0x1A, 0x73, 0x84, 0x92,
    0x02, 0xB3, 0xA7, 0x10, 0xD7, 0xAA, 0x50, 0x62, 0xDC, 0x46, 0x67, 0xCF, 0xDA, 0x45, 0x25, 0x95,
    0x20, 0x99, 0xBD, 0xB3, 0x12, 0x8F, 0xDE, 0x3E, 0x42, 0x9C, 0xF3, 0x0B, 0x29, 0x13, 0x9D, 0x5D,
    0xFB, 0xE1, 0x93, 0xA4, 0xFC, 0x43, 0x69, 0xE7, 0x5D, 0x03, 0xDD, 0xF2, 0xC4, 0x7A, 0x26, 0xEC,
    0xB9, 0xAC, 0xBC, 0x9C, 0x92, 0x1B, 0xDA, 0x1A, 0x85, 0xD5, 0x90, 0x2A, 0x1B, 0xB5, 0xF6, 0x5F,
    0xE4, 0xEA, 0x0A, 0xBF, 0x2F, 0x78, 0x5E, 0xE0, 0x5A, 0xA6, 0x79, 0x11, 0x15, 0xEE, 0x64, 0xC3,
    0x54, 0x37, 0x8F, 0xD8, 0x25, 0x5C, 0x6B, 0x3A, 0x4D, 0x9A, 0x1B, 0xE5, 0x56, 0x5B, 0x2B, 0x8C,
    0x6A, 0xAD, 0xAD, 0xE1, 0xF5, 0x15, 0x68, 0x27, 0x49, 0x66, 0x85, 0x49, 0xE7, 0xA5, 0xDF, 0xAB,
    0xB2, 0xE5, 0x46, 0x99, 0x91, 0x45, 0x95, 0x44, 0xC2, 0x0F, 0xFC, 0x22, 0x54, 0x65, 0xFB, 0x86,
    0x84, 0x26, 0x03, 0x95, 0x60, 0xF1, 0x75, 0xC7, 0xC5, 0xD8, 0xF3, 0xFA, 0x77, 0x19, 0x65, 0x58,
    0x12, 0xDF, 0x4F, 0xC1, 0xC7, 0x79, 0x46, 0xB5, 0x1A, 0x95, 0xF4, 0xD9, 0x94, 0x34, 0x84, 0xF3,
    0x71, 0xE8, 0x88, 0x3B, 0x62, 0x54, 0xCD, 0xE7, 0x51, 0xCD, 0xB7, 0x98, 0xEE, 0x63, 0xDD, 0x8E,
    0x7C, 0xA2, 0x5C, 0xFA, 0x1E, 0x6E, 0xF4, 0xA4, 0xA4, 0x6A, 0x5E, 0x2A, 0xB9, 0x68, 0x06, 0x6D,
    0xBE, 0x77, 0xD9, 0x8A, 0x15, 0xB4, 0x0D, 0xF7, 0x5E, 0xAD, 0xC8, 0x91, 0x87, 0xCB, 0x70, 0xBF,
    0xDD, 0x45, 0x85, 0x6B, 0x2B, 0xDA, 0xBD, 0xF1, 0xB7, 0xA3, 0xCA, 0x8E, 0x2A, 0xFB, 0xA2, 0x54,
    0xF6, 0x0F, 0xED, 0x59, 0x3D, 0xAE, 0xE4, 0x44, 0x10, 0x6E, 0xDB, 0xD2, 0x5A, 0xC2, 0x81, 0x23,
    0x92, 0x47, 0xE0, 0x9C, 0xC4, 0x47, 0xB0, 0x33, 0xEE, 0x82, 0x84, 0xF6, 0x08, 0x1E, 0x62, 0x02,
    0xB8, 0x01, 0x1B, 0x6C, 0x00, 0x93, 0xEC, 0x11, 0x6C, 0x48, 0x48, 0x2D, 0x71, 0x00, 0x2C, 0x81,
    0x44, 0x88, 0x01, 0x07, 0x03, 0x6B, 0xBB, 0xA9, 0xBF, 0xAE, 0x2E, 0xBF, 0x1D, 0x84, 0xF6, 0x07,
    0x3D, 0xC4, 0x1B, 0x4B, 0x6F, 0xA6, 0x6A, 0xEC, 0x2E, 0x57, 0x55, 0xD7, 0xF7, 0x75, 0x75, 0x3F,
    0xD7, 0xF8, 0xC1, 0x39, 0xEF, 0x9D, 0x73, 0xD7, 0xA5, 0xD1, 0x25, 0x24, 0xD5, 0x7E, 0x76, 0x99,
    0xDF, 0x41, 0xAA, 0xE0, 0xB3, 0xF6, 0x1B, 0x48, 0xA5, 0xC7, 0x6B, 0x05, 0x29, 0x27, 0x69, 0x01,
    0x29, 0x25, 0x69, 0x02, 0xC9, 0xF5, 0x28, 0x9D, 0x1C, 0x0D, 0xF6, 0x34, 0x80, 0x6F, 0xD3, 0x4D,
    0xE7, 0x3E, 0xF0, 0x7F, 0xB8, 0x37, 0xBA, 0x3C, 0xB8, 0x42, 0x2F, 0xFF, 0xDF, 0x4A, 0x95, 0x4A,
    0x35, 0x49, 0x0B, 0x4D, 0x45, 0x90, 0x20, 0xAF, 0xF0, 0x07, 0x69, 0x87, 0x99, 0x41, 0x69, 0xE3,
    0xFC, 0xBB, 0x0E, 0xB3, 0xFD, 0x14, 0xA5, 0xC6, 0xCB, 0x45, 0x99, 0x67, 0xA9, 0x54, 0x29, 0x57,
    0x89, 0x27, 0xEB, 0x67, 0x9C, 0x60, 0x9A, 0xAC, 0xEF, 0x50, 0xC2, 0x21, 0x7B, 0x8E, 0x12, 0xDE,
    0x5E, 0x48, 0x72, 0x77, 0xFD, 0x9F, 0x6D, 0xC8, 0x7F, 0x1A, 0x66, 0x50, 0xBC, 0x92, 0x0B, 0xBD,
    0x19, 0x45, 0xCE, 0x3C, 0xBB, 0xEF, 0xA4, 0x4A, 0x56, 0x91, 0x2B, 0x2D, 0x04, 0x7C, 0xCF, 0xA9,
    0xDF, 0x83, 0x19, 0x2C, 0xA9, 0x20, 0xAF, 0x30, 0xE4, 0x9F, 0x64, 0xF3, 0xBC, 0xB5, 0x63, 0xED,
    0xDB, 0xF7, 0x5A, 0x7F, 0xAC, 0x9F, 0xD6, 0x7F, 0xF7, 0xC4, 0xFF, 0xF4, 0x9A, 0x35, 0x48, 0x86,
    0x87, 0x9B, 0xFC, 0x5F, 0x95, 0x97, 0xAB, 0x72, 0xEF, 0x2F, 0x24, 0xE7, 0x24, 0xAF, 0xA1, 0x58,
    0x4E, 0x9D, 0x94, 0x0E, 0xCA, 0xA1, 0x2E, 0x1A, 0xC6, 0xD0, 0x20, 0x7C, 0x86, 0x05, 0x36, 0x33,
    0x8D, 0x6D, 0xF8, 0xDC, 0xDE, 0x12, 0x5E, 0xD6, 0x88, 0x29, 0x78, 0x4F, 0xAA, 0xF2, 0x8C, 0x85,
    0x22, 0xD7, 0xE0, 0x0C, 0x2C, 0x9D, 0xC2, 0x71, 0x55, 0xCE, 0x14, 0x62, 0x14, 0xC4, 0xB6, 0x4E,
    0x6F, 0x48, 0x55, 0x3E, 0x79, 0xE1, 0xF7, 0xE7, 0xAF, 0x94, 0xAA, 0x16, 0x70, 0x2C, 0xEB, 0xDC,
    0x87, 0x68, 0x23, 0x04, 0x22, 0x30, 0x22, 0x5C, 0x9A, 0x0D, 0x7E, 0xBE, 0x07, 0x2D, 0x23, 0xE9,
    0xDD, 0x38, 0x22, 0x5A, 0x89, 0x96, 0xE3, 0xDB, 0x0C, 0xB0, 0x22, 0xAC, 0x5E, 0x07, 0x54, 0x37,
    0x6E, 0x7F, 0x70, 0x6E, 0x07, 0xEB, 0x49, 0x98, 0x4F, 0xF0, 0x23, 0x0B, 0xAB, 0x35, 0x3F, 0x3C,
    0x48, 0x51, 0xCE, 0xA5, 0x14, 0x28, 0xFE, 0x56, 0xFB, 0x3D, 0x94, 0x44, 0xDB, 0x68, 0xB9, 0xED,
    0x30, 0x7C, 0x11, 0x93, 0x6B, 0x12, 0xCC, 0xC0, 0x6F, 0x99, 0x98, 0x01, 0x93, 0x53, 0x1E, 0xEB,
    0x7C, 0x28, 0xC5, 0x0C, 0xDC, 0x6F, 0x6B, 0x45, 0xE5, 0x0E, 0xC3, 0x17, 0xF7, 0x76, 0xD7, 0x8D,
    0x0F, 0x6F, 0x5C, 0xFD, 0x80, 0x5C, 0xDD, 0xF8, 0x2D, 0x63, 0x4F, 0x20, 0x18, 0x01, 0x11, 0x43,
    0xE8, 0x44, 0x31, 0x8E, 0x35, 0xBD, 0x24, 0xA7, 0x48, 0x56, 0xE1, 0x0A, 0x06, 0x4F, 0x05, 0x9E,
    0xF3, 0x50, 0xB8, 0x93, 0xF2, 0xD0, 0xDE, 0xCF, 0x02, 0x1B, 0x18, 0x5A, 0xD2, 0x50, 0xBC, 0x53,
    0xD1, 0xD0, 0x8C, 0x08, 0x62, 0x21, 0x23, 0x1B, 0x3C, 0x3A, 0xBD, 0x0B, 0xE4, 0xDC, 0xD8, 0xF8,
    0x21, 0xD8, 0xF8, 0xC6, 0x0C, 0x8F, 0x86, 0xB5, 0xDA, 0xEB, 0xAC, 0xB5, 0x1F, 0x58, 0x2B, 0x7B,
    0x53, 0xD6, 0xDA, 0x0C, 0x6B, 0xCD, 0xD7, 0x59, 0x6B, 0x51, 0xD6, 0xD2, 0xDD, 0x13, 0x3E, 0x16,
    0xD9, 0xA3, 0xF7, 0x6D, 0x24, 0x85, 0x5D, 0xC5, 0x4C, 0x37, 0x58, 0x18, 0x6B, 0x5C, 0xA7, 0x0B,
    0xDD, 0x6C, 0xA1, 0x1B, 0x7F, 0x27, 0x2F, 0x46, 0xDE, 0xDC, 0x27, 0x66, 0xDB, 0xB6, 0xA9, 0x9D,
    0x28, 0x67, 0x46, 0x4E, 0x8D, 0x8C, 0x49, 0x53, 0x19, 0x92, 0x77, 0xD1, 0xFD, 0x68, 0xBF, 0xB7,
    0x07, 0x0E, 0x7B, 0x5C, 0x62, 0x15, 0xC5, 0x9A, 0xC5, 0xC0, 0x6D, 0x86, 0xDC, 0x0C, 0xBB, 0x19,
    0x7A, 0x33, 0xFC, 0x66, 0x2B, 0x2A, 0x32, 0x9C, 0xA1, 0x38, 0xC3, 0x71, 0x96, 0xE4, 0x0C, 0xCB,
    0x19, 0x9A, 0xB3, 0x3C, 0x47, 0x44, 0x97, 0xC6, 0x62, 0x2A, 0x62, 0x3D, 0xD4, 0x71, 0x7F, 0xDE,
    0xC5, 0xC2, 0xB3, 0x27, 0x0D, 0x5B, 0x3C, 0x8B, 0x58, 0xAF, 0x14, 0xE3, 0x41, 0xDC, 0xA2, 0xE8,
    0xDB, 0xE2, 0xA4, 0xC5, 0xC4, 0x47, 0x53, 0xEC, 0xF4, 0x29, 0xBC, 0x42, 0xC5, 0x3E, 0x8A, 0x75,
    0x14, 0x73, 0x1F, 0x1D, 0x7E, 0xEA, 0x9F, 0x05, 0xF1, 0xE3, 0xAF, 0xEE, 0xAF, 0x9B, 0x07, 0x55,
    0x5B, 0xDE, 0x58, 0xE2, 0x87, 0x85, 0xB9, 0x36, 0x55, 0xCB, 0x41, 0x1B, 0x18, 0x8A, 0x5B, 0x47,
    0x73, 0x07, 0x83, 0xA5, 0x5F, 0x1B, 0x03, 0x2C, 0x3C, 0xAA, 0xAB, 0xAC, 0xC1, 0xCE, 0x8F, 0xB9,
    0x35, 0x08, 0xD1, 0xA4, 0xC6, 0x60, 0xC6, 0x25, 0x31, 0x18, 0x73, 0x38, 0xED, 0x6A, 0xF0, 0xBD,
    0x33, 0x74, 0x32, 0x77, 0xE7, 0x67, 0xEE, 0x5F, 0xB8, 0x7A, 0x43, 0x20, 0xD8, 0x28, 0x75, 0xD7,
    0xF5, 0xF7, 0x25, 0x0E, 0x88, 0x93, 0xE2, 0xE0, 0xE8, 0xFA, 0xA0, 0xF3, 0x09, 0x25, 0xB6, 0x57,
    0xBC, 0x17, 0x49, 0x79, 0xBE, 0xA0, 0xD4, 0x08, 0x04, 0x21, 0xFF, 0xAA, 0xE7, 0xBC, 0x4F, 0xE5,
    0x26, 0x8C, 0x69, 0x66, 0x22, 0x2B, 0xB2, 0xAF, 0x29, 0x09, 0x36, 0x60, 0x65, 0x2A, 0xC8, 0x52,
    0x45, 0x80, 0xC1, 0x56, 0x2D, 0x27, 0x9D, 0xE7, 0x0B, 0xAD, 0xE6, 0x81, 0x75, 0x57, 0xD6, 0xF9,
    0x4D, 0x3C, 0x7F, 0xB9, 0xEA, 0x3D, 0x55, 0x4D, 0xCE, 0x79, 0x1F, 0xC3, 0x7C, 0x82, 0xED, 0x96,
    0x37, 0x46, 0x8A, 0x29, 0xF2, 0x01, 0x5E, 0xBC, 0xF7, 0xF0, 0x1A, 0xC5, 0x72, 0x86, 0x71, 0x0E,
    0xAF, 0xE8, 0xB8, 0xC7, 0xA2, 0x3E, 0x31, 0xC7, 0xB8, 0x47, 0x3E, 0x93, 0xED, 0x40, 0x2F, 0x31,
    0xCE, 0xC9, 0xD1, 0x26, 0xAA, 0x03, 0x4F, 0x4B, 0x8C, 0x6B, 0x76, 0x0D, 0xCF, 0xEB, 0x0A, 0x03,
    0x27, 0x04, 0x9B, 0xEA, 0x0D, 0xC6, 0x75, 0x81, 0xAF, 0x8B, 0xA3, 0x41, 0x0D, 0xFA, 0xBD, 0x92,
    0x29, 0xEA, 0x40, 0x3B, 0xF4, 0x1B, 0xBB, 0xC9, 0x39, 0x6C, 0xEC, 0xC0, 0xEF, 0x9D, 0x75, 0xDC,
    0xA1, 0xB1, 0x5F, 0xCC, 0x35, 0x25, 0xEE, 0x1F, 0x77, 0xD1, 0x27, 0x0A, 0x32, 0x65, 0xBF, 0x3E,
    0xA5, 0xD0, 0x21, 0x09, 0x19, 0xBF, 0xF7, 0x1B, 0x4A, 0x0D, 0xE8, 0x1F, 0xB1, 0xFE, 0x2D, 0xE9,
    0x90, 0xB0, 0xCF, 0xF0, 0xBD, 0xB5, 0xFF, 0x3E, 0xE8, 0x9F, 0xB3, 0xDD, 0x1F, 0x29, 0xF5, 0x90,
    0xC0, 0x1F, 0x58, 0xFF, 0x9D, 0xA6, 0x0A, 0x12, 0xF6, 0x0B, 0xDA, 0x2D, 0xFC, 0x4B, 0x9A, 0xCA,
    0x44, 0xB0, 0x91, 0x07, 0xCC, 0x88, 0x9E, 0x59, 0x9D, 0xED, 0x30, 0x92, 0x7B, 0xAF, 0xE3, 0x36,
    0xC1, 0x5E, 0x78, 0x6E, 0x95, 0xE5, 0x39, 0x3C, 0x17, 0xF4, 0x55, 0x9E, 0x3B, 0xE8, 0x8D, 0x60,
    0x38, 0x60, 0xB9, 0x91, 0x55, 0xB5, 0x8A, 0xDF, 0xB3, 0x60, 0xFF, 0xFE, 0xF7, 0x24, 0xDF, 0xA3,
    0xA0, 0x71, 0x94, 0xA5, 0x6F, 0x90, 0x43, 0x95, 0x41, 0x51, 0x2A, 0xA7, 0x31, 0xAC, 0xC7, 0xE5,
    0xF3, 0xFC, 0xFC, 0xC0, 0x0E, 0x96, 0x3B, 0x8A, 0x03, 0x73, 0xD4, 0x07, 0xDE, 0xE8, 0xBC, 0x65,
    0x0D, 0x6F, 0x49, 0xC8, 0x2E, 0xB6, 0x68, 0x64, 0xF7, 0x91, 0x87, 0x6B, 0xBF, 0xF4, 0xD1, 0x4C,
    0xE7, 0x27, 0xC3, 0x15, 0x90, 0xDB, 0x52, 0xCD, 0x64, 0xD4, 0x01, 0xC7, 0xB5, 0x7C, 0xC5, 0xAC,
    0xB7, 0x6A, 0xC4, 0x90, 0xCE, 0xDD, 0xF9, 0x0B, 0xE7, 0x3E, 0xC4, 0x8F, 0x77, 0x74, 0xC5, 0x58,
    0xF0, 0xB4, 0x82, 0x58, 0x86, 0x4E, 0xAD, 0x51, 0xEB, 0x18, 0xAC, 0x8C, 0xD8, 0xA9, 0x61, 0xA8,
    0xEE, 0x9C, 0xF9, 0x06, 0x85, 0x52, 0x96, 0x35, 0x3E, 0xD9, 0x20, 0x4A, 0x28, 0x68, 0x87, 0xE5,
    0x25, 0x83, 0x05, 0x85, 0xC9, 0x8B, 0x23, 0xE1, 0xB2, 0xA5, 0x87, 0x1A, 0x9C, 0x4A, 0xFC, 0x1D,
    0x91, 0x8D, 0x05, 0x33, 0xD3, 0x22, 0x4C, 0x9C, 0x41, 0x4D, 0x16, 0x82, 0x07, 0x19, 0x21, 0xA1,
    0x5C, 0x23, 0x5E, 0x51, 0x4B, 0xA9, 0xD4, 0x1A, 0x4E, 0xCF, 0xC8, 0x99, 0x47, 0x2D, 0x21, 0xBE,
    0xD9, 0xE8, 0x08, 0xE4, 0x42, 0xC7, 0x25, 0x90, 0x5A, 0xDA, 0x7C, 0x2C, 0xC2, 0x5D, 0x10, 0x58,
    0x4B, 0x28, 0xEC, 0x91, 0xF1, 0x21, 0x30, 0x6E, 0x4E, 0x3B, 0x3F, 0x37, 0x18, 0xCA, 0x40, 0xA5,
    0x05, 0xDB, 0xC1, 0x06, 0x43, 0x19, 0xA9, 0xB0, 0xC0, 0x14, 0x70, 0x4B, 0xE5, 0x7F, 0xA5, 0xDC,
    0x03, 0xDA, 0xC9, 0xF9, 0xDF, 0x48, 0x03, 0xAC, 0x93, 0xF3, 0x2F, 0x45, 0xF3, 0xEC, 0x2E, 0xE1,
    0x85, 0xBB, 0xB2, 0x4C, 0xFA, 0x46, 0x3E, 0xFD, 0x4B, 0x04, 0x53, 0x05, 0x97, 0x8E, 0x68, 0xB9,
    0x76, 0xA5, 0x7B, 0x3C, 0x78, 0x97, 0x15, 0x2D, 0xF3, 0xE2, 0x84, 0x6E, 0xA5, 0x07, 0xE9, 0x6E,
    0x19, 0x81, 0xA7, 0xD8, 0xC1, 0xE9, 0x8B, 0x96, 0xD0, 0x18, 0xD3, 0x8B, 0x66, 0xC6, 0xD6, 0x1E,
    0x59, 0x9C, 0xD7, 0x2B, 0x5A, 0xDC, 0x63, 0x43, 0x90, 0xC6, 0x5A, 0xAE, 0xC3, 0xDA, 0x2D, 0xD5,
    0x6A, 0x8B, 0x64, 0xB1, 0x05, 0xBF, 0x5A, 0xD0, 0x44, 0xD4, 0x54, 0x71, 0xF5, 0xE7, 0x6E, 0x68,
    0x8C, 0xE3, 0x5F, 0x68, 0xE5, 0x43, 0x2C, 0xA5, 0x5A, 0x28, 0x70, 0xC7, 0x1F, 0xFF, 0x25, 0x71,
    0x49, 0xB4, 0xEC, 0x11, 0x2A, 0x7D, 0xB0, 0x80, 0xD1, 0x07, 0xEC, 0x10, 0x32, 0x82, 0x85, 0xF4,
    0xFC, 0x35, 0x34, 0xE3, 0xF8, 0xF1, 0xF6, 0x97, 0x9E, 0xC4, 0x96, 0x7C, 0xD2, 0x70, 0x0A, 0x44,
    0x70, 0x0A, 0x8C, 0x43, 0x8F, 0xE4, 0x81, 0x0B, 0xB0, 0x0B, 0x4C, 0x25, 0x33, 0x09, 0x25, 0x45,
    0x32, 0x93, 0xD1, 0x8F, 0x1D, 0xC7, 0x95, 0x4B, 0x69, 0x51, 0x5C, 0x25, 0x4D, 0x23, 0x7F, 0xA2,
    0xE5, 0x96, 0x32, 0x38, 0x32, 0xC3, 0xF0, 0xC8, 0xD9, 0x05, 0x3B, 0x09, 0xCD, 0x6F, 0xA2, 0xB3,
    0xBC, 0xEA, 0x7D, 0x76, 0x55, 0x46, 0xB2, 0x1D, 0xB1, 0xC9, 0xDF, 0x21, 0x12, 0x7A, 0xB7, 0xF8,
    0x41, 0x80, 0x76, 0x3A, 0x77, 0x9E, 0x4E, 0x49, 0x96, 0xD0, 0x5B, 0x6C, 0x7A, 0x7C, 0x89, 0x83,
    0x4B, 0xA5, 0x1B, 0x98, 0xD2, 0x2F, 0x75, 0x4A, 0x0A, 0x6F, 0xDA, 0xAB, 0xCC, 0x1B, 0xE2, 0xA3,
    0xFA, 0xBE, 0xD8, 0x26, 0x6C, 0xBE, 0x5A, 0x07, 0xB5, 0x3F, 0x74, 0x4F, 0xA6, 0x76, 0x6C, 0xBB,
    0x78, 0x2C, 0xB1, 0x43, 0xF1, 0xB9, 0x7B, 0x44, 0xFC, 0xD8, 0x94, 0xBF, 0x00, 0xED, 0x58, 0x41,
    0x8E, 0x9B, 0x50, 0x0C, 0xFD, 0x80, 0x34, 0x91, 0xCA, 0x82, 0x7D, 0x37, 0x1C, 0x81, 0x23, 0x90,
    0x1B, 0xCD, 0x11, 0x92, 0x5D, 0x97, 0xED, 0x11, 0xBA, 0xE8, 0xA2, 0xE5, 0x12, 0xD0, 0x1B, 0xE4,
    0x08, 0xB9, 0xC1, 0xB0, 0x40, 0x2A, 0x0B, 0x12, 0xF7, 0xDB, 0xFE, 0xB6, 0x3F, 0x19, 0x3A, 0x69,
    0x32, 0xD3, 0x99, 0x51, 0x15, 0xA4, 0x24, 0xFE, 0x04, 0xDB, 0xCF, 0xF6, 0xFB, 0xFE, 0x4E, 0x9C,
    0x73, 0x49, 0xF3, 0xC5, 0xF1, 0x55, 0xC0, 0x10, 0xA4, 0x0A, 0xA6, 0x20, 0x6D, 0x00, 0x58, 0x48,
    0x00, 0xA0, 0x23, 0x29, 0xF3, 0xD2, 0x3E, 0x28, 0x00, 0x8C, 0x41, 0xE1, 0x17, 0x1C, 0x48, 0x6A,
    0xE1, 0x27, 0xAB, 0x78, 0x85, 0x75, 0x4B, 0x2A, 0x19, 0x1C, 0x5D, 0x0D, 0x3D, 0x29, 0x4C, 0xFE,
    0x85, 0x2A, 0xB8, 0x5E, 0xF9, 0xFB, 0xA8, 0xD0, 0xB9, 0xD4, 0x3F, 0xEB, 0x2E, 0xBF, 0x9A, 0xE6,
    0xAB, 0x7F, 0xFF, 0xD0, 0x34, 0x0E, 0x82, 0x79, 0xF8, 0xCF, 0xA4, 0x52, 0xA5, 0x8A, 0xA4, 0x81,
    0x52, 0x27, 0x52, 0x4B, 0xD2, 0xC8, 0xC5, 0xF1, 0xAB, 0x03, 0x17, 0x07, 0x8B, 0xB6, 0x46, 0x05,
    0xC0, 0x67, 0xF9, 0xA2, 0x25, 0x4B, 0x85, 0x4A, 0xB9, 0x4A, 0x19, 0x7D, 0x3C, 0x60, 0xE5, 0x48,
    0xFA, 0x8C, 0x12, 0x2A, 0x1F, 0x11, 0x8B, 0xAF, 0x94, 0x77, 0x48, 0x92, 0xBB, 0xF7, 0xB6, 0x0B,
    0x21, 0x85, 0x5B, 0x92, 0x4A, 0x42, 0x30, 0x05, 0xA4, 0x35, 0xF1, 0xA2, 0x25, 0x0A, 0x78, 0x54,
    0xBE, 0xD2, 0x93, 0x62, 0x99, 0x14, 0xCB, 0xA0, 0x58, 0xF6, 0x01, 0x0B, 0xB1, 0x4D, 0xE0, 0x11,
    0x0F, 0x49, 0xC1, 0x85, 0x07, 0xF7, 0x81, 0x92, 0x70, 0x24, 0xE2, 0xDC, 0x79, 0x29, 0xD0, 0xF8,
    0x7E, 0x87, 0xDF, 0x30, 0x9D, 0x52, 0x4C, 0x4E, 0x1E, 0xD8, 0xBA, 0x42, 0x24, 0x65, 0xE0, 0x78,
    0x8E, 0x56, 0x85, 0xE6, 0x05, 0x47, 0x7B, 0x6E, 0x31, 0xD3, 0x21, 0x6B, 0xB2, 0x63, 0xC8, 0xCF,
    0x2A, 0xF8, 0x99, 0x21, 0x78, 0xC9, 0xAB, 0xA5, 0xFD, 0xC2, 0x19, 0xEE, 0x6A, 0xD9, 0x32, 0x98,
    0xE4, 0x52, 0xF6, 0x26, 0x3E, 0xE2, 0x61, 0xEE, 0x68, 0x81, 0xF9, 0xCA, 0x98, 0x3D, 0xF8, 0x39,
    0x60, 0xF2, 0x47, 0xC6, 0x8E, 0x37, 0x39, 0x9D, 0x18, 0x62, 0xA7, 0xFB, 0xDC, 0x57, 0x66, 0x4B,
    0xEF, 0xEB, 0x60, 0x59, 0xBE, 0x67, 0x76, 0xA1, 0xE6, 0x9E, 0x12, 0x3F, 0xB1, 0xCD, 0xDE, 0xA9,
    0x07, 0xBA, 0x97, 0x87, 0xD6, 0xD0, 0x72, 0x76, 0x18, 0x55, 0xCD, 0x79, 0x63, 0xBC, 0x25, 0x7A,
    0x90, 0xAE, 0x92, 0xE3, 0x13, 0x01, 0x07, 0x1A, 0xDA, 0x0B, 0x42, 0x74, 0x31, 0x88, 0x65, 0xB2,
    0xAD, 0x51, 0x79, 0x73, 0x47, 0x8D, 0x17, 0xCD, 0xD6, 0x31, 0x07, 0x41, 0x72, 0x44, 0x9C, 0xD5,
    0x36, 0x96, 0x32, 0xC9, 0x9C, 0x98, 0x53, 0xCB, 0xCC, 0xAC, 0x4E, 0x16, 0x48, 0xF9, 0xAD, 0x33,
    0x22, 0x83, 0x26, 0xDF, 0xFB, 0x3F, 0xE8, 0x22, 0x33, 0xCB, 0x04, 0xB5, 0xB7, 0x22, 0xDD, 0x16,
    0xC2, 0x2F, 0x29, 0xC9, 0xCE, 0xD2, 0xB9, 0xB5, 0x34, 0x1B, 0xA9, 0x27, 0xB3, 0x31, 0x5A, 0xB9,
    0x7A, 0x4B, 0x75, 0x67, 0xB6, 0xD6, 0x51, 0x8F, 0x51, 0x5B, 0x93, 0x95, 0x72, 0x58, 0xC4, 0xF3,
    0x9C, 0x4B, 0x3B, 0x28, 0xF4, 0xD7, 0x89, 0x7B, 0x13, 0x3B, 0x13, 0xCD, 0xEE, 0xC1, 0x02, 0x1D,
    0x2D, 0xD0, 0x5E, 0x4F, 0x62, 0x0D, 0x7F, 0x63, 0xE1, 0x1B, 0xCB, 0x53, 0x63, 0xE2, 0xCA, 0x18,
    0x5E, 0xC8, 0x09, 0x4D, 0xF8, 0x3B, 0x4D, 0x35, 0x18, 0x65, 0x17, 0xDC, 0xE6, 0xE6, 0xD6, 0x36,
    0x98, 0xAB, 0xCF, 0xBB, 0x5D, 0x28, 0x76, 0x65, 0xC5, 0xDE, 0x58, 0xAD, 0x4C, 0x2B, 0x33, 0xB0,
    0xB9, 0x81, 0x3D, 0xE7, 0x36, 0x99, 0x19, 0x78, 0xB6, 0x5B, 0x29, 0x4B, 0xB1, 0x54, 0xA1, 0xAE,
    0x35, 0x11, 0xAE, 0x13, 0x03, 0xE4, 0x71, 0x0E, 0x78, 0x25, 0x70, 0x0B, 0x01, 0x5B, 0x09, 0xD4,
    0x5A, 0xCA, 0xD2, 0x4A, 0x51, 0x44, 0x29, 0x13, 0xA5, 0x95, 0x28, 0xE9, 0x81, 0x5B, 0x8A, 0x52,
    0xAD, 0x95, 0xBC, 0x98, 0xDD, 0xD3, 0x55, 0x82, 0xB2, 0x5C, 0xD3, 0xB6, 0x9E, 0xB1, 0x4B, 0xB9,
    0xA5, 0x7C, 0xAC, 0xED, 0xA0, 0x82, 0x39, 0x91, 0x94, 0xBD, 0xA5, 0x44, 0x5A, 0x4B, 0xA4, 0x52,
    0x7F, 0xED, 0xBA, 0x4A, 0x54, 0xE5, 0x8B, 0xEE, 0x8D, 0x3F, 0xBB, 0xAE, 0x4E, 0x5D, 0x27, 0xD1,
    0xC1, 0xC3, 0xE1, 0x14, 0xA7, 0x71, 0xF5, 0xC2, 0x81, 0x1E, 0x2E, 0x11, 0x08, 0xE3, 0x31, 0x4A,
    0x72, 0xF7, 0xB8, 0x2D, 0xA5, 0xB6, 0xEF, 0xB2, 0x19, 0x3F, 0x9F, 0x16, 0x23, 0xB5, 0xB8, 0xC7,
    0x45, 0x2E, 0x22, 0xC7, 0xEF, 0xBC, 0xDD, 0x4D, 0x8B, 0x7D, 0x67, 0x67, 0x48, 0xB6, 0x76, 0x5E,
    0x5F, 0xD7, 0xEE, 0x1E, 0x77, 0x90, 0x7F, 0xE4, 0xF6, 0x5C, 0x9B, 0xBE, 0xC4, 0xED, 0xAC, 0x4D,
    0x2F, 0x34, 0xAE, 0xAB, 0xDD, 0xBE, 0x42, 0xBB, 0x4B, 0x25, 0x8A, 0x42, 0x82, 0xD4, 0xE3, 0x59,
    0xA7, 0x57, 0x4D, 0xEB, 0x13, 0x82, 0x3E, 0xAC, 0xEA, 0x6A, 0x30, 0xB5, 0x01, 0xED, 0x75, 0x9A,
    0xDB, 0x6E, 0xD6, 0xDC, 0xE2, 0x6E, 0x34, 0xCE, 0x4F, 0xEB, 0xA5, 0x0E, 0x73, 0x98, 0x93, 0x26,
    0x6E, 0x84, 0xDB, 0x59, 0xC8, 0xE9, 0x52, 0x73, 0xFB, 0xEB, 0x46, 0x58, 0x9D, 0x36, 0xC2, 0xB8,
    0x07, 0xBF, 0x70, 0x73, 0xBB, 0x6B, 0xBE, 0xFB, 0x1F, 0x5C, 0xCD, 0x37, 0x36, 0x8E, 0xBE, 0x47,
    0x76, 0x88, 0x73, 0x7D, 0x98, 0xFE, 0x77, 0x2E, 0x00, 0xAA, 0xA0, 0xCF, 0x42, 0x84, 0x05, 0x0E,
    0xF1, 0x02, 0xEA, 0x28, 0x3F, 0xC4, 0xBC, 0x5E, 0x2B, 0x7C, 0x8E, 0x46, 0xF1, 0x0A, 0xE2, 0xA9,
    0x7E, 0x61, 0x17, 0x24, 0xB6, 0x0B, 0xBC, 0x9E, 0x76, 0xBF, 0x8F, 0xCD, 0x6D, 0xD8, 0xBB, 0x0D,
    0x7B, 0x6F, 0x31, 0xEC, 0x25, 0x4D, 0x83, 0x7F, 0xA6, 0xFD, 0x70, 0x44, 0x7D, 0x62, 0x7A, 0xED,
    0x63, 0x25, 0x9E, 0xE3, 0x1B, 0x2E, 0xFC, 0xED, 0x89, 0x77, 0x86, 0xCF, 0x69, 0xCA, 0x98, 0x01,
    0x3E, 0x71, 0x7D, 0x6A, 0x78, 0xE0, 0xEA, 0x94, 0xF2, 0x07, 0x5B, 0x2E, 0xFB, 0x21, 0x8B, 0x3A,
    0xE4, 0xE9, 0xB0, 0x57, 0x4A, 0x42, 0xEF, 0x9A, 0xF5, 0x6D, 0xEA, 0x7B, 0xC3, 0xA9, 0xEF, 0x37,
    0xED, 0x59, 0x3D, 0xCE, 0xDB, 0x46, 0x10, 0x5D, 0x49, 0x80, 0x55, 0xB0, 0x60, 0xE5, 0xC6, 0x29,
    0xD8, 0xBB, 0xE1, 0x11, 0x28, 0x20, 0x17, 0x48, 0x61, 0x5F, 0xC2, 0x29, 0x7C, 0x04, 0x2A, 0x55,
    0xDA, 0xEF, 0x08, 0x29, 0x9C, 0xC2, 0x6A, 0x7C, 0x04, 0xB2, 0x4B, 0x91, 0x22, 0x42, 0x72, 0x01,
    0x15, 0x01, 0x8C, 0x54, 0x51, 0x60, 0x16, 0xB4, 0x43, 0x69, 0xB3, 0x33, 0x3B, 0x3F, 0x8F, 0xB2,
    0x60, 0xC3, 0xFE, 0x1C, 0xE4, 0x83, 0x63, 0x15, 0xD2, 0x3E, 0x89, 0xBB, 0x3B, 0x3B, 0xF3, 0x76,
    0x76, 0xF6, 0x29, 0x84, 0x70, 0xAF, 0x8B, 0xF1, 0x7C, 0x13, 0x42, 0x58, 0xC5, 0xD8, 0x87, 0xB0,
    0x88, 0xFC, 0xDA, 0x28, 0xAE, 0x32, 0x1E, 0x15, 0xC7, 0xA8, 0x0F, 0x30, 0x5E, 0x2B, 0x3E, 0x64,
    0x5C, 0x29, 0x1E, 0x33, 0x6E, 0x15, 0x9F, 0xE9, 0xD1, 0xDE, 0xBA, 0xA7, 0x01, 0x8A, 0x18, 0xB7,
    0x2B, 0xC7, 0x7D, 0x95, 0xBF, 0xA3, 0xA9, 0xC9, 0x88, 0x43, 0xEA, 0x1A, 0xCA, 0x18, 0x87, 0x64,
    0x9A, 0x0E, 0x4B, 0x9F, 0x7B, 0xC2, 0x79, 0xDA, 0x53, 0x68, 0xF8, 0xF1, 0x10, 0x96, 0x8C, 0x27,
    0xC2, 0x81, 0x5F, 0x8C, 0x87, 0x34, 0xFD, 0x29, 0xE3, 0x36, 0xDB, 0xD8, 0xA5, 0x67, 0xF8, 0xD5,
    0x10, 0xDE, 0x06, 0x5E, 0x18, 0xBD, 0x6A, 0x36, 0x31, 0xC8, 0x74, 0x79, 0xC2, 0xC3, 0x1C, 0x3F,
    0xE7, 0x61, 0x8F, 0x86, 0x03, 0xE2, 0xF2, 0x33, 0xC3, 0xB6, 0xBE, 0xE1, 0x3D, 0xD8, 0xFD, 0x47,
    0x1F, 0xE0, 0xDF, 0x73, 0x76, 0xBB, 0xF9, 0xFF, 0x24, 0x6E, 0xD7, 0xF8, 0x4C, 0x82, 0x35, 0x7E,
    0x93, 0x0C, 0xAB, 0xF1, 0x1D, 0xC4, 0x2C, 0x8D, 0x3F, 0x1B, 0x86, 0xFC, 0x08, 0x99, 0xB3, 0xC6,
    0x1F, 0x8F, 0xBB, 0x32, 0x58, 0xE3, 0x9E, 0xB9, 0x12, 0x80, 0x48, 0x66, 0xB7, 0xF1, 0x77, 0x1F,
    0xC2, 0x6C, 0x00, 0x81, 0xDA, 0x61, 0x50, 0xBC, 0xC0, 0xD1, 0xE9, 0x65, 0xFB, 0x47, 0x7E, 0x4F,
    0xF0, 0x35, 0xAF, 0x6C, 0x92, 0xD9, 0xC7, 0x0C, 0xD6, 0xDA, 0x91, 0x40, 0xAD, 0x9B, 0x86, 0x80,
    0xCC, 0x48, 0xEC, 0x9D, 0x6C, 0x41, 0x04, 0x0A, 0x05, 0xDB, 0x36, 0x4E, 0xA5, 0x2D, 0xB4, 0x8B,
    0x63, 0x6D, 0xDB, 0x2E, 0x99, 0xD6, 0xB0, 0xF5, 0xC9, 0xD0, 0x57, 0xC9, 0x4B, 0x2D, 0x9B, 0x9E,
    0x87, 0x39, 0xE6, 0x70, 0x64, 0x93, 0xF7, 0xB2, 0xE6, 0x8E, 0xC7, 0x90, 0x15, 0xB1, 0x81, 0x01,
    0xC0, 0x49, 0x29, 0xD0, 0xF0, 0xA2, 0x01, 0xF4, 0x00, 0xC6, 0xE0, 0x60, 0x0A, 0x1F, 0x0B, 0x64,
    0xD2, 0x2B, 0x60, 0x74, 0x2E, 0x09, 0xA3, 0xF2, 0x77, 0xB6, 0xB8, 0x21, 0xDB, 0xB1, 0x37, 0x66,
    0x34, 0x9E, 0x87, 0x20, 0xC8, 0xBD, 0x50, 0x26, 0x3B, 0x11, 0xF9, 0x82, 0xB1, 0x9E, 0x3C, 0x23,
    0x08, 0xAD, 0xB4, 0x93, 0x44, 0xB9, 0x03, 0xC2, 0x70, 0xBC, 0x5F, 0x2B, 0x57, 0xF2, 0x6E, 0xA1,
    0x4C, 0xB7, 0x62, 0xA7, 0xFE, 0x7B, 0x78, 0x7D, 0x81, 0x13, 0x1D, 0xB6, 0x88, 0x29, 0x7B, 0x22,
    0xEE, 0x38, 0xAE, 0x86, 0x25, 0xCE, 0x88, 0x4F, 0x17, 0x78, 0xBA, 0xC0, 0xC3, 0x05, 0x3E, 0x5C,
    0xE0, 0xED, 0x1C, 0x9F, 0xC2, 0x1C, 0xEF, 0x67, 0xF8, 0xFC, 0xEC, 0xC2, 0x5F, 0xE1, 0x7F, 0x89,
    0x87, 0x77, 0xE2, 0x4E, 0x48, 0xB6, 0x36, 0x3C, 0x69, 0x72, 0xEE, 0x31, 0x9B, 0x96, 0x99, 0xCC,
    0x96, 0x4D, 0x35, 0x8B, 0xD6, 0xD6, 0x2F, 0x06, 0xC8, 0x9A, 0xCB, 0x98, 0x93, 0x31, 0xF5, 0x3B,
    0x6F, 0xF8, 0xB1, 0x69, 0x9E, 0xFC, 0xC4, 0x8E, 0xA5, 0xE1, 0xE3, 0x3C, 0x19, 0x4A, 0x72, 0xF5,
    0x5D, 0x16, 0xEC, 0xD4, 0x80, 0x1D, 0xE4, 0x03, 0x1C, 0x34, 0x1B, 0xD6, 0x17, 0xD9, 0x32, 0x3F,
    0xF0, 0x7B, 0xF0, 0xEC, 0xF9, 0x22, 0x53, 0x03, 0xF6, 0x53, 0x99, 0xCF, 0xFD, 0x4F, 0x08, 0x2A,
    0x04, 0xE9, 0x64, 0x72, 0xD0, 0xC5, 0x93, 0x01, 0x3A, 0x83, 0x0C, 0xC4, 0x0B, 0x30, 0x20, 0x38,
    0x22, 0xD8, 0x23, 0xD8, 0x00, 0x38, 0x05, 0x00, 0x03, 0x82, 0x8D, 0x83, 0x37, 0x37, 0xB8, 0xEC,
    0xF0, 0x7E, 0x30, 0x2B, 0x3C, 0x6A, 0x3C, 0x95, 0x1B, 0x04, 0x1D, 0x9C, 0xC7, 0x8B, 0xA8, 0xE0,
    0x94, 0x63, 0x2E, 0xC9, 0x7E, 0x1B, 0x9E, 0x0A, 0x98, 0xC5, 0xB5, 0x42, 0x50, 0x22, 0x58, 0x23,
    0xC8, 0xA1, 0x7C, 0x25, 0x5C, 0xE0, 0x14, 0xF9, 0x9B, 0xF3, 0x2E, 0xC6, 0x95, 0x00, 0x7A, 0x6E,
    0x54, 0x10, 0x1E, 0x74, 0x6F, 0xFC, 0xE8, 0x5C, 0xEC, 0x9E, 0xCB, 0x5B, 0x3E, 0xA5, 0xB6, 0x29,
    0xEF, 0x5A, 0xBD, 0xB0, 0x4F, 0xC3, 0x58, 0x71, 0x31, 0x24, 0x13, 0xAD, 0x52, 0xA1, 0x44, 0x25,
    0x84, 0x5C, 0x71, 0xD8, 0x9C, 0x3F, 0xDF, 0x6B, 0x7F, 0x1A, 0xE1, 0x4F, 0xCB, 0xD9, 0xCC, 0x43,
    0x23, 0x65, 0xE9, 0x84, 0xCE, 0xB9, 0xCA, 0xE9, 0x18, 0xBD, 0x3F, 0x8D, 0x30, 0x38, 0xA8, 0xBD,
    0x7F, 0x62, 0xED, 0xCE, 0x17, 0x71, 0xFB, 0x57, 0x0B, 0xD5, 0x84, 0x57, 0x60, 0x50, 0x25, 0xA9,
    0x1F, 0xCF, 0xE1, 0xAA, 0xD5, 0x6B, 0xDC, 0x61, 0x05, 0x2E, 0xAE, 0x84, 0xC2, 0x66, 0xEE, 0x83,
    0x26, 0xC2, 0x44, 0x2D, 0x16, 0x38, 0x1D, 0xEC, 0xE7, 0x00, 0x95, 0x13, 0x05, 0xE8, 0x17, 0x33,
    0x21, 0x19, 0xF0, 0xB3, 0x99, 0x90, 0x0C, 0xF8, 0xDA, 0x4C, 0x28, 0x38, 0xF4, 0xBD, 0x1A, 0x70,
    0x5E, 0x18, 0xA8, 0x78, 0x4B, 0x1C, 0xD4, 0x80, 0x29, 0x4D, 0x75, 0x54, 0x03, 0x46, 0xF7, 0x36,
    0x7D, 0xDB, 0xA8, 0x09, 0x64, 0x65, 0x2D, 0x60, 0x41, 0x8B, 0x29, 0xC5, 0x04, 0x9E, 0x43, 0x76,
    0x06, 0x81, 0x2D, 0x59, 0xB1, 0x11, 0x03, 0x3C, 0xA5, 0xF2, 0x13, 0x4B, 0x01, 0x64, 0x00, 0x8D,
    0x72, 0xB8, 0x52, 0x92, 0x8C, 0x3C, 0xF3, 0x60, 0x5C, 0xD6, 0x13, 0x3F, 0x42, 0x8A, 0x5B, 0xF8,
    0x65, 0x06, 0x4B, 0xCF, 0x19, 0xD8, 0x40, 0xC5, 0x41, 0x59, 0xBA, 0xC4, 0x1C, 0x6A, 0x5B, 0x8B,
    0xA2, 0xD2, 0x60, 0xB6, 0x6D, 0xB2, 0x9B, 0x17, 0x1C, 0x08, 0xCD, 0xFB, 0x52, 0x68, 0x8D, 0x41,
    0xB7, 0xF2, 0x42, 0xE3, 0x44, 0x8F, 0x2F, 0x35, 0x82, 0xB4, 0xF1, 0x57, 0xEA, 0x58, 0xCA, 0x0F,
    0x85, 0xBA, 0x9C, 0x0E, 0x0A, 0x3D, 0x3C, 0xF8, 0xDB, 0x4A, 0xC3, 0x94, 0x9C, 0xB5, 0xAF, 0x35,
    0x80, 0xA9, 0xF3, 0xB1, 0xD1, 0xD0, 0x2E, 0xB9, 0x6E, 0x3C, 0x19, 0x01, 0xC6, 0xF0, 0x70, 0x97,
    0x92, 0x14, 0xBF, 0xD1, 0x46, 0x0C, 0x6C, 0x3C, 0xED, 0xC2, 0xA5, 0x5E, 0x13, 0xD3, 0x68, 0xE7,
    0xFC, 0x70, 0x5F, 0x66, 0xD3, 0xDB, 0x78, 0x90, 0x0D, 0x9B, 0xBA, 0x74, 0xD9, 0x80, 0x82, 0x12,
    0xEF, 0x46, 0xD9, 0x7B, 0x36, 0x82, 0x8D, 0x46, 0xC2, 0xA3, 0x11, 0xB5, 0x37, 0x2E, 0x6D, 0xD4,
    0x44, 0x23, 0xFF, 0xEE, 0xD9, 0x87, 0x6D, 0xAF, 0x7B, 0x69, 0x8E, 0x3F, 0xB4, 0x34, 0xCF, 0x6E,
    0x2A, 0xEC, 0x4A, 0xD0, 0x6A, 0x6C, 0x16, 0x16, 0x8B, 0x95, 0x45, 0xBC, 0xB0, 0xBB, 0x83, 0xA7,
    0x41, 0xAB, 0xBC, 0x37, 0x0D, 0xC7, 0x97, 0xF2, 0x68, 0xF6, 0x1D, 0x39, 0x3A, 0x93, 0x8A, 0xCE,
    0xEF, 0xFB, 0x8F, 0x1F, 0xC1, 0x49, 0xEE, 0x84, 0xD4, 0xD6, 0xB7, 0xE9, 0x18, 0xE4, 0x16, 0x4F,
    0xF2, 0x92, 0x5A, 0xCA, 0xBB, 0xDE, 0xD8, 0xD4, 0x7B, 0xD1, 0x6F, 0xF3, 0xF6, 0xC6, 0x9B, 0xDE,
    0x2E, 0x37, 0x3D, 0x13, 0xEF, 0x5E, 0x6E, 0x8D, 0x12, 0xEB, 0xCC, 0x15, 0xAF, 0x23, 0xBD, 0x82,
    0x2C, 0xED, 0xD7, 0x86, 0x5B, 0x72, 0x46, 0xE4, 0x51, 0xAA, 0xF9, 0xC8, 0xCD, 0x15, 0x0B, 0xB2,
    0x55, 0xAF, 0xCD, 0xD2, 0xBF, 0xCC, 0xFA, 0xEF, 0xA8, 0xF5, 0x15, 0xB9, 0x2C, 0x6F, 0xFB, 0x74,
    0xC0, 0xF0, 0xD5, 0x88, 0xD9, 0xF3, 0x64, 0xB7, 0x15, 0x02, 0x31, 0x4D, 0x56, 0x99, 0xB6, 0x9C,
    0xF3, 0x29, 0xF9, 0x57, 0xF4, 0x5B, 0xCA, 0xFB, 0x0D, 0x85, 0xA8, 0xA6, 0x43, 0xB6, 0xE7, 0x04,
    0x62, 0x1B, 0x4C, 0x2E, 0x02, 0x76, 0x59, 0x39, 0x20, 0x59, 0x3C, 0x15, 0x4C, 0x1F, 0x45, 0x13,
    0xED, 0xFF, 0xE5, 0xF3, 0x2E, 0x7E, 0x0A, 0x7F, 0x6E, 0xDE, 0xCB, 0x9F, 0xEE, 0x1D, 0xFC, 0x39,
    0x49, 0x0A, 0xFF, 0xC2, 0x9F, 0xFF, 0xF0, 0xF3, 0x01, 0xF9, 0xF5, 0x41, 0x76, 0x2E, 0x57, 0x7B,
    0xAD, 0x29, 0x39, 0x21, 0xB8, 0x8A, 0xD3, 0x5B, 0xC5, 0x98, 0x7E, 0xB7, 0xAA, 0x30, 0x85, 0xBF,
    0xD2, 0x32, 0xA1, 0x88, 0x53, 0xA3, 0xC5, 0xC4, 0x0A, 0xEE, 0x28, 0x01, 0xD5, 0x9B, 0x16, 0x6A,
    0x99, 0x0A, 0x8A, 0x9C, 0x02, 0x4A, 0xA1, 0x15, 0x14, 0x4C, 0x01, 0x8B, 0xC1, 0xFB, 0x8F, 0x3E,
    0xB6, 0xA2, 0x03, 0x4D, 0x08, 0xF5, 0x22, 0xD4, 0x92, 0xA0, 0x78, 0x40, 0x0D, 0xAA, 0x82, 0x1B,
    0x19, 0x6A, 0x57, 0xAE, 0x6B, 0xCD, 0x34, 0x2F, 0xD0, 0xC3, 0xF6, 0xA8, 0x95, 0xA1, 0x8E, 0x86,
    0x1A, 0x1B, 0xEA, 0x6F, 0xA8, 0xCD, 0xA1, 0x6E, 0x37, 0xD3, 0x44, 0x51, 0x0F, 0x9D, 0xB5, 0x8F,
    0x6F, 0xB7, 0xCB, 0x3B, 0xDC, 0xAE, 0xDE, 0xB5, 0x16, 0x5F, 0x2F, 0xFA, 0x01, 0xFD, 0x83, 0x7E,
    0x43, 0x7F, 0xA2, 0x9F, 0xD1, 0xFF, 0xA8, 0x53, 0xCE, 0x34, 0x4A, 0x88, 0xE3, 0x2C, 0xBE, 0x18,
    0xF7, 0x99, 0x26, 0x79, 0xE5, 0x66, 0x36, 0xBC, 0xA5, 0x43, 0x3A, 0xDF, 0x1E, 0xEE, 0x7E, 0x90,
    0x37, 0xAE, 0xC4, 0x98, 0xDA, 0x54, 0x9D, 0xE5, 0x5A, 0x8D, 0xDE, 0xB1, 0x56, 0x1B, 0xF3, 0x52,
    0x8F, 0x52, 0xAB, 0xA5, 0x2F, 0xA4, 0x56, 0x5B, 0xDB, 0xD8, 0x4B, 0xAF, 0xD5, 0x3A, 0xF3, 0x54,
    0x83, 0x3E, 0xEE, 0xED, 0x12, 0xB0, 0xD1, 0x0A, 0xD2, 0x2E, 0x51, 0x8F, 0xBF, 0xF9, 0xB0, 0x8D,
    0xB3, 0x30, 0x71, 0xAD, 0xD5, 0x95, 0x9A, 0x6E, 0xEA, 0xA2, 0xA9, 0x0B, 0x77, 0x4B, 0xFC, 0x77,
    0x41, 0x1E, 0xBC, 0x52, 0x33, 0x1D, 0x5C, 0x2B, 0x74, 0x09, 0xB1, 0xD3, 0x03, 0x61, 0xB4, 0xD2,
    0x62, 0x72, 0x1D, 0x12, 0x5B, 0xAA, 0x5A, 0x7E, 0xFA, 0x96, 0xCF, 0xA1, 0x92, 0xA7, 0xDB, 0xE2,
    0xF6, 0xB5, 0xBC, 0x7C, 0xD9, 0xCB, 0x07, 0xAE, 0xAA, 0x8E, 0xBE, 0x36, 0x5F, 0xAF, 0xFB, 0xC0,
    0xFD, 0xA2, 0x55, 0xE5, 0x88, 0xFE, 0x5B, 0x3B, 0xA7, 0x9E, 0x9A, 0x20, 0xB3, 0x78, 0x12, 0xCF,
    0x3F, 0x4A, 0xA0, 0xF7, 0x96, 0x8B, 0x9B, 0x5C, 0x11, 0xDB, 0xD5, 0x5B, 0x73, 0x31, 0xD1, 0x48,
    0x73, 0x71, 0xB2, 0x71, 0xD3, 0x6A, 0x42, 0xED, 0xA8, 0x8E, 0x34, 0xBD, 0xE8, 0xD5, 0x4C, 0x2B,
    0x9A, 0xE0, 0xC6, 0x3A, 0x80, 0xA0, 0x7E, 0x80, 0xCB, 0xE7, 0x16, 0xAE, 0xA8, 0x70, 0xBA, 0x4E,
    0x70, 0xF7, 0x1D, 0x6E, 0x7D, 0xE5, 0x46, 0x65, 0xEE, 0x4B, 0xFB, 0xAE, 0xB6, 0x87, 0xAB, 0x6D,
    0x54, 0x49, 0x41, 0x21, 0xDD, 0xA2, 0x3A, 0x0A, 0xCA, 0xE8, 0x4C, 0x15, 0x75, 0x45, 0xF4, 0x34,
    0x53, 0x43, 0x51, 0x09, 0x9D, 0xA9, 0xA0, 0x78, 0x7B, 0x47, 0x95, 0x0C, 0x95, 0xCF, 0x99, 0xEA,
    0x89, 0x8A, 0xE7, 0x4C, 0xED, 0x74, 0xA5, 0xF3, 0x09, 0xA9, 0x47, 0x3B, 0x7A, 0x6B, 0xF3, 0xDF,
    0xA6, 0x22, 0x71, 0x15, 0x3C, 0x1A, 0xBD, 0x57, 0x7A, 0x75, 0x0B, 0x52, 0xE2, 0xB0, 0xD8, 0xBF,
    0xCD, 0xC9, 0xE2, 0x57, 0x59, 0x5B, 0x1D, 0xFF, 0x96, 0xD5, 0x17, 0x11, 0xFC, 0xA3, 0x9B, 0x29,
    0xDA, 0x56, 0x6A, 0x6D, 0x23, 0xD5, 0xB6, 0x8D, 0x0A, 0xDF, 0x7F, 0xBB, 0x9B, 0xDB, 0xEC, 0xA1,
    0xD2, 0xFE, 0x57, 0xF8, 0xFC, 0x5A, 0x95, 0xB5, 0x6A, 0xFB, 0x97, 0xAC, 0xB1, 0x56, 0xC7, 0xFA,
    0xB1, 0xEA, 0xAB, 0x2E, 0xAE, 0xBA, 0xB2, 0xDA, 0xBC, 0xAD, 0x1A, 0x80, 0x92, 0xE0, 0x6A, 0x6A,
    0xE6, 0xC9, 0x4B, 0x0A, 0x13, 0x67, 0xEB, 0x9F, 0xA8, 0xC5, 0xFF, 0x48, 0xAF, 0x45, 0xBE, 0x8A,
    0x03, 0xB7, 0x4C, 0x3E, 0xFD, 0x07, 0xED, 0x59, 0x3B, 0x8E, 0xDB, 0x40, 0x0C, 0x1D, 0xD9, 0xC0,
    0xAA, 0x50, 0x31, 0x55, 0x9A, 0x34, 0xEE, 0xD3, 0xE8, 0x08, 0xF2, 0x21, 0x72, 0x8F, 0x1C, 0x41,
    0x3E, 0xC2, 0x1E, 0x21, 0xC5, 0x56, 0x6E, 0x72, 0x04, 0xA9, 0x4B, 0xEB, 0xDC, 0x60, 0x11, 0x2C,
    0x90, 0x56, 0x85, 0x80, 0x18, 0x81, 0x24, 0x86, 0xE4, 0xCC, 0x90, 0xB4, 0xD7, 0x58, 0x20, 0xF6,
    0x6E, 0x10, 0x04, 0x33, 0x85, 0xFD, 0x6C, 0xCD, 0x4F, 0xE4, 0x7B, 0xF3, 0x44, 0xDB, 0xB9, 0x35,
    0x50, 0x9B, 0x1C, 0xB5, 0xB7, 0xC0, 0xB7, 0xB4, 0xBB, 0x19, 0x5F, 0x36, 0x4F, 0x8C, 0x6B, 0xD8,
    0x39, 0xD7, 0x2D, 0x8C, 0x5B, 0x38, 0xB8, 0x02, 0x60, 0x4B, 0xB8, 0x83, 0x81, 0xD6, 0xDB, 0x11,
    0x86, 0x80, 0xFB, 0x97, 0xB0, 0xED, 0x6F, 0xE7, 0xB1, 0xF3, 0x97, 0xBC, 0xEE, 0x78, 0xE3, 0xEE,
    0x69, 0xD5, 0x18, 0x8D, 0x3E, 0xE3, 0x7F, 0x15, 0x8F, 0x17, 0x71, 0x07, 0xC7, 0xC0, 0x04, 0xC6,
    0x81, 0xC9, 0x1E, 0x59, 0xD3, 0xC2, 0x2C, 0xB8, 0x01, 0x60, 0x4C, 0xEF, 0xB5, 0xB0, 0x0B, 0xDC,
    0x26, 0x2C, 0xB0, 0x02, 0xEC, 0x8B, 0xFD, 0x96, 0x2D, 0x91, 0x0B, 0xE7, 0x28, 0x21, 0xB5, 0x91,
    0x2E, 0xC6, 0x36, 0x10, 0x51, 0x62, 0xEB, 0x79, 0xB2, 0xD0, 0xC2, 0x22, 0x22, 0xA4, 0x34, 0xE0,
    0x31, 0x70, 0x95, 0x1B, 0xF3, 0x36, 0x5C, 0x78, 0x8A, 0x82, 0xF9, 0x02, 0xCB, 0xC3, 0x99, 0x04,
    0x5F, 0x07, 0xDD, 0x22, 0xDE, 0x20, 0xAD, 0xF9, 0x44, 0x70, 0x2A, 0x43, 0x15, 0xE7, 0x25, 0xA4,
    0xFD, 0x74, 0xAC, 0x4A, 0xB5, 0x34, 0x07, 0xC4, 0x55, 0xEA, 0xC4, 0x10, 0xFF, 0xB7, 0x68, 0x23,
    0xA8, 0x66, 0x34, 0x46, 0xAE, 0x06, 0x44, 0x4C, 0x65, 0x66, 0x17, 0xC0, 0x68, 0x66, 0xB2, 0x03,
    0x86, 0x19, 0xA3, 0xFB, 0x89, 0x90, 0x52, 0xB1, 0x16, 0xE4, 0x05, 0x09, 0x9B, 0x23, 0x03, 0x7F,
    0x10, 0x65, 0x3B, 0x42, 0x5F, 0x09, 0xD1, 0x90, 0xA5, 0x24, 0x44, 0x97, 0x47, 0x46, 0xEE, 0x7D,
    0xF7, 0x6B, 0xAB, 0x19, 0xE8, 0xA2, 0x0E, 0x43, 0x36, 0xFA, 0x04, 0xD3, 0xE1, 0x1C, 0xE5, 0x27,
    0x5D, 0xBC, 0xE1, 0x61, 0x0D, 0x7A, 0x38, 0x37, 0x97, 0xA7, 0x49, 0xE7, 0x7A, 0x9C, 0x52, 0xBA,
    0x54, 0x7F, 0x44, 0xE7, 0xEC, 0x40, 0x19, 0x67, 0x07, 0xBA, 0xCA, 0x81, 0xC2, 0x66, 0x0E, 0x42,
    0xC5, 0xDD, 0xB9, 0x16, 0xCB, 0x78, 0x27, 0x56, 0xDA, 0xB5, 0x88, 0xB9, 0x09, 0x0B, 0x59, 0x51,
    0xAB, 0xA4, 0xD7, 0xB0, 0x5C, 0x25, 0xE7, 0xEC, 0x4A, 0xD9, 0x95, 0x5E, 0x70, 0xA5, 0x8A, 0xD3,
    0x9A, 0x6A, 0x98, 0x23, 0x7F, 0x0E, 0x69, 0x99, 0x71, 0xDF, 0x91, 0xCA, 0x2D, 0xED, 0x61, 0x97,
    0xE8, 0xDA, 0x0B, 0x9D, 0x3D, 0x7C, 0x17, 0x2E, 0xAE, 0x01, 0xC4, 0xA1, 0x56, 0x49, 0x33, 0x21,
    0xBF, 0xEA, 0x50, 0x8D, 0x71, 0xA5, 0x8D, 0x68, 0x81, 0x76, 0x71, 0x14, 0x5C, 0xEC, 0xEF, 0xB3,
    0x43, 0x65, 0x9C, 0x1D, 0xEA, 0x2D, 0x1C, 0xEA, 0x0E, 0xC5, 0x55, 0xEC, 0x1F, 0xF8, 0x76, 0x06,
    0x5C, 0x7A, 0x60, 0x8F, 0x99, 0x70, 0x4E, 0x96, 0x3A, 0x12, 0x3D, 0x0A, 0x1D, 0xDF, 0x3A, 0x88,
    0x3A, 0xFD, 0x16, 0xEF, 0xB4, 0x82, 0x9F, 0x1A, 0x8B, 0x24, 0x70, 0x95, 0x77, 0x2B, 0x5E, 0x55,
    0x8B, 0x57, 0x79, 0x73, 0x3E, 0x0C, 0xD9, 0xAB, 0xB2, 0x57, 0xDD, 0xE2, 0x55, 0x85, 0x71, 0x12,
    0xDC, 0xD0, 0xE1, 0x62, 0x3D, 0xB4, 0x31, 0x56, 0xE2, 0x8D, 0xC5, 0xD8, 0x82, 0x68, 0x65, 0x0A,
    0x25, 0x5B, 0x40, 0x99, 0x27, 0xB0, 0xD3, 0x82, 0xCB, 0xE7, 0x0A, 0x2A, 0xE3, 0xEC, 0x4F, 0x6F,
    0xEF, 0x4F, 0x46, 0xE2, 0x5A, 0x48, 0xA9, 0xBC, 0x55, 0xDC, 0x95, 0x7D, 0xF0, 0x7C, 0xFE, 0xFB,
    0x87, 0x4E, 0xA3, 0x92, 0xD6, 0x42, 0xCB, 0xE7, 0x0A, 0x2A, 0xBB, 0xD2, 0x6B, 0xB9, 0xD2, 0x87,
    0xFD, 0xE7, 0xF8, 0x12, 0x89, 0x15, 0xB9, 0x57, 0xE2, 0x43, 0xD0, 0x4A, 0xD9, 0xBE, 0x95, 0xDA,
    0xBF, 0x83, 0xDE, 0x27, 0x1E, 0x23, 0xB5, 0x85, 0xDD, 0xF8, 0x65, 0x97, 0x68, 0x5B, 0x8A, 0x50,
    0xC2, 0x5D, 0x2D, 0xFA, 0xF3, 0x82, 0xFA, 0x5B, 0x03, 0xEA, 0x7B, 0xDE, 0xD8, 0x58, 0x69, 0xEC,
    0xAD, 0xD0, 0xA1, 0xCE, 0xBD, 0xFB, 0x78, 0xF5, 0xDF, 0x52, 0xB4, 0x87, 0x7B, 0xA7, 0xCA, 0x4D,
    0xEE, 0x13, 0x0F, 0x86, 0xB0, 0xCB, 0x74, 0x02, 0x54, 0x09, 0x1F, 0x9C, 0x06, 0x7C, 0x8C, 0x31,
    0xA5, 0x36, 0x6B, 0x77, 0x1C, 0xB0, 0x56, 0xBC, 0xAB, 0xC2, 0xC9, 0x43, 0x97, 0x31, 0x4A, 0xE1,
    0x68, 0xC3, 0x29, 0x1E, 0x6B, 0x89, 0x2A, 0x45, 0x4C, 0xA2, 0x3A, 0x36, 0xE9, 0xFE, 0x30, 0x2E,
    0xAD, 0x46, 0xF8, 0x98, 0x4E, 0x3F, 0x24, 0xC1, 0x24, 0x21, 0x63, 0x3C, 0xA6, 0xE0, 0x29, 0x36,
    0xAE, 0x77, 0x35, 0x0E, 0x24, 0x9A, 0xFE, 0x0A, 0x3E, 0xDF, 0xFF, 0x33, 0x2C, 0xEC, 0x9A, 0x6C,
    0x1C, 0xDA, 0x84, 0xF1, 0x4B, 0x1B, 0xB7, 0x14, 0x4F, 0xCC, 0xC3, 0x98, 0xE2, 0x8C, 0x79, 0x18,
    0x7C, 0x5C, 0x8C, 0xE2, 0x5F, 0x05, 0x0E, 0x72, 0x5E, 0x6C, 0xBE, 0x6C, 0x1E, 0x35, 0xBF, 0x93,
    0xC9, 0xFB, 0x60, 0xF8, 0xD0, 0x2B, 0x4F, 0x96, 0x33, 0xFE, 0x9C, 0xF0, 0x8A, 0xF9, 0x06, 0xC4,
    0xB7, 0xDF, 0xC5, 0x59, 0x3D, 0x8E, 0xE5, 0x44, 0x10, 0x6E, 0x3F, 0xC3, 0x58, 0xC2, 0x81, 0xA3,
    0x25, 0xD8, 0x45, 0x38, 0x27, 0x79, 0x47, 0x68, 0xEF, 0x0D, 0x08, 0xD8, 0x88, 0x1B, 0x40, 0x30,
    0x47, 0xF0, 0xE3, 0x06, 0x13, 0x70, 0x84, 0x8D, 0x26, 0xE1, 0x08, 0xB6, 0xC4, 0x01, 0x78, 0x12,
    0x17, 0x78, 0xC1, 0x20, 0x84, 0x08, 0xF0, 0x4A, 0x2F, 0xF0, 0x80, 0x9F, 0x9B, 0xAE, 0xAA, 0xEE,
    0xAA, 0xEA, 0xF6, 0xD3, 0x30, 0xBB, 0x02, 0x61, 0x8D, 0xE6, 0x55, 0x95, 0xED, 0xEE, 0xEA, 0xAA,
    0xAF, 0x7E, 0xBA, 0x6D, 0x5E, 0xDE, 0xDF, 0x19, 0xF3, 0x05, 0xFC, 0x6B, 0xDD, 0x6C, 0x8C, 0x73,
    0xA3, 0x31, 0xB5, 0xBB, 0x98, 0x9D, 0x73, 0x9D, 0x31, 0xA5, 0x73, 0xA6, 0xF2, 0x9C, 0xC1, 0x3B,
    0xF8, 0x84, 0x31, 0xD6, 0x9D, 0xFC, 0x1F, 0x50, 0xAD, 0x3B, 0xE3, 0x0B, 0xC6, 0x3F, 0xE4, 0x2F,
    0x20, 0xE0, 0x45, 0xB7, 0x20, 0xE5, 0x5F, 0x71, 0x67, 0xA2, 0xAC, 0xA3, 0x17, 0x8C, 0x69, 0x9C,
    0x3B, 0x10, 0x55, 0x85, 0x17, 0x8C, 0x29, 0xE2, 0x0B, 0xEF, 0x7F, 0xDD, 0x0C, 0xEE, 0xD1, 0xBC,
    0x78, 0xF3, 0xA5, 0x31, 0x83, 0x9F, 0xED, 0xD8, 0xBB, 0x89, 0x54, 0x99, 0x81, 0xB2, 0x40, 0x39,
    0xA0, 0x5C, 0xB8, 0xA6, 0x92, 0xA9, 0x8A, 0xA9, 0x86, 0xA9, 0x3D, 0x53, 0xA4, 0x70, 0xEF, 0xA9,
    0x1E, 0x0D, 0xE1, 0x9F, 0x99, 0x06, 0x34, 0x84, 0x7F, 0x6F, 0xA2, 0x15, 0x96, 0x48, 0xCD, 0xB8,
    0x00, 0xA0, 0xCE, 0xB4, 0x66, 0x4F, 0x4D, 0xFF, 0x1A, 0x25, 0x23, 0xEF, 0x98, 0x92, 0x79, 0x2B,
    0xD4, 0x6A, 0x21, 0xB3, 0x82, 0xA6, 0x64, 0x6A, 0xD0, 0xFE, 0x08, 0xAF, 0x22, 0x15, 0x56, 0xD4,
    0x5E, 0x59, 0xAF, 0x58, 0xA3, 0x60, 0x0A, 0x16, 0x1D, 0x28, 0x7C, 0x70, 0x06, 0x0A, 0x6F, 0x1F,
    0x51, 0xA5, 0x1B, 0xE7, 0x2D, 0x1E, 0xD4, 0x24, 0x4D, 0x73, 0xAA, 0xA0, 0x39, 0x82, 0xA6, 0x0D,
    0xDA, 0xAF, 0xF6, 0xF6, 0x6C, 0x40, 0x2B, 0xE3, 0x6D, 0x3C, 0xD6, 0x71, 0xB6, 0x91, 0x35, 0xE8,
    0x76, 0x81, 0x58, 0x4D, 0xF4, 0xD6, 0x62, 0x82, 0x07, 0x61, 0xE0, 0xA0, 0xF4, 0x48, 0x00, 0xC3,
    0xC7, 0x8C, 0xB9, 0x05, 0x0A, 0x81, 0x55, 0x0C, 0xA0, 0x16, 0x5F, 0x4E, 0x21, 0x6A, 0xC7, 0x28,
    0x0C, 0x1A, 0x31, 0x53, 0x07, 0xF0, 0x46, 0x60, 0x76, 0xCC, 0xEC, 0x19, 0x9B, 0x68, 0x51, 0x05,
    0xCF, 0x81, 0x62, 0x20, 0x5F, 0x3C, 0x4E, 0x73, 0xD4, 0xD3, 0x1C, 0xF4, 0x34, 0x46, 0x4D, 0x73,
    0x31, 0x6A, 0x9A, 0x0F, 0x06, 0x7E, 0x80, 0xBF, 0xBB, 0x13, 0xA6, 0x57, 0x43, 0x83, 0xC3, 0x78,
    0x39, 0x00, 0xF5, 0xA3, 0x5A, 0xA7, 0x68, 0xDD, 0x3A, 0x65, 0x9C, 0xBD, 0x7B, 0x2D, 0x8B, 0xB3,
    0x17, 0xD3, 0xB3, 0x72, 0x76, 0x81, 0xBF, 0xAB, 0x8C, 0x7E, 0x2C, 0x19, 0x20, 0x19, 0x3A, 0x99,
    0x34, 0x51, 0x27, 0x51, 0x34, 0x59, 0x42, 0xBA, 0xB8, 0x0F, 0xB9, 0xF6, 0xCA, 0x09, 0xDE, 0x8B,
    0xB3, 0x36, 0xD5, 0xAA, 0xBD, 0xE8, 0x12, 0xE6, 0xA0, 0x5C, 0x2A, 0x00, 0x29, 0xB5, 0xD6, 0x95,
    0x5E, 0x4F, 0x93, 0x33, 0xB3, 0x82, 0x91, 0x78, 0x18, 0xB0, 0x7C, 0x11, 0x05, 0x9C, 0xA8, 0xE0,
    0xDC, 0xEF, 0xA2, 0x82, 0x73, 0x3F, 0xB2, 0x45, 0x76, 0xC8, 0x8C, 0xAC, 0xC0, 0x6B, 0x56, 0x01,
    0x92, 0xA7, 0xCE, 0xA9, 0x1E, 0x97, 0x93, 0x00, 0xAC, 0x8F, 0x96, 0x07, 0x80, 0x31, 0x7C, 0xC1,
    0x02, 0x8C, 0x38, 0x78, 0xA4, 0x8D, 0x2A, 0x84, 0x60, 0x8F, 0xCC, 0x09, 0x20, 0xDB, 0x05, 0x05,
    0x46, 0x06, 0x73, 0x19, 0x98, 0x98, 0xF0, 0x3B, 0x70, 0xDE, 0x49, 0x10, 0x1E, 0xAC, 0x40, 0x03,
    0x0D, 0xA4, 0xC2, 0x1E, 0x97, 0xDC, 0xC7, 0xC2, 0xC1, 0x81, 0x6D, 0x38, 0xCD, 0x5C, 0x28, 0xAA,
    0xC2, 0x15, 0x5C, 0xC0, 0xCC, 0x8E, 0x99, 0x03, 0xB9, 0x80, 0xD3, 0x00, 0xE7, 0x6F, 0x30, 0x09,
    0x27, 0x14, 0x95, 0x2A, 0x88, 0x69, 0xC3, 0xB2, 0xD0, 0x2B, 0x36, 0x2C, 0x18, 0x73, 0x66, 0xC4,
    0x1A, 0xFE, 0x0E, 0xC1, 0x2E, 0x96, 0xF2, 0xCF, 0xCC, 0x59, 0xA0, 0x88, 0xBE, 0xF5, 0x03, 0x75,
    0x9C, 0x3D, 0xFC, 0x14, 0x63, 0x15, 0x9D, 0x51, 0x53, 0x46, 0x1B, 0xA3, 0x97, 0x4E, 0x5C, 0xE3,
    0x4A, 0xCA, 0xBB, 0x5D, 0x44, 0xFA, 0xD9, 0xB2, 0x9F, 0x1D, 0x4F, 0x18, 0x9D, 0x3D, 0x30, 0x20,
    0x18, 0x34, 0x92, 0xBA, 0x24, 0x6F, 0x49, 0xD2, 0x92, 0x52, 0x2A, 0xE9, 0x4A, 0x72, 0x95, 0x24,
    0x2A, 0x7E, 0x55, 0x52, 0x94, 0xE4, 0xA7, 0x24, 0x39, 0x3D, 0xEB, 0x2A, 0x86, 0x87, 0x4D, 0xCA,
    0xEC, 0x79, 0x64, 0x8E, 0xFA, 0x92, 0xB1, 0x5F, 0x32, 0xF0, 0x2B, 0x5F, 0xA1, 0xD7, 0x30, 0x6D,
    0xD7, 0xBA, 0x30, 0x08, 0xFC, 0xA5, 0x94, 0xDC, 0x95, 0x37, 0x64, 0x94, 0xF2, 0x5A, 0x87, 0xD1,
    0xEB, 0x68, 0xE8, 0x72, 0x4D, 0xFF, 0x21, 0x89, 0x3A, 0xF7, 0x5B, 0x2C, 0x22, 0x34, 0x4C, 0xCD,
    0xD0, 0xEC, 0x23, 0xE0, 0x0A, 0xC6, 0x54, 0xC9, 0x30, 0xAE, 0x19, 0xC3, 0x8C, 0x39, 0xC3, 0x3D,
    0x44, 0x67, 0xD1, 0xC8, 0x7E, 0x80, 0x03, 0xE1, 0x0E, 0x40, 0x43, 0xFE, 0xF1, 0xD0, 0x19, 0x5F,
    0xBC, 0xF9, 0x2A, 0x50, 0xEC, 0x92, 0x84, 0xFA, 0xD6, 0xB9, 0x07, 0xA4, 0x70, 0x92, 0x5F, 0x81,
    0x1A, 0x36, 0x55, 0x73, 0xE4, 0x79, 0x47, 0x9E, 0x77, 0xE4, 0x9A, 0x3F, 0xF6, 0x4C, 0x61, 0x96,
    0xBD, 0x21, 0x6A, 0x0E, 0x28, 0xE2, 0x6E, 0x62, 0x24, 0x84, 0x54, 0x4C, 0x35, 0x7C, 0xD7, 0x22,
    0xB5, 0x50, 0x9E, 0xA6, 0x51, 0xDA, 0x74, 0x64, 0x7B, 0x45, 0x03, 0xD2, 0xEA, 0x91, 0x35, 0x7D,
    0xC7, 0xDA, 0x7F, 0x07, 0xD4, 0x2B, 0x30, 0x59, 0x81, 0xAB, 0xF4, 0x15, 0x3C, 0x4B, 0xF2, 0x8D,
    0xAE, 0xA3, 0x31, 0xF2, 0xC6, 0x54, 0x62, 0x37, 0xA0, 0x4D, 0x0A, 0x87, 0x04, 0xBC, 0xBE, 0x76,
    0xBA, 0x5A, 0x47, 0x43, 0x67, 0x53, 0xD5, 0xBA, 0x6E, 0xC7, 0xC9, 0x4D, 0x3E, 0xF9, 0x65, 0x33,
    0xF9, 0xBC, 0x99, 0x7C, 0xDA, 0x4C, 0x7E, 0x34, 0xFF, 0xD7, 0xC5, 0x2E, 0xE2, 0xE4, 0xD0, 0x6F,
    0x24, 0x2E, 0x97, 0xEC, 0x36, 0x92, 0x72, 0x23, 0xA9, 0x37, 0x92, 0x66, 0x23, 0xB1, 0x1B, 0x49,
    0xBF, 0x91, 0x38, 0x97, 0x19, 0xAC, 0xD8, 0x48, 0xFC, 0xE4, 0x43, 0x2A, 0xF1, 0x93, 0xDB, 0x54,
    0xD2, 0xB8, 0x35, 0x93, 0xF8, 0x72, 0x97, 0x49, 0x7A, 0x48, 0xC2, 0x53, 0xE6, 0xAB, 0x54, 0xE2,
    0x27, 0x3F, 0xA6, 0x92, 0x12, 0x71, 0xAE, 0x25, 0x15, 0xC6, 0xF7, 0x94, 0xE2, 0xD6, 0xA4, 0x12,
    0x2A, 0xBE, 0xAA, 0xB0, 0x61, 0x05, 0x4E, 0x25, 0x03, 0x6F, 0x53, 0x82, 0x04, 0x4B, 0x6A, 0x22,
    0xC1, 0x24, 0x90, 0x48, 0x2A, 0x40, 0x69, 0x22, 0xC1, 0x9A, 0x9B, 0x48, 0xB0, 0xB6, 0x27, 0x12,
    0xAB, 0x1A, 0x6A, 0x92, 0x60, 0x8D, 0x4E, 0x74, 0x96, 0xBA, 0x69, 0x52, 0x14, 0x4C, 0x7A, 0xE5,
    0x99, 0xA4, 0xD9, 0x48, 0xDA, 0x8D, 0xC4, 0x6E, 0x24, 0xC3, 0x46, 0xE2, 0x72, 0xC9, 0x6E, 0x23,
    0x09, 0x11, 0xAB, 0x24, 0xA1, 0x1C, 0xA6, 0x3D, 0x6D, 0x97, 0x4A, 0x42, 0xD9, 0x57, 0xA8, 0xEB,
    0x09, 0x79, 0x4A, 0x12, 0xD2, 0x85, 0x48, 0x76, 0xBC, 0x15, 0x8B, 0x92, 0x32, 0x94, 0x18, 0x6E,
    0x56, 0x96, 0x58, 0x8B, 0xD9, 0xAA, 0x4B, 0x2C, 0x3E, 0x9C, 0x0B, 0x97, 0x58, 0x9B, 0x39, 0x56,
    0x16, 0xCE, 0x55, 0x43, 0x16, 0x83, 0xB8, 0x4B, 0xCA, 0x72, 0xE1, 0x98, 0xC2, 0xD9, 0x3D, 0x99,
    0x8A, 0x5C, 0xBA, 0x9F, 0x28, 0xB6, 0x31, 0x94, 0x24, 0xA1, 0x2A, 0x1B, 0xBE, 0xC9, 0x86, 0xDF,
    0x67, 0xC3, 0xDB, 0x6C, 0xBB, 0xB2, 0x0D, 0xDA, 0xFF, 0x2C, 0xC7, 0x41, 0xE9, 0x7A, 0xC0, 0x9F,
    0xF5, 0x8E, 0x2B, 0xF5, 0x01, 0x2D, 0xB8, 0xB2, 0x71, 0xCF, 0x75, 0xEC, 0x07, 0x29, 0xC5, 0xAC,
    0xE4, 0x97, 0x99, 0x6B, 0x77, 0xC4, 0x7E, 0x99, 0xF2, 0x63, 0x9D, 0xF2, 0xA7, 0x26, 0xE5, 0xE5,
    0x5C, 0x80, 0xAE, 0x99, 0x2B, 0xBB, 0x77, 0xB6, 0x37, 0xE2, 0xC2, 0xF5, 0x7D, 0x41, 0xAB, 0x5C,
    0xC8, 0x50, 0x35, 0xD9, 0xC7, 0xDF, 0xE4, 0x5A, 0x7F, 0xD2, 0x4E, 0x0C, 0xEE, 0x68, 0x15, 0x3F,
    0x46, 0x9E, 0xAB, 0x3F, 0x79, 0x05, 0x15, 0xFC, 0x59, 0x16, 0x30, 0xA4, 0x0A, 0x65, 0xEB, 0x71,
    0x99, 0xFE, 0x2E, 0xD3, 0xDF, 0xD9, 0x8C, 0xEF, 0x5D, 0x7E, 0xAD, 0x9D, 0xF9, 0x78, 0x60, 0x78,
    0xF0, 0x69, 0x03, 0xF3, 0xE7, 0xA4, 0x63, 0xA1, 0x85, 0xD6, 0xB4, 0x9E, 0x26, 0x46, 0x6C, 0x43,
    0x3F, 0x38, 0x79, 0xE8, 0x25, 0x66, 0xB2, 0x07, 0x77, 0x14, 0x2B, 0x06, 0xF9, 0xCA, 0x7D, 0x05,
    0x47, 0xC8, 0xC6, 0xDE, 0x4F, 0xF9, 0xE3, 0x18, 0xD6, 0xBB, 0x04, 0xB3, 0x1C, 0x82, 0x3D, 0x4E,
    0xFB, 0xD8, 0xC6, 0xD1, 0x8D, 0xAE, 0x8A, 0xD9, 0xA4, 0x26, 0x5C, 0x10, 0x7E, 0x3A, 0x3A, 0x49,
    0x80, 0xDF, 0x88, 0xAF, 0xE8, 0x8F, 0x59, 0xC7, 0xCA, 0x74, 0x3D, 0x2E, 0xF7, 0x7A, 0x03, 0x9B,
    0x74, 0x26, 0x83, 0x8E, 0x97, 0xEC, 0x14, 0xE2, 0x74, 0x3D, 0x0A, 0x93, 0x53, 0x88, 0x56, 0xEF,
    0x52, 0xB3, 0x53, 0x88, 0xF3, 0x53, 0xD1, 0xF2, 0xF2, 0xFE, 0xA0, 0x2B, 0xDE, 0x41, 0x6B, 0xA1,
    0x7B, 0x12, 0x0C, 0xEF, 0xE2, 0x07, 0x88, 0xAD, 0x8A, 0xD6, 0x4A, 0x96, 0xFF, 0x23, 0xF6, 0x83,
    0xBC, 0xC1, 0x92, 0x14, 0x77, 0x30, 0x2A, 0x9C, 0xF4, 0x53, 0x4E, 0x25, 0x7E, 0x7C, 0xCC, 0xEA,
    0x1D, 0x9A, 0xF2, 0x1E, 0xBE, 0x4F, 0x69, 0xDC, 0x4F, 0x5A, 0x52, 0x9F, 0x5D, 0x60, 0x1E, 0xAC,
    0x18, 0x59, 0x7E, 0xE9, 0x8D, 0xC2, 0x53, 0x34, 0x39, 0x4E, 0x10, 0x53, 0x3C, 0x4E, 0xD0, 0xED,
    0xE3, 0xAE, 0xF1, 0x27, 0xEE, 0xB4, 0xFD, 0x60, 0x35, 0x96, 0xEC, 0x0B, 0x0E, 0x76, 0xA9, 0x98,
    0x69, 0xDC, 0x52, 0x71, 0x1B, 0xDE, 0xE2, 0x09, 0x58, 0x60, 0xAC, 0x3B, 0x0A, 0x43, 0x9D, 0x2B,
    0x31, 0x05, 0x25, 0x0C, 0x62, 0xFC, 0x60, 0xC2, 0xF8, 0xC1, 0x84, 0x69, 0x69, 0x67, 0x30, 0x86,
    0x32, 0x7B, 0x14, 0x26, 0x6E, 0x9B, 0x81, 0x81, 0xC1, 0x98, 0x81, 0xC1, 0x98, 0x69, 0x68, 0x78,
    0x62, 0x60, 0x30, 0x66, 0x60, 0x30, 0x66, 0x86, 0xB0, 0xF7, 0x85, 0xF5, 0x14, 0xD1, 0x01, 0xC0,
    0x94, 0xF1, 0x74, 0xD2, 0x33, 0x6B, 0x1D, 0x13, 0xD0, 0xC1, 0x5B, 0xA7, 0x8D, 0xD1, 0x78, 0x68,
    0x21, 0xD4, 0x43, 0xCE, 0xE9, 0x9A, 0xB0, 0x91, 0x46, 0xCC, 0x36, 0xB1, 0x27, 0xE8, 0x43, 0xB6,
    0x09, 0x3E, 0xB9, 0xF0, 0x6E, 0x0B, 0xF2, 0x1C, 0x56, 0xE4, 0x33, 0x3D, 0x75, 0x4E, 0x7D, 0xAA,
    0xBA, 0xBA, 0x51, 0x95, 0xBF, 0x70, 0xF6, 0x27, 0x5B, 0x7D, 0x4E, 0x4D, 0x67, 0x0D, 0x97, 0x51,
    0x21, 0x2C, 0x9C, 0x36, 0x0F, 0x0C, 0xBD, 0xC2, 0xAD, 0x98, 0xEF, 0xDF, 0x52, 0xE8, 0x2C, 0xBA,
    0x60, 0x9D, 0x75, 0xB5, 0x3A, 0xE9, 0x68, 0xC9, 0xFA, 0x78, 0xB5, 0x8B, 0x90, 0x18, 0x1D, 0xB8,
    0xC0, 0x71, 0xA8, 0xCB, 0x2E, 0x81, 0xF7, 0xF7, 0x6A, 0xA3, 0xDD, 0xAA, 0x8D, 0xF6, 0xE5, 0x39,
    0x1B, 0xED, 0x6A, 0xB3, 0xA1, 0xC8, 0xAF, 0x8A, 0x5F, 0x6F, 0x38, 0xC3, 0xEC, 0x41, 0x55, 0x3C,
    0xD2, 0xEC, 0x63, 0xA1, 0x41, 0xF7, 0x54, 0xDC, 0x2F, 0x04, 0x03, 0xCF, 0xEA, 0xB0, 0x94, 0xBB,
    0x25, 0x09, 0xC9, 0xC3, 0x95, 0xED, 0xE1, 0x09, 0x0F, 0x87, 0xC1, 0x27, 0x74, 0x60, 0x8C, 0xE7,
    0x74, 0x68, 0x08, 0x4B, 0xA7, 0xBD, 0x0B, 0xA5, 0xC5, 0x05, 0x5C, 0xE4, 0x4D, 0x3F, 0x10, 0x55,
    0x42, 0x56, 0x5E, 0xE8, 0xA0, 0xC8, 0xF7, 0xCB, 0x48, 0xED, 0x61, 0x30, 0xA4, 0x2C, 0x82, 0xD3,
    0xE1, 0x49, 0xBB, 0x21, 0x0A, 0xB2, 0x0B, 0x51, 0x15, 0x76, 0xBD, 0x0B, 0x9E, 0x05, 0x4F, 0x81,
    0xDA, 0x7B, 0x1D, 0x88, 0xEA, 0xB1, 0x97, 0x85, 0x39, 0x40, 0x1B, 0x9C, 0xE3, 0x2F, 0xD2, 0x61,
    0xE1, 0x15, 0x62, 0x62, 0xC7, 0xBC, 0x31, 0xF7, 0x88, 0x96, 0x8A, 0xCE, 0x52, 0x3C, 0xBA, 0x6E,
    0x75, 0x39, 0x90, 0xC2, 0x3D, 0x56, 0x4F, 0x1C, 0x2C, 0xCF, 0xDC, 0x7A, 0x9D, 0x38, 0x97, 0xF1,
    0xF6, 0xE6, 0x04, 0x8E, 0x78, 0xF7, 0x8D, 0x5B, 0xDF, 0xA2, 0x23, 0x8E, 0x9B, 0x2C, 0xFA, 0xE2,
    0x8D, 0xF2, 0x1E, 0x9C, 0x40, 0x3F, 0x1A, 0xE9, 0xF8, 0x1E, 0x54, 0xDB, 0xAA, 0x00, 0x7E, 0x94,
    0xF8, 0x50, 0xDD, 0xC8, 0x45, 0x35, 0x22, 0x9D, 0xD4, 0xEC, 0x51, 0xB2, 0xE8, 0x71, 0xCF, 0x81,
    0x32, 0x85, 0x93, 0xA2, 0x12, 0xC9, 0x35, 0x34, 0x5C, 0x73, 0x2C, 0x0B, 0x8A, 0xEC, 0xA1, 0x21,
    0xD9, 0x90, 0x56, 0x1E, 0x48, 0x3B, 0x47, 0x55, 0xB2, 0xE4, 0x33, 0x0D, 0x82, 0xE1, 0x7B, 0xD5,
    0xCD, 0x3F, 0x76, 0xD2, 0xEA, 0x63, 0x89, 0x8C, 0x06, 0xBE, 0x53, 0x7D, 0x7A, 0x27, 0x3D, 0xED,
    0x59, 0x16, 0xBF, 0xAA, 0x27, 0xC6, 0x74, 0x73, 0x70, 0xCB, 0x0E, 0x31, 0xE6, 0x53, 0xD5, 0x0B,
    0x17, 0xB7, 0xEA, 0xB0, 0xF4, 0x95, 0x3A, 0xA0, 0x1D, 0x12, 0x65, 0x93, 0xFD, 0xC6, 0x24, 0x9B,
    0x91, 0xB3, 0x90, 0x73, 0x24, 0x63, 0x31, 0x56, 0x24, 0xA6, 0xC3, 0xB8, 0x33, 0x73, 0x36, 0x84,
    0xAA, 0x57, 0x38, 0x58, 0xDD, 0x07, 0xC9, 0x45, 0xDC, 0xB2, 0x48, 0x97, 0x78, 0x16, 0xBF, 0xC9,
    0x97, 0x13, 0xBF, 0xB6, 0x5E, 0x4A, 0x61, 0x23, 0x58, 0xDB, 0xA9, 0x32, 0x4A, 0x28, 0x79, 0x64,
    0xEC, 0xFC, 0xD9, 0xBD, 0x7F, 0x2F, 0xFC, 0xC9, 0xFD, 0xFD, 0x95, 0x8E, 0xFD, 0x3A, 0xD9, 0x5E,
    0x25, 0x13, 0x97, 0xAF, 0x66, 0x93, 0x0D, 0x0B, 0xD9, 0x48, 0x94, 0x42, 0x36, 0xD2, 0xC2, 0x58,
    0xFD, 0xD9, 0x87, 0x31, 0x23, 0x0D, 0xA3, 0xDE, 0xA9, 0xA8, 0x2F, 0x1E, 0xA5, 0xCA, 0xD7, 0x6A,
    0xAF, 0x60, 0xC5, 0x08, 0x9F, 0x5D, 0xEB, 0x66, 0x22, 0x14, 0x6F, 0x22, 0xC8, 0x82, 0x19, 0x27,
    0x6E, 0x45, 0x2E, 0x72, 0x3A, 0xD1, 0xB1, 0xE9, 0x47, 0x05, 0x35, 0xCB, 0xB0, 0xB4, 0xEC, 0x18,
    0xB4, 0x02, 0x2E, 0x95, 0x02, 0xA3, 0x67, 0xCA, 0x32, 0x05, 0x9D, 0xBB, 0x98, 0xC8, 0x52, 0x80,
    0x07, 0x05, 0x54, 0x48, 0x60, 0x44, 0xD4, 0x79, 0x40, 0x5C, 0x64, 0x8F, 0x37, 0xF2, 0x6D, 0x81,
    0x3D, 0xDA, 0xF5, 0x6B, 0x2E, 0x79, 0xF0, 0x2D, 0x33, 0x5A, 0x0D, 0x72, 0x3F, 0x7D, 0xD6, 0x44,
    0xB7, 0x91, 0xE1, 0x1B, 0xA4, 0x66, 0x3E, 0xF0, 0x5F, 0x98, 0x02, 0x9B, 0x58, 0xCC, 0xBC, 0x11,
    0x7F, 0x96, 0x63, 0xAF, 0xE5, 0x64, 0x53, 0xF3, 0xCA, 0xD5, 0xAE, 0x7E, 0xC8, 0xE2, 0x72, 0x8D,
    0xA7, 0x2F, 0xE4, 0x55, 0x30, 0xF9, 0x2F, 0xEF, 0x07, 0x4F, 0x41, 0xDF, 0x73, 0x29, 0x41, 0xA6,
    0x3E, 0xC8, 0x96, 0x93, 0xF2, 0x35, 0x47, 0x65, 0xC5, 0x54, 0xCB, 0x85, 0x7B, 0x60, 0x48, 0xCA,
    0x87, 0x1A, 0xAB, 0xCF, 0xCA, 0x19, 0x83, 0x0B, 0xA3, 0x9C, 0x3B, 0xFA, 0x9E, 0x3B, 0xF0, 0xCF,
    0x79, 0x1D, 0x1F, 0xD1, 0xCF, 0xDF, 0xED, 0x93, 0xBD, 0x0D, 0x83, 0x30, 0x10, 0x85, 0x0F, 0x23,
    0x85, 0x22, 0x05, 0x23, 0xD0, 0x67, 0x09, 0x8F, 0x06, 0xA3, 0xA4, 0x8C, 0x5C, 0x65, 0x83, 0x30,
    0x02, 0x23, 0x64, 0x04, 0x0A, 0x8A, 0x14, 0xC0, 0x8B, 0x95, 0x67, 0x73, 0x42, 0x44, 0xCA, 0x0F,
    0x49, 0x13, 0xE5, 0x9A, 0xEF, 0x49, 0xD8, 0xE7, 0x77, 0xF8, 0x19, 0xF8, 0x7A, 0x89, 0x2F, 0x8B,
    0x5E, 0x42, 0xFD, 0xE5, 0x2F, 0xC9, 0x57, 0x6A, 0xE7, 0x0E, 0x4F, 0xF7, 0x2D, 0xEF, 0xCA, 0x93,
    0x4A, 0xE0, 0x12, 0x94, 0x01, 0xBA, 0x20, 0x53, 0xA0, 0x0D, 0x32, 0x57, 0x69, 0x81, 0xF3, 0xB4,
    0x0B, 0xF5, 0xB4, 0x14, 0x95, 0x4A, 0x6D, 0x3B, 0xA8, 0x9B, 0x78, 0x82, 0x6F, 0x16, 0x1B, 0x48,
    0x16, 0x77, 0x89, 0x24, 0x83, 0xCE, 0x76, 0x5C, 0x8E, 0x6B, 0x9C, 0xAB, 0xD8, 0xBD, 0x5E, 0x0D,
    0xBE, 0xA4, 0xFE, 0x5D, 0x7C, 0xC6, 0xC4, 0x1A, 0x34, 0x44, 0x17, 0x7E, 0xB7, 0xB7, 0x64, 0x08,
    0x99, 0xA3, 0x24, 0x0A, 0x22, 0x23, 0xFC, 0xBD, 0xDF, 0xB0, 0xC1, 0xC3, 0xE0, 0x39, 0xB7, 0xE7,
    0x35, 0xB6, 0x0B, 0x24, 0x33, 0x18, 0x22, 0x65, 0x36, 0xB6, 0x74, 0x98, 0xD3, 0xAF, 0x25, 0x98,
    0x90, 0x90, 0x0E, 0xFF, 0x69, 0x24, 0x7A, 0x1D, 0x45, 0x42, 0xB2, 0x2C, 0x43, 0x51, 0x8C, 0x8C,
    0x08, 0xE3, 0x98, 0x34, 0x6A, 0xEB, 0x0A, 0xB5, 0x54, 0xBB, 0xAD, 0xDB, 0x40, 0x10, 0x5C, 0x92,
    0xC0, 0x23, 0x60, 0x06, 0x8C, 0x9C, 0x58, 0x81, 0x4A, 0x60, 0x09, 0x64, 0x13, 0xAA, 0xC3, 0x25,
    0x50, 0x25, 0xB8, 0x04, 0x07, 0x8E, 0x14, 0xB8, 0x85, 0xA3, 0x3B, 0x60, 0x09, 0x0C, 0x54, 0x80,
    0x02, 0x3D, 0x80, 0x01, 0xC9, 0xF5, 0xCC, 0x1C, 0x4F, 0x10, 0x9E, 0x1D, 0x58, 0x81, 0x15, 0xEC,
    0x81, 0xBA, 0xD9, 0xDF, 0xEC, 0xEC, 0xF5, 0xBE, 0x99, 0xB5, 0xEE, 0x9D, 0xD5, 0xEE, 0x83, 0x95,
    0xEE, 0xA3, 0xE5, 0xEE, 0x37, 0x33, 0xF7, 0xD9, 0xAC, 0xF7, 0xC5, 0xAC, 0x21, 0xA6, 0x26, 0xA6,
    0x24, 0x26, 0x27, 0xC6, 0x84, 0xE9, 0x89, 0x71, 0x60, 0x72, 0xA2, 0x0B, 0xFE, 0x57, 0x11, 0x02,
    0xF0, 0x99, 0x51, 0xF7, 0x00, 0xEE, 0x77, 0xCB, 0x78, 0x59, 0xF0, 0xB2, 0x8A, 0xD9, 0x36, 0x06,
    0xC6, 0xA5, 0xE1, 0xDF, 0x99, 0x07, 0x2E, 0x36, 0x9D, 0x47, 0x02, 0x4C, 0x65, 0x0D, 0x3C, 0x5D,
    0xB9, 0xE8, 0x2C, 0x20, 0xFC, 0x05, 0x3C, 0xFA, 0xBB, 0x80, 0xAD, 0x4F, 0x81, 0x40, 0xA0, 0xDB,
    0x98, 0x03, 0xD1, 0x17, 0xC0, 0x56, 0xD4, 0xBB, 0x01, 0x36, 0xB3, 0xBC, 0x0E, 0x30, 0x61, 0xAC,
    0xDA, 0x3A, 0xFB, 0x7C, 0xB2, 0x80, 0xEF, 0xD6, 0x0B, 0x56, 0xDF, 0x3A, 0x0A, 0xF6, 0xAE, 0x77,
    0x64, 0xF6, 0xD1, 0x37, 0x24, 0xC6, 0x6F, 0xED, 0x75, 0x2C, 0xC1, 0x7F, 0x31, 0xB3, 0x42, 0xF8,
    0x4D, 0xD1, 0x7D, 0xC0, 0x81, 0xA0, 0x76, 0x3A, 0xA1, 0xC5, 0xAB, 0xF9, 0xCB, 0x3F, 0xB6, 0xB3,
    0x7C, 0x3C, 0x48, 0xF0, 0x12, 0xC4, 0xDF, 0x4C, 0x6A, 0x83, 0xDF, 0x63, 0x29, 0xB7, 0xA3, 0x8E,
    0xB1, 0xD2, 0x71, 0xCE, 0x3D, 0x52, 0x10, 0x9C, 0xCC, 0x8A, 0x90, 0x33, 0x08, 0xF9, 0xEA, 0x57,
    0x43, 0x55, 0xE7, 0xDA, 0x6F, 0x2D, 0xE3, 0x6C, 0xCF, 0x09, 0x03, 0xDB, 0x5A, 0x70, 0x05, 0xC0,
    0xDB, 0x4A, 0xFA, 0xEE, 0xE0, 0x1F, 0x6E, 0x61, 0xC3, 0x90, 0x46, 0xCE, 0xA7, 0x0B, 0xA0, 0x2F,
    0x57, 0x73, 0x71, 0x54, 0x1F, 0xCF, 0x74, 0xDF, 0x47, 0x01, 0x74, 0xF2, 0xEF, 0x37, 0x2B, 0xF7,
    0x78, 0xF6, 0xF6, 0xF3, 0x87, 0x31, 0x12, 0xEE, 0x2B, 0x4D, 0xEB, 0xA8, 0x42, 0xD5, 0x84, 0x89,
    0xCE, 0x73, 0xF0, 0x6F, 0x3D, 0x22, 0xAE, 0xE8, 0x71, 0x00, 0xF5, 0xB5, 0x46, 0x1C, 0x6D, 0x23,
    0x1B, 0x18, 0xB4, 0x22, 0x27, 0x51, 0x5E, 0x85, 0xE4, 0x16, 0xB5, 0x51, 0x4B, 0x00, 0xB5, 0xE4,
    0xF0, 0xE9, 0xF2, 0x1D, 0xF6, 0x80, 0x61, 0x66, 0x64, 0x01, 0xD2, 0x5C, 0x95, 0x8E, 0x53, 0x62,
    0x89, 0x70, 0x0B, 0x6B, 0xE9, 0x93, 0xDF, 0x33, 0x4C, 0xED, 0x66, 0xC9, 0xF0, 0x53, 0x17, 0x82,
    0x08, 0x2C, 0x37, 0x05, 0x50, 0x28, 0x05, 0xD5, 0x16, 0x48, 0xC7, 0x28, 0x60, 0x6A, 0x58, 0x4F,
    0x25, 0x85, 0xAD, 0xDA, 0x05, 0x94, 0x39, 0x53, 0x7A, 0x6B, 0x5A, 0x84, 0xA5, 0x48, 0x6B, 0x51,
    0xD2, 0x09, 0x81, 0xC6, 0x3A, 0x0E, 0xD6, 0x87, 0x86, 0x4E, 0x6C, 0xA9, 0xA5, 0x53, 0x8D, 0x2F,
    0x32, 0x89, 0x7E, 0x67, 0x93, 0x53, 0xEF, 0xB7, 0x42, 0x23, 0x4C, 0x1A, 0x4D, 0x9A, 0x4D, 0x1A,
    0x4E, 0x9A, 0x4E, 0x1A, 0x7F, 0x68, 0x3E, 0xED, 0x40, 0xDA, 0x89, 0xB4, 0x23, 0x69, 0x67, 0x1E,
    0x3B, 0x94, 0x76, 0x2A, 0xED, 0x58, 0xDA, 0xB9, 0x0B, 0x59, 0xDC, 0xF7, 0xFD, 0x0F, 0xA3, 0x9D,
    0x45, 0x1D, 0x93, 0x38, 0x60, 0x8C, 0x91, 0xA4, 0x0D, 0x21, 0x0E, 0x52, 0x2C, 0x20, 0x5E, 0xE0,
    0x0E, 0x05, 0x62, 0x03, 0xBB, 0x08, 0xEC, 0x36, 0x44, 0x0A, 0xFF, 0x51, 0x8B, 0x87, 0x5D, 0x8B,
    0x7D, 0xD4, 0xA2, 0xBD, 0xA8, 0xC5, 0x2C, 0x69, 0x31, 0x3C, 0x69, 0x51, 0x6F, 0xCD, 0xDF, 0x4C,
    0xB9, 0x3F, 0x42, 0x43, 0x7C, 0xF2, 0x1A, 0xD6, 0xDC, 0x93, 0x1E, 0x36, 0x54, 0xB8, 0x9E, 0x0C,
    0x3D, 0x0A, 0xA0, 0xA8, 0x66, 0x3A, 0x39, 0x64, 0x22, 0xB0, 0x67, 0xF4, 0xE6, 0x4E, 0x22, 0x49,
    0x6B, 0x1E, 0x29, 0x1E, 0x68, 0x3A, 0x4A, 0x97, 0xCC, 0xAF, 0x5C, 0x81, 0x65, 0xA7, 0x18, 0xBE,
    0x57, 0x9A, 0x8D, 0xC6, 0x07, 0x9A, 0xB1, 0x8C, 0xC3, 0x69, 0x68, 0xEA, 0x87, 0xC1, 0x27, 0x29,
    0x9D, 0x82, 0x94, 0xBB, 0x33, 0x2C, 0x72, 0xEF, 0x30, 0xA4, 0xF3, 0xCB, 0x05, 0x86, 0xF3, 0x2B,
    0xA3, 0x8C, 0xA6, 0x7D, 0x65, 0x9E, 0x72, 0x3F, 0x19, 0x62, 0x7D, 0xCC, 0x27, 0x4F, 0x41, 0x27,
    0x6A, 0x9D, 0x4A, 0xF6, 0x89, 0x72, 0x99, 0x32, 0x3D, 0x1B, 0x07, 0xBF, 0xDA, 0x7F, 0x7C, 0x8E,
    0x5E, 0x7D, 0x17, 0x7F, 0x03, 0xDD, 0x59, 0xBF, 0xCE, 0xEC, 0xC4, 0x15, 0x9F, 0xF5, 0x86, 0x6F,
    0xA5, 0xB8, 0x70, 0x45, 0xC3, 0x2D, 0xCC, 0x0B, 0x44, 0x7E, 0x04, 0x9B, 0xA4, 0x4C, 0x11, 0x0A,
    0xBE, 0xE7, 0xF8, 0x5E, 0x00, 0xC9, 0x96, 0x28, 0x53, 0x24, 0x45, 0xBA, 0xB4, 0x34, 0xF0, 0x12,
    0xB3, 0x84, 0x92, 0x02, 0x4B, 0x3C, 0x00, 0x2E, 0xE8, 0xB1, 0x90, 0x0B, 0x2F, 0x8C, 0x3D, 0x9C,
    0xFF, 0xC7, 0xBB, 0x57, 0xDC, 0x80, 0x20, 0x52, 0xC4, 0x4A, 0x77, 0xEF, 0xEF, 0xAC, 0x67, 0xC6,
    0x67, 0xCE, 0xF9, 0xCD, 0xF9, 0x33, 0x5F, 0x08, 0xE1, 0x55, 0xCE, 0xF9, 0x16, 0xF0, 0x73, 0xC9,
    0xF8, 0x99, 0x10, 0xB6, 0x04, 0x77, 0x40, 0xA7, 0xCC, 0x9F, 0x6B, 0x08, 0xA5, 0xC0, 0x39, 0x84,
    0x46, 0xE0, 0x1A, 0x42, 0x2F, 0x70, 0x0B, 0x21, 0xEB, 0x27, 0x9C, 0x1D, 0x5E, 0xE8, 0x51, 0x88,
    0x39, 0x77, 0x15, 0xCD, 0x0D, 0x75, 0xCE, 0x43, 0x4D, 0x2B, 0xE2, 0x92, 0x57, 0x78, 0x97, 0xBC,
    0x1D, 0x20, 0x0E, 0xC5, 0xD9, 0xD7, 0xDE, 0x21, 0x4C, 0x1D, 0x04, 0x8A, 0x7E, 0x08, 0x61, 0x85,
    0x45, 0x20, 0xE8, 0x98, 0x04, 0x06, 0x9E, 0x47, 0xB0, 0xA1, 0x0D, 0x10, 0xAC, 0xE9, 0x1D, 0x04,
    0xAB, 0xDF, 0x31, 0x3C, 0xBD, 0xA0, 0x2B, 0xDF, 0x7A, 0x7E, 0xC6, 0x0D, 0x83, 0xA5, 0xF0, 0x11,
    0x3A, 0x21, 0x21, 0x62, 0x9F, 0x20, 0xAA, 0xD8, 0xA3, 0xF0, 0x1F, 0xFB, 0x71, 0x02, 0xD4, 0xE6,
    0x09, 0xCC, 0x38, 0x03, 0xEA, 0xF3, 0x27, 0x60, 0xBA, 0x05, 0x10, 0x18, 0x7E, 0xAC, 0xF2, 0xCA,
    0xC3, 0x97, 0x4B, 0x4E, 0x8C, 0xD2, 0x99, 0xD1, 0x52, 0xEF, 0x82, 0xC6, 0x4B, 0x16, 0x74, 0x3D,
    0xBF, 0x8E, 0xEC, 0x69, 0x84, 0x19, 0x17, 0x5A, 0x0F, 0x7C, 0xBE, 0x95, 0xF4, 0x0E, 0xD0, 0x00,
    0x1E, 0xCD, 0xAC, 0xD5, 0xDC, 0x92, 0x2E, 0xEC, 0x7F, 0xD4, 0x2F, 0xBC, 0xDC, 0x40, 0xAB, 0xC1,
    0xB6, 0x28, 0x9B, 0xAD, 0xC0, 0xC9, 0x8C, 0x1A, 0xDE, 0x1B, 0x51, 0xF6, 0xD7, 0xA1, 0xDA, 0x50,
    0x2B, 0x48, 0x8F, 0x40, 0xAB, 0xFC, 0x16, 0x94, 0x0C, 0xAD, 0x86, 0x84, 0xD7, 0xB8, 0x5B, 0xD2,
    0x0F, 0x3F, 0x1D, 0xEB, 0xCC, 0xC3, 0x42, 0x78, 0x81, 0xD5, 0xE0, 0xA7, 0x27, 0x20, 0xFF, 0x2D,
    0x9C, 0x9E, 0x9F, 0x3B, 0xE0, 0xEA, 0xD4, 0xA3, 0x9D, 0xF2, 0xB5, 0x80, 0x41, 0xB0, 0x08, 0xC2,
    0x52, 0x6D, 0x4C, 0x14, 0x57, 0x28, 0xDA, 0x30, 0x1C, 0xF3, 0x77, 0x0C, 0xFB, 0xDC, 0xB5, 0x57,
    0xB6, 0x57, 0x04, 0xDB, 0x04, 0x86, 0xA4, 0xB5, 0x42, 0x60, 0x81, 0xC1, 0xD5, 0x61, 0x52, 0x08,
    0x2E, 0x51, 0x08, 0x7E, 0x3A, 0x09, 0x04, 0xA5, 0x0A, 0x7E, 0x05, 0xFB, 0x71, 0xD3, 0x01, 0x25,
    0xAB, 0x83, 0x9E, 0x04, 0x66, 0xB0, 0x0E, 0x79, 0x6B, 0x59, 0x75, 0x50, 0x32, 0xC1, 0x9E, 0xCE,
    0xCC, 0xAD, 0x39, 0xF3, 0xDE, 0xE0, 0xDF, 0x7F, 0xC0, 0x87, 0x44, 0xD0, 0x97, 0x1B, 0xFC, 0xD7,
    0x9D, 0xED, 0xF0, 0x07, 0x81, 0xD5, 0x6F, 0x02, 0x2F, 0x0E, 0x2B, 0x83, 0xF8, 0x19, 0x1C, 0x76,
    0x0E, 0x83, 0xC1, 0xDD, 0x61, 0xF2, 0x48, 0xB8, 0x04, 0x75, 0x20, 0x39, 0x95, 0xE3, 0x1B, 0x0D,
    0xE5, 0xA8, 0xF9, 0x4F, 0x04, 0x4F, 0x70, 0x48, 0x76, 0x42, 0x51, 0x1F, 0xF3, 0x6C, 0x9C, 0xC3,
    0x5E, 0xC3, 0x35, 0x5F, 0x8F, 0x8C, 0x57, 0x0D, 0xA7, 0x44, 0x79, 0x89, 0xAC, 0x1A, 0x57, 0xF3,
    0xDA, 0x92, 0xAA, 0x17, 0xB2, 0x68, 0xE2, 0x97, 0x6F, 0x91, 0x68, 0x06, 0xAB, 0xEE, 0xA2, 0x51,
    0x23, 0x91, 0x59, 0xB8, 0x77, 0xB5, 0x6D, 0x1C, 0x51, 0xBF, 0x0A, 0xBA, 0xF0, 0x49, 0x62, 0x62,
    0xCD, 0x8C, 0xE0, 0x35, 0x7C, 0xBE, 0x31, 0xCA, 0x6E, 0x8C, 0xF2, 0x84, 0xCE, 0xCD, 0xE8, 0x36,
    0x98, 0x43, 0xE8, 0x73, 0x74, 0x1A, 0xA1, 0x2F, 0x0C, 0x7D, 0x69, 0x4F, 0xBF, 0xB6, 0x19, 0x74,
    0x50, 0x0C, 0x25, 0xDF, 0x98, 0xA1, 0x41, 0xA2, 0xC9, 0xCB, 0x4D, 0x0C, 0x3E, 0x9B, 0xE9, 0xFD,
    0xE4, 0xB8, 0xEB, 0xDC, 0x73, 0xB6, 0x23, 0x77, 0x56, 0x32, 0xB4, 0x1A, 0x9A, 0x0D, 0x4D, 0x82,
    0xE0, 0xE4, 0xC1, 0xC0, 0x48, 0x39, 0xAE, 0x64, 0xF6, 0xE1, 0x23, 0xE0, 0xED, 0x54, 0xD3, 0xB1,
    0xC6, 0x14, 0xB7, 0x45, 0xE2, 0x86, 0x79, 0x67, 0x0C, 0xAE, 0xBB, 0x1C, 0x6C, 0x7A, 0x4D, 0x6B,
    0x7B, 0x73, 0xB8, 0xC1, 0x5A, 0x09, 0x8D, 0x1B, 0x41, 0x37, 0xF4, 0x51, 0xDC, 0x28, 0x86, 0xE0,
    0x2A, 0xF5, 0x44, 0x81, 0x05, 0xB7, 0x54, 0x74, 0x12, 0x8F, 0xD5, 0x39, 0x6F, 0x80, 0xEC, 0xB3,
    0xE0, 0x4E, 0x0B, 0xEE, 0xB5, 0xE0, 0x6E, 0x0B, 0xEE, 0xB7, 0xE0, 0x8E, 0x0B, 0xEE, 0xB9, 0x80,
    0xAE, 0x1B, 0xCE, 0x02, 0xBF, 0x70, 0xF8, 0xA5, 0x0F, 0xF8, 0x3A, 0xCF, 0x3A, 0x4D, 0xDD, 0x17,
    0xDC, 0x7F, 0xC1, 0x1D, 0x88, 0x70, 0xE7, 0xB3, 0x1D, 0xDC, 0x85, 0xC1, 0x7D, 0x18, 0xC4, 0xEA,
    0x02, 0xAF, 0x0E, 0x07, 0x87, 0xBE, 0xCD, 0xDD, 0x61, 0x72, 0xB8, 0x3A, 0x9C, 0x1D, 0xBA, 0x33,
    0x21, 0x7E, 0x56, 0x72, 0x08, 0xFB, 0x3C, 0xB6, 0x9C, 0xE5, 0x0A, 0x0A, 0x37, 0x14, 0xCE, 0x4B,
    0x39, 0xD1, 0x00, 0xC5, 0x6F, 0x81, 0x13, 0x0E, 0x9D, 0x7E, 0x82, 0x63, 0x5E, 0x22, 0x59, 0x15,
    0x82, 0x66, 0x0B, 0xB6, 0xC4, 0x1D, 0x45, 0x98, 0x11, 0x18, 0x92, 0x66, 0x0A, 0x61, 0x7D, 0x83,
    0xAB, 0xC3, 0x4D, 0x21, 0xC6, 0x4F, 0x81, 0x10, 0x1E, 0x41, 0xA5, 0x41, 0x92, 0x5F, 0xC8, 0x47,
    0x88, 0x3A, 0x44, 0x18, 0x50, 0x30, 0xEC, 0x97, 0x1A, 0x42, 0xEA, 0x26, 0x9A, 0x81, 0x9D, 0x93,
    0xE4, 0xE5, 0xB9, 0x86, 0xB0, 0x23, 0x29, 0xB0, 0x01, 0x03, 0x70, 0x0E, 0x0C, 0xB2, 0x4D, 0xCE,
    0x22, 0x23, 0xC3, 0x3A, 0x1B, 0x8C, 0x96, 0xED, 0xCF, 0xB6, 0x79, 0x21, 0x30, 0x06, 0x17, 0x29,
    0xD7, 0xC8, 0x9D, 0x6D, 0xFE, 0x0B, 0xE2, 0xBF, 0x01, 0x8C, 0x89, 0x46, 0x7F, 0x8B, 0x06, 0x5E,
    0x94, 0xF9, 0x01, 0x43, 0x79, 0x8A, 0x0E, 0x2B, 0x87, 0x27, 0x86, 0x30, 0x36, 0x51, 0xD9, 0x07,
    0x44, 0x3F, 0xB3, 0xE6, 0x99, 0x4E, 0x43, 0xA2, 0xD7, 0xD3, 0xDB, 0x38, 0xE4, 0xD1, 0xA3, 0x44,
    0x67, 0x8D, 0x1E, 0xCD, 0x81, 0xD3, 0x2C, 0x57, 0x74, 0x25, 0xBB, 0xF3, 0x9B, 0xE0, 0x9F, 0x57,
    0x1C, 0x54, 0x83, 0x52, 0x82, 0x62, 0x69, 0xA7, 0x47, 0x7A, 0xD4, 0xD2, 0x74, 0x66, 0xEF, 0x4B,
    0x88, 0x8E, 0x7B, 0xC1, 0xAC, 0x01, 0x31, 0x72, 0xAC, 0x9C, 0x43, 0xFB, 0x00, 0xF4, 0x11, 0x0E,
    0x4E, 0x3A, 0x3D, 0xE9, 0x82, 0x09, 0x62, 0x2A, 0x19, 0x34, 0x81, 0xF2, 0x54, 0xE8, 0xE2, 0xBE,
    0x07, 0xDC, 0x70, 0xC2, 0x1A, 0x15, 0xE3, 0x7D, 0xE2, 0xC0, 0xD1, 0x92, 0x1D, 0x16, 0x2E, 0x15,
    0x68, 0x89, 0x96, 0xCC, 0xB1, 0x1D, 0x8A, 0x07, 0xA9, 0x27, 0x3A, 0x2D, 0x31, 0xAE, 0x04, 0xCE,
    0xB8, 0x03, 0x04, 0xC8, 0x56, 0x02, 0x81, 0x39, 0x85, 0xE1, 0x89, 0xA6, 0xD2, 0x62, 0x3B, 0x83,
    0x86, 0x8C, 0x9A, 0x68, 0xE7, 0x03, 0x01, 0xAE, 0x90, 0x93, 0xE6, 0xA4, 0xA4, 0xC5, 0x79, 0x92,
    0xD4, 0xE4, 0x85, 0xC9, 0xA2, 0xB9, 0xC1, 0x82, 0xEB, 0xA8, 0x79, 0x69, 0x90, 0x9A, 0x9E, 0xAA,
    0x6B, 0x54, 0x12, 0x0D, 0xFE, 0x94, 0x25, 0x9D, 0x9D, 0x2C, 0x1D, 0x4A, 0xF8, 0x9B, 0xAC, 0xC0,
    0x5F, 0x51, 0x6D, 0xAF, 0xE9, 0xEF, 0xA2, 0x79, 0x26, 0xB6, 0x6A, 0xBC, 0xB4, 0xC0, 0x38, 0xF7,
    0xF4, 0x3E, 0x50, 0x17, 0xCE, 0xDB, 0x26, 0x6E, 0x95, 0x13, 0xDE, 0x23, 0x92, 0x74, 0x96, 0x9E,
    0x9F, 0xDF, 0x17, 0x24, 0x3C, 0x20, 0xF4, 0x0A, 0xCB, 0x25, 0x44, 0x6E, 0xEF, 0x52, 0xCE, 0x26,
    0x99, 0x57, 0xEC, 0xDB, 0x66, 0x35, 0x70, 0xBF, 0x5D, 0xE8, 0xB8, 0x82, 0x5F, 0xD6, 0x42, 0x4C,
    0x0C, 0xFF, 0xBD, 0x09, 0xD9, 0xB8, 0x08, 0x73, 0x67, 0x5B, 0x8F, 0x51, 0x63, 0xA8, 0x32, 0x54,
    0x18, 0xC2, 0xC7, 0x73, 0xE0, 0xEC, 0x8C, 0x51, 0x3F, 0x0B, 0x52, 0x4F, 0x44, 0x2B, 0x11, 0xA3,
    0x95, 0x13, 0xD1, 0x52, 0x5E, 0x6F, 0x29, 0xAF, 0xBD, 0xAF, 0x4B, 0x36, 0x2B, 0x40, 0x26, 0x09,
    0x72, 0xDC, 0x9E, 0x9D, 0x70, 0xEE, 0x37, 0xFA, 0x93, 0x78, 0xF2, 0x62, 0x6D, 0x98, 0x25, 0x29,
    0x7B, 0x0B, 0x35, 0x04, 0x56, 0x63, 0x78, 0x6A, 0x5B, 0xAC, 0x91, 0x93, 0x8D, 0x09, 0xAC, 0xF9,
    0x8D, 0xE8, 0xA9, 0x86, 0xF5, 0x69, 0x89, 0x82, 0xBB, 0x10, 0x45, 0xDD, 0x53, 0xDD, 0x43, 0xF9,
    0x3C, 0x42, 0x72, 0x1E, 0x41, 0xF6, 0x1E, 0xC1, 0xD2, 0xB8, 0x25, 0xFE, 0x93, 0xC5, 0x28, 0x57,
    0x20, 0xEC, 0xE1, 0x74, 0x8E, 0x12, 0xF3, 0xD7, 0x10, 0x67, 0x81, 0x60, 0xF0, 0x37, 0xC0, 0xA4,
    0x63, 0xF1, 0x10, 0xE2, 0xF9, 0x9E, 0x69, 0xB3, 0x5D, 0x6B, 0xC9, 0x7B, 0x64, 0x4F, 0x92, 0xED,
    0x4B, 0xF9, 0xFA, 0x77, 0x5E, 0x0A, 0x66, 0xEB, 0x8A, 0xF3, 0x61, 0xC4, 0x77, 0xE4, 0xCF, 0x24,
    0xF6, 0xE3, 0xC8, 0xF1, 0x08, 0x39, 0x8C, 0x10, 0xDC, 0x28, 0xEA, 0x60, 0xF9, 0x27, 0x91, 0x28,
    0x0A, 0xF7, 0x67, 0x0E, 0x70, 0x15, 0x6F, 0x0B, 0xED, 0x29, 0x51, 0x2C, 0xA2, 0x81, 0xB3, 0x91,
    0xDC, 0xA3, 0x1D, 0x7C, 0xDE, 0xF9, 0xF4, 0xE3, 0x60, 0xE4, 0x5F, 0x1D, 0x2E, 0xD2, 0xD4, 0x11,
    0xAC, 0xF5, 0x44, 0xCE, 0xD2, 0xD6, 0x21, 0xF1, 0xA4, 0xAF, 0x0B, 0x56, 0x48, 0x5E, 0x83, 0xEC,
    0x18, 0x7E, 0x29, 0x28, 0x66, 0x4C, 0x27, 0x1E, 0x37, 0x60, 0x6F, 0x07, 0x19, 0x06, 0x23, 0x2F,
    0x36, 0x77, 0x65, 0x5E, 0xEB, 0xBC, 0x53, 0x32, 0x3F, 0xE7, 0x5B, 0xA4, 0x80, 0x96, 0x39, 0x2B,
    0xC0, 0x1B, 0xA8, 0xBF, 0x23, 0xA2, 0x71, 0x0B, 0xC7, 0x3D, 0x3E, 0xF5, 0x03, 0xB4, 0x1F, 0x83,
    0x93, 0x0C, 0xB8, 0x21, 0x13, 0x23, 0x4D, 0x5B, 0x5B, 0x4A, 0x91, 0xD4, 0xE5, 0xE1, 0x2B, 0xBC,
    0xCD, 0x43, 0xDF, 0x41, 0x9D, 0x3B, 0x69, 0xED, 0x2E, 0x8D, 0x1E, 0x66, 0x39, 0xEB, 0xF4, 0x0E,
    0xAD, 0xDE, 0xA1, 0xD7, 0x3B, 0x34, 0x7B, 0x87, 0xDE, 0xED, 0xD7, 0xC0, 0xDA, 0x61, 0xAB, 0xD0,
    0x8A, 0x4D, 0x6F, 0x00, 0x0F, 0x1D, 0xE0, 0xA1, 0x05, 0x14, 0xB8, 0x84, 0xBB, 0xD6, 0xEF, 0xD0,
    0xFB, 0xF1, 0x91, 0x13, 0x6F, 0x63, 0xF7, 0x37, 0x78, 0xA2, 0x7B, 0xFA, 0xF4, 0x13, 0x3F, 0x2E,
    0xDB, 0x11, 0x4A, 0x7D, 0x53, 0x53, 0x52, 0x99, 0xA0, 0x58, 0xC1, 0x6D, 0x4B, 0x7F, 0x88, 0xB0,
    0xB4, 0xF2, 0x73, 0x95, 0xFE, 0x10, 0xC6, 0x2D, 0xAA, 0x6C, 0x44, 0x0A, 0x62, 0x7D, 0x83, 0x5E,
    0x9D, 0xB0, 0x3F, 0x1C, 0x7B, 0xEC, 0xEA, 0xA8, 0x3F, 0x84, 0x13, 0x81, 0xE5, 0xA4, 0xC4, 0xD0,
    0x46, 0x0B, 0xB6, 0x56, 0xFA, 0x41, 0x29, 0x6F, 0x89, 0x5B, 0x1C, 0x06, 0xBB, 0x20, 0xF5, 0x8D,
    0x92, 0x40, 0x92, 0xAE, 0x14, 0x35, 0x48, 0x6D, 0x84, 0xA7, 0xBC, 0x51, 0x91, 0xCB, 0x8D, 0x7E,
    0x89, 0x95, 0x30, 0x4C, 0x2B, 0xA9, 0x28, 0xA6, 0xFE, 0xB0, 0xA2, 0xFA, 0x82, 0xFA, 0x43, 0x69,
    0x15, 0x91, 0x04, 0x31, 0x8F, 0xD2, 0x1F, 0x7E, 0x26, 0xAD, 0xE2, 0xEF, 0xB0, 0x3F, 0x24, 0xF4,
    0x7D, 0x67, 0x8E, 0x2F, 0x7C, 0xAA, 0x26, 0x11, 0x7D, 0xAD, 0xA4, 0x3A, 0xBB, 0x85, 0x43, 0xF9,
    0xE2, 0x17, 0x6D, 0x96, 0xF6, 0xFC, 0x36, 0x22, 0xD9, 0xED, 0x9B, 0xDE, 0x5D, 0xD8, 0xBD, 0xDB,
    0x40, 0xB2, 0xA5, 0x6C, 0xDC, 0x6D, 0x4B, 0x0E, 0xD9, 0x38, 0x81, 0x50, 0x77, 0x9A, 0xE4, 0x46,
    0xAE, 0xD4, 0xCA, 0x46, 0xAE, 0xE5, 0xCE, 0xF4, 0x73, 0xCB, 0xD5, 0x10, 0x97, 0x05, 0x2C, 0x4B,
    0x36, 0x08, 0x2A, 0xCB, 0x2D, 0x9D, 0xC9, 0x72, 0x55, 0x77, 0x94, 0xA7, 0xA3, 0x2C, 0x97, 0x76,
    0x26, 0xCB, 0xCD, 0x9D, 0xC9, 0x72, 0x7D, 0xE7, 0x32, 0xDF, 0xE1, 0xB9, 0x2C, 0x27, 0xD6, 0xE4,
    0xEA, 0x67, 0xC9, 0x25, 0x5D, 0xBD, 0x88, 0xFC, 0x3E, 0x9F, 0xDC, 0xC5, 0x12, 0x7B, 0xC7, 0x56,
    0xF3, 0x44, 0xCF, 0x4E, 0x18, 0x55, 0x4E, 0x52, 0x6F, 0xA9, 0x0C, 0x87, 0x68, 0xC2, 0x15, 0x7A,
    0x92, 0xA1, 0x23, 0xFA, 0xAB, 0xDE, 0xCF, 0xA0, 0x0C, 0x6D, 0xDA, 0x3F, 0x38, 0xF7, 0xB0, 0xDC,
    0x5D, 0xA0, 0xD9, 0x0A, 0x2E, 0x83, 0x71, 0x51, 0x4E, 0xFD, 0x83, 0x5C, 0x1E, 0xE5, 0xA1, 0xA5,
    0x62, 0x1B, 0x0B, 0x9E, 0xAE, 0xCC, 0x7F, 0x07, 0x5D, 0xE8, 0x40, 0x22, 0x1F, 0xA6, 0x86, 0x2A,
    0x78, 0x52, 0x85, 0x0B, 0x6E, 0x0A, 0xC2, 0x04, 0x93, 0x94, 0x76, 0x5A, 0x80, 0x73, 0xE9, 0xBD,
    0xE0, 0xD7, 0x2A, 0x7C, 0xAB, 0xE5, 0xCA, 0x70, 0xE4, 0x10, 0x03, 0x65, 0xC5, 0x4D, 0xBE, 0x82,
    0x33, 0x97, 0xCB, 0x8C, 0xB7, 0x9F, 0x3F, 0x50, 0xAA, 0x8F, 0xC6, 0xD7, 0xBB, 0xF8, 0xE7, 0x7C,
    0x55, 0xB9, 0x74, 0xBA, 0x59, 0x09, 0xA5, 0x25, 0xCF, 0x91, 0xAF, 0xCB, 0x03, 0x5F, 0xB9, 0x74,
    0x4D, 0xE7, 0x7C, 0xCF, 0xEF, 0x8B, 0x36, 0xE8, 0x7C, 0x0F, 0xA7, 0x7C, 0xD5, 0x1B, 0x3A, 0xE5,
    0x6B, 0xA3, 0x72, 0xE3, 0xFD, 0xE5, 0x91, 0xAF, 0x26, 0x0B, 0xBD, 0x4C, 0x8E, 0xDE, 0x9A, 0x92,
    0x7C, 0x68, 0x60, 0x8F, 0x7C, 0x35, 0x59, 0xF8, 0xEA, 0xB7, 0x86, 0xBC, 0xA0, 0xCB, 0x8D, 0x15,
    0x38, 0x47, 0xBE, 0x3E, 0xDE, 0x37, 0xFE, 0x22, 0xF9, 0x5F, 0x0F, 0x32, 0x68, 0x7C, 0x2F, 0xCF,
    0x0F, 0xF2, 0xC3, 0xFD, 0xA6, 0xA5, 0x52, 0x96, 0xBF, 0x8F, 0xD4, 0x05, 0x9B, 0x0C, 0xA1, 0x58,
    0xB2, 0x2E, 0xF3, 0x19, 0x3C, 0xCE, 0x09, 0x39, 0x18, 0x1F, 0xAF, 0xD5, 0xA1, 0x5E, 0x3C, 0xCA,
    0xEB, 0x83, 0x3C, 0x83, 0xFF, 0x87, 0xD2, 0xBB, 0x82, 0x89, 0xF9, 0xDA, 0x39, 0x2B, 0xCE, 0x77,
    0xFD, 0x43, 0x27, 0x7C, 0x2D, 0xDC, 0xE9, 0xBD, 0x96, 0x52, 0xE2, 0x0A, 0xF6, 0x30, 0x92, 0x52,
    0xCB, 0xE0, 0x5B, 0xF8, 0xEF, 0x9F, 0x32, 0x0F, 0x77, 0x72, 0x44, 0xFE, 0xBF, 0x85, 0x7C, 0x0E,
    0x1A, 0xB4, 0x85, 0xFF, 0x32, 0x9C, 0xFF, 0x5E, 0x90, 0xBC, 0x82, 0xA5, 0x56, 0x4D, 0xEB, 0xB0,
    0x26, 0xBF, 0x07, 0xCA, 0xF4, 0x1C, 0xBB, 0xD0, 0x72, 0x5B, 0xE8, 0x67, 0xBD, 0xA0, 0x40, 0x19,
    0x4E, 0xE7, 0x5C, 0x68, 0xC5, 0x2E, 0x72, 0x29, 0x77, 0x3A, 0x3A, 0xBE, 0xCF, 0xA6, 0x54, 0x93,
    0xFF, 0x6C, 0xA7, 0xC6, 0xCB, 0x07, 0x2F, 0x0C, 0x2B, 0x3F, 0x24, 0xC1, 0x93, 0x8C, 0x64, 0x19,
    0xCD, 0x34, 0x3E, 0x5D, 0xB2, 0xC8, 0x12, 0xEE, 0xB3, 0x4C, 0x77, 0x30, 0xC0, 0x3B, 0x72, 0x49,
    0xC9, 0x7D, 0xC4, 0xDE, 0x79, 0x1F, 0xB1, 0x7A, 0x42, 0x23, 0xFD, 0x1A, 0x3F, 0xB0, 0xD1, 0xD4,
    0xD2, 0x3C, 0xB2, 0xFB, 0x5F, 0x81, 0xB2, 0xB7, 0x1C, 0x30, 0xAF, 0xF5, 0x3C, 0x13, 0x49, 0xD1,
    0x06, 0xBF, 0xED, 0x3E, 0x14, 0xEB, 0xD0, 0x95, 0xF5, 0x9A, 0x39, 0xB9, 0x50, 0x4E, 0x91, 0x84,
    0x1C, 0xB8, 0x22, 0x57, 0x58, 0x89, 0x52, 0x72, 0x6D, 0x28, 0xF0, 0x49, 0xA2, 0x8A, 0xD4, 0xF4,
    0x93, 0xC0, 0x82, 0xF7, 0x4D, 0x6B, 0xF2, 0x3C, 0x82, 0xBD, 0x74, 0xC5, 0xB3, 0x76, 0x95, 0x3F,
    0x0B, 0xBE, 0xD2, 0x66, 0x1A, 0x9D, 0xA9, 0xB0, 0x74, 0xD8, 0x38, 0x6C, 0x1D, 0xC6, 0xFD, 0xA2,
    0x10, 0x7B, 0x09, 0x85, 0x33, 0xDF, 0x38, 0x30, 0xEC, 0x5F, 0xFF, 0x35, 0x52, 0xDF, 0x41, 0xB0,
    0x87, 0x15, 0x16, 0x5F, 0x77, 0x66, 0x58, 0x8B, 0xCB, 0xD9, 0x50, 0xE4, 0x4E, 0x4E, 0x4E, 0x96,
    0x32, 0xA5, 0x81, 0x70, 0x22, 0xBE, 0x06, 0x9F, 0x68, 0x84, 0x98, 0x64, 0x73, 0x9B, 0xA1, 0x29,
    0xF9, 0xBC, 0x92, 0xD1, 0x24, 0x88, 0xC0, 0x4B, 0x28, 0xD5, 0x37, 0x3B, 0x9A, 0x95, 0xAF, 0x29,
    0x56, 0x98, 0xB8, 0x5F, 0xA8, 0x4E, 0xC4, 0xBE, 0x17, 0xAF, 0x8B, 0x46, 0x81, 0xDC, 0x78, 0x2B,
    0x1C, 0x70, 0x6C, 0x14, 0x6A, 0xE0, 0x0A, 0x3F, 0xF0, 0x91, 0xC6, 0x75, 0x27, 0x7E, 0x4D, 0x29,
    0x97, 0xCF, 0x13, 0x33, 0x0A, 0xBF, 0x3A, 0xE2, 0x21, 0xFE, 0x1D, 0x91, 0x7C, 0xFE, 0x84, 0x1C,
    0xFC, 0x23, 0xD3, 0xF3, 0xC9, 0x99, 0x1A, 0x8D, 0xA9, 0xA5, 0x33, 0xB5, 0xB5, 0x52, 0xE9, 0xE4,
    0x55, 0xD2, 0xD9, 0x99, 0x5A, 0x39, 0x53, 0x5B, 0x67, 0x6A, 0x74, 0xA6, 0x66, 0x63, 0x6A, 0xC1,
    0x3C, 0xC3, 0x6D, 0x9E, 0xD9, 0xBE, 0x05, 0x5B, 0x5D, 0x99, 0x5A, 0x79, 0x21, 0x53, 0xC9, 0x41,
    0x64, 0x0F, 0x29, 0x53, 0x9B, 0x9F, 0x64, 0xEA, 0xFC, 0xFF, 0xC4, 0xD4, 0xE2, 0xC0, 0xD4, 0x03,
    0x3D, 0xDB, 0x37, 0x42, 0x60, 0x6A, 0x34, 0xA6, 0x16, 0xFF, 0x23, 0xA6, 0x3A, 0x2C, 0xBD, 0x86,
    0x8C, 0xB6, 0xC2, 0xD9, 0xD7, 0x2D, 0xC9, 0xE9, 0xEF, 0xEA, 0x8B, 0x53, 0xF8, 0x10, 0x3D, 0xD4,
    0xEC, 0x27, 0xEC, 0x41, 0xD0, 0x6F, 0x2D, 0xD6, 0x76, 0x9F, 0xE7, 0xAF, 0x60, 0x58, 0x8B, 0x2E,
    0xF8, 0x81, 0xCB, 0xB9, 0x59, 0x63, 0xDB, 0x95, 0x06, 0x30, 0x1F, 0x68, 0x1A, 0xB3, 0xA4, 0xA6,
    0x3F, 0x65, 0x7C, 0x85, 0xA4, 0xC5, 0x57, 0x7C, 0x84, 0x9D, 0xD2, 0xC2, 0xB9, 0x22, 0x06, 0x6C,
    0xC4, 0x28, 0x8D, 0xFC, 0x29, 0xD0, 0xF5, 0x33, 0x2A, 0xF9, 0x87, 0x50, 0x40, 0x31, 0xF9, 0x23,
    0xD5, 0x99, 0xBD, 0x8E, 0xEC, 0x48, 0x15, 0x80, 0xCB, 0xB6, 0xEE, 0x58, 0xC2, 0x81, 0xB3, 0x0D,
    0xE8, 0xC0, 0x9B, 0x12, 0xF5, 0x23, 0xD8, 0x12, 0x01, 0x29, 0x39, 0x0F, 0xD1, 0x8F, 0x60, 0x4B,
    0x84, 0x04, 0xCC, 0x43, 0x90, 0xF3, 0x08, 0x36, 0xBB, 0xE1, 0x06, 0xF4, 0x1B, 0xD0, 0x42, 0x17,
    0x11, 0x62, 0xB1, 0x46, 0xF2, 0x40, 0xB5, 0x0F, 0xE7, 0xBF, 0xAA, 0x67, 0xE6, 0xB2, 0xBB, 0x5A,
    0x82, 0xBB, 0xAD, 0xDD, 0xBE, 0xDF, 0xA9, 0xB1, 0xCB, 0xC7, 0x75, 0x7E, 0xAB, 0x3A, 0x84, 0x27,
    0xF8, 0x77, 0xC0, 0xCF, 0x97, 0xA1, 0x00, 0x80, 0x97, 0x10, 0x8A, 0x35, 0x34, 0x48, 0xF0, 0x31,
    0x5C, 0xD6, 0xD0, 0x83, 0x7C, 0xD6, 0x00, 0x46, 0xA5, 0x53, 0xED, 0xD4, 0x02, 0x0C, 0x4F, 0x44,
    0xD7, 0x0E, 0x62, 0xA0, 0xFB, 0x8F, 0x70, 0x86, 0x0D, 0xA7, 0x3D, 0xC1, 0x33, 0x4E, 0x72, 0x3C,
    0x07, 0xFE, 0xF4, 0x3C, 0x2F, 0x7D, 0x46, 0x30, 0x64, 0x62, 0x14, 0x82, 0x5B, 0x08, 0x17, 0x9D,
    0x78, 0x0A, 0xE1, 0xC3, 0x1F, 0x99, 0x76, 0xBA, 0xF4, 0x0B, 0x46, 0xBE, 0xFF, 0x49, 0xA8, 0xC4,
    0xAB, 0x9F, 0x98, 0xCE, 0xF8, 0xC8, 0xD0, 0x11, 0xA1, 0xB8, 0x04, 0xD4, 0x28, 0x94, 0x3C, 0x19,
    0x51, 0xC5, 0xAF, 0x40, 0xD4, 0xC0, 0x34, 0xEF, 0x4C, 0xED, 0x3D, 0x74, 0x51, 0x28, 0xF2, 0x7F,
    0x8F, 0xE4, 0x7F, 0x6D, 0x60, 0x18, 0x85, 0xE8, 0x7D, 0xA3, 0xCF, 0x2C, 0x14, 0x98, 0x3A, 0xD1,
    0x00, 0x69, 0x24, 0x35, 0x8A, 0x99, 0x15, 0xBD, 0x07, 0xD6, 0x88, 0xAF, 0x08, 0x74, 0xB5, 0xBE,
    0x47, 0xAB, 0x4B, 0x1A, 0x64, 0xA1, 0xE1, 0x8A, 0x54, 0x31, 0x0D, 0xF4, 0x6A, 0xFE, 0xBA, 0x74,
    0xF3, 0x31, 0x84, 0xB7, 0x9F, 0xE6, 0x30, 0x1A, 0xF9, 0x66, 0xB9, 0x6B, 0x15, 0x28, 0x8F, 0x7A,
    0x0F, 0x27, 0xBA, 0xAF, 0x8A, 0x65, 0x0C, 0x33, 0x8D, 0x13, 0x55, 0xAC, 0x46, 0x75, 0xD4, 0xB1,
    0xD5, 0xA5, 0x83, 0x48, 0xDA, 0x2D, 0xE5, 0x82, 0x74, 0xBE, 0xD7, 0x68, 0xD0, 0xF5, 0x0C, 0xB1,
    0xDF, 0x02, 0xFE, 0x01, 0x6F, 0x8C, 0xFD, 0x8A, 0x77, 0xF7, 0x30, 0x28, 0xA1, 0xA2, 0xF2, 0x57,
    0xFC, 0xFC, 0x07, 0x76, 0xBA, 0x43, 0x5E, 0x84, 0x66, 0x19, 0x01, 0x5F, 0xFF, 0x86, 0x33, 0x1F,
    0x6D, 0xC4, 0xB7, 0x5A, 0xF0, 0x69, 0x7B, 0xBD, 0x95, 0xB4, 0x1A, 0x38, 0x5E, 0xDC, 0xC2, 0x8C,
    0xDE, 0x70, 0x42, 0x69, 0x08, 0xBF, 0x40, 0x25, 0x6B, 0x18, 0x70, 0x85, 0x43, 0x4F, 0x66, 0x9F,
    0xE1, 0xDA, 0xA3, 0xC5, 0x66, 0xB4, 0x36, 0xEA, 0xB4, 0xD1, 0xE5, 0xF8, 0x8F, 0xAE, 0xCD, 0x5A,
    0xD1, 0x3A, 0xCA, 0x2A, 0xEE, 0x34, 0xA4, 0x2E, 0xC9, 0xAA, 0x4F, 0x3D, 0xAA, 0xB4, 0xA2, 0x7A,
    0xF4, 0x1A, 0x23, 0x84, 0xF3, 0x34, 0x46, 0x5E, 0xD0, 0x19, 0xC2, 0xCF, 0x42, 0x7F, 0xB0, 0x37,
    0x91, 0x2F, 0xD2, 0x4D, 0x7F, 0xC5, 0xC9, 0xD8, 0x21, 0x90, 0x17, 0xE1, 0x9D, 0x78, 0x10, 0x8E,
    0xE4, 0xA6, 0xB4, 0x8A, 0xB0, 0x75, 0x07, 0xAE, 0x6B, 0x64, 0xBE, 0xD6, 0xC0, 0x2B, 0x48, 0x8C,
    0xEF, 0x44, 0xEF, 0x62, 0x5C, 0x90, 0x9B, 0xE9, 0x35, 0x95, 0x78, 0xC2, 0x3A, 0xE3, 0xBD, 0x0D,
    0xD9, 0x1D, 0x19, 0xBD, 0xF9, 0xDE, 0xD2, 0x92, 0x23, 0xE3, 0x63, 0x50, 0xC9, 0x95, 0xB9, 0xA5,
    0xEB, 0xC8, 0x6C, 0xF2, 0x72, 0x0B, 0x4D, 0xC3, 0xD6, 0xBB, 0xBC, 0x54, 0xEC, 0x01, 0xE6, 0x1A,
    0x87, 0x5B, 0x95, 0xA7, 0x51, 0xEE, 0x1F, 0x78, 0x77, 0x9E, 0x39, 0xDC, 0x84, 0x3F, 0xE3, 0xEF,
    0x13, 0x05, 0x4A, 0x72, 0xEA, 0x9A, 0xBC, 0x1F, 0x58, 0x75, 0xFE, 0x3B, 0x2E, 0xD4, 0x5E, 0x69,
    0x8C, 0x5B, 0xD6, 0xE9, 0x34, 0x44, 0x64, 0xBD, 0xC0, 0x83, 0x47, 0xD6, 0x12, 0x3C, 0xC0, 0xD4,
    0x13, 0x3D, 0xF4, 0x64, 0xDD, 0xF5, 0xF3, 0x5A, 0x1E, 0xD4, 0x46, 0x77, 0xF2, 0xB5, 0x33, 0x67,
    0x1A, 0xB6, 0xCB, 0x86, 0x2A, 0x4C, 0xAD, 0xD9, 0x84, 0xCC, 0xDD, 0xDC, 0x49, 0x4B, 0x93, 0x17,
    0xCA, 0x8F, 0x55, 0x2E, 0x4B, 0xF0, 0x7E, 0x6F, 0xB9, 0x98, 0x3F, 0x3E, 0xC8, 0x9A, 0x9E, 0x5C,
    0xEE, 0x25, 0x78, 0x5C, 0xD6, 0x18, 0x30, 0xF9, 0x4F, 0x28, 0x6F, 0x99, 0xFC, 0x15, 0x5C, 0xC7,
    0x3D, 0x93, 0xBF, 0x86, 0xA1, 0x8B, 0x0F, 0x32, 0x66, 0xB4, 0x77, 0xE4, 0x6B, 0x7E, 0x7D, 0x0D,
    0x12, 0xA7, 0x3C, 0xDF, 0xD2, 0x73, 0x3C, 0xDD, 0xD2, 0xF3, 0xF6, 0x99, 0x57, 0x54, 0xF4, 0x41,
    0xFE, 0x97, 0xE4, 0x66, 0xD7, 0xF7, 0x5B, 0x96, 0x37, 0x91, 0x31, 0x46, 0xFF, 0xCE, 0x0B, 0x7D,
    0xE8, 0xFB, 0x5F, 0xE0, 0x1B, 0xBE, 0x0A, 0x54, 0x3E, 0xC3, 0xEF, 0x61, 0xC8, 0xE4, 0x19, 0x5A,
    0xD0, 0x58, 0x25, 0xB9, 0x86, 0x48, 0x32, 0xEB, 0x40, 0xCF, 0x9F, 0xC9, 0xCA, 0x28, 0xD7, 0x22,
    0x03, 0x3F, 0x62, 0xEA, 0x29, 0x3C, 0x45, 0x3E, 0xD0, 0x3C, 0xD7, 0x9E, 0xC2, 0x57, 0xE4, 0x8D,
    0x73, 0x29, 0x67, 0xE7, 0x55, 0x2C, 0x5D, 0xB0, 0x5C, 0x89, 0xAC, 0x85, 0x66, 0xD7, 0xF7, 0xFD,
    0x9B, 0xE6, 0xD9, 0x2B, 0x8D, 0x6A, 0x06, 0xC5, 0xFC, 0xFD, 0xE2, 0xB9, 0xF6, 0xE4, 0x25, 0x2B,
    0xA4, 0xC2, 0x23, 0x59, 0xD7, 0x82, 0xD0, 0x13, 0x36, 0x0F, 0x14, 0xC9, 0xE3, 0x64, 0xA0, 0xD1,
    0x81, 0xC5, 0x06, 0xCE, 0x8F, 0x4E, 0xEC, 0x85, 0x2F, 0x45, 0xF0, 0x2B, 0xB7, 0x0E, 0xD5, 0x2B,
    0xBF, 0x26, 0x8F, 0xBC, 0xF3, 0xA3, 0x2C, 0x49, 0xB4, 0xAE, 0x8C, 0x0E, 0x74, 0xF2, 0xC0, 0xB3,
    0x0F, 0x08, 0x49, 0xD1, 0xD2, 0x58, 0xBB, 0x3F, 0x0E, 0x8C, 0xAF, 0x07, 0x66, 0x8E, 0x8B, 0x6C,
    0x40, 0xAA, 0x73, 0x36, 0x70, 0x12, 0xA5, 0xD3, 0x40, 0xE1, 0xC5, 0x2E, 0xBD, 0xDC, 0xFD, 0x71,
    0x40, 0x14, 0xC9, 0x06, 0xBA, 0xD7, 0x03, 0xED, 0x0F, 0x19, 0x68, 0x6C, 0xE0, 0x0F, 0x3A, 0x30,
    0xDB, 0x00, 0x2A, 0x2F, 0x05, 0x9C, 0x75, 0x6A, 0x79, 0x81, 0x69, 0x60, 0x14, 0xF3, 0xB4, 0xE6,
    0x26, 0x95, 0xF6, 0x1A, 0x9C, 0x4D, 0xE8, 0xBB, 0x53, 0x7B, 0xB5, 0xF0, 0x32, 0x63, 0xA1, 0x02,
    0x98, 0xB9, 0xF8, 0x50, 0x2F, 0x81, 0xF1, 0x3A, 0x49, 0xD6, 0xB9, 0x95, 0xBC, 0xEC, 0x68, 0x8A,
    0xA5, 0xD5, 0xEB, 0x65, 0xA0, 0xFA, 0xC4, 0xC0, 0xB7, 0xAF, 0x07, 0x7E, 0x2B, 0x73, 0xA0, 0x3B,
    0x37, 0x3C, 0xE9, 0x51, 0xCA, 0x53, 0x6A, 0xB8, 0x9D, 0xF9, 0xB1, 0x7B, 0x21, 0xBE, 0x56, 0x99,
    0x62, 0xB7, 0x20, 0xF3, 0x16, 0xEC, 0x0A, 0x2D, 0x29, 0xDD, 0x8B, 0xAB, 0x8D, 0xF6, 0x72, 0xB4,
    0x9A, 0xDA, 0x78, 0x2C, 0x52, 0x38, 0x2A, 0x71, 0x8D, 0xCC, 0xA9, 0x2F, 0x87, 0x78, 0x39, 0x58,
    0x63, 0x36, 0x4A, 0x20, 0x49, 0x42, 0xD6, 0x1E, 0xCC, 0xDC, 0x34, 0x86, 0xE4, 0x8F, 0xDC, 0x35,
    0x98, 0x37, 0x7B, 0xFB, 0x77, 0x0B, 0x9E, 0x87, 0x37, 0x77, 0x6E, 0x2E, 0xA8, 0x14, 0x27, 0x95,
    0xB4, 0x45, 0xEC, 0x7C, 0x33, 0x3E, 0x64, 0xE6, 0x19, 0xB5, 0xDA, 0xEE, 0x1A, 0x7E, 0x56, 0x03,
    0x5A, 0xC6, 0xF5, 0x13, 0x78, 0x79, 0x31, 0xAC, 0x34, 0x73, 0x6A, 0x3D, 0x55, 0xA4, 0x32, 0xAB,
    0x28, 0xD5, 0x17, 0xAC, 0x28, 0x2B, 0x52, 0xAD, 0x36, 0xC4, 0x2C, 0xFB, 0x0E, 0xA6, 0x0B, 0x66,
    0x9C, 0x35, 0x4D, 0x76, 0xA4, 0x47, 0xDC, 0xD3, 0x83, 0x63, 0x52, 0xC7, 0x10, 0xDF, 0x66, 0x4B,
    0x68, 0x9A, 0x51, 0x93, 0xA3, 0x88, 0x21, 0x33, 0x09, 0x9A, 0x55, 0x83, 0xAE, 0x97, 0xE3, 0x2D,
    0xE1, 0xE0, 0xB8, 0x07, 0xC7, 0xC9, 0xF1, 0xD9, 0xC3, 0xE2, 0x82, 0x5F, 0xE3, 0x8B, 0x9A, 0x70,
    0x29, 0xC5, 0x84, 0xA8, 0x2D, 0x29, 0x23, 0xA9, 0x02, 0x8E, 0x91, 0xEF, 0xF5, 0x64, 0x72, 0x4D,
    0x76, 0x5B, 0x83, 0x97, 0xCE, 0xDD, 0x9B, 0x7E, 0x31, 0xA1, 0x25, 0x1E, 0xBC, 0xB9, 0xE0, 0xFC,
    0x2F, 0x26, 0x1C, 0x0F, 0x4E, 0x36, 0x74, 0x7D, 0xBB, 0xB9, 0x09, 0xCB, 0xEB, 0x77, 0x98, 0xF0,
    0xA7, 0x66, 0xCD, 0xD3, 0x8F, 0xB7, 0xE6, 0x9A, 0x70, 0xFA, 0xBE, 0xD6, 0xE4, 0xB2, 0xF3, 0x92,
    0x15, 0x1C, 0xB2, 0xA6, 0xC6, 0x16, 0xC5, 0x69, 0x91, 0x6A, 0x4A, 0x9D, 0xAA, 0x49, 0xE7, 0x26,
    0xF4, 0x92, 0x72, 0x4F, 0xC1, 0x0B, 0x29, 0x78, 0x41, 0x0B, 0x08, 0xE5, 0xCA, 0x41, 0x4B, 0x47,
    0x07, 0xD6, 0xF8, 0x50, 0xC6, 0x5C, 0xB4, 0x5C, 0xD4, 0x5C, 0xE2, 0x0F, 0xEB, 0x62, 0xB4, 0x44,
    0x54, 0xD2, 0x08, 0x4C, 0x09, 0x6F, 0x8A, 0x17, 0x09, 0xE4, 0x4A, 0x7C, 0x30, 0x5A, 0xF3, 0x23,
    0xF7, 0x31, 0xCA, 0x6C, 0x8C, 0x92, 0xF8, 0x2B, 0xDB, 0xAF, 0xFD, 0x00, 0x3C, 0x12, 0xE2, 0xA3,
    0x1D, 0x63, 0xC2, 0x23, 0x21, 0x18, 0x7E, 0xBC, 0xC0, 0xA4, 0x38, 0x34, 0xDA, 0x66, 0x49, 0x3A,
    0xFE, 0x1F, 0xD8, 0xD0, 0xB5, 0x72, 0x9B, 0x24, 0x66, 0xC6, 0x2A, 0xCD, 0x2B, 0xC9, 0x58, 0x7A,
    0xAC, 0x51, 0xFB, 0x8F, 0x45, 0x13, 0xB0, 0x60, 0x4A, 0xBD, 0x0D, 0xDB, 0xB8, 0xE7, 0xB4, 0x2B,
    0x16, 0xE0, 0x95, 0xA9, 0xA5, 0x23, 0x9D, 0x4D, 0x63, 0xEE, 0xCE, 0xA4, 0x1D, 0x96, 0x9A, 0x2A,
    0x29, 0x54, 0x7B, 0x9B, 0x7B, 0x98, 0xB1, 0x54, 0x44, 0xD5, 0x01, 0x07, 0xE7, 0x28, 0x5E, 0x30,
    0xD0, 0x2D, 0x51, 0xDE, 0x79, 0x32, 0xFE, 0x86, 0x9A, 0x48, 0xBE, 0xA6, 0xC3, 0x8A, 0x83, 0xC6,
    0xE2, 0x7B, 0x7B, 0xF8, 0x25, 0x9B, 0x53, 0x82, 0xBC, 0x92, 0x46, 0x0E, 0x79, 0x3E, 0x88, 0x3B,
    0x66, 0xB8, 0x57, 0xD2, 0xD0, 0x11, 0x73, 0x13, 0xC9, 0x9A, 0x94, 0x20, 0x0D, 0x27, 0xBA, 0x28,
    0x0E, 0x6A, 0x33, 0x8A, 0xDB, 0x92, 0xDA, 0x1A, 0x55, 0x64, 0x2C, 0x63, 0xCE, 0xAD, 0x35, 0xB4,
    0x3D, 0xED, 0xDA, 0x12, 0x9F, 0x75, 0x55, 0x89, 0x7B, 0x6B, 0x82, 0x91, 0xC7, 0x8C, 0xE7, 0x23,
    0xB1, 0x59, 0x97, 0x3C, 0x28, 0xE3, 0xB4, 0xE2, 0xB2, 0x5A, 0xEF, 0xF3, 0x35, 0xE3, 0x25, 0xE3,
    0x29, 0xE3, 0x21, 0xE3, 0x90, 0xF8, 0xC8, 0xF8, 0x9E, 0x71, 0xCC, 0x78, 0xCF, 0x78, 0xCB, 0x78,
    0x35, 0x7E, 0x9A, 0x79, 0xD3, 0xF3, 0x25, 0x1B, 0x59, 0x4E, 0x59, 0x6A, 0x29, 0x98, 0x97, 0x35,
    0x6B, 0x08, 0x2D, 0x6C, 0xD7, 0xC2, 0x33, 0x73, 0xF5, 0xFE, 0x79, 0xCB, 0xD5, 0xCE, 0x5B, 0x40,
    0x52, 0x04, 0x4E, 0x42, 0xEE, 0xF4, 0x73, 0xDE, 0xE0, 0xC6, 0x60, 0xE7, 0x2D, 0x89, 0xE0, 0xF8,
    0xF5, 0xBB, 0x27, 0x2F, 0x2F, 0xE9, 0xE4, 0xE5, 0x25, 0x6F, 0x45, 0xBF, 0x98, 0xBD, 0x4C, 0x18,
    0x73, 0xFA, 0xFE, 0x8D, 0x13, 0x3F, 0x77, 0xF5, 0xB6, 0x78, 0xCD, 0xF6, 0x79, 0xFF, 0x47, 0x2A,
    0x9C, 0xAA, 0xFC, 0x1C, 0xEA, 0x16, 0x52, 0x19, 0x4B, 0x3D, 0x09, 0xF8, 0xC1, 0xD1, 0xEC, 0x2D,
    0xCB, 0xE8, 0x99, 0xF0, 0xEC, 0x6D, 0x76, 0xE3, 0xE7, 0x4B, 0x72, 0xE1, 0x47, 0x8F, 0x4D, 0xF9,
    0xCC, 0x92, 0xE7, 0x7A, 0x8D, 0xB2, 0x41, 0x59, 0x63, 0x93, 0xF9, 0x0C, 0x69, 0x43, 0xDE, 0x6B,
    0xF3, 0xDE, 0x73, 0x04, 0x95, 0xBC, 0xEA, 0xC4, 0xE8, 0x17, 0xB3, 0x33, 0xC7, 0xE3, 0x77, 0x70,
    0x76, 0x7D, 0x3E, 0xCF, 0xA8, 0x7D, 0x98, 0x3D, 0xCB, 0xB8, 0xCB, 0xB8, 0xCE, 0xB8, 0xC8, 0x98,
    0xE3, 0xD4, 0x7D, 0xE1, 0x47, 0x7F, 0x3F, 0x65, 0xB3, 0xCD, 0x89, 0x4F, 0xBA, 0x39, 0x61, 0xCD,
    0x75, 0x69, 0x39, 0x0F, 0xA8, 0x07, 0x71, 0x5C, 0xAB, 0xE7, 0x50, 0xFC, 0x72, 0xB7, 0xBB, 0xA5,
    0xDD, 0xD3, 0xBC, 0x1B, 0xCB, 0x72, 0x10, 0x1F, 0x19, 0x6F, 0x19, 0x4F, 0xBA, 0x4C, 0xBD, 0xA5,
    0xC2, 0x5D, 0xE3, 0x4E, 0x52, 0x24, 0x1F, 0xF0, 0x68, 0x02, 0x90, 0x0D, 0x51, 0x0B, 0x96, 0x43,
    0x3C, 0xD5, 0xF6, 0xEA, 0x64, 0x31, 0xDB, 0xE8, 0x3D, 0xEB, 0x97, 0x9F, 0xA8, 0xF9, 0x76, 0x48,
    0x6F, 0x92, 0x93, 0x41, 0xF5, 0x81, 0x56, 0xCF, 0xA2, 0x56, 0x65, 0x7D, 0x38, 0xB3, 0x2A, 0x25,
    0x75, 0x7D, 0x13, 0x9B, 0x32, 0xAB, 0xAD, 0xDF, 0x70, 0x76, 0x8D, 0xD9, 0xDD, 0xE6, 0x8C, 0xD9,
    0xB3, 0x8C, 0xBB, 0x8C, 0x9B, 0x8C, 0x8B, 0x8C, 0xCD, 0xEE, 0x52, 0x38, 0xFB, 0xCF, 0x9E, 0xBB,
    0x8C, 0x7B, 0xE5, 0xB4, 0x95, 0x36, 0x3E, 0x32, 0x8E, 0x19, 0xEF, 0xE1, 0x71, 0x5F, 0xDD, 0xA5,
    0xE4, 0xE5, 0x1B, 0x70, 0xB2, 0x60, 0x99, 0x2E, 0xD7, 0x63, 0xE6, 0xFC, 0x84, 0xB5, 0xD2, 0x03,
    0x9B, 0x9F, 0x04, 0xAB, 0xAF, 0x56, 0x92, 0xF7, 0xBC, 0x2F, 0x33, 0x5F, 0xD5, 0xA6, 0xDA, 0x4E,
    0x97, 0x17, 0xF3, 0xD5, 0x4A, 0xEB, 0xBE, 0xB5, 0x69, 0xE6, 0xAB, 0x95, 0xF7, 0x09, 0xCA, 0xEA,
    0x9F, 0x6F, 0x38, 0xBB, 0xC6, 0x7C, 0xB5, 0xF2, 0x5E, 0x22, 0x3D, 0xCB, 0xB8, 0xCB, 0xB8, 0xC9,
    0xB8, 0xC8, 0xD8, 0x7C, 0xB5, 0x4A, 0x71, 0xFA, 0x59, 0x73, 0x9D, 0x71, 0xE7, 0x3D, 0x03, 0x78,
    0xDE, 0x4B, 0x0E, 0xF7, 0x29, 0x1F, 0x3E, 0x67, 0x3E, 0xDC, 0x65, 0x7E, 0x9B, 0x1F, 0x16, 0x95,
    0xE9, 0x72, 0xBB, 0xE1, 0x39, 0xE4, 0x39, 0xCA, 0x53, 0xAE, 0x27, 0xB5, 0xD8, 0x79, 0xBA, 0xF5,
    0x04, 0x18, 0x47, 0x4B, 0xB5, 0x71, 0xB6, 0x44, 0x1B, 0x3D, 0x9D, 0xBE, 0x4F, 0x96, 0x60, 0x23,
    0x58, 0x7A, 0x8D, 0x9E, 0xBC, 0xA3, 0xEE, 0x47, 0x94, 0x26, 0x23, 0xD5, 0x45, 0xB5, 0x64, 0x5A,
    0xC3, 0x7B, 0xF4, 0x61, 0x30, 0xEA, 0x36, 0x23, 0x3E, 0xC0, 0x8B, 0x52, 0xE0, 0x95, 0xF0, 0xF5,
    0x07, 0x21, 0x71, 0xA9, 0x28, 0x8D, 0xCF, 0x4D, 0xE8, 0xCC, 0xDB, 0xB7, 0x28, 0xFB, 0xB9, 0x28,
    0x44, 0x4A, 0x30, 0xFD, 0x93, 0xFE, 0x65, 0xA2, 0x1F, 0x2A, 0x60, 0x56, 0xED, 0x79, 0x8B, 0xC0,
    0x59, 0xA1, 0x36, 0x9A, 0x2A, 0x23, 0x49, 0x9E, 0xF2, 0x1E, 0xB3, 0x90, 0xD4, 0x95, 0x38, 0xDB,
    0xB1, 0x15, 0x95, 0xB0, 0x2B, 0x67, 0x2D, 0x3D, 0x32, 0xC6, 0x69, 0xD6, 0xC6, 0x37, 0x26, 0xC5,
    0xCC, 0x41, 0x08, 0x7E, 0xCE, 0xA2, 0x7B, 0xB9, 0xCF, 0x86, 0x4E, 0xBE, 0xC3, 0x04, 0x3B, 0x94,
    0x53, 0xCF, 0x69, 0xFD, 0x98, 0x1D, 0x49, 0x3D, 0x07, 0x49, 0x3D, 0x87, 0x4E, 0xC0, 0xC4, 0x73,
    0x5A, 0x2F, 0xD0, 0x9F, 0x22, 0xF1, 0x9C, 0x56, 0x0A, 0xFC, 0x6E, 0x3F, 0x76, 0xD9, 0x89, 0x9C,
    0x78, 0x4E, 0xEB, 0xA1, 0xD2, 0xFA, 0xA9, 0x66, 0xEB, 0xFE, 0xDD, 0x7A, 0x83, 0xF9, 0x86, 0x3E,
    0x0C, 0x46, 0xDD, 0x6E, 0xD4, 0x1F, 0x46, 0x5A, 0x9C, 0xB9, 0x79, 0x96, 0x23, 0x38, 0xF2, 0x9C,
    0x5B, 0x6B, 0xB6, 0x97, 0x9F, 0x0B, 0xC8, 0x73, 0xA2, 0x90, 0x1E, 0x2B, 0xB0, 0xE7, 0xD0, 0x31,
    0x34, 0xA8, 0xE7, 0xFC, 0x59, 0x7E, 0xE2, 0xC2, 0x60, 0xFA, 0x87, 0x6A, 0xDF, 0x78, 0xB3, 0xE9,
    0xED, 0xF8, 0x54, 0xA4, 0xD0, 0x4E, 0x9B, 0xED, 0xDE, 0xEB, 0x0B, 0x05, 0xAC, 0x1F, 0x45, 0x1E,
    0xE2, 0x39, 0xB4, 0xEB, 0x16, 0xCF, 0x29, 0xE5, 0xE7, 0x2C, 0x89, 0xE2, 0x9B, 0x7A, 0xCE, 0x88,
    0xB5, 0x28, 0xEF, 0x40, 0x52, 0x7F, 0x92, 0xE5, 0x75, 0x16, 0xB4, 0xA3, 0x11, 0xA1, 0xF7, 0x36,
    0xDC, 0x53, 0x7B, 0xC5, 0xFB, 0x7E, 0xCC, 0xCF, 0x05, 0xAA, 0x52, 0xE3, 0x7D, 0x92, 0xB8, 0xD1,
    0x48, 0x0D, 0x57, 0x8B, 0xC5, 0x76, 0x87, 0x0F, 0xC2, 0x35, 0x5D, 0x76, 0xE6, 0xF5, 0xE4, 0x09,
    0x22, 0x37, 0x4B, 0xD9, 0x6E, 0x71, 0x0B, 0x9E, 0xE2, 0x47, 0x9C, 0x3E, 0xED, 0x17, 0xF9, 0xFF,
    0xA5, 0x56, 0x81, 0x7E, 0x31, 0x90, 0x2C, 0xCF, 0xE7, 0xD4, 0x96, 0xE6, 0x4B, 0xF8, 0x0B, 0xB0,
    0x40, 0xA7, 0x93, 0x15, 0xAE, 0xF5, 0x60, 0x42, 0x0D, 0xBF, 0xA3, 0x5F, 0x15, 0x44, 0x68, 0xE0,
    0x57, 0xFA, 0xDB, 0x58, 0x4B, 0xE6, 0xAA, 0x92, 0xD0, 0x41, 0x09, 0x57, 0x13, 0xCE, 0xA8, 0xE0,
    0x6A, 0x02, 0xFD, 0x2A, 0xF0, 0x20, 0x6C, 0x26, 0xB0, 0xFB, 0x9A, 0x40, 0x9D, 0x62, 0x74, 0x01,
    0xDF, 0xFD, 0xAE, 0xC2, 0x9D, 0x8E, 0xC9, 0x0F, 0x15, 0xC8, 0x60, 0x1D, 0xB8, 0xB0, 0x58, 0x17,
    0xF9, 0x46, 0x98, 0x38, 0x69, 0xAB, 0xC0, 0x7B, 0x48, 0x13, 0x42, 0x26, 0x1C, 0x92, 0xCF, 0x17,
    0x4E, 0xF1, 0x7A, 0x20, 0x37, 0xE9, 0xE9, 0x28, 0x3B, 0x90, 0x9C, 0xEA, 0x88, 0x70, 0xC8, 0xF6,
    0x6C, 0xE7, 0x9D, 0xC8, 0x2E, 0x07, 0x07, 0xB2, 0xD7, 0x98, 0xC2, 0x7F, 0x01, 0xED, 0x99, 0x3D,
    0x8E, 0xE5, 0xC6, 0x11, 0xC7, 0x9B, 0x24, 0xFC, 0x1E, 0x60, 0x06, 0xCC, 0xBD, 0x01, 0x8F, 0xC0,
    0x23, 0xF0, 0x01, 0x0E, 0x94, 0x3A, 0xD1, 0x39, 0xDE, 0x11, 0x48, 0xC0, 0xA1, 0x03, 0x6F, 0xE6,
    0xD4, 0xF1, 0x26, 0x3E, 0x02, 0x09, 0x39, 0x70, 0xA0, 0x40, 0x04, 0x74, 0x00, 0x11, 0xD0, 0xC0,
    0x89, 0x03, 0x13, 0x30, 0x03, 0xAE, 0xD1, 0x64, 0xBB, 0xBE, 0x8B, 0xDC, 0x9D, 0x15, 0x56, 0x80,
    0x04, 0xC8, 0x80, 0x06, 0xD0, 0xE8, 0x57, 0xB3, 0xDD, 0xCD, 0xFE, 0xA8, 0xFE, 0x57, 0x75, 0x77,
    0x08, 0xFA, 0x93, 0xD2, 0x18, 0xFE, 0x3F, 0x8D, 0x37, 0xE9, 0xAD, 0x1B, 0x29, 0x45, 0x33, 0xEE,
    0x29, 0xA5, 0x87, 0x1A, 0x55, 0xD2, 0x8A, 0xF0, 0xFF, 0x16, 0x8C, 0x45, 0x8D, 0x0E, 0x8C, 0x35,
    0x14, 0x3B, 0x19, 0xC3, 0x91, 0xA5, 0x2D, 0xDC, 0xA1, 0x1E, 0x18, 0xF0, 0xE7, 0x36, 0x86, 0x92,
    0x9A, 0x1D, 0xA1, 0x02, 0x18, 0xD5, 0xD5, 0x98, 0xBC, 0x58, 0x03, 0x7F, 0x93, 0x06, 0x62, 0x68,
    0xD9, 0xC0, 0xA6, 0xD1, 0x58, 0xF5, 0xA3, 0x31, 0x74, 0xD0, 0x3C, 0x18, 0x35, 0x19, 0xFC, 0x1F,
    0x75, 0x14, 0x61, 0x47, 0x23, 0x43, 0x03, 0x7E, 0x1D, 0x32, 0xB8, 0x14, 0xF3, 0xF4, 0x5D, 0xE2,
    0x61, 0x57, 0x29, 0x16, 0xE9, 0x9B, 0xF4, 0x50, 0xE3, 0x9E, 0xFE, 0x94, 0x7A, 0x35, 0xCA, 0xF4,
    0x05, 0xF4, 0x45, 0x8C, 0x2A, 0x15, 0x6E, 0xD4, 0x29, 0x4F, 0x93, 0x1A, 0x0D, 0x74, 0x70, 0x51,
    0x03, 0xFA, 0x7D, 0x35, 0x56, 0x35, 0x86, 0x2D, 0x0C, 0x9B, 0x1A, 0x30, 0x80, 0x2E, 0x9A, 0x01,
    0x63, 0xDF, 0xC5, 0xD8, 0xC1, 0x68, 0x0E, 0x31, 0x12, 0x4C, 0x47, 0x9D, 0xCC, 0x18, 0xE5, 0xF7,
    0xC7, 0x46, 0x0F, 0x73, 0x6A, 0xC6, 0x23, 0x14, 0x6E, 0x84, 0x93, 0x71, 0x84, 0x90, 0xB3, 0x51,
    0xE2, 0xD4, 0x84, 0x8C, 0x6A, 0x62, 0x81, 0x48, 0x0B, 0x07, 0x85, 0xF1, 0x6F, 0x6C, 0x1C, 0xB8,
    0x98, 0x1D, 0xF4, 0x33, 0xD0, 0x0C, 0x07, 0xAC, 0x84, 0x2B, 0xDC, 0x62, 0x95, 0x10, 0x6E, 0x43,
    0x4A, 0xEF, 0xD9, 0x31, 0x70, 0x4D, 0xA8, 0x5C, 0xC0, 0x69, 0xE7, 0x66, 0x60, 0xF1, 0xE8, 0x67,
    0xE4, 0x86, 0x13, 0xBB, 0x47, 0x21, 0x18, 0xA9, 0x07, 0xF4, 0x03, 0xDD, 0xA8, 0x05, 0x13, 0x36,
    0x2E, 0x3F, 0x8F, 0x30, 0xE0, 0xE0, 0xB1, 0xED, 0x5E, 0x7A, 0x06, 0x03, 0x18, 0x73, 0xEE, 0x1D,
    0x54, 0x1E, 0x0B, 0x76, 0xB8, 0x82, 0x57, 0x7B, 0x16, 0x2C, 0xA9, 0x16, 0x21, 0x94, 0xDF, 0x1C,
    0x93, 0xE0, 0x8D, 0x3B, 0x85, 0x88, 0x1F, 0x5E, 0x04, 0x73, 0x1A, 0x01, 0x61, 0xA0, 0x7A, 0x8C,
    0x1D, 0x7E, 0x8E, 0xB1, 0xFD, 0x7C, 0x7C, 0x93, 0x14, 0xF3, 0x64, 0x58, 0x3A, 0x36, 0x8E, 0xAD,
    0xE3, 0x70, 0xE4, 0x8A, 0xD0, 0x81, 0x41, 0x91, 0xF6, 0xC5, 0x0F, 0x20, 0xB9, 0x15, 0x63, 0x07,
    0x2D, 0xAC, 0xDE, 0xAE, 0x8C, 0xAD, 0x26, 0x37, 0xD2, 0x89, 0xC2, 0xFD, 0x5B, 0xF0, 0xA6, 0x88,
    0xC1, 0xFA, 0xFB, 0x56, 0xB7, 0x7F, 0xE9, 0x38, 0x58, 0x81, 0xC2, 0xAB, 0x55, 0x3E, 0x7D, 0x8D,
    0x7F, 0xA2, 0x4D, 0x36, 0x7D, 0xC3, 0x51, 0xE8, 0xF4, 0xE1, 0xBE, 0xF4, 0xFE, 0x9E, 0x06, 0xD4,
    0xBD, 0xF2, 0x57, 0x2F, 0x8B, 0x2D, 0x08, 0x76, 0xAF, 0x4E, 0x54, 0xED, 0x78, 0x77, 0xCC, 0x1C,
    0x4F, 0x0B, 0xF0, 0xA3, 0xD6, 0xED, 0xB4, 0xDC, 0x0D, 0x6D, 0x00, 0x6D, 0x17, 0xD5, 0x4C, 0xBE,
    0x06, 0xFE, 0xA8, 0xF3, 0x00, 0x7F, 0xD6, 0x9E, 0xC1, 0xCF, 0xEF, 0x09, 0xFF, 0x82, 0xF8, 0x3D,
    0x8E, 0x22, 0xAA, 0xB3, 0x8F, 0x54, 0x4C, 0x70, 0xB9, 0x60, 0x6C, 0x1C, 0x73, 0xC6, 0xAD, 0x20,
    0x7D, 0xC3, 0x16, 0x76, 0x44, 0xDA, 0xD7, 0x3C, 0x78, 0xEC, 0x89, 0xFA, 0x4E, 0x2B, 0x7D, 0x88,
    0xBC, 0x2F, 0xB0, 0x55, 0x75, 0x5A, 0xDE, 0x38, 0x19, 0x62, 0x99, 0x5E, 0x74, 0x35, 0xB3, 0x01,
    0x77, 0xEB, 0x97, 0x5F, 0xFE, 0x01, 0xBD, 0x7E, 0x42, 0x27, 0x5F, 0xB0, 0xE4, 0x46, 0x94, 0xF3,
    0x46, 0x04, 0xBA, 0xF3, 0x3E, 0x04, 0xAA, 0xD2, 0xDC, 0x90, 0x68, 0x2F, 0x4D, 0xEA, 0x4B, 0xDA,
    0x85, 0x4B, 0x9B, 0xE0, 0x13, 0x28, 0xD7, 0x4B, 0x67, 0x34, 0x18, 0x25, 0x2C, 0x27, 0x04, 0x75,
    0x7B, 0x26, 0x6D, 0x0F, 0xE1, 0x30, 0x8A, 0x46, 0x73, 0xE0, 0x56, 0xFE, 0x75, 0x90, 0x54, 0xC0,
    0x37, 0xE6, 0xA0, 0xB4, 0x0A, 0x55, 0x1C, 0x76, 0x80, 0x4A, 0x6B, 0x2F, 0x37, 0x22, 0x01, 0xFA,
    0x80, 0x32, 0xFB, 0xD7, 0xF3, 0x88, 0x94, 0x78, 0x0A, 0x78, 0x6C, 0xC9, 0xBE, 0x16, 0x3F, 0x41,
    0x99, 0x51, 0x41, 0xA4, 0x7A, 0x66, 0x34, 0x1B, 0x8D, 0x46, 0xBD, 0x91, 0xE9, 0xDB, 0x1E, 0x2A,
    0xA1, 0xD5, 0x94, 0x10, 0xB4, 0xF4, 0x49, 0xF0, 0xC2, 0xA2, 0xFA, 0x5F, 0x1C, 0xE7, 0x03, 0x37,
    0x1F, 0xAA, 0xEB, 0xBD, 0x67, 0x49, 0x7D, 0xC9, 0x86, 0x5E, 0x15, 0x15, 0xAA, 0x0C, 0x4A, 0x99,
    0x7D, 0xAD, 0x30, 0x2A, 0x8D, 0x2A, 0x13, 0xD3, 0x1A, 0xCB, 0x3E, 0xB1, 0x07, 0x0D, 0xAE, 0x33,
    0x7C, 0xF2, 0x6D, 0x68, 0x35, 0xAE, 0x03, 0x6D, 0x46, 0x67, 0x4D, 0x3F, 0x1E, 0xA6, 0xEE, 0xEF,
    0x8D, 0x24, 0x20, 0x68, 0xE7, 0x7F, 0xF3, 0x37, 0x55, 0xF1, 0x10, 0x7E, 0x67, 0xE2, 0x1F, 0x6E,
    0x46, 0x84, 0xD2, 0x7C, 0x6D, 0x54, 0x7D, 0x4C, 0x5E, 0xAE, 0x53, 0xCA, 0xAD, 0x95, 0xBB, 0x51,
    0x65, 0x54, 0xA7, 0x7E, 0x60, 0x6A, 0x0E, 0x18, 0x17, 0x0F, 0x00, 0x53, 0x88, 0x4F, 0x93, 0x95,
    0x03, 0xEF, 0x1C, 0x0E, 0xED, 0x13, 0xF7, 0x3E, 0xC8, 0x76, 0xE2, 0x65, 0x96, 0x64, 0x26, 0x63,
    0xED, 0x94, 0xB9, 0x09, 0xDA, 0x53, 0xD9, 0x55, 0x6F, 0x74, 0x66, 0x78, 0xBC, 0xEC, 0xAE, 0xBC,
    0x4C, 0x87, 0x54, 0x96, 0x18, 0x78, 0xF7, 0x18, 0x58, 0x7B, 0x0C, 0xEC, 0x3C, 0x06, 0x26, 0xF3,
    0x96, 0xDC, 0xF0, 0x71, 0xE7, 0xAE, 0x75, 0xBC, 0x96, 0x0B, 0xF7, 0x16, 0xB7, 0xFD, 0x28, 0x31,
    0x50, 0xBC, 0x97, 0x55, 0xE8, 0x50, 0xEC, 0x78, 0x40, 0xA4, 0xA5, 0xB4, 0x48, 0x8A, 0x1A, 0x24,
    0x9F, 0xDC, 0xD5, 0xC2, 0x03, 0x2A, 0x09, 0x07, 0xD7, 0x23, 0xE4, 0xD6, 0x34, 0x48, 0x2A, 0x56,
    0x3F, 0x0E, 0x0F, 0x47, 0xF8, 0xB4, 0x61, 0x74, 0x3C, 0x1C, 0x93, 0xE2, 0xCB, 0x93, 0x15, 0x16,
    0xF0, 0x51, 0x92, 0xB2, 0x21, 0xA2, 0xC6, 0xFC, 0x00, 0x96, 0x58, 0x96, 0xAB, 0xDD, 0x49, 0xB7,
    0x08, 0x0B, 0x6F, 0x37, 0xA3, 0x69, 0x56, 0x95, 0x17, 0x3D, 0xE7, 0xF9, 0x14, 0x24, 0x81, 0x2C,
    0x3C, 0x17, 0xFE, 0x45, 0xE2, 0x4D, 0xB7, 0x25, 0xFB, 0xD6, 0xA6, 0x1B, 0x82, 0xF4, 0x51, 0xDC,
    0x69, 0x36, 0xC7, 0xDB, 0xCC, 0xEF, 0x5C, 0x7A, 0x92, 0xE9, 0xC8, 0x49, 0xA2, 0x46, 0x4A, 0xB3,
    0xB0, 0xCC, 0x34, 0xA8, 0x13, 0xCC, 0xDC, 0x7C, 0x46, 0x32, 0xAD, 0x42, 0xFC, 0xEE, 0xDD, 0x5F,
    0x85, 0xEC, 0xB8, 0x70, 0xA1, 0x6C, 0x38, 0xDE, 0x32, 0x0D, 0x9C, 0x6F, 0x2F, 0x9C, 0xE8, 0x4D,
    0x48, 0xF4, 0xB9, 0x2D, 0x51, 0x22, 0x8F, 0xE3, 0x48, 0x1E, 0x0D, 0x45, 0xA6, 0x89, 0xAC, 0xA7,
    0x8B, 0x25, 0x86, 0x28, 0xD3, 0x33, 0x09, 0x25, 0x8A, 0x2E, 0xE7, 0xB7, 0x0B, 0x8B, 0xD5, 0x20,
    0x42, 0x8C, 0x3E, 0xCB, 0xB4, 0xE0, 0x38, 0x16, 0x0E, 0x99, 0x25, 0xD1, 0x3F, 0x79, 0xE9, 0x31,
    0x7C, 0x81, 0x04, 0xE4, 0x48, 0x3B, 0x2C, 0x3D, 0x0B, 0x3B, 0xA9, 0x83, 0x13, 0xC9, 0x3E, 0xEB,
    0x04, 0xF5, 0x80, 0x74, 0x42, 0x7A, 0x15, 0x2D, 0xA0, 0xAC, 0x16, 0x82, 0x66, 0x0B, 0x3C, 0x0F,
    0xA6, 0x9B, 0xC7, 0x5C, 0x98, 0x0E, 0x55, 0x51, 0x5E, 0x9C, 0xED, 0x94, 0x24, 0xF7, 0x9E, 0x24,
    0x2F, 0x94, 0x6D, 0xA9, 0x2A, 0xA8, 0x00, 0x1C, 0x9E, 0x24, 0x43, 0xDB, 0x36, 0x17, 0xA3, 0x27,
    0xC9, 0x1A, 0xEB, 0x9B, 0x44, 0xC7, 0xA6, 0xC4, 0x8D, 0xCF, 0xB2, 0xA7, 0x73, 0x9E, 0xDF, 0x45,
    0x16, 0x51, 0x92, 0x64, 0x09, 0xA2, 0x93, 0x47, 0xD6, 0xCD, 0x51, 0x63, 0xE1, 0xCD, 0x32, 0xF7,
    0x45, 0x92, 0x64, 0x42, 0x4E, 0x92, 0x79, 0x7D, 0xB9, 0x1E, 0x61, 0x27, 0x27, 0x86, 0x45, 0x72,
    0xA9, 0xCF, 0xC3, 0x37, 0x7A, 0xD0, 0x58, 0x24, 0x49, 0xD6, 0xF0, 0x1E, 0x2D, 0x32, 0x2B, 0xB6,
    0x8E, 0x92, 0x24, 0x53, 0xF2, 0xC0, 0x49, 0x32, 0x21, 0xA7, 0xC3, 0x9F, 0x46, 0x49, 0x92, 0x29,
    0x73, 0xE1, 0x24, 0x39, 0x98, 0xB7, 0x68, 0x46, 0xA0, 0x29, 0x81, 0x1E, 0x72, 0x39, 0x8B, 0xD0,
    0x54, 0x40, 0x93, 0x64, 0x77, 0xF8, 0x5F, 0x24, 0xDE, 0x34, 0x95, 0x18, 0xC4, 0xC7, 0x4A, 0x8D,
    0x4C, 0x6D, 0xB2, 0x0C, 0xEC, 0x9A, 0x32, 0x4C, 0xE5, 0x87, 0x3B, 0x6F, 0x53, 0x89, 0x88, 0x2D,
    0xB6, 0x01, 0xB3, 0xB0, 0x77, 0x14, 0x10, 0x20, 0x2C, 0xF0, 0xA9, 0x00, 0x0A, 0x0C, 0xE4, 0x00,
    0xB5, 0xC6, 0xBD, 0x4A, 0x1D, 0x19, 0x80, 0x55, 0xC2, 0x22, 0xFB, 0x4F, 0x0D, 0x96, 0x29, 0x68,
    0xA2, 0x60, 0x79, 0x82, 0xA5, 0x09, 0x96, 0x25, 0x58, 0x92, 0x00, 0x39, 0x42, 0x9B, 0x24, 0x1D,
    0xA8, 0xD3, 0x25, 0x2F, 0xF0, 0xBF, 0x68, 0x19, 0x4B, 0x0F, 0x2C, 0x3B, 0xB0, 0xE4, 0xC0, 0x72,
    0x03, 0x4F, 0x0D, 0x5A, 0x4F, 0x61, 0x5E, 0xFC, 0x1C, 0xC5, 0xC7, 0x64, 0xAE, 0xFA, 0x10, 0x6C,
    0x2C, 0x87, 0x40, 0x65, 0x90, 0x53, 0xB4, 0x7C, 0x62, 0x50, 0xCD, 0xB6, 0x5D, 0xBF, 0xF8, 0x79,
    0x78, 0xB4, 0x65, 0x3B, 0xFC, 0x14, 0x9D, 0x4E, 0x02, 0x31, 0xBA, 0xC0, 0x2F, 0xAE, 0xF0, 0x5B,
    0x20, 0xB9, 0xC4, 0x79, 0x89, 0xB2, 0x4D, 0xE9, 0x52, 0x64, 0xE0, 0x21, 0xB4, 0x24, 0xD1, 0x93,
    0xF6, 0x4C, 0x82, 0x4D, 0xED, 0x58, 0x7D, 0x8C, 0xDD, 0xA6, 0x78, 0xE7, 0xB4, 0x44, 0xEE, 0x5E,
    0x16, 0x41, 0xF8, 0xE0, 0x26, 0x08, 0x23, 0xDA, 0x05, 0xD3, 0x5C, 0x1F, 0x8C, 0x5F, 0x61, 0x45,
    0xC6, 0xBF, 0x63, 0x98, 0x66, 0xFC, 0xDA, 0xF1, 0x1B, 0x2F, 0xF0, 0x9D, 0x57, 0xA3, 0x59, 0x72,
    0x8C, 0x8E, 0xF2, 0x61, 0x0C, 0x27, 0xA3, 0xE0, 0xFA, 0x7C, 0x2F, 0x9D, 0x54, 0x8F, 0x0C, 0xB2,
    0x58, 0x82, 0xA3, 0x63, 0xEF, 0xE8, 0xC3, 0x3C, 0x1C, 0xA3, 0xE3, 0xE6, 0xB8, 0x38, 0xCE, 0xE6,
    0x9A, 0xA7, 0x63, 0xB4, 0xCC, 0xB3, 0xC5, 0x6D, 0xD5, 0x94, 0xE2, 0x74, 0xB1, 0xE3, 0xE7, 0x4F,
    0xBF, 0xC9, 0x60, 0x9F, 0x5E, 0xCD, 0x52, 0xB9, 0x93, 0x8B, 0x89, 0x95, 0x8E, 0xCE, 0x6A, 0x89,
    0xBC, 0xBD, 0x6A, 0x5D, 0x4A, 0x5E, 0x5B, 0x91, 0x43, 0xF5, 0xE9, 0xEB, 0x31, 0x3C, 0x5F, 0x0A,
    0x5C, 0x8F, 0x89, 0x8E, 0xD6, 0xB0, 0x9D, 0xC8, 0xE2, 0x2B, 0x0B, 0xF8, 0xF5, 0xC7, 0x94, 0xFE,
    0x21, 0x07, 0x6C, 0xE8, 0xFA, 0xB7, 0xB8, 0x5C, 0x7C, 0xC6, 0x6E, 0xD6, 0xF6, 0x7B, 0x5C, 0xB1,
    0x9E, 0x84, 0xBD, 0x9D, 0xAA, 0xFF, 0xC8, 0xBE, 0x43, 0x6B, 0xFC, 0xC0, 0x52, 0x47, 0xE7, 0x92,
    0x12, 0xEC, 0xD0, 0x82, 0x56, 0x54, 0x3C, 0x5A, 0xFA, 0x42, 0x92, 0xF9, 0x69, 0xE9, 0xEB, 0x92,
    0xDD, 0xA0, 0x95, 0x5B, 0xD6, 0x43, 0x81, 0xE4, 0xA9, 0x37, 0x4C, 0xA1, 0x3D, 0x8D, 0xE8, 0x73,
    0xAC, 0xFB, 0xC5, 0x2A, 0x2F, 0x56, 0x6D, 0x96, 0x9F, 0xD1, 0x2E, 0x37, 0x53, 0x67, 0x2B, 0x9C,
    0xAD, 0x3D, 0x9C, 0x6E, 0xBE, 0xE4, 0x50, 0x55, 0xFB, 0x66, 0x0E, 0xBE, 0x5F, 0x47, 0x3F, 0xDF,
    0x68, 0x35, 0x3D, 0x08, 0x9E, 0x7D, 0xC8, 0x0F, 0x4C, 0x0D, 0xFB, 0x24, 0x89, 0x9E, 0x94, 0xE7,
    0x30, 0x7F, 0xD3, 0x13, 0x65, 0x36, 0xE8, 0x87, 0x2A, 0xFB, 0x88, 0x1E, 0x30, 0x5E, 0xC9, 0x08,
    0x37, 0x2B, 0x76, 0xB8, 0x5E, 0x84, 0x5F, 0x33, 0xC2, 0x9F, 0x35, 0x23, 0x14, 0x85, 0x78, 0xBE,
    0x37, 0x7D, 0xB8, 0xA3, 0xA7, 0x8B, 0x3A, 0x34, 0xBA, 0x2A, 0x7C, 0xEF, 0xB9, 0xAB, 0x32, 0xD0,
    0xCA, 0xB0, 0x2E, 0x64, 0x69, 0xAD, 0xD3, 0x83, 0xF7, 0x73, 0x91, 0x66, 0x38, 0xF3, 0xC0, 0x1F,
    0x87, 0xC8, 0xE7, 0x20, 0xB9, 0x15, 0x7C, 0x85, 0xA5, 0x0C, 0x94, 0x97, 0x5B, 0xC6, 0x1C, 0xDB,
    0xE9, 0x3B, 0x1D, 0x81, 0xAC, 0x7C, 0x94, 0x45, 0xAA, 0xED, 0x8E, 0x89, 0xEF, 0x9F, 0x98, 0x97,
    0x90, 0x59, 0xF9, 0x25, 0x70, 0xFE, 0x96, 0xFB, 0x2E, 0xA6, 0x51, 0xC8, 0xFE, 0x96, 0xC3, 0x1D,
    0x73, 0xEB, 0x2A, 0x00, 0xCD, 0xFF, 0x5B, 0x19, 0x1A, 0xFB, 0xB3, 0x32, 0x2C, 0x45, 0xA5, 0x5C,
    0xB1, 0xB8, 0xB3, 0x32, 0xA4, 0xD5, 0xB8, 0x4B, 0xB3, 0xF2, 0x2E, 0x52, 0x2F, 0x3B, 0x2F, 0x38,
    0xEF, 0x27, 0xDE, 0x4E, 0xBC, 0x9C, 0x78, 0x3A, 0x71, 0x7F, 0xE2, 0xE0, 0x1C, 0x4F, 0xBC, 0x9E,
    0x78, 0x3E, 0xF1, 0x78, 0xE2, 0xE0, 0xBC, 0x9F, 0x78, 0xBB, 0xDC, 0x74, 0xE0, 0x5E, 0xD8, 0xAE,
    0x9B, 0xBB, 0xFF, 0xED, 0x3B, 0xBF, 0x6D, 0xC5, 0x73, 0xAB, 0x16, 0xC4, 0xEE, 0xB7, 0x87, 0x1F,
    0xFD, 0x40, 0x32, 0x55, 0x25, 0xF0, 0x7C, 0x7B, 0x0C, 0xD1, 0x92, 0x0B, 0xBC, 0xF0, 0x71, 0x0B,
    0x0B, 0xAF, 0x17, 0x6B, 0xB9, 0x58, 0xD3, 0xA5, 0xDE, 0x78, 0x6A, 0xD3, 0xFB, 0x59, 0x9C, 0x45,
    0x29, 0x64, 0x76, 0xB3, 0x61, 0x39, 0xD7, 0x64, 0x96, 0x5C, 0x07, 0x8B, 0x5F, 0xA3, 0x04, 0x51,
    0xA6, 0xE2, 0x2F, 0x46, 0xE1, 0xF2, 0x64, 0x14, 0x2E, 0x6F, 0x46, 0xE1, 0xF2, 0x68, 0x24, 0x1E,
    0x5E, 0x46, 0xB6, 0xF8, 0xD9, 0x88, 0xB7, 0xDF, 0x18, 0xF8, 0x41, 0xA8, 0xE2, 0x47, 0x24, 0x89,
    0x75, 0x35, 0x3F, 0x1C, 0x89, 0xD5, 0xA8, 0x45, 0x25, 0x5B, 0x7E, 0x47, 0x0A, 0xFC, 0x76, 0xD4,
    0xF1, 0xDB, 0x91, 0x44, 0xBE, 0x41, 0xAC, 0x56, 0xDE, 0x88, 0xE8, 0x29, 0x29, 0x5C, 0x9E, 0x8F,
    0xA8, 0xD7, 0x31, 0x53, 0x8B, 0xFC, 0xBE, 0x90, 0xD7, 0x24, 0xF6, 0xFC, 0x02, 0xF2, 0xDF, 0xA0,
    0x89, 0x44, 0xBC, 0xA7, 0xE7, 0xC9, 0x2A, 0x53, 0x2D, 0x0F, 0x4A, 0xF4, 0x6E, 0x04, 0x19, 0x4C,
    0xEF, 0x16, 0x24, 0x31, 0xA3, 0x59, 0x0D, 0xD4, 0x9C, 0xCC, 0x6A, 0xA1, 0xD5, 0xD9, 0xAD, 0xAD,
    0x90, 0x87, 0x24, 0xB4, 0xBA, 0x35, 0x97, 0x97, 0x24, 0x7A, 0x4A, 0x82, 0x93, 0xC9, 0x66, 0x16,
    0x8E, 0x27, 0xBA, 0x35, 0x87, 0x61, 0x57, 0xEB, 0x80, 0x79, 0xE8, 0x0E, 0x4B, 0x78, 0x64, 0xD4,
    0x6A, 0xF5, 0x17, 0xEB, 0x41, 0x71, 0x40, 0x2D, 0x5B, 0xDB, 0x8F, 0x2D, 0x39, 0x98, 0x8A, 0xB5,
    0x73, 0x76, 0x23, 0x57, 0x52, 0x7C, 0x7F, 0xAE, 0x97, 0x4E, 0x62, 0x89, 0x1B, 0x6D, 0xF4, 0x7B,
    0x17, 0x37, 0xE2, 0x83, 0xD7, 0x1A, 0xFC, 0x65, 0x49, 0x22, 0xED, 0x4D, 0xA3, 0x60, 0x66, 0x37,
    0x69, 0xB5, 0xDE, 0x6C, 0xF8, 0x31, 0xD9, 0x93, 0x60, 0xBF, 0xF0, 0xB4, 0xE8, 0x30, 0xF9, 0x25,
    0x6D, 0x67, 0x34, 0xE8, 0x63, 0xD7, 0x66, 0xA7, 0xBA, 0x28, 0x51, 0xBA, 0x43, 0x5A, 0x3C, 0x05,
    0x78, 0x85, 0x48, 0xB3, 0x45, 0xE6, 0x26, 0x26, 0xD2, 0x6B, 0xA2, 0x8E, 0xBA, 0xD9, 0x92, 0xBB,
    0xF0, 0x33, 0x56, 0x24, 0xA5, 0xEE, 0x59, 0xDC, 0xA6, 0x3B, 0x4D, 0x7C, 0x64, 0x35, 0xFE, 0x34,
    0x41, 0x48, 0x91, 0x1A, 0x70, 0xCC, 0x7A, 0x88, 0x30, 0x4A, 0x7B, 0x85, 0xEA, 0x70, 0x2C, 0xF4,
    0x68, 0x80, 0x84, 0xB7, 0x0B, 0x4C, 0x3D, 0x8F, 0x83, 0x29, 0x4B, 0xC9, 0xDE, 0x1F, 0x4E, 0xB4,
    0x79, 0x74, 0x35, 0x9A, 0xED, 0xC2, 0x71, 0xCC, 0x2E, 0xAF, 0x6F, 0xA2, 0x02, 0x8D, 0xCD, 0x3D,
    0xA7, 0x1A, 0x30, 0x0F, 0xFF, 0x03, 0xED, 0x59, 0x3D, 0x8E, 0xDD, 0x46, 0x0C, 0xD6, 0x93, 0x92,
    0x7D, 0x40, 0x54, 0xA8, 0x4A, 0xE3, 0x2D, 0xD4, 0xBB, 0xD1, 0x11, 0xA4, 0x2E, 0x27, 0x70, 0x13,
    0x17, 0xE9, 0xDD, 0xB8, 0x4D, 0xA7, 0x77, 0x83, 0x6C, 0xE1, 0x03, 0xB8, 0x48, 0x00, 0x63, 0x2F,
    0x21, 0x1D, 0x41, 0x49, 0x0E, 0x10, 0x15, 0x4E, 0xAF, 0x42, 0x01, 0x66, 0x1D, 0x3D, 0x4D, 0xC8,
    0x8F, 0xE4, 0x68, 0x9E, 0x76, 0x6D, 0x24, 0xB0, 0x01, 0x03, 0xF1, 0x0A, 0x8B, 0xA7, 0x6F, 0x24,
    0x0D, 0x87, 0x1C, 0xFE, 0x0C, 0xC9, 0x4D, 0x12, 0xBE, 0x52, 0xEF, 0x4F, 0xC9, 0x0E, 0x65, 0x8C,
    0xAE, 0xBC, 0x5C, 0x4D, 0xD2, 0x19, 0x3A, 0x2A, 0xF0, 0x49, 0x19, 0x50, 0x1D, 0x50, 0x6B, 0xA8,
    0xEF, 0xFC, 0x4C, 0x54, 0x72, 0xEF, 0x07, 0xFA, 0x13, 0x34, 0xD1, 0x63, 0x42, 0x85, 0xF7, 0xB3,
    0xA0, 0xCA, 0x7B, 0xE7, 0xF9, 0x3B, 0x5E, 0x67, 0x09, 0x73, 0x97, 0x40, 0x6F, 0x09, 0x6B, 0x2C,
    0xBA, 0x6E, 0xE7, 0x17, 0xE1, 0xC5, 0xD5, 0x84, 0xF8, 0xE1, 0xBB, 0x86, 0x51, 0xEE, 0x57, 0x22,
    0xC8, 0xA8, 0xC5, 0x7A, 0x84, 0x0E, 0x1E, 0xB4, 0x09, 0x65, 0x4C, 0x00, 0xE8, 0xE8, 0xFF, 0xEC,
    0xCE, 0x40, 0x85, 0x3F, 0x55, 0x5E, 0x11, 0xB1, 0xF4, 0x01, 0xB4, 0x7D, 0xB7, 0xCD, 0x35, 0x7A,
    0x45, 0x58, 0x83, 0xD1, 0x60, 0x48, 0x79, 0x21, 0xC4, 0x5B, 0xD9, 0x19, 0xA2, 0xDD, 0xC5, 0x77,
    0xB8, 0x5C, 0x40, 0x53, 0x40, 0x63, 0x1E, 0xF6, 0x2F, 0xEC, 0x73, 0x93, 0x2A, 0x38, 0x27, 0xA6,
    0x85, 0x11, 0xDB, 0x49, 0xD7, 0x1D, 0x36, 0xF6, 0x86, 0x7E, 0x9F, 0x3D, 0x63, 0x1D, 0x11, 0x53,
    0x09, 0xCD, 0xCD, 0xA0, 0x32, 0x46, 0x4C, 0xB9, 0x07, 0xAA, 0x78, 0xA1, 0x84, 0xF6, 0xA4, 0xAF,
    0xC1, 0x33, 0xA3, 0x6E, 0x4D, 0xBD, 0x63, 0xAE, 0x7A, 0xBA, 0x75, 0x0B, 0xEB, 0xBC, 0xA7, 0x8F,
    0x6A, 0x6C, 0xAC, 0xA2, 0x22, 0xA0, 0x52, 0xBF, 0x73, 0xAC, 0x6F, 0xD2, 0xEF, 0x77, 0x44, 0x85,
    0xC9, 0xB3, 0xDE, 0x26, 0x66, 0x17, 0x94, 0x07, 0x1E, 0x62, 0x35, 0x91, 0xA3, 0xB8, 0x2F, 0x51,
    0x7F, 0x08, 0x48, 0x0C, 0xE6, 0x6F, 0x46, 0x90, 0xE8, 0x77, 0xB0, 0x4B, 0x62, 0xAE, 0x19, 0xD0,
    0x55, 0xB7, 0xDE, 0x08, 0x52, 0x9B, 0xFC, 0x04, 0xE8, 0x18, 0x50, 0x11, 0x50, 0xAD, 0x76, 0x9F,
    0x8B, 0xB5, 0x1B, 0x4A, 0x0C, 0xAD, 0x01, 0x2D, 0x01, 0xCD, 0x01, 0x0D, 0x01, 0x35, 0x86, 0xE4,
    0x25, 0x21, 0x56, 0x51, 0x72, 0xBD, 0xD2, 0x8B, 0xA7, 0xB7, 0xAF, 0x0F, 0x6A, 0x2D, 0x53, 0x0E,
    0x75, 0x12, 0x28, 0x31, 0x89, 0x40, 0xAD, 0xDB, 0x31, 0xB6, 0xE7, 0x23, 0x11, 0xEC, 0xFC, 0xD8,
    0xB9, 0x94, 0x34, 0xCD, 0x0E, 0x34, 0x25, 0xFC, 0x07, 0x3D, 0xF8, 0x29, 0x35, 0x40, 0x12, 0x35,
    0x7E, 0x3E, 0xC0, 0x7C, 0x48, 0x7B, 0x99, 0x1F, 0x6B, 0xE2, 0xB3, 0x5D, 0x7F, 0xF0, 0xBF, 0x31,
    0x9B, 0xEA, 0x44, 0xB3, 0xF9, 0xE9, 0xA0, 0x36, 0x43, 0xCB, 0xA5, 0x66, 0x4F, 0xB2, 0xFD, 0xA3,
    0x6C, 0x8A, 0x0A, 0xF9, 0xC4, 0xAF, 0x37, 0xC9, 0x87, 0xAF, 0x87, 0xC4, 0x59, 0x01, 0xAA, 0x7B,
    0xE2, 0x74, 0x24, 0xCE, 0xC8, 0xE2, 0xF8, 0x39, 0x85, 0x14, 0x22, 0xCE, 0x21, 0x92, 0xE2, 0x04,
    0x90, 0xB3, 0x38, 0x2C, 0x72, 0xC5, 0xE2, 0x90, 0x14, 0xBF, 0x46, 0x52, 0xB8, 0xA4, 0x32, 0xD3,
    0x57, 0x83, 0x3A, 0xB1, 0x46, 0x95, 0xE9, 0xD6, 0xAB, 0x3A, 0x20, 0x45, 0x13, 0x4B, 0x51, 0xF1,
    0xFB, 0x6F, 0x6E, 0xDF, 0xA4, 0x10, 0xB3, 0x80, 0xFF, 0x2D, 0x00, 0x15, 0xE6, 0x16, 0x12, 0x77,
    0x1A, 0xDA, 0x25, 0xD7, 0xB9, 0x9C, 0xC8, 0x56, 0x14, 0x93, 0xC6, 0x94, 0x98, 0xAF, 0x29, 0x4C,
    0xF5, 0x09, 0xA4, 0x98, 0x04, 0x10, 0x0D, 0x3F, 0x1C, 0x7C, 0x4F, 0xC4, 0x86, 0x8E, 0x38, 0x6F,
    0x72, 0x98, 0x7F, 0x87, 0xB8, 0xD7, 0x28, 0xAB, 0xAB, 0x6D, 0xB8, 0x4B, 0xD4, 0xE2, 0xE1, 0x76,
    0xC2, 0xB3, 0x88, 0x71, 0x96, 0x58, 0xA0, 0x86, 0x73, 0xD5, 0xF9, 0xB7, 0xD8, 0x56, 0x8E, 0x82,
    0x37, 0x12, 0x30, 0x44, 0xAE, 0x5C, 0x15, 0xA7, 0xBB, 0xE0, 0xD8, 0x91, 0x65, 0x89, 0x4C, 0x1D,
    0xE8, 0x94, 0xEF, 0xFD, 0x6C, 0x34, 0xD7, 0x9B, 0x60, 0xD3, 0xC4, 0xC2, 0xDC, 0x82, 0x18, 0xCD,
    0x97, 0x00, 0x41, 0xBF, 0x1D, 0xD3, 0xE2, 0x08, 0x25, 0xDB, 0x06, 0x30, 0x09, 0xB8, 0xBD, 0x7D,
    0xAD, 0x81, 0x54, 0x1D, 0xE3, 0x0B, 0x00, 0xD7, 0xFE, 0xC2, 0xE2, 0xCD, 0xC9, 0x43, 0xB8, 0x50,
    0xB7, 0xB6, 0x98, 0x61, 0x41, 0x43, 0x03, 0x07, 0x76, 0x4E, 0xAF, 0x36, 0xC4, 0x05, 0x5C, 0x12,
    0x60, 0x37, 0xC2, 0x88, 0xB2, 0xDB, 0x10, 0x61, 0xF5, 0xDF, 0x0E, 0x2F, 0xE7, 0xEE, 0x28, 0xEF,
    0xD6, 0xDD, 0x71, 0xB5, 0xE3, 0x79, 0x27, 0xD1, 0x4E, 0xDE, 0xFD, 0x6E, 0x7C, 0xFC, 0x75, 0x20,
    0x7B, 0x7E, 0xBB, 0x0D, 0x2B, 0x75, 0x85, 0x90, 0x71, 0xC4, 0xBC, 0x17, 0xC1, 0xA9, 0x83, 0x20,
    0xD1, 0xD7, 0x3E, 0x9C, 0x7F, 0xDB, 0xD4, 0x30, 0xD9, 0x7C, 0x62, 0x49, 0x42, 0x38, 0x8E, 0x86,
    0x05, 0xA6, 0x05, 0xD2, 0x25, 0x88, 0xD6, 0x1A, 0xE2, 0x99, 0x27, 0x79, 0x68, 0xC3, 0x55, 0xA6,
    0x18, 0x17, 0xE7, 0xCB, 0xE1, 0x12, 0x0F, 0x9F, 0xDE, 0xBE, 0x89, 0x87, 0x61, 0xB9, 0xC7, 0xE1,
    0x67, 0x1B, 0x5E, 0x51, 0x56, 0x18, 0x4C, 0xC4, 0xED, 0xAC, 0xCE, 0xC7, 0xA7, 0x85, 0x04, 0xE3,
    0xD2, 0x4E, 0x46, 0x72, 0xA4, 0xB3, 0x26, 0x08, 0x1A, 0x78, 0x27, 0xA6, 0x01, 0x73, 0x9A, 0xE9,
    0xC5, 0x02, 0x3B, 0xE3, 0xAC, 0x08, 0x46, 0x47, 0x1F, 0xB3, 0xC1, 0xAE, 0xBF, 0xD0, 0xD7, 0x7A,
    0x42, 0xBD, 0xEB, 0xA2, 0x7C, 0xB8, 0x09, 0xE8, 0xB4, 0x21, 0x9A, 0xF7, 0xF5, 0x0B, 0xBF, 0xB9,
    0xE4, 0xF3, 0xCD, 0x39, 0xAF, 0x36, 0x37, 0xBD, 0xEA, 0x83, 0xCD, 0x5F, 0xA2, 0x6B, 0xF2, 0x25,
    0x20, 0x66, 0xFF, 0x04, 0xC4, 0xB4, 0x1D, 0xA3, 0x34, 0xE4, 0x55, 0xE1, 0x5C, 0xB0, 0x83, 0x93,
    0x50, 0x27, 0xB2, 0x21, 0xFF, 0x92, 0x43, 0x85, 0x33, 0x45, 0x71, 0x95, 0xDE, 0x64, 0xE3, 0x93,
    0x64, 0xD6, 0xD5, 0x82, 0x6C, 0x7D, 0x90, 0xAD, 0x0F, 0x72, 0x3C, 0x88, 0xFE, 0xA3, 0x6C, 0x2F,
    0xEF, 0x92, 0x7D, 0x76, 0x56, 0x48, 0xE4, 0xBA, 0xF6, 0x77, 0x35, 0x7C, 0x17, 0x4A, 0x9A, 0xCB,
    0xB3, 0x9E, 0xF2, 0xC3, 0xD1, 0xAB, 0x94, 0xC4, 0xBB, 0x4A, 0xC9, 0x48, 0x18, 0xE4, 0xB7, 0x1D,
    0xA5, 0x5C, 0xD7, 0x94, 0x14, 0xAD, 0x09, 0xF6, 0x9A, 0x62, 0xCF, 0x39, 0x83, 0x3B, 0x97, 0xA8,
    0x22, 0x9C, 0x28, 0x9E, 0x92, 0xA6, 0x49, 0xEB, 0x1D, 0x48, 0xF9, 0x8A, 0x75, 0x29, 0x44, 0xEE,
    0xE8, 0xEB, 0xFA, 0x7E, 0x6D, 0xD3, 0x5C, 0x68, 0xF0, 0xDB, 0x17, 0x51, 0x5C, 0xFA, 0x90, 0x94,
    0x35, 0x6F, 0xCF, 0xFB, 0xD0, 0x93, 0x4E, 0x11, 0xB2, 0xC8, 0x5A, 0xCC, 0x0E, 0x05, 0x50, 0xAF,
    0xD6, 0xD9, 0xEE, 0x34, 0xB8, 0x65, 0xD0, 0x48, 0xE1, 0xA1, 0xC1, 0x06, 0xB2, 0xF5, 0x79, 0xA4,
    0xC1, 0x49, 0x35, 0x58, 0x8A, 0x06, 0x83, 0xDE, 0xD6, 0x0B, 0x0D, 0xB6, 0x0F, 0x20, 0xD6, 0xE0,
    0xF7, 0xDD, 0xA6, 0xC1, 0x27, 0x9B, 0x6C, 0x5F, 0x77, 0x41, 0xB6, 0xC3, 0x09, 0xC7, 0xC4, 0xC1,
    0xAB, 0x49, 0x35, 0xA5, 0x08, 0x40, 0x1B, 0xDB, 0xD2, 0xC9, 0x34, 0x53, 0x91, 0x40, 0x16, 0x39,
    0x25, 0xED, 0x82, 0x63, 0x4C, 0x10, 0x9F, 0x60, 0x7C, 0x6E, 0xA1, 0xBE, 0xE3, 0xFC, 0x4B, 0x2B,
    0xA9, 0x14, 0x51, 0xBA, 0x82, 0xBA, 0x5B, 0x2D, 0xAC, 0x1E, 0xFC, 0xE1, 0x64, 0xCE, 0x72, 0x39,
    0x4A, 0xDC, 0x72, 0x0F, 0x4F, 0xE4, 0x22, 0x71, 0xE5, 0x3B, 0x93, 0x45, 0x42, 0xC7, 0x79, 0x1C,
    0xDD, 0x3B, 0x4E, 0xE3, 0xE8, 0x8E, 0xE4, 0xED, 0xA1, 0xBB, 0xBE, 0xE7, 0xBC, 0xAF, 0xD7, 0x44,
    0xB0, 0x97, 0xCC, 0x10, 0xF7, 0x42, 0xEF, 0xA9, 0xDE, 0x55, 0x11, 0x8B, 0xD6, 0x61, 0x76, 0x77,
    0x7A, 0x9F, 0xF4, 0x3E, 0xAA, 0xA9, 0x9E, 0x24, 0xAE, 0x70, 0x81, 0x45, 0xDC, 0x50, 0x3A, 0x46,
    0x69, 0xD7, 0xEA, 0xA3, 0x8B, 0x86, 0x28, 0x12, 0x29, 0xA5, 0xD7, 0xC0, 0x34, 0x45, 0x67, 0xF2,
    0xC7, 0x63, 0x5D, 0xE6, 0xE7, 0x08, 0xE3, 0xE8, 0x0C, 0x0C, 0xC4, 0x78, 0x88, 0xB0, 0x8B, 0xF0,
    0x1A, 0x61, 0xB2, 0xB4, 0x0D, 0xF7, 0x11, 0x1E, 0x6C, 0xCD, 0xD6, 0xA3, 0x64, 0x99, 0xF4, 0x00,
    0x9E, 0x0C, 0xA7, 0x11, 0x3E, 0x44, 0x38, 0xF9, 0x08, 0x1C, 0xD3, 0xC9, 0x2E, 0xD7, 0xED, 0x0D,
    0x23, 0x07, 0xF6, 0x91, 0xC0, 0x01, 0x2E, 0x11, 0x9E, 0x22, 0x3C, 0xBE, 0x4F, 0xF6, 0x58, 0xDE,
    0x29, 0xC2, 0x4B, 0x84, 0xD7, 0x88, 0x37, 0x1F, 0x78, 0xAE, 0xB8, 0xB2, 0x51, 0x5C, 0x20, 0x66,
    0x4F, 0xA1, 0x10, 0x35, 0x9C, 0x7D, 0x04, 0x8E, 0xE9, 0xE4, 0x11, 0xAE, 0xB6, 0xB5, 0x98, 0x9F,
    0x26, 0x32, 0xBD, 0x1D, 0xCF, 0x0F, 0xC9, 0x32, 0x87, 0x68, 0xC3, 0xFA, 0xAD, 0x23, 0x1B, 0x28,
    0x23, 0x3B, 0x39, 0xC6, 0x41, 0x51, 0x27, 0xBC, 0xFA, 0x84, 0x36, 0xBC, 0xC7, 0x52, 0x9E, 0xE8,
    0xB3, 0xCF, 0xF2, 0x43, 0x61, 0x0F, 0x59, 0x83, 0x97, 0xE3, 0x17, 0x0D, 0x2E, 0xEE, 0x6D, 0x71,
    0xD8, 0xE3, 0xE6, 0x94, 0xA3, 0x9D, 0xAB, 0x35, 0xEC, 0x01, 0x2D, 0x1A, 0xF6, 0x1C, 0x92, 0xF4,
    0xDA, 0x1A, 0x3E, 0xFD, 0x51, 0x1D, 0x6A, 0x91, 0x94, 0x1B, 0xE4, 0x33, 0x4D, 0x3D, 0x1E, 0xA1,
    0x9E, 0x85, 0x37, 0x0C, 0xD7, 0x46, 0xB6, 0x3C, 0x83, 0x59, 0x62, 0xE3, 0xB3, 0x60, 0xB9, 0x03,
    0xF2, 0x7E, 0x18, 0xF7, 0x04, 0xD8, 0x43, 0x15, 0x99, 0xA7, 0xA8, 0x3E, 0x40, 0x21, 0x19, 0x07,
    0xFA, 0x11, 0xCA, 0xC8, 0xD8, 0x8D, 0x27, 0x28, 0x47, 0x61, 0xF4, 0x74, 0x91, 0x2E, 0x4A, 0xEA,
    0x27, 0xA8, 0x2B, 0x65, 0x0A, 0x23, 0x94, 0x86, 0xFA, 0x5D, 0x8E, 0xB7, 0x24, 0x54, 0xDB, 0xD2,
    0xBC, 0xD2, 0x6A, 0xAA, 0x44, 0x22, 0x09, 0x65, 0x66, 0x90, 0x40, 0xAA, 0xA8, 0x97, 0xE8, 0x46,
    0x5C, 0xA3, 0xFC, 0xF9, 0x0A, 0x89, 0x0B, 0x3D, 0xFD, 0x11, 0x1E, 0xB4, 0x36, 0x47, 0x67, 0xFD,
    0x52, 0x67, 0x1D, 0x31, 0x67, 0x45, 0x8C, 0xCB, 0xF7, 0x6D, 0x42, 0x67, 0x69, 0x80, 0xE3, 0x36,
    0xCF, 0xB5, 0x54, 0xF8, 0x0E, 0x21, 0xF7, 0xD4, 0x72, 0xCA, 0x76, 0xE8, 0xDE, 0x26, 0x9D, 0x15,
    0x43, 0x21, 0x39, 0x09, 0x09, 0xF0, 0x45, 0xFE, 0xEB, 0xAC, 0xCD, 0x80, 0x47, 0x57, 0xDE, 0xEA,
    0xC5, 0x52, 0x13, 0x62, 0x79, 0x19, 0xEA, 0xA8, 0x40, 0x33, 0xAE, 0x96, 0xE2, 0xEC, 0xFB, 0x11,
    0x08, 0xB8, 0x0B, 0x45, 0xEC, 0x60, 0xC0, 0x19, 0x38, 0x87, 0xFA, 0x56, 0xC0, 0x58, 0xA1, 0x0A,
    0x2F, 0xB8, 0x89, 0x73, 0x02, 0x48, 0x32, 0x6D, 0x90, 0xDF, 0x07, 0xF4, 0x4D, 0x6F, 0xB3, 0x4E,
    0x56, 0xBB, 0x34, 0x56, 0xF5, 0x5A, 0x88, 0x5F, 0xAC, 0x19, 0x30, 0x5B, 0x91, 0xDB, 0x6B, 0x05,
    0x2E, 0x6D, 0x48, 0xED, 0x2F, 0xA5, 0xD6, 0x26, 0xAB, 0x2E, 0x52, 0x82, 0x25, 0xD4, 0xD0, 0x56,
    0x87, 0xD3, 0xF4, 0x72, 0x3B, 0x01, 0x56, 0x6E, 0xFE, 0x4F, 0xDC, 0x0E, 0x13, 0x2F, 0xED, 0x98,
    0x1C, 0xDB, 0x20, 0x84, 0x2B, 0xF5, 0xF4, 0x68, 0x0A, 0x05, 0x48, 0x99, 0xFC, 0xFA, 0xDC, 0x8F,
    0x00, 0xE4, 0x4F, 0x13, 0x00, 0x37, 0xFB, 0x2E, 0x81, 0x34, 0x31, 0xC9, 0xFD, 0xB8, 0x57, 0x58,
    0x7A, 0x34, 0x98, 0xFD, 0x50, 0x69, 0xEF, 0xF2, 0xC4, 0x45, 0x18, 0xAC, 0xB0, 0x23, 0x5E, 0x0F,
    0x1E, 0x0B, 0xF6, 0xE8, 0x42, 0x66, 0x66, 0xE5, 0xB9, 0xE9, 0xA0, 0xB4, 0x02, 0x3F, 0x34, 0x78,
    0x22, 0x97, 0x98, 0xAC, 0x26, 0x1C, 0x2F, 0x8B, 0x8E, 0xFF, 0x1F, 0x90, 0x26, 0x68, 0x66, 0xCD,
    0x91, 0xCC, 0x7A, 0x2A, 0xD9, 0x85, 0xD9, 0xF4, 0x00, 0x73, 0x0E, 0x63, 0xCD, 0xFC, 0x90, 0x62,
    0x63, 0x24, 0x1A, 0xBE, 0x07, 0x0C, 0xA9, 0x02, 0x9A, 0x35, 0xAA, 0xD5, 0x89, 0xAD, 0x87, 0xAA,
    0xAF, 0xB5, 0x38, 0x51, 0x5A, 0x2C, 0x39, 0x86, 0x13, 0x9C, 0xE3, 0x21, 0xAB, 0x33, 0xC9, 0x57,
    0xF9, 0xC2, 0xB1, 0x11, 0x8E, 0xD0, 0x20, 0xB2, 0x7F, 0x07, 0xE2, 0x48, 0xBC, 0xB4, 0x4B, 0x0A,
    0x71, 0xA2, 0x82, 0x54, 0x96, 0x18, 0x2A, 0x85, 0x44, 0xCD, 0x16, 0x2C, 0xFD, 0x5F, 0x9B, 0x77,
    0x59, 0x82, 0xBB, 0x99, 0x74, 0x68, 0x18, 0x59, 0x30, 0xFB, 0x43, 0x21, 0xD9, 0xF1, 0x4F, 0x0A,
    0xC9, 0xF0, 0x8A, 0xC0, 0xBD, 0xFD, 0xFF, 0x86, 0xAB, 0x7D, 0x83, 0x19, 0x5B, 0xB3, 0xC5, 0xC3,
    0x3E, 0xEA, 0x3E, 0x3C, 0xC2, 0xCF, 0x0F, 0xEF, 0xA2, 0x26, 0xE2, 0xB0, 0x41, 0xB7, 0xC1, 0x73,
    0xD4, 0x65, 0x34, 0xA8, 0x71, 0x98, 0x61, 0x9F, 0x6B, 0x3C, 0x29, 0x7C, 0x93, 0xA9, 0x37, 0x85,
    0x20, 0xBC, 0x7B, 0xDA, 0xE7, 0x0A, 0x73, 0x8B, 0xC9, 0x51, 0x54, 0x8E, 0xE2, 0xB2, 0xD8, 0xDA,
    0xB2, 0x35, 0x6A, 0xE7, 0x64, 0xFF, 0xDF, 0x27, 0x8B, 0xCF, 0x8F, 0xFF, 0x00, 0xF8, 0xA2, 0xC1,
    0x3F, 0xDD, 0x59, 0xBD, 0xAE, 0xDD, 0xC6, 0x11, 0x5E, 0x1E, 0xC2, 0x97, 0x01, 0x08, 0x98, 0x5D,
    0x0A, 0xA9, 0xA0, 0xDF, 0x80, 0x8F, 0x40, 0xBA, 0x72, 0xAB, 0xC6, 0x95, 0x0B, 0xF7, 0x76, 0x00,
    0x3D, 0x02, 0x4F, 0x9C, 0x07, 0xF0, 0x79, 0x04, 0x17, 0x2A, 0x12, 0x35, 0x7A, 0x01, 0x03, 0x5C,
    0xC7, 0x85, 0x5B, 0x02, 0xF1, 0x03, 0xB0, 0x70, 0xA3, 0xA4, 0x08, 0x0D, 0xD0, 0x30, 0xAD, 0x90,
    0x1C, 0xCF, 0xDF, 0xEE, 0x0E, 0xED, 0x7B, 0x65, 0x09, 0x30, 0x02, 0x24, 0x07, 0x57, 0xE2, 0x0C,
    0x0F, 0xB9, 0x3B, 0x3B, 0xF3, 0xCD, 0xB7, 0xB3, 0x73, 0x9C, 0x7B, 0xBC, 0xB9, 0x1C, 0x6E, 0xCE,
    0xB9, 0x0B, 0x80, 0x2B, 0x61, 0x47, 0xA9, 0x06, 0xF0, 0x0D, 0xC0, 0xD5, 0xB9, 0x01, 0x60, 0xEE,
    0x01, 0x26, 0x97, 0x01, 0xC0, 0x8E, 0xFF, 0x16, 0x7C, 0x58, 0x3E, 0x1B, 0x3E, 0x2C, 0x9F, 0xDD,
    0x55, 0x2A, 0x1D, 0xAE, 0x51, 0x09, 0x5C, 0x0B, 0x6B, 0x05, 0x47, 0xCD, 0xD2, 0x9C, 0xC3, 0x86,
    0xCF, 0xB8, 0x1E, 0x47, 0x1A, 0x66, 0x92, 0x06, 0x18, 0x5D, 0xE3, 0x49, 0xC2, 0x67, 0x6F, 0xA5,
    0x53, 0xE9, 0x70, 0x41, 0xC2, 0xD9, 0x83, 0x34, 0x45, 0x69, 0x16, 0xE9, 0xB8, 0xC0, 0x2A, 0xD2,
    0xEA, 0x86, 0x4D, 0xA4, 0xD9, 0xB5, 0x0F, 0x4B, 0x43, 0x7C, 0xAE, 0xC5, 0x77, 0x17, 0x96, 0x9A,
    0x38, 0x1E, 0x59, 0x3F, 0xB2, 0x94, 0xC7, 0x79, 0xD1, 0xC0, 0x5D, 0x6C, 0xC1, 0x65, 0xDE, 0x54,
    0xE2, 0xCF, 0xFF, 0xB6, 0x54, 0x47, 0xA9, 0x8D, 0x12, 0xBB, 0x5D, 0x9E, 0xE2, 0xF0, 0x8B, 0xB4,
    0x45, 0x69, 0x8D, 0xD2, 0x1C, 0xA5, 0x31, 0x4A, 0x5D, 0x90, 0xF6, 0x38, 0x97, 0x7C, 0x89, 0x8E,
    0x7B, 0xE6, 0x5C, 0x9C, 0xCD, 0xFF, 0x42, 0xE8, 0x83, 0x30, 0x10, 0xD0, 0x04, 0x7F, 0x9D, 0xCB,
    0x06, 0x41, 0x4F, 0x00, 0x12, 0xDD, 0x3D, 0xA1, 0x6D, 0xA1, 0x25, 0xD0, 0xC7, 0xD3, 0x0A, 0xF0,
    0xF3, 0x1D, 0x0D, 0xB5, 0x84, 0xA1, 0x3C, 0x8D, 0x73, 0x73, 0x6C, 0x56, 0x8D, 0x96, 0x53, 0xC8,
    0xAF, 0x3D, 0x2E, 0x90, 0x50, 0xE0, 0xC9, 0x5C, 0x02, 0xC6, 0x57, 0xF0, 0x67, 0xB8, 0x02, 0x7C,
    0x06, 0xDF, 0xE3, 0xD7, 0x7E, 0x80, 0x7F, 0x90, 0x0B, 0x5A, 0xDF, 0x2A, 0x72, 0xBD, 0x4C, 0x8E,
    0xCF, 0xE0, 0x62, 0x7E, 0x24, 0xB1, 0x43, 0x64, 0xCC, 0x03, 0x3B, 0x0A, 0x91, 0x5B, 0xB2, 0x4F,
    0xEE, 0x70, 0xB2, 0xA7, 0x68, 0x3B, 0x7E, 0xF3, 0x56, 0x7F, 0xEE, 0xE9, 0x4F, 0x6C, 0x6C, 0x41,
    0x8E, 0xCA, 0x9E, 0xFF, 0xB5, 0x96, 0xAC, 0xDA, 0x5A, 0x5A, 0x25, 0x5E, 0x79, 0x1A, 0xBC, 0xC2,
    0x52, 0x03, 0x3E, 0xB4, 0xC2, 0x58, 0x50, 0x62, 0x2E, 0xE0, 0x73, 0xC2, 0xEA, 0xC2, 0x7A, 0x8D,
    0xE6, 0xD0, 0xF7, 0x2D, 0x4C, 0x2D, 0xF0, 0xF2, 0x3C, 0x8E, 0xB3, 0xA3, 0xB7, 0xAE, 0xF8, 0x6F,
    0xE3, 0x30, 0x3F, 0x1A, 0x0E, 0x8E, 0xCA, 0x63, 0xF1, 0x9B, 0xB8, 0x6D, 0xD4, 0xAB, 0x73, 0xEA,
    0x4E, 0xBE, 0x1E, 0xE8, 0xAE, 0x4F, 0xE4, 0x82, 0x9F, 0xA7, 0x9B, 0x3B, 0x34, 0x82, 0x47, 0x8E,
    0xE9, 0xF7, 0xE1, 0x13, 0x74, 0x31, 0x7C, 0x4E, 0xEE, 0x9C, 0x33, 0x4D, 0x79, 0x98, 0x0B, 0x1D,
    0x08, 0x30, 0xA1, 0xA7, 0x86, 0x5D, 0x3B, 0x37, 0x64, 0x61, 0x83, 0xBE, 0x9D, 0x31, 0xFD, 0xF3,
    0xBD, 0x42, 0x4F, 0x4F, 0xF8, 0xEA, 0x75, 0x61, 0x09, 0x57, 0x36, 0xBD, 0x57, 0xC1, 0xDF, 0x61,
    0x84, 0x57, 0x9C, 0x85, 0x5F, 0x83, 0x87, 0x6B, 0x43, 0xB9, 0xFC, 0x0D, 0x4A, 0xAE, 0xDA, 0x70,
    0x5D, 0x9F, 0xE3, 0xDB, 0x24, 0x35, 0xD0, 0x63, 0xC8, 0xBA, 0x7A, 0x73, 0xBC, 0xC0, 0x7E, 0xEC,
    0x57, 0xB2, 0x82, 0xD5, 0xD9, 0xB1, 0xE9, 0x15, 0x71, 0xC3, 0x40, 0x6B, 0xCA, 0x29, 0xE0, 0x2D,
    0x43, 0x10, 0x1F, 0x73, 0x8F, 0xFE, 0xD6, 0x09, 0xB0, 0xFD, 0x1B, 0x5D, 0x14, 0x50, 0x6F, 0x7E,
    0x79, 0xF3, 0xA1, 0x15, 0x96, 0xDD, 0xE9, 0xAA, 0x49, 0x93, 0x69, 0x06, 0xE6, 0x7A, 0xAD, 0x22,
    0xEE, 0x77, 0x85, 0xFD, 0xA6, 0xCC, 0xBA, 0x68, 0x3A, 0x4C, 0xE4, 0x01, 0xE6, 0xA8, 0x61, 0x29,
    0x19, 0x8D, 0x30, 0x66, 0x9C, 0x6F, 0x38, 0x17, 0x4F, 0x17, 0xAF, 0x78, 0x9F, 0xAE, 0xC3, 0x5A,
    0x72, 0x7A, 0xF5, 0x9A, 0xA9, 0x0D, 0xC8, 0x64, 0x95, 0x26, 0xF8, 0x85, 0x06, 0xA5, 0x4F, 0x23,
    0x11, 0x47, 0xB0, 0xDC, 0xC8, 0xC0, 0x8D, 0xE0, 0x09, 0x1D, 0x4D, 0xCF, 0x69, 0x41, 0xBB, 0x00,
    0x2C, 0x03, 0x31, 0x2F, 0x93, 0x2E, 0x73, 0xAB, 0xF9, 0x8F, 0xEE, 0xF1, 0xB7, 0xFC, 0x1C, 0xBF,
    0xC1, 0xEF, 0xF2, 0x28, 0x3C, 0x9E, 0x8C, 0xEC, 0xDC, 0x0B, 0x78, 0x29, 0x3C, 0x44, 0x13, 0x0B,
    0xA9, 0xE7, 0x72, 0x29, 0xE4, 0x52, 0x06, 0xA6, 0xDF, 0xDD, 0x1F, 0xE9, 0x32, 0x8B, 0xBD, 0xB3,
    0xE4, 0xCC, 0x1A, 0xA9, 0x42, 0x80, 0x7D, 0x15, 0x57, 0x79, 0xF1, 0x94, 0x17, 0x47, 0x79, 0x5C,
    0xEF, 0xAB, 0xE7, 0x83, 0x17, 0x6E, 0xA1, 0xF9, 0xD5, 0xEF, 0xD6, 0xFD, 0x64, 0xC0, 0x9F, 0x78,
    0x8B, 0x23, 0xEB, 0x5A, 0xB9, 0xD4, 0x72, 0x29, 0x94, 0x00, 0x25, 0x43, 0x30, 0xD5, 0x5F, 0x49,
    0xE4, 0x32, 0xB1, 0x9E, 0x93, 0x44, 0xB8, 0x47, 0x12, 0x39, 0xF0, 0xA0, 0x30, 0xC8, 0x2C, 0xC1,
    0x05, 0xE5, 0xD3, 0xB0, 0x4F, 0x5E, 0x23, 0xAB, 0xD1, 0xD2, 0x7B, 0x7A, 0xFD, 0x63, 0xCD, 0xC0,
    0x95, 0xD1, 0x41, 0xE9, 0xCF, 0x51, 0x23, 0x24, 0x14, 0xC2, 0xCA, 0x17, 0x8E, 0xC2, 0xCA, 0xDE,
    0x1B, 0x28, 0xC9, 0x29, 0x03, 0x77, 0x9C, 0x68, 0x6C, 0xC0, 0xD3, 0xC8, 0xC8, 0x51, 0x48, 0x01,
    0x57, 0x1A, 0x79, 0x2A, 0x29, 0x4E, 0x1C, 0xEB, 0x25, 0x87, 0xA5, 0x97, 0x4D, 0x73, 0xCB, 0x29,
    0x70, 0x19, 0xEC, 0x19, 0xF1, 0xC3, 0x4A, 0xFF, 0x61, 0xC8, 0xF0, 0xC6, 0x46, 0x5F, 0x8D, 0xB8,
    0x64, 0x27, 0x22, 0xF9, 0xF0, 0xB5, 0x62, 0x7C, 0x56, 0x46, 0x40, 0x71, 0xD8, 0x65, 0xDC, 0x0C,
    0xD6, 0xE1, 0x90, 0xD9, 0x18, 0x03, 0xD1, 0x06, 0x63, 0x99, 0xB1, 0xB7, 0x86, 0x89, 0x57, 0xD1,
    0xC0, 0x68, 0xD6, 0x66, 0x56, 0x9C, 0xB3, 0xB7, 0xC8, 0x73, 0xD6, 0x3B, 0x34, 0xEA, 0xB7, 0x14,
    0xF5, 0xE5, 0xE4, 0x49, 0xE3, 0x5F, 0xE3, 0x75, 0x13, 0x0B, 0x1B, 0x21, 0x13, 0x37, 0x1B, 0xCD,
    0x77, 0x50, 0xD4, 0x10, 0xD3, 0xA3, 0xC2, 0xD0, 0x21, 0xE9, 0x1E, 0x8A, 0x66, 0xAB, 0xE2, 0x1C,
    0x28, 0x84, 0x40, 0x73, 0x81, 0x58, 0x0C, 0x15, 0x41, 0x94, 0x44, 0xBA, 0x31, 0x60, 0x7D, 0x2D,
    0x98, 0xC2, 0xB5, 0x8C, 0x6D, 0x0C, 0xF7, 0xAC, 0xDB, 0x71, 0xCE, 0xA9, 0xB6, 0xAB, 0x21, 0xCB,
    0xA0, 0xDB, 0x30, 0xFA, 0x00, 0x74, 0x93, 0xEB, 0x31, 0x00, 0x56, 0x9C, 0x75, 0x5B, 0x7D, 0x4B,
    0xF1, 0xBE, 0xC1, 0x06, 0xDD, 0xEA, 0x81, 0x42, 0x18, 0x26, 0x5E, 0x8C, 0x65, 0x6D, 0x0C, 0x0B,
    0x46, 0x93, 0x47, 0xC3, 0x3B, 0x53, 0xC5, 0x1B, 0xC7, 0x5D, 0x48, 0x77, 0x5D, 0x71, 0x9E, 0xFC,
    0x60, 0xBC, 0x63, 0x7D, 0x16, 0xAA, 0x46, 0xDE, 0xB3, 0xC3, 0xA3, 0xD6, 0xEB, 0x72, 0x5B, 0x89,
    0xE9, 0x2E, 0x6E, 0x4F, 0xEE, 0xEE, 0x05, 0xFC, 0xB3, 0x0B, 0x37, 0xC3, 0x03, 0x7D, 0xD8, 0xCF,
    0x82, 0xDB, 0x0F, 0x97, 0x50, 0xE2, 0x25, 0xCF, 0xE5, 0x89, 0x4B, 0x32, 0x27, 0xD9, 0x1B, 0xAD,
    0x01, 0x46, 0xEC, 0xAE, 0x0B, 0xD2, 0x15, 0xE3, 0x9D, 0x49, 0xC3, 0x52, 0x72, 0x25, 0xB0, 0xA8,
    0x79, 0x18, 0xA1, 0x29, 0x45, 0x08, 0x6B, 0x5A, 0xB4, 0x71, 0x20, 0xA7, 0x7A, 0xFA, 0x52, 0xFC,
    0x4B, 0x65, 0xEE, 0x21, 0x5E, 0x67, 0x2E, 0xED, 0x44, 0xEC, 0x65, 0x7C, 0x12, 0x89, 0xA5, 0x47,
    0x11, 0x61, 0xBA, 0x90, 0x9F, 0x51, 0x9C, 0x88, 0xCB, 0x49, 0x1C, 0x68, 0xEF, 0x17, 0xB1, 0x85,
    0x23, 0x89, 0x10, 0x9E, 0xE5, 0x22, 0xAD, 0x24, 0x0B, 0x37, 0x5D, 0x10, 0xD6, 0x34, 0x9B, 0x2E,
    0xF3, 0x4A, 0xF9, 0xD3, 0xEB, 0x56, 0x8D, 0x26, 0x31, 0x7E, 0xD7, 0x0B, 0x47, 0x80, 0x6E, 0x63,
    0x35, 0x41, 0x22, 0xE6, 0xC2, 0x77, 0xB2, 0xA1, 0xC6, 0xF2, 0x50, 0xB7, 0xAF, 0x4C, 0xC0, 0x1E,
    0x72, 0xC7, 0xC5, 0xDC, 0x3A, 0x92, 0xB8, 0x25, 0x71, 0x4E, 0xA2, 0x4F, 0x62, 0x1C, 0x34, 0x94,
    0x6A, 0x6D, 0x1A, 0xB5, 0x8D, 0x37, 0x51, 0x7C, 0xE9, 0xEE, 0xF9, 0xBC, 0x7B, 0x56, 0x9B, 0xF1,
    0xA4, 0x0E, 0xAB, 0xD5, 0xB2, 0x00, 0x18, 0x17, 0xC8, 0xF9, 0x6A, 0xD4, 0x54, 0x9D, 0x86, 0xA9,
    0xE7, 0xB3, 0xBA, 0x9D, 0xDF, 0xDD, 0x4F, 0x23, 0xC7, 0x92, 0x39, 0x20, 0xAE, 0xB3, 0x56, 0xA5,
    0x0D, 0x5F, 0x67, 0xF2, 0xE7, 0xB1, 0xEC, 0xC4, 0x79, 0xF2, 0x74, 0xDC, 0x86, 0xB3, 0xE1, 0xD0,
    0xA3, 0x58, 0xA6, 0x47, 0x93, 0x49, 0xCE, 0x63, 0x54, 0x62, 0xD2, 0x6C, 0x78, 0xA0, 0xE2, 0xC5,
    0x68, 0x01, 0x74, 0x34, 0x32, 0x08, 0xD0, 0xF9, 0x0A, 0x3F, 0xBD, 0xF8, 0x11, 0x62, 0x69, 0xA6,
    0x5B, 0xD8, 0x5C, 0xDD, 0xAF, 0x1E, 0xA2, 0xD6, 0x44, 0xDF, 0x49, 0x6D, 0x70, 0x90, 0x16, 0xE4,
    0x9C, 0xC0, 0x29, 0x3F, 0xBB, 0xFA, 0xA8, 0x92, 0x0A, 0xB7, 0x6A, 0xB3, 0xEA, 0x56, 0xAE, 0x56,
    0x85, 0x62, 0x3E, 0xA9, 0x5F, 0x3D, 0x39, 0xA9, 0xA3, 0x4B, 0x2A, 0x96, 0x0B, 0x93, 0x51, 0x31,
    0x5B, 0x66, 0xA3, 0xE2, 0x0E, 0xF3, 0x1A, 0xF5, 0xFC, 0x70, 0x73, 0x1E, 0xAA, 0x0A, 0x05, 0x81,
    0xA8, 0x65, 0x3A, 0xD5, 0x39, 0xDE, 0x95, 0x48, 0x0A, 0x0B, 0xC4, 0xC2, 0x85, 0x58, 0xAF, 0x61,
    0x75, 0xE0, 0x73, 0xC6, 0x95, 0x43, 0xCB, 0x2A, 0x84, 0xC0, 0x1F, 0xCA, 0x75, 0x52, 0x22, 0x71,
    0x54, 0xDA, 0x48, 0x18, 0xEC, 0xD8, 0x3A, 0xA9, 0x8B, 0x73, 0x86, 0x4E, 0x18, 0x61, 0x79, 0x52,
    0x7D, 0xDA, 0x4F, 0xE0, 0x94, 0x4F, 0x29, 0x91, 0xC2, 0x1E, 0x13, 0x20, 0x33, 0x98, 0x6D, 0x8D,
    0xDE, 0x1E, 0x42, 0xCD, 0x4E, 0x14, 0x38, 0xD0, 0x4E, 0xF4, 0x52, 0x1E, 0x9B, 0x69, 0xE4, 0x89,
    0xD1, 0xC6, 0x27, 0xA6, 0x5D, 0xEC, 0x62, 0x1E, 0xEC, 0x24, 0xDD, 0xD3, 0x21, 0xE0, 0x3F, 0x6C,
    0x5C, 0xB2, 0x6C, 0x4D, 0x6C, 0xB8, 0x25, 0xF3, 0x77, 0x1C, 0xE0, 0x2F, 0xB4, 0xA8, 0x9E, 0x01,
    0x47, 0xB6, 0xD0, 0xF9, 0x88, 0x8A, 0x6D, 0xF2, 0x61, 0x4D, 0xE2, 0xC6, 0x85, 0x59, 0x45, 0x10,
    0x5C, 0xA9, 0xF6, 0x24, 0x91, 0xDD, 0xDA, 0x76, 0x22, 0xA2, 0x47, 0xFE, 0xA0, 0x3E, 0x59, 0xE2,
    0xC9, 0xD1, 0x1C, 0x27, 0xDF, 0x4E, 0x6C, 0x7E, 0x0A, 0xE2, 0x0F, 0xBC, 0xDA, 0x60, 0xEC, 0xEA,
    0x64, 0xB6, 0xD8, 0x48, 0x50, 0xDA, 0x23, 0x91, 0x48, 0xA6, 0x11, 0x18, 0xA0, 0x88, 0x47, 0x38,
    0x06, 0x08, 0x75, 0x3A, 0xA4, 0xC4, 0x81, 0x2A, 0x89, 0x65, 0x12, 0xF3, 0xF4, 0x6C, 0xC6, 0x23,
    0xF0, 0x82, 0x84, 0x4F, 0xA5, 0x4E, 0xAB, 0x25, 0x30, 0x52, 0xB2, 0xF1, 0xF2, 0x18, 0x69, 0x3D,
    0x07, 0x9A, 0xC5, 0x3B, 0x58, 0x7F, 0xC1, 0x67, 0x96, 0x75, 0x1E, 0x90, 0xB3, 0x07, 0xE4, 0x8B,
    0x21, 0x0E, 0x2B, 0xE7, 0x86, 0x5F, 0xAC, 0x5C, 0x18, 0x1A, 0xB2, 0x94, 0x54, 0x1B, 0x5E, 0x6C,
    0x13, 0x91, 0x59, 0x8E, 0x7B, 0xAC, 0x14, 0xFF, 0x28, 0x41, 0xB3, 0x4C, 0x9E, 0x8E, 0x1B, 0xEA,
    0x6C, 0xF0, 0xEA, 0x0D, 0x94, 0xDD, 0x69, 0xDF, 0xBF, 0x18, 0x48, 0x17, 0x90, 0xF0, 0xAC, 0xB1,
    0xE3, 0xFA, 0xBA, 0x4E, 0x5B, 0xBC, 0x26, 0xDB, 0x1D, 0xD3, 0xA1, 0xD8, 0x27, 0xFB, 0x2F, 0x9D,
    0xE5, 0x79, 0xB0, 0xAB, 0xD6, 0x84, 0x45, 0x38, 0x49, 0xAC, 0xB1, 0x47, 0xC1, 0x51, 0xA8, 0xE1,
    0x7D, 0x06, 0x23, 0xDD, 0x68, 0x76, 0xD7, 0x6F, 0x2A, 0xB7, 0x1B, 0xFD, 0xFD, 0x86, 0xCC, 0xAD,
    0x25, 0x7D, 0x17, 0xFE, 0x25, 0x35, 0xFA, 0x62, 0xC6, 0x5F, 0x65, 0xCD, 0x5E, 0x6D, 0x10, 0x4A,
    0x51, 0x0B, 0xA5, 0xBC, 0x94, 0xAA, 0xA9, 0x65, 0xB8, 0xB7, 0xBC, 0xEA, 0x92, 0x2A, 0x40, 0xCA,
    0x44, 0x44, 0xEF, 0x47, 0x5C, 0x0E, 0x1A, 0x8E, 0xF8, 0xA2, 0x34, 0x7C, 0x91, 0x5B, 0xEE, 0x48,
    0xF2, 0x64, 0x28, 0x67, 0x34, 0x2F, 0x7B, 0x43, 0x27, 0x5E, 0x89, 0xE8, 0x19, 0xBA, 0x8E, 0xE2,
    0xFB, 0x29, 0xBC, 0x7A, 0x42, 0x24, 0xD1, 0xBD, 0x06, 0x6F, 0x77, 0x6C, 0xB0, 0xC8, 0x03, 0x39,
    0x56, 0xF0, 0x96, 0xF3, 0xF4, 0x59, 0x2C, 0xD5, 0x36, 0xC5, 0x5B, 0xC3, 0xE9, 0x75, 0x09, 0x87,
    0x18, 0x29, 0xF5, 0x46, 0xEE, 0xE3, 0xE0, 0x9F, 0x9C, 0x60, 0x98, 0x1C, 0xBC, 0x60, 0x8F, 0x4F,
    0xB1, 0xBE, 0x32, 0x72, 0xC3, 0xF1, 0x94, 0x67, 0x02, 0xD3, 0xE2, 0xBB, 0x9F, 0x45, 0x9A, 0x05,
    0x78, 0x01, 0xA1, 0x13, 0x19, 0xF1, 0xD6, 0x24, 0xBC, 0x59, 0x30, 0x45, 0xDE, 0xED, 0x42, 0x0D,
    0xC8, 0xAF, 0x66, 0xC9, 0x6B, 0x91, 0x7C, 0x8F, 0x84, 0x60, 0xC6, 0x5B, 0x65, 0xF0, 0xD6, 0x98,
    0x5C, 0x12, 0xBC, 0x09, 0xF6, 0x18, 0x6F, 0x11, 0x7B, 0x9B, 0xC1, 0xDE, 0x6A, 0xB0, 0x67, 0xB1,
    0x31, 0xFF, 0x4E, 0xD8, 0x5B, 0xDE, 0x12, 0x7B, 0x87, 0xC5, 0x5E, 0x77, 0x1F, 0xF6, 0x6A, 0xF6,
    0xCC, 0xAF, 0xB1, 0x57, 0xFC, 0xB7, 0xB0, 0x27, 0x14, 0x63, 0xEB, 0xB1, 0xD2, 0x56, 0x41, 0xAD,
    0xE5, 0x49, 0x5B, 0x7A, 0x15, 0xB6, 0xD2, 0x3A, 0xD5, 0x59, 0x36, 0x6C, 0xB4, 0xCA, 0xC5, 0x96,
    0x54, 0x9B, 0x65, 0xDC, 0xE3, 0x54, 0xE6, 0x25, 0xC5, 0x12, 0x21, 0x8D, 0xE0, 0xDD, 0x7D, 0x34,
    0x7A, 0xE2, 0x60, 0x89, 0xD4, 0xA7, 0xA1, 0x29, 0xD0, 0xC3, 0xF2, 0x38, 0xEE, 0xC7, 0x2D, 0xB7,
    0xC9, 0xD5, 0x90, 0xC6, 0x6E, 0xF2, 0xB5, 0xDD, 0xD4, 0x2B, 0x5B, 0x2B, 0xC4, 0xDC, 0xDF, 0xD3,
    0xE9, 0x45, 0x5E, 0x2A, 0xAC, 0x73, 0xF3, 0x78, 0xCE, 0x1A, 0xA3, 0x71, 0x8D, 0xE6, 0xC3, 0x11,
    0x8E, 0x26, 0xA4, 0x84, 0x1E, 0x09, 0x8D, 0xFD, 0xE1, 0x93, 0x70, 0x3C, 0x31, 0x05, 0xB3, 0xF5,
    0x4C, 0x6F, 0x95, 0x96, 0x15, 0x41, 0xBE, 0x2A, 0x7D, 0x38, 0x4D, 0x27, 0xEC, 0x8B, 0x52, 0xE8,
    0x52, 0x58, 0x09, 0xDD, 0xE1, 0x56, 0x9A, 0x28, 0x0C, 0x7F, 0x51, 0x14, 0xFF, 0x32, 0x8F, 0x02,
    0x5D, 0x2C, 0x08, 0x0A, 0xDB, 0xA6, 0x4A, 0xC6, 0x56, 0x53, 0x6F, 0x61, 0x95, 0x23, 0x67, 0x4C,
    0x82, 0x5A, 0x33, 0x8B, 0x02, 0xAE, 0x3E, 0xB0, 0x30, 0x4C, 0x4E, 0x24, 0xA8, 0xD8, 0xC3, 0x67,
    0xDA, 0x86, 0x56, 0x5B, 0x6A, 0x4D, 0xB6, 0xD0, 0xEA, 0x4C, 0x99, 0xB5, 0x3A, 0x53, 0x83, 0x05,
    0xD8, 0xE1, 0x1E, 0x78, 0xDC, 0xCE, 0x38, 0xBE, 0x3C, 0x7F, 0x7E, 0x3D, 0x57, 0xF4, 0xFE, 0xFF,
    0x42, 0xA5, 0x82, 0x32, 0xA7, 0xC5, 0xE6, 0x4A, 0x32, 0x54, 0x59, 0x1F, 0xAA, 0x16, 0xE4, 0x9F,
    0x56, 0x5B, 0xAE, 0x9E, 0x77, 0x6C, 0xC7, 0x3E, 0xCB, 0xA5, 0xEB, 0x26, 0xB5, 0xE2, 0x2E, 0x2A,
    0x39, 0xF0, 0xDF, 0x8C, 0xE4, 0x9C, 0x2B, 0xAA, 0x78, 0xC0, 0xCE, 0x4F, 0xAD, 0x02, 0xFA, 0xC6,
    0xA7, 0x58, 0x8E, 0xB9, 0x34, 0x49, 0x68, 0xA0, 0x0F, 0x30, 0x4E, 0xB9, 0x14, 0x9C, 0x4E, 0xDA,
    0xDB, 0x44, 0x50, 0xBE, 0xE5, 0x0E, 0xD8, 0x92, 0x45, 0x95, 0x8A, 0xDD, 0x51, 0x0F, 0x42, 0x9E,
    0x8A, 0xD0, 0x0B, 0x77, 0x1D, 0x59, 0x65, 0xA6, 0xFE, 0xD2, 0x25, 0x15, 0xC1, 0xF4, 0x5E, 0x54,
    0x03, 0x65, 0x44, 0x75, 0xFE, 0x1D, 0x55, 0x2E, 0x54, 0xA3, 0xFA, 0x83, 0x6E, 0x16, 0xAA, 0x0A,
    0xD4, 0xA2, 0x55, 0xA1, 0x53, 0xA2, 0x4B, 0x08, 0x3D, 0x7A, 0x5D, 0xA0, 0x14, 0xAF, 0x72, 0xB4,
    0xF3, 0xA1, 0x80, 0x95, 0xA3, 0xCE, 0x35, 0x14, 0xB1, 0xA9, 0xD5, 0x64, 0x54, 0x57, 0x9E, 0xD5,
    0x3C, 0xBE, 0xCB, 0x71, 0x0A, 0x45, 0x6D, 0x30, 0xA7, 0x37, 0xBF, 0x0D, 0x68, 0xBA, 0xED, 0xAA,
    0x5E, 0x5D, 0x28, 0x70, 0xE3, 0x59, 0xA4, 0x8F, 0xED, 0xF3, 0x9B, 0x74, 0x63, 0xD6, 0x7B, 0x0E,
    0xEF, 0xAD, 0x21, 0x98, 0x37, 0x91, 0xFB, 0x07, 0xE4, 0xC1, 0x8C, 0x6E, 0x65, 0x4B, 0xFA, 0x46,
    0xB6, 0x84, 0x9D, 0x1B, 0xB9, 0x34, 0x3B, 0x46, 0x93, 0x18, 0x3E, 0xD3, 0x93, 0xD9, 0xA3, 0xD4,
    0xDE, 0xBB, 0x33, 0x44, 0xDC, 0x27, 0x3E, 0x31, 0xED, 0xA3, 0xC4, 0x40, 0xB3, 0x29, 0x7C, 0x7D,
    0x62, 0x9C, 0xC3, 0x50, 0x51, 0xEA, 0x54, 0x1E, 0xCF, 0x7E, 0xB3, 0xF8, 0x10, 0x12, 0xEE, 0x63,
    0x6F, 0x6B, 0x0F, 0xA4, 0x4D, 0xB3, 0x77, 0xBA, 0xFC, 0x02, 0x12, 0x80, 0x99, 0x80, 0x75, 0x99,
    0xC4, 0xBF, 0x0B, 0x77, 0xD4, 0x17, 0xEA, 0xEB, 0x0F, 0x2B, 0xB7, 0x13, 0x56, 0xE1, 0x58, 0x92,
    0xEB, 0x2D, 0xC9, 0xAD, 0x91, 0xFB, 0x9D, 0xA8, 0x77, 0xE0, 0x9E, 0x20, 0xFF, 0x98, 0xFB, 0x3E,
    0xF7, 0x07, 0x33, 0x6D, 0x8F, 0x51, 0x83, 0x90, 0x7E, 0x69, 0xA1, 0x65, 0x6C, 0xD2, 0x6C, 0xE2,
    0xAC, 0x5E, 0x5B, 0x38, 0xC2, 0x6F, 0x31, 0x28, 0xC3, 0xC7, 0xC0, 0x4D, 0x5D, 0xFA, 0x01, 0x4B,
    0x49, 0x74, 0x48, 0x5D, 0x07, 0xE9, 0x06, 0x9F, 0x92, 0x9F, 0x7F, 0xF3, 0x62, 0x9F, 0xCB, 0x60,
    0xE2, 0xF3, 0x3E, 0xB4, 0x2A, 0xA4, 0x2D, 0x3F, 0xE9, 0xCF, 0x03, 0x89, 0x5A, 0x3C, 0x7B, 0xA6,
    0x23, 0xEF, 0x31, 0x1A, 0x2F, 0x03, 0x1D, 0x8D, 0x0F, 0x8C, 0xDC, 0xCF, 0xCD, 0x55, 0x3B, 0x8E,
    0xD4, 0x40, 0x10, 0x6D, 0x8F, 0xA5, 0x71, 0xE0, 0xC0, 0x07, 0xD8, 0xC0, 0x27, 0x40, 0x3E, 0x82,
    0x8D, 0x08, 0x38, 0x04, 0x87, 0xD8, 0x23, 0xD8, 0x19, 0xE9, 0x9C, 0x63, 0x12, 0x8E, 0xD0, 0x2D,
    0x08, 0x36, 0x1D, 0x89, 0x80, 0x60, 0x03, 0x26, 0x00, 0x21, 0x32, 0x2F, 0xB2, 0xC0, 0xC3, 0x7A,
    0x5C, 0xD4, 0xAB, 0xEA, 0xF6, 0xB8, 0x67, 0x48, 0x91, 0x68, 0x69, 0x3D, 0xFD, 0x6A, 0xBB, 0xEB,
    0xFB, 0xAA, 0xDA, 0x98, 0x65, 0xED, 0xF7, 0xDD, 0x05, 0x18, 0x22, 0xF7, 0xBF, 0xA3, 0x0D, 0xED,
    0x56, 0xA8, 0xA4, 0x69, 0x85, 0x5A, 0xA2, 0x46, 0xD1, 0x1D, 0xCD, 0x0D, 0x61, 0x87, 0xBF, 0x84,
    0x77, 0xBF, 0xF8, 0xAF, 0x67, 0xD4, 0x99, 0x82, 0x74, 0x8D, 0x82, 0x6A, 0x8F, 0x26, 0x41, 0x1E,
    0xD0, 0xCC, 0x57, 0x9A, 0x4D, 0x40, 0xF4, 0x92, 0x51, 0xA6, 0xDB, 0x83, 0xA5, 0x0F, 0x44, 0x41,
    0x89, 0xAB, 0xF0, 0x65, 0x2F, 0x14, 0x41, 0x3A, 0x43, 0x65, 0xC7, 0xA7, 0x1D, 0x6E, 0x9C, 0x81,
    0xD8, 0x67, 0x3A, 0x6C, 0xC4, 0x48, 0xAB, 0xFE, 0x1E, 0x8D, 0x38, 0x60, 0x81, 0x2C, 0xFB, 0x55,
    0xC3, 0x39, 0xCB, 0x12, 0x3E, 0x30, 0x42, 0x1D, 0x0E, 0x0C, 0x86, 0xE5, 0x93, 0x49, 0xD5, 0xB1,
    0xDE, 0x98, 0x8A, 0x95, 0x9B, 0x76, 0x34, 0x8A, 0x0A, 0x04, 0xAB, 0xA9, 0x61, 0x94, 0x87, 0x24,
    0x08, 0x4A, 0xE5, 0x1B, 0xD0, 0x06, 0x96, 0x17, 0x04, 0xD3, 0x1E, 0x0D, 0xF7, 0x27, 0xE4, 0xCC,
    0x29, 0x7A, 0x66, 0x2F, 0x2B, 0x31, 0x0B, 0xA7, 0xE0, 0x60, 0x81, 0x70, 0x02, 0x3A, 0xA7, 0xA4,
    0x47, 0x5B, 0x09, 0x36, 0x91, 0x08, 0xE0, 0x22, 0x0D, 0x15, 0x75, 0xAD, 0x6A, 0x65, 0xE4, 0x72,
    0x72, 0xA5, 0x5A, 0xE4, 0x9F, 0x2E, 0x95, 0x44, 0xE0, 0x24, 0x1C, 0x66, 0x94, 0xA8, 0x17, 0x99,
    0xFE, 0x8F, 0x6F, 0x1C, 0x8C, 0x38, 0x8C, 0x7B, 0x1C, 0x46, 0xE7, 0x5D, 0xAB, 0x38, 0xBA, 0x84,
    0x42, 0x59, 0x45, 0xF9, 0x0B, 0x5F, 0x72, 0xA4, 0x35, 0x2C, 0x38, 0x35, 0x5C, 0x68, 0xD2, 0x46,
    0xAC, 0xD9, 0x8A, 0x5D, 0xBF, 0x72, 0x10, 0x67, 0x59, 0x92, 0x7A, 0x61, 0x47, 0x4B, 0x3D, 0x94,
    0x34, 0x0B, 0x2A, 0x34, 0x4E, 0x7C, 0xB8, 0x36, 0x95, 0x10, 0xC7, 0x28, 0x97, 0xFA, 0x5A, 0xCC,
    0x25, 0x1E, 0xD9, 0x79, 0xC3, 0x16, 0x38, 0xBD, 0x12, 0x14, 0x0A, 0x2A, 0xE5, 0x72, 0x48, 0x3F,
    0xAA, 0x3A, 0x19, 0xCF, 0x03, 0x8F, 0x50, 0xA4, 0x72, 0x41, 0xBC, 0x73, 0xAD, 0xBF, 0x37, 0x22,
    0x73, 0xEF, 0x61, 0xCA, 0xD2, 0x6B, 0xB6, 0xE0, 0x89, 0xD7, 0x23, 0xF4, 0x3E, 0x0B, 0x08, 0xD6,
    0x0F, 0x6D, 0x40, 0x15, 0xAD, 0x56, 0x5F, 0x44, 0x28, 0x8B, 0x50, 0xB2, 0x6C, 0x47, 0x04, 0x23,
    0x1A, 0x9E, 0xA1, 0x0B, 0x28, 0x07, 0xFA, 0x48, 0x74, 0x52, 0x7A, 0x70, 0xAD, 0xE7, 0xD4, 0xC7,
    0xC7, 0x19, 0xB4, 0xF3, 0xEE, 0x82, 0x7C, 0xC2, 0xFF, 0x31, 0xCA, 0x22, 0x54, 0x44, 0xA8, 0x5E,
    0x9A, 0xC1, 0xA8, 0xE3, 0x4D, 0x84, 0xCC, 0x1A, 0xCD, 0x11, 0x9A, 0x22, 0x34, 0x44, 0xE8, 0x18,
    0xA1, 0x66, 0x8D, 0x46, 0xB3, 0x42, 0xA7, 0x66, 0x41, 0xC9, 0x3B, 0xFA, 0x6A, 0x6E, 0xD7, 0xBD,
    0x6A, 0xBB, 0x5A, 0x5A, 0x8D, 0x1B, 0xB1, 0xCE, 0x9E, 0xEB, 0xE3, 0x49, 0x18, 0x48, 0xF1, 0xCA,
    0x7D, 0x05, 0xAF, 0xC4, 0x81, 0x04, 0x2E, 0x16, 0x07, 0x92, 0x1C, 0xB7, 0xFB, 0x26, 0x9A, 0xA2,
    0xDC, 0x04, 0x77, 0x1C, 0x7E, 0x2E, 0x5D, 0x77, 0xE9, 0xA1, 0x51, 0xEE, 0x4C, 0xE9, 0xBA, 0x97,
    0x32, 0xD5, 0x9A, 0xA3, 0xF3, 0x79, 0x72, 0x85, 0x77, 0xA2, 0xD0, 0x99, 0xC0, 0xAC, 0xDF, 0xF0,
    0xAE, 0x0D, 0x7A, 0xCA, 0x65, 0xC6, 0x60, 0x76, 0xD6, 0x7D, 0xDA, 0x7B, 0xFF, 0x7A, 0x36, 0xB8,
    0xE3, 0x58, 0x79, 0x1E, 0xBB, 0x7A, 0x4A, 0x27, 0x1F, 0x3A, 0x26, 0x1C, 0xA6, 0x63, 0xC7, 0x34,
    0xAC, 0xCF, 0xE9, 0xEC, 0xDD, 0x96, 0xA9, 0xD9, 0x94, 0xE4, 0x84, 0xEE, 0x29, 0x99, 0xBD, 0x8A,
    0xD1, 0xF5, 0x87, 0x82, 0x9C, 0xA5, 0xA1, 0xE6, 0x0E, 0x71, 0xA8, 0x92, 0xA5, 0xAE, 0x56, 0xEA,
    0xB3, 0x78, 0xAA, 0xE9, 0x81, 0x09, 0x2D, 0x8D, 0xDB, 0xB4, 0xDC, 0x98, 0x83, 0x88, 0xCF, 0x35,
    0x7D, 0xA2, 0x27, 0x1A, 0x12, 0x56, 0x88, 0x36, 0xB3, 0xA3, 0x88, 0xE7, 0x9A, 0xBE, 0xB1, 0x98,
    0x60, 0xC7, 0x48, 0x3B, 0x8A, 0x98, 0x6A, 0xEE, 0x8B, 0xDF, 0x6B, 0x71, 0x09, 0x07, 0x29, 0xA4,
    0x73, 0x11, 0x57, 0x08, 0x67, 0x59, 0x22, 0x46, 0xF7, 0xD7, 0x64, 0xAE, 0xC4, 0x18, 0x11, 0x83,
    0xE5, 0x9C, 0xF0, 0x03, 0xF4, 0x59, 0x9A, 0x8E, 0x3A, 0xCB, 0x0E, 0xF2, 0xEF, 0x13, 0x9D, 0x37,
    0xF4, 0x93, 0xE8, 0x91, 0x3F, 0x13, 0x4F, 0x62, 0x1F, 0xCE, 0x23, 0x8D, 0x29, 0x5C, 0x7B, 0xA0,
    0x1F, 0xBE, 0x2C, 0x4E, 0xDF, 0x97, 0x3E, 0x57, 0xF1, 0x93, 0x10, 0x90, 0xE7, 0x66, 0x1E, 0x5E,
    0x9D, 0x23, 0xD1, 0x5B, 0xFE, 0x1C, 0x35, 0xB1, 0xFA, 0x6E, 0x71, 0xE6, 0xD9, 0xFE, 0x2B, 0x4D,
    0x09, 0x83, 0x41, 0x38, 0x31, 0x42, 0x1D, 0x71, 0x5E, 0x1D, 0x69, 0x2D, 0x65, 0x28, 0xD1, 0x0E,
    0x35, 0x83, 0xB8, 0x0B, 0x5C, 0x03, 0x95, 0xBF, 0x80, 0x02, 0x06, 0xE3, 0x60, 0xD5, 0xA6, 0x5A,
    0xD4, 0xB3, 0x01, 0x59, 0xC2, 0x8B, 0xAC, 0xAC, 0x49, 0xE4, 0x15, 0x9D, 0xD6, 0x64, 0x6B, 0x74,
    0x5E, 0xF7, 0xC8, 0xFC, 0x8A, 0xF5, 0x73, 0x63, 0xDE, 0xA0, 0x9E, 0xC6, 0xF6, 0x8B, 0xB8, 0x5C,
    0xD2, 0xD6, 0xDC, 0xB6, 0x4E, 0x34, 0xF2, 0x83, 0x72, 0x59, 0xC3, 0xDF, 0x5A, 0xEA, 0xA6, 0x1D,
    0xB2, 0xBF, 0xEA, 0x08, 0x6D, 0x72, 0xB8, 0x16, 0x6F, 0x21, 0x3D, 0xDD, 0x76, 0xF7, 0xD6, 0xD2,
    0xF7, 0x2B, 0xD1, 0x1F, 0xED, 0x99, 0x3D, 0x8E, 0xEC, 0x44, 0x14, 0x85, 0xCB, 0x6E, 0xBD, 0xE7,
    0xC0, 0x81, 0xA3, 0x49, 0x20, 0xF0, 0x12, 0xBC, 0x04, 0x1B, 0xD8, 0x00, 0x01, 0xB3, 0x0A, 0x02,
    0x96, 0xE0, 0x41, 0x84, 0x24, 0x6C, 0x82, 0x64, 0x12, 0x72, 0x92, 0x2E, 0x69, 0x02, 0x02, 0x02,
    0x3A, 0x27, 0xC0, 0x01, 0x12, 0x42, 0x04, 0x18, 0xA9, 0x83, 0x46, 0xB2, 0xBB, 0xA8, 0xBF, 0x7B,
    0xCF, 0x71, 0xCF, 0x34, 0x1A, 0xDE, 0x10, 0xBC, 0x60, 0x1C, 0x8C, 0xEA, 0xF6, 0xD8, 0x55, 0xC7,
    0x75, 0x7F, 0xBE, 0xAA, 0xB2, 0x31, 0xFE, 0xEA, 0xDC, 0x9D, 0xD1, 0xAB, 0x77, 0x27, 0x18, 0x7B,
    0xB7, 0xC2, 0x70, 0xCE, 0x69, 0xBB, 0xF0, 0x86, 0x3E, 0x54, 0x7A, 0xC3, 0x8A, 0xB1, 0xF3, 0xC6,
    0x41, 0x8C, 0xDA, 0x1B, 0x93, 0x18, 0x8D, 0x37, 0x66, 0x31, 0x5A, 0x6F, 0x1C, 0xC5, 0xE8, 0xBC,
    0xB1, 0x40, 0x80, 0xC3, 0xA8, 0xA3, 0x37, 0xCE, 0x10, 0xF0, 0x87, 0x4A, 0xF0, 0x02, 0x1E, 0x9C,
    0x1B, 0x54, 0xC0, 0x83, 0x4A, 0xF0, 0x02, 0xBE, 0x54, 0xA3, 0xF2, 0x0F, 0xA8, 0x04, 0x2F, 0xC0,
    0xBF, 0xD1, 0x2C, 0xC6, 0xEA, 0x7B, 0x3F, 0x8A, 0x80, 0xC5, 0x8F, 0xBB, 0x60, 0x06, 0x3A, 0x31,
    0xC2, 0x2D, 0xAD, 0x48, 0x08, 0xFA, 0x1B, 0x91, 0x10, 0xBA, 0xAD, 0xB3, 0x84, 0x32, 0x0C, 0xB8,
    0xCB, 0x53, 0xB2, 0xCB, 0x86, 0xCD, 0x02, 0x86, 0x20, 0xF6, 0x20, 0x02, 0x52, 0x2F, 0xD1, 0x38,
    0xC7, 0x19, 0x3E, 0x26, 0x01, 0x6B, 0x1C, 0xEC, 0x24, 0x33, 0xE0, 0x64, 0x4A, 0xC6, 0x6C, 0xAC,
    0xD9, 0x05, 0xE9, 0xBA, 0x34, 0x4A, 0x35, 0xEE, 0x92, 0x0B, 0xD2, 0x65, 0xA3, 0x80, 0x7C, 0x1D,
    0x92, 0x3F, 0xD2, 0x35, 0x25, 0x7F, 0xA4, 0x6B, 0x8E, 0x2E, 0xC8, 0x6F, 0x75, 0x0A, 0x02, 0xCE,
    0xD9, 0xFD, 0x4B, 0x10, 0xB0, 0xE6, 0x99, 0x58, 0xF3, 0x2F, 0x26, 0xDF, 0xE1, 0x72, 0xA8, 0x84,
    0x67, 0x0B, 0xF1, 0xAD, 0x77, 0xEC, 0xB0, 0x13, 0xC3, 0x0F, 0x61, 0x2B, 0x89, 0x07, 0x3F, 0xB8,
    0xAD, 0xC5, 0x33, 0xFE, 0x96, 0xA9, 0x91, 0x18, 0x0A, 0xF7, 0xB7, 0xE2, 0x4D, 0xDF, 0xD3, 0xB1,
    0x57, 0x3F, 0x53, 0x60, 0xBC, 0xEC, 0x2A, 0x39, 0xC8, 0x1B, 0x04, 0xA2, 0x81, 0xE3, 0xD3, 0x2B,
    0x9F, 0x9F, 0x8E, 0xF8, 0xE7, 0x1A, 0x9B, 0x0E, 0x36, 0x5D, 0x6F, 0x06, 0x85, 0x9C, 0xB7, 0xFE,
    0xF1, 0xDF, 0xE3, 0x8B, 0xEF, 0xB3, 0x63, 0xB2, 0x9B, 0x56, 0x78, 0xDF, 0xC6, 0x84, 0x4B, 0xAE,
    0xDA, 0x69, 0x74, 0xD4, 0x1A, 0x1A, 0xEA, 0xCA, 0x98, 0x4A, 0xF1, 0x1A, 0xFA, 0x38, 0xBB, 0xBE,
    0x83, 0xBB, 0xE4, 0xCE, 0xE0, 0x8B, 0xA4, 0xC7, 0x7B, 0xC4, 0xDE, 0xDC, 0x7E, 0x96, 0x5B, 0x9A,
    0x35, 0x9B, 0xD6, 0xE7, 0xCE, 0xFD, 0x1A, 0x5B, 0x71, 0x90, 0xDF, 0x42, 0x6B, 0x2F, 0x41, 0xA5,
    0xF1, 0x65, 0x75, 0x5C, 0xAB, 0xE3, 0xDA, 0x5E, 0x5B, 0xA3, 0xB6, 0x82, 0x9E, 0xF8, 0xA2, 0x36,
    0xC5, 0x4C, 0x1D, 0x5B, 0xC7, 0x3C, 0x5A, 0x8A, 0x96, 0x4A, 0x5B, 0x8D, 0xFE, 0xB7, 0x8F, 0xAD,
    0x25, 0xD5, 0x9B, 0xD4, 0x4B, 0xBB, 0xED, 0xB9, 0x7F, 0x42, 0x41, 0x52, 0xF5, 0xB7, 0x2A, 0xFD,
    0x4B, 0xD5, 0xC7, 0xC2, 0xF0, 0x61, 0x98, 0xB2, 0x22, 0xBE, 0xE5, 0x17, 0xCE, 0x7D, 0xF3, 0x5F,
    0x03, 0xA9, 0x3B, 0xC1, 0xEF, 0xE6, 0x72, 0xF2, 0x6A, 0x2E, 0x36, 0xF3, 0x73, 0x5A, 0x78, 0x02,
    0xBD, 0xA0, 0x67, 0x1A, 0xCD, 0x7C, 0xF0, 0x3D, 0xB4, 0x56, 0x4E, 0x8B, 0x5F, 0x2A, 0x9F, 0x13,
    0x57, 0xCC, 0x23, 0x45, 0xA6, 0x46, 0x60, 0xE1, 0xA8, 0xB0, 0x96, 0xEE, 0xFC, 0x11, 0xC9, 0x3F,
    0xFA, 0x99, 0x56, 0x63, 0x86, 0x91, 0x62, 0x98, 0x8C, 0x91, 0x8C, 0x82, 0x23, 0xBD, 0x66, 0x52,
    0xEC, 0xA1, 0xC0, 0x54, 0x84, 0x03, 0x54, 0xD2, 0xD4, 0xF1, 0x91, 0x8D, 0x03, 0x1B, 0x16, 0xC6,
    0xCD, 0xED, 0xF0, 0xB2, 0xCC, 0xDF, 0x9F, 0x07, 0xCE, 0xD5, 0x99, 0x21, 0x86, 0xF4, 0xDC, 0x11,
    0x68, 0x62, 0x8E, 0x19, 0x86, 0xD8, 0xC0, 0x10, 0xB3, 0x0C, 0x31, 0xCB, 0xDC, 0x9A, 0xD8, 0x98,
    0x31, 0x1D, 0xFF, 0xE6, 0x92, 0x05, 0x14, 0xFD, 0x45, 0x25, 0x78, 0x01, 0x3F, 0xA8, 0x04, 0x2F,
    0xE0, 0x2B, 0x95, 0xE0, 0x05, 0x94, 0x3A, 0xAA, 0x9F, 0xCF, 0x42, 0x8D, 0xC0, 0x10, 0x95, 0x10,
    0x32, 0x5D, 0x59, 0x17, 0xB8, 0xA2, 0xAC, 0x73, 0xD1, 0xC1, 0x8B, 0x08, 0x98, 0x94, 0x75, 0x65,
    0xF0, 0x54, 0x93, 0x25, 0xC4, 0x60, 0x14, 0xD6, 0x45, 0x88, 0x55, 0x59, 0x42, 0xFC, 0x51, 0x62,
    0x35, 0xDE, 0x2E, 0x7A, 0x22, 0xC4, 0x8A, 0x2C, 0x21, 0x0D, 0x91, 0x67, 0x21, 0x0D, 0x9E, 0xC3,
    0xC2, 0x31, 0xDE, 0xD8, 0x50, 0x88, 0x9D, 0x0D, 0x43, 0xCC, 0x30, 0xC4, 0x06, 0xE6, 0x96, 0xBD,
    0x30, 0x3A, 0xC6, 0x5B, 0xCF, 0x78, 0x13, 0x88, 0x45, 0x47, 0x08, 0xC4, 0xE2, 0xA8, 0x02, 0xB1,
    0xD1, 0x1B, 0xA5, 0x38, 0x2D, 0x54, 0x4C, 0x85, 0x58, 0xC0, 0x9B, 0x46, 0x71, 0xC0, 0x94, 0x42,
    0x2C, 0x00, 0x4C, 0x21, 0x16, 0x7E, 0x55, 0x88, 0x05, 0xBC, 0x29, 0xC4, 0x42, 0x4F, 0xA3, 0xB8,
    0x36, 0xE0, 0x6D, 0xAF, 0x4E, 0x4F, 0xA3, 0xBF, 0xF9, 0xEE, 0x5B, 0x64, 0xEF, 0x41, 0xD7, 0x54,
    0x27, 0x0D, 0xBF, 0xB3, 0xC6, 0x9E, 0xD3, 0xC0, 0x4B, 0xC3, 0x76, 0xEE, 0x30, 0x26, 0x35, 0xBD,
    0x1B, 0x1A, 0x69, 0x99, 0x46, 0xE3, 0x12, 0xAD, 0x56, 0x5B, 0xA3, 0xC0, 0xA7, 0xD4, 0xB0, 0x42,
    0x66, 0x6A, 0xF2, 0x16, 0x9A, 0xB9, 0x3B, 0x2A, 0x15, 0xCB, 0xA3, 0xD6, 0x33, 0xAF, 0x57, 0xCE,
    0xBD, 0x47, 0x9C, 0x2B, 0xA8, 0x70, 0x05, 0x6D, 0x03, 0xD5, 0xEB, 0x33, 0x2F, 0x59, 0xC8, 0xC9,
    0xDD, 0xB6, 0x5E, 0x4F, 0x5C, 0xEF, 0x2D, 0x57, 0xD8, 0x81, 0x7A, 0x96, 0xCE, 0xDE, 0xDC, 0x0E,
    0x95, 0x76, 0xD6, 0x86, 0xB5, 0xDF, 0xD1, 0x60, 0x85, 0x4D, 0x0F, 0x2F, 0xD7, 0x8B, 0xF0, 0x1D,
    0xD7, 0x5D, 0x02, 0xDE, 0x9F, 0x5C, 0x5D, 0xBF, 0xA6, 0x08, 0x75, 0x3B, 0xAA, 0xA1, 0x8B, 0xA1,
    0xB2, 0x79, 0xF4, 0x8F, 0x4D, 0xF2, 0xFC, 0x84, 0x57, 0x4B, 0x55, 0x4F, 0xEB, 0x21, 0xBF, 0xC1,
    0xCB, 0xAF, 0xD1, 0x5D, 0x01, 0xD1, 0xE6, 0xB5, 0xCB, 0xAB, 0x20, 0xDA, 0x40, 0xBF, 0x66, 0xF6,
    0x34, 0xBC, 0xE9, 0xEA, 0xAE, 0x82, 0x68, 0xB3, 0x36, 0xD8, 0xF3, 0xA6, 0x8B, 0xD7, 0x06, 0x3E,
    0x36, 0x7E, 0x62, 0x10, 0xFD, 0xA8, 0x12, 0xBC, 0x80, 0x4F, 0x54, 0x42, 0x1D, 0xA7, 0xD7, 0x8A,
    0x00, 0x02, 0x51, 0xFB, 0x3C, 0x10, 0xED, 0x09, 0x44, 0x71, 0x3A, 0x3A, 0x50, 0xE9, 0x0A, 0x88,
    0xE2, 0x16, 0x4B, 0x40, 0x54, 0x6F, 0x41, 0xE4, 0x00, 0xA2, 0xF6, 0x2A, 0x88, 0xD2, 0xEE, 0x36,
    0x97, 0x38, 0x49, 0xF4, 0xD3, 0x25, 0x88, 0x8A, 0xAB, 0x20, 0xDA, 0x31, 0x88, 0x6A, 0xDE, 0x74,
    0x6D, 0x40, 0xD4, 0xF2, 0xA6, 0x6B, 0x03, 0xA2, 0x3E, 0x4D, 0x73, 0x71, 0x01, 0xA2, 0x13, 0x40,
    0x14, 0x7E, 0x2C, 0xC4, 0x4F, 0xE1, 0x76, 0xA2, 0x92, 0x8B, 0x60, 0x91, 0x1C, 0x30, 0x97, 0x20,
    0xB2, 0x8F, 0x41, 0x14, 0xC0, 0xD5, 0x31, 0x88, 0x64, 0x6F, 0x17, 0xBB, 0xC5, 0xFE, 0xDE, 0x61,
    0xDB, 0xDF, 0xF2, 0x5E, 0x9C, 0xC2, 0x65, 0x42, 0xB0, 0x58, 0xC4, 0xEA, 0xE3, 0x54, 0xE7, 0xAA,
    0xD1, 0x22, 0xF8, 0xA4, 0x62, 0xF8, 0x82, 0x9C, 0x89, 0x55, 0xC6, 0x38, 0x31, 0xEA, 0x4B, 0x4D,
    0x6E, 0x8B, 0xE0, 0x9D, 0x11, 0xA0, 0x27, 0xA4, 0xC4, 0x2A, 0x21, 0x78, 0x96, 0xF7, 0xEC, 0x02,
    0x55, 0xAD, 0x24, 0x74, 0x9F, 0x9F, 0x8B, 0x45, 0x72, 0x11, 0x84, 0xE5, 0xD2, 0xD6, 0x24, 0xD2,
    0x0F, 0x52, 0xD2, 0x52, 0xEA, 0xDC, 0xDC, 0x7E, 0x9A, 0xFF, 0xBC, 0x23, 0xD6, 0x88, 0x6B, 0x04,
    0x36, 0x90, 0x8D, 0xD0, 0x46, 0x6C, 0x23, 0xB8, 0x11, 0xDD, 0x08, 0x6F, 0x06, 0x7C, 0x33, 0x00,
    0x9C, 0x01, 0xE1, 0xCC, 0x25, 0xE2, 0x78, 0x23, 0x91, 0x9B, 0x4A, 0x39, 0xC2, 0x1C, 0x38, 0x87,
    0xA8, 0xB6, 0xD0, 0x60, 0xA1, 0xC1, 0x22, 0x84, 0xAD, 0x01, 0x92, 0x0C, 0x68, 0x67, 0x80, 0x3B,
    0x03, 0xDE, 0x19, 0x00, 0xCF, 0x80, 0x78, 0x06, 0xC8, 0x33, 0x60, 0x9E, 0x01, 0xF4, 0x78, 0x88,
    0xFE, 0x49, 0x39, 0x00, 0x9F, 0x21, 0xF2, 0x11, 0xFA, 0x98, 0x7D, 0x8F, 0xE0, 0xD7, 0xF0, 0x56,
    0xA5, 0xE2, 0xBD, 0x7B, 0xE9, 0xB6, 0x15, 0xDA, 0x72, 0xED, 0x9E, 0x98, 0x84, 0x33, 0x77, 0x77,
    0xE2, 0xEE, 0xD6, 0x4D, 0x77, 0xA0, 0x9F, 0xA1, 0xA5, 0xD6, 0x84, 0x1D, 0xCE, 0x2B, 0xFD, 0x5E,
    0xE9, 0xF7, 0x4A, 0xBF, 0xF7, 0x86, 0x7E, 0x88, 0x2A, 0xF5, 0x1A, 0x41, 0x10, 0x60, 0x43, 0x9E,
    0x23, 0xC9, 0x0C, 0x72, 0x74, 0xD4, 0x6E, 0xBA, 0x24, 0xD8, 0x97, 0xE8, 0xB4, 0xE2, 0x0D, 0xCC,
    0x4B, 0x0B, 0x61, 0x20, 0x0F, 0xC4, 0x03, 0xF0, 0x94, 0x77, 0xC0, 0x1D, 0x68, 0x07, 0xD8, 0x81,
    0x75, 0x8A, 0x3A, 0x90, 0x0E, 0xA0, 0x03, 0xE7, 0xDE, 0x01, 0x73, 0xAF, 0x1B, 0xB7, 0xF7, 0x67,
    0xE3, 0x56, 0xF0, 0x61, 0x56, 0x43, 0xF5, 0x2C, 0x28, 0x59, 0xF9, 0x44, 0xDA, 0xF1, 0xA7, 0x1A,
    0x2D, 0x9C, 0xA5, 0x73, 0xBC, 0x38, 0x98, 0x3A, 0x32, 0x2C, 0x8E, 0x0A, 0x8A, 0xDB, 0xA1, 0x61,
    0xFA, 0x6D, 0x8C, 0x9E, 0x4E, 0xD2, 0x0B, 0xC6, 0xA7, 0x9E, 0x01, 0xBE, 0xBD, 0x0F, 0x6B, 0x95,
    0x19, 0x4B, 0x40, 0xCD, 0x8C, 0x50, 0x81, 0x28, 0xEB, 0x7C, 0xA5, 0x5C, 0x50, 0xEA, 0x9F, 0xAE,
    0xEE, 0x2D, 0xD7, 0xF0, 0xDE, 0xE3, 0x8E, 0xCE, 0x5F, 0x1F, 0xE8, 0x40, 0xD3, 0x15, 0x84, 0xBB,
    0x15, 0x7B, 0xD2, 0xD6, 0x3F, 0xD0, 0xA3, 0x1E, 0xCF, 0x91, 0x7F, 0x9A, 0xEC, 0xB5, 0x54, 0xDD,
    0xFB, 0xFB, 0xC1, 0x94, 0xF7, 0xF7, 0xFF, 0x1B, 0xEE, 0x78, 0x96, 0x36, 0x07, 0xA2, 0x1B, 0xDC,
    0x15, 0x4C, 0xB8, 0x92, 0xE7, 0x60, 0xC7, 0xC8, 0xAF, 0xAE, 0xE2, 0x6E, 0x33, 0x3B, 0xDD, 0x76,
    0xAA, 0x68, 0x4D, 0x3F, 0x5E, 0xC3, 0x9D, 0x37, 0x7E, 0x56, 0x09, 0x25, 0x9F, 0x3A, 0xEE, 0xE2,
    0xA9, 0xE3, 0x9D, 0x0A, 0xF8, 0x98, 0x70, 0xE7, 0x8C, 0x4A, 0x08, 0xA4, 0xD2, 0x51, 0x03, 0xC3,
    0x46, 0x31, 0xFA, 0xF8, 0x51, 0xED, 0x84, 0x75, 0x4E, 0xC7, 0xB8, 0x6B, 0x45, 0x42, 0xA8, 0x28,
    0x82, 0xBB, 0x32, 0x27, 0x34, 0xF2, 0xBC, 0xCA, 0x12, 0x22, 0xF6, 0x2E, 0x71, 0x77, 0xC0, 0x77,
    0xB4, 0x0C, 0x86, 0xF4, 0x1D, 0x4D, 0x71, 0xB7, 0x60, 0x85, 0x35, 0x5E, 0x3B, 0x75, 0x34, 0x8C,
    0xBB, 0xF2, 0x2A, 0xEE, 0x2A, 0x26, 0x5C, 0xFD, 0xF4, 0x11, 0xE4, 0xC4, 0x47, 0x90, 0xB3, 0x7E,
    0x47, 0x4B, 0x3C, 0xC3, 0x11, 0xE4, 0x02, 0xF6, 0xED, 0xF9, 0x08, 0x32, 0xDC, 0x5E, 0x5C, 0xE0,
    0x4E, 0x8F, 0x20, 0x07, 0x3D, 0x82, 0x0C, 0xB8, 0x63, 0xF6, 0x59, 0x3D, 0x82, 0xF4, 0xB7, 0x4C,
    0x7C, 0x04, 0x39, 0xF3, 0x11, 0xE4, 0x91, 0x8F, 0x20, 0x4F, 0xFF, 0x00, 0xED, 0x98, 0x3D, 0x6E,
    0xDC, 0x46, 0x14, 0x80, 0xF9, 0x03, 0x88, 0x80, 0x59, 0xB0, 0x52, 0xE5, 0x62, 0xFB, 0x34, 0x3C,
    0x02, 0x99, 0xE4, 0x02, 0x29, 0xEC, 0x4B, 0x28, 0x85, 0x8F, 0xC0, 0x35, 0x52, 0xA6, 0xF1, 0x11,
    0x5C, 0xA4, 0x30, 0xF6, 0x12, 0x5C, 0x40, 0x45, 0xCA, 0x6C, 0xAA, 0x14, 0x69, 0x54, 0x18, 0x08,
    0x8C, 0x14, 0xA1, 0x81, 0x2D, 0x56, 0x00, 0x97, 0x93, 0x79, 0xFF, 0x8F, 0xD4, 0x0A, 0x58, 0x39,
    0x02, 0x02, 0x03, 0xCB, 0x42, 0x7A, 0x23, 0x71, 0xDE, 0xBC, 0x79, 0x7F, 0xDF, 0x0C, 0x93, 0x04,
    0x9F, 0x97, 0xE1, 0x63, 0xC2, 0x4F, 0x08, 0xA1, 0x25, 0x29, 0x8F, 0xE2, 0x8E, 0xC4, 0x2A, 0x8A,
    0x03, 0x89, 0xAB, 0x28, 0x1E, 0x48, 0xAC, 0xA3, 0x38, 0x92, 0xD8, 0x4C, 0x99, 0x8A, 0x63, 0x22,
    0xE2, 0xF5, 0x2B, 0x15, 0x41, 0xB3, 0x8A, 0xB9, 0x68, 0x00, 0x75, 0x83, 0xAD, 0xBC, 0x85, 0x5F,
    0x9B, 0x0F, 0xB0, 0x32, 0x1B, 0x10, 0x57, 0xDE, 0x83, 0x58, 0xC6, 0x7F, 0x56, 0x64, 0x4D, 0x5C,
    0xF5, 0xAE, 0xA2, 0x57, 0xBB, 0x40, 0xFF, 0x25, 0xB3, 0x47, 0x33, 0x3B, 0x88, 0xD9, 0xC7, 0x10,
    0xD6, 0x6C, 0xEB, 0xBE, 0xE3, 0xDD, 0x74, 0xE1, 0x8E, 0x57, 0x4D, 0xA3, 0xD6, 0x92, 0xE6, 0xC1,
    0x5A, 0x79, 0x98, 0x78, 0x16, 0xE8, 0x5B, 0xD3, 0x2C, 0x78, 0x1F, 0xE6, 0x5D, 0xBF, 0xFE, 0x81,
    0x7F, 0x3C, 0xED, 0xB9, 0x8A, 0xD6, 0x7C, 0x42, 0x29, 0xED, 0xC1, 0xB2, 0x3B, 0xDE, 0x4E, 0x7C,
    0x8E, 0xBC, 0x07, 0x78, 0xB6, 0x68, 0x0D, 0x3E, 0x03, 0xEF, 0x81, 0xB6, 0x54, 0xB2, 0x78, 0xA4,
    0x28, 0x04, 0xDA, 0x5D, 0x2D, 0x62, 0x9B, 0x34, 0x68, 0x6A, 0x07, 0x3F, 0x1B, 0xDC, 0x40, 0x05,
    0xDA, 0x1A, 0xDC, 0x56, 0x01, 0xE2, 0xF5, 0xEB, 0x57, 0x22, 0xAA, 0x87, 0x16, 0xE2, 0x8F, 0x21,
    0x7C, 0x24, 0x11, 0x97, 0xFB, 0x0B, 0xC5, 0x3E, 0x88, 0x69, 0x62, 0x4E, 0x14, 0x2B, 0x13, 0x6B,
    0x13, 0x1B, 0x13, 0x3B, 0x13, 0xD1, 0xBC, 0x2B, 0x16, 0x0F, 0x1C, 0xC5, 0x84, 0x62, 0x96, 0x93,
    0x38, 0x88, 0x65, 0x24, 0x56, 0xF6, 0x42, 0x43, 0xE2, 0x48, 0x7E, 0x61, 0x65, 0xAB, 0xE5, 0x12,
    0xCD, 0x49, 0x73, 0xC8, 0xC8, 0x7B, 0x33, 0xFD, 0xB3, 0x6D, 0xE8, 0x2D, 0x8A, 0x2F, 0xC1, 0xA3,
    0x29, 0x6D, 0xFE, 0x4D, 0x08, 0xEF, 0x34, 0x5C, 0xE5, 0xD4, 0x5A, 0xEC, 0xFA, 0x18, 0x2D, 0x97,
    0x56, 0x71, 0x02, 0x0F, 0xC0, 0x4B, 0x7F, 0x48, 0x12, 0xD3, 0x6A, 0x7B, 0xAB, 0x09, 0xAD, 0x95,
    0x26, 0xFC, 0x2E, 0x11, 0x87, 0x41, 0x5B, 0x4B, 0x36, 0xC6, 0xD7, 0xE2, 0xB6, 0x27, 0x97, 0x26,
    0x37, 0xEF, 0xCE, 0xC8, 0xA5, 0x42, 0xA6, 0x2F, 0x2A, 0x07, 0x94, 0x1F, 0x6C, 0x10, 0x9C, 0xE6,
    0xCC, 0xEA, 0x19, 0x3D, 0xAD, 0x91, 0xF7, 0x35, 0x0D, 0xF3, 0xFF, 0x31, 0x0D, 0x21, 0xDC, 0x52,
    0x6E, 0xD2, 0xFC, 0x4C, 0x35, 0x14, 0xF1, 0xCF, 0xAA, 0xA1, 0x8A, 0xCE, 0x68, 0x6C, 0xA7, 0x43,
    0x34, 0xE8, 0x20, 0x6E, 0xDB, 0x45, 0x0F, 0x91, 0x86, 0x74, 0xB3, 0x59, 0x27, 0xD9, 0x66, 0x93,
    0x3C, 0xD7, 0xD3, 0x78, 0x1F, 0x34, 0x5A, 0xFF, 0xB8, 0xEC, 0xD1, 0xFB, 0x20, 0xA8, 0x0C, 0x09,
    0xB4, 0xB6, 0xDE, 0xE3, 0x7C, 0xE0, 0x5A, 0x1C, 0x05, 0xF5, 0xEE, 0xA4, 0x77, 0x56, 0x16, 0x5F,
    0x4C, 0x4C, 0xEB, 0x64, 0xB3, 0x01, 0xE4, 0xD7, 0x64, 0x06, 0xFC, 0xA9, 0x26, 0x44, 0x03, 0x7E,
    0xF5, 0x6D, 0xF5, 0x27, 0x35, 0x21, 0x0E, 0xBE, 0xD3, 0x41, 0x34, 0x20, 0x55, 0x13, 0xAA, 0xA8,
    0xCA, 0x35, 0xDD, 0x63, 0xD4, 0xBE, 0x97, 0x35, 0x47, 0x8B, 0x37, 0x08, 0x8D, 0x98, 0xD0, 0x63,
    0x14, 0x8E, 0x62, 0xC0, 0x00, 0xBB, 0x10, 0x03, 0x76, 0x30, 0x68, 0xB5, 0xE6, 0x0B, 0x76, 0x49,
    0xCE, 0x45, 0xB2, 0x65, 0x03, 0x5A, 0x88, 0xF8, 0x8E, 0x3D, 0x80, 0x13, 0x07, 0x32, 0x60, 0x62,
    0x95, 0x98, 0xBC, 0x47, 0x5C, 0xEC, 0x20, 0x1E, 0x08, 0xE2, 0x85, 0xDE, 0x9A, 0x15, 0x86, 0x40,
    0xDA, 0x95, 0xF6, 0x36, 0x1C, 0x64, 0x3A, 0x58, 0x5B, 0xAB, 0xB3, 0xEE, 0x83, 0xCF, 0xCE, 0xB5,
    0x3B, 0x70, 0xC9, 0x4A, 0x07, 0x03, 0x16, 0x19, 0xEF, 0x6A, 0x9F, 0x70, 0xD3, 0x4B, 0xA8, 0x57,
    0xF4, 0xEC, 0x8A, 0x9E, 0x7A, 0xF8, 0xC8, 0x3E, 0x9A, 0xF8, 0x5D, 0xB2, 0x17, 0x0C, 0x18, 0x24,
    0xB0, 0x6D, 0x2E, 0x2E, 0xAF, 0x90, 0x06, 0x9C, 0x0F, 0x04, 0x1C, 0x8E, 0x0C, 0xBC, 0xB2, 0x92,
    0x00, 0xC6, 0xC1, 0x50, 0x4B, 0x68, 0x41, 0x6D, 0xA3, 0x41, 0xC7, 0x2E, 0x97, 0x69, 0x12, 0x81,
    0x9F, 0x88, 0x54, 0xD1, 0x2F, 0xBB, 0x15, 0x48, 0xB0, 0xF5, 0xFB, 0xCE, 0xED, 0xBB, 0xD5, 0x4D,
    0xA3, 0x05, 0x11, 0x52, 0xE8, 0xBC, 0xC8, 0xBA, 0x42, 0x7A, 0xE6, 0x16, 0x0B, 0x8A, 0x9E, 0x17,
    0x9F, 0x1E, 0xAF, 0x8C, 0x54, 0x2B, 0x38, 0xD7, 0xCC, 0xAB, 0x34, 0xF3, 0x1B, 0xCD, 0xF4, 0x5E,
    0x76, 0x9F, 0x6A, 0xF2, 0x16, 0xCA, 0x4C, 0x43, 0x66, 0x2C, 0x69, 0x26, 0x66, 0x5C, 0x1E, 0x41,
    0x08, 0xD6, 0xAF, 0x2B, 0x01, 0x0B, 0xAF, 0x02, 0xE3, 0x14, 0xA7, 0x60, 0x31, 0x42, 0xCB, 0xFC,
    0x12, 0x56, 0x2A, 0x26, 0x8D, 0x92, 0x06, 0x49, 0x65, 0xA4, 0x21, 0xD2, 0x08, 0x69, 0x80, 0x34,
    0x3E, 0x1A, 0x1E, 0x8D, 0x8E, 0x06, 0x47, 0x63, 0xE3, 0x12, 0x8D, 0xF9, 0x42, 0x52, 0x2E, 0x1A,
    0x16, 0x95, 0x8A, 0x06, 0x45, 0x63, 0xA2, 0x31, 0xC8, 0xC0, 0x64, 0xB4, 0x32, 0x1E, 0x1A, 0x0E,
    0x8D, 0x86, 0x06, 0x43, 0x63, 0xA1, 0xA1, 0xD0, 0x48, 0x68, 0x20, 0xEC, 0x4E, 0xAC, 0x56, 0x2F,
    0xAC, 0xBA, 0x57, 0x4B, 0x3F, 0xAB, 0xF5, 0x88, 0x40, 0x47, 0xC0, 0x19, 0x00, 0xB3, 0x8D, 0xEB,
    0xAF, 0xD5, 0x9C, 0x31, 0xA3, 0x6F, 0xB6, 0xD3, 0xAC, 0xBF, 0xB6, 0x27, 0xFB, 0xEB, 0x82, 0x31,
    0xB3, 0x5E, 0x79, 0xAB, 0x1A, 0xE2, 0xFC, 0x6F, 0x5D, 0x7B, 0x9C, 0xE2, 0x3F, 0x1F, 0x63, 0x4C,
    0x65, 0xAD, 0x6E, 0x67, 0x04, 0xBD, 0xD9, 0xB4, 0x00, 0x9A, 0x67, 0x63, 0x4C, 0x3D, 0x67, 0xCC,
    0xE1, 0xA9, 0x8C, 0xC9, 0xFE, 0x2B, 0x63, 0xEA, 0x25, 0x63, 0x74, 0xD5, 0x6E, 0xCE, 0x98, 0xBF,
    0x3D, 0x63, 0x6E, 0xD5, 0x89, 0x19, 0x0E, 0x2C, 0x95, 0xDF, 0xEA, 0x00, 0x0A, 0xD7, 0x31, 0x26,
    0x20, 0x33, 0xA4, 0xF2, 0xA3, 0x76, 0x3D, 0xC6, 0x8C, 0x16, 0x6F, 0xF0, 0x40, 0x2D, 0x03, 0x78,
    0x65, 0x25, 0x26, 0x78, 0xC6, 0xA0, 0xDA, 0x92, 0x4D, 0xC8, 0x18, 0x2B, 0x0F, 0x19, 0x53, 0xC0,
    0x1B, 0xA9, 0x67, 0x8C, 0x60, 0xA5, 0x42, 0xAD, 0x8C, 0xB9, 0x9A, 0x0B, 0xFF, 0x21, 0x63, 0xBA,
    0xC7, 0x18, 0x93, 0x9C, 0xC7, 0x98, 0xC2, 0x33, 0xA6, 0xF4, 0x8C, 0xA9, 0x4E, 0x30, 0x86, 0x7A,
    0xBA, 0xB4, 0x78, 0xC4, 0x4B, 0xC7, 0xD1, 0xC0, 0xDF, 0xBD, 0x63, 0x4C, 0x22, 0x37, 0x23, 0x98,
    0x9B, 0x2E, 0x18, 0x33, 0x28, 0x63, 0x0A, 0xCF, 0x98, 0xD2, 0x33, 0x46, 0xBB, 0x35, 0xBC, 0xAF,
    0xC0, 0x21, 0xC6, 0x04, 0x8D, 0xF9, 0xF8, 0x3C, 0x49, 0x9E, 0x85, 0x27, 0x17, 0xFA, 0x2C, 0xE3,
    0xCF, 0x1D, 0xCC, 0x14, 0xCC, 0x54, 0xCF, 0x16, 0xF5, 0xE6, 0xDC, 0xFC, 0xA2, 0x7F, 0x9C, 0xEC,
    0xE8, 0xDA, 0x6A, 0xD2, 0x6E, 0xB5, 0x30, 0x86, 0xC5, 0xED, 0x2F, 0xD3, 0xF2, 0x28, 0xC3, 0xC4,
    0x53, 0xE2, 0xB9, 0xB4, 0x93, 0xFB, 0x62, 0x24, 0xF7, 0xC0, 0x77, 0x4D, 0x6A, 0x25, 0xD1, 0xD3,
    0x6D, 0xC1, 0x64, 0x98, 0x12, 0x3A, 0xEA, 0x62, 0xAE, 0x63, 0x90, 0xBE, 0xD9, 0xBC, 0x87, 0x1F,
    0xEF, 0x2E, 0x20, 0xFB, 0xFA, 0x40, 0x76, 0x6E, 0xAF, 0x77, 0xD7, 0x9E, 0x07, 0xF7, 0xE3, 0xD2,
    0xB7, 0xCA, 0xE1, 0x1C, 0xC9, 0x66, 0xB8, 0x5B, 0xB6, 0x95, 0x43, 0x7D, 0xF0, 0x19, 0x6F, 0x90,
    0xC0, 0xBE, 0xEC, 0x0A, 0xE3, 0xE8, 0xEF, 0x79, 0xA3, 0xAF, 0x9F, 0xC1, 0x57, 0xD6, 0xCE, 0xD7,
    0xDC, 0xDA, 0x6B, 0xF6, 0x97, 0xC6, 0xA3, 0xD7, 0x7C, 0x78, 0xE4, 0x06, 0x79, 0xD6, 0x03, 0x8C,
    0xCD, 0x36, 0x1F, 0x6C, 0x57, 0xB9, 0x18, 0xB7, 0x18, 0xB4, 0x71, 0x59, 0x25, 0xF5, 0xD6, 0x96,
    0x85, 0x86, 0xEE, 0x2E, 0x32, 0x61, 0xFE, 0x5D, 0x49, 0x41, 0x59, 0x4A, 0xE7, 0xD6, 0x0F, 0x3A,
    0xC1, 0x5F, 0xB2, 0x0E, 0x1E, 0xA7, 0xB6, 0xED, 0x37, 0xF6, 0x15, 0xEB, 0x19, 0x9E, 0xDE, 0x7F,
    0x09, 0x70, 0xA0, 0x86, 0xE4, 0xB5, 0x88, 0xE4, 0xFE, 0xB2, 0x9D, 0xFB, 0xC6, 0x57, 0xFA, 0x53,
    0x51, 0xE5, 0x4F, 0x04, 0x2B, 0x3F, 0xA8, 0xFD, 0x89, 0xA0, 0xF1, 0x27, 0x82, 0xDE, 0x9F, 0x08,
    0x82, 0x3B, 0x11, 0xA4, 0x7E, 0x10, 0x63, 0xFD, 0x9B, 0x9A, 0x10, 0x0D, 0xF8, 0x59, 0x4D, 0x88,
    0x06, 0x7C, 0xEF, 0xBB, 0xA6, 0x25, 0x64, 0xE4, 0x77, 0xAA, 0x03, 0xE8, 0x76, 0xEE, 0x23, 0xC5,
    0xC1, 0x4E, 0x04, 0x10, 0x28, 0x3D, 0x11, 0x80, 0x61, 0xD2, 0xBD, 0xF1, 0x96, 0x5A, 0x5B, 0xCB,
    0xDD, 0x32, 0xBB, 0x39, 0xE9, 0xE5, 0x44, 0x50, 0x50, 0x1E, 0x90, 0x09, 0x15, 0x65, 0x08, 0xAD,
    0x8A, 0x07, 0x08, 0xC9, 0x7F, 0x52, 0xC4, 0x26, 0x34, 0x3C, 0x18, 0xE4, 0xAC, 0x21, 0x3F, 0x95,
    0xEE, 0xA3, 0xBF, 0x4E, 0x8E, 0x1E, 0xF5, 0x53, 0xE2, 0x51, 0x9F, 0x78, 0xD4, 0xB7, 0x9E, 0xEE,
    0x5B, 0x7F, 0x9D, 0xDC, 0xBA, 0x8F, 0x69, 0x60, 0x42, 0xE3, 0x0F, 0x01, 0x1D, 0xEF, 0x11, 0x03,
    0x11, 0x74, 0x30, 0xF2, 0x5F, 0x12, 0x7A, 0x43, 0xAF, 0x93, 0xD0, 0x99, 0xF5, 0x3A, 0x09, 0x87,
    0x00, 0x45, 0x3D, 0xC0, 0x5C, 0xC1, 0x55, 0xE1, 0x35, 0x8A, 0x13, 0xB7, 0xA4, 0x5E, 0xA7, 0xF1,
    0xBB, 0x6B, 0xDC, 0x60, 0x90, 0xB3, 0x06, 0x1E, 0x02, 0x2C, 0xE8, 0x52, 0x02, 0x9D, 0x66, 0x8B,
    0x96, 0x4E, 0xEA, 0xEB, 0xE6, 0x41, 0x0B, 0xB0, 0xFA, 0xAF, 0x75, 0x6A, 0xA3, 0xC9, 0xD8, 0x6B,
    0xC2, 0xEA, 0xD4, 0xEC, 0xAC, 0xE3, 0xC6, 0x0B, 0xE0, 0x24, 0x1E, 0xC0, 0x91, 0xE9, 0x7C, 0x31,
    0x34, 0x69, 0x0F, 0x66, 0xE1, 0x66, 0x47, 0xFE, 0xCA, 0x0A, 0x69, 0x41, 0x9F, 0x2A, 0xF2, 0x45,
    0x54, 0x2D, 0xD8, 0x83, 0x36, 0x09, 0xF9, 0x3A, 0xC1, 0x59, 0x96, 0x5A, 0x65, 0x5C, 0x85, 0xFB,
    0x2F, 0xFC, 0x1E, 0x7B, 0xE1, 0xF3, 0xFF, 0xC9, 0xE7, 0xD2, 0x23, 0x2A, 0xF7, 0x5D, 0x3C, 0xF5,
    0x58, 0xA4, 0xEF, 0x09, 0x27, 0xE9, 0x57, 0xF9, 0xCC, 0x9C, 0x41, 0x2E, 0xF7, 0xBA, 0x67, 0x60,
    0x4C, 0x3A, 0xAF, 0xBB, 0xF6, 0xBA, 0x2F, 0xFC, 0xBB, 0xF0, 0xEF, 0xC2, 0xBF, 0xAF, 0x89, 0x7F,
    0xD6, 0x1A, 0xAC, 0x2F, 0x18, 0xDF, 0x4A, 0x7D, 0x39, 0xF7, 0x1F, 0x4C, 0x2C, 0xB9, 0xD6, 0x0F,
    0xF0, 0x67, 0xF7, 0xD1, 0x52, 0x13, 0x2F, 0xBF, 0xF0, 0xEF, 0xC2, 0xBF, 0xE7, 0xE6, 0xDF, 0xBF,
    0xED, 0x59, 0x3B, 0x6E, 0xDC, 0x48, 0x10, 0xE5, 0x07, 0xD6, 0x00, 0xCB, 0x80, 0xD1, 0x46, 0x0A,
    0x78, 0x04, 0x1E, 0x81, 0xCC, 0x7C, 0x01, 0xEB, 0x14, 0x0E, 0x7C, 0x04, 0xD2, 0xD1, 0x06, 0x9B,
    0xF8, 0x18, 0x86, 0x2F, 0xC1, 0xBE, 0xC1, 0xCE, 0x11, 0x18, 0x18, 0x30, 0x94, 0xD1, 0x00, 0x03,
    0x1A, 0xE0, 0xB0, 0xB7, 0xBB, 0xBA, 0x7E, 0xE4, 0x68, 0xA4, 0x19, 0x48, 0x5A, 0x0B, 0x8B, 0x69,
    0x40, 0x50, 0x15, 0x66, 0xD8, 0xFD, 0xBA, 0xEA, 0x75, 0xBD, 0x2E, 0x4E, 0x14, 0xB9, 0x71, 0x6B,
    0xBF, 0x47, 0x3C, 0xAC, 0xB5, 0x35, 0xD9, 0xA9, 0x73, 0xF6, 0xE4, 0xE4, 0xCE, 0x19, 0xC8, 0x29,
    0x9C, 0x33, 0x91, 0x53, 0x3A, 0x67, 0x26, 0xA7, 0x5A, 0x62, 0xE5, 0xCC, 0x91, 0x38, 0xEF, 0x3E,
    0x28, 0x27, 0x8A, 0x62, 0xED, 0xEC, 0x64, 0x36, 0x3F, 0xDF, 0xA0, 0xBE, 0x65, 0x5B, 0xF5, 0xAD,
    0x83, 0x7C, 0x2B, 0x57, 0xDF, 0x72, 0x8E, 0x11, 0xE7, 0x8F, 0x6F, 0xF2, 0xC8, 0xC9, 0x61, 0xAD,
    0xDF, 0xDF, 0xFC, 0xB4, 0x53, 0xBB, 0x65, 0xD1, 0xE9, 0xDC, 0x2A, 0x39, 0x21, 0x6D, 0x9C, 0xD1,
    0xD9, 0x11, 0x37, 0x6A, 0xAD, 0x84, 0xA7, 0x00, 0x07, 0x03, 0x97, 0x81, 0x83, 0x80, 0x12, 0x6F,
    0x2F, 0x04, 0xA1, 0xD3, 0x41, 0xCC, 0xAC, 0xDE, 0xE9, 0x27, 0x9D, 0x92, 0x67, 0x8F, 0x66, 0xA9,
    0xF5, 0xC6, 0x57, 0xD1, 0x95, 0x24, 0x24, 0x0A, 0x1A, 0xA4, 0x5E, 0xC5, 0x5D, 0x91, 0xC2, 0xF3,
    0xC0, 0x68, 0x1E, 0xEC, 0x35, 0x0F, 0x7A, 0x4E, 0xBD, 0xA6, 0x4B, 0xE3, 0x9C, 0x51, 0x31, 0x8C,
    0x57, 0x8D, 0xBD, 0x73, 0x10, 0x00, 0xFF, 0x30, 0x04, 0x07, 0xE0, 0x6F, 0x86, 0xE0, 0x00, 0xBC,
    0x67, 0x08, 0x0E, 0x40, 0xCA, 0x10, 0x0A, 0xBB, 0x24, 0xEC, 0x94, 0x6E, 0x5E, 0x86, 0x50, 0x81,
    0x33, 0x10, 0x80, 0x11, 0xFE, 0x38, 0x02, 0x15, 0x42, 0x88, 0xFD, 0xF7, 0x4B, 0x74, 0x12, 0xBF,
    0x99, 0x1C, 0x21, 0xC0, 0x1A, 0x39, 0x42, 0xD8, 0xF9, 0xE4, 0xEC, 0x10, 0x42, 0x1E, 0x18, 0x12,
    0x56, 0x05, 0x87, 0x20, 0x94, 0xB0, 0x17, 0x84, 0x10, 0x96, 0x40, 0x08, 0x0D, 0x64, 0x1A, 0x21,
    0x58, 0x1C, 0xF3, 0xD6, 0x49, 0xC8, 0x59, 0x30, 0x05, 0x61, 0x60, 0x0A, 0xC2, 0xA8, 0x43, 0x0A,
    0xC2, 0x30, 0x1B, 0xA7, 0x64, 0xA7, 0x27, 0x52, 0x22, 0x31, 0x1B, 0xDC, 0x16, 0x24, 0x82, 0x12,
    0x00, 0xFF, 0xC9, 0x69, 0xDC, 0xFF, 0x84, 0xF2, 0x54, 0xB9, 0xAF, 0xA7, 0x14, 0x3E, 0x37, 0xAB,
    0x07, 0xD0, 0x53, 0xCA, 0xEB, 0x9C, 0x42, 0xEE, 0x8D, 0x9C, 0x88, 0xEB, 0x28, 0x6C, 0x4A, 0x4A,
    0x93, 0x7B, 0xB8, 0xAF, 0x28, 0x81, 0x7E, 0xA6, 0x86, 0xF2, 0xEC, 0x42, 0x3E, 0x0A, 0x03, 0xC2,
    0x11, 0x48, 0x2C, 0x51, 0xB4, 0xB4, 0x92, 0x26, 0x7C, 0x22, 0xB1, 0x44, 0xC6, 0x94, 0xCF, 0xD2,
    0xCE, 0x12, 0x0D, 0x33, 0xDB, 0x96, 0x64, 0x51, 0x1D, 0x88, 0xEF, 0x54, 0x45, 0x28, 0xD8, 0x6A,
    0xD4, 0x39, 0xE4, 0x0F, 0x27, 0xFE, 0x70, 0xAF, 0x4A, 0x03, 0x5A, 0x7C, 0x3A, 0xBE, 0x7D, 0x3D,
    0x79, 0xBA, 0xA0, 0x10, 0xC1, 0x33, 0x0F, 0x5B, 0xA3, 0xDF, 0x31, 0xC0, 0x9B, 0xDD, 0x06, 0x96,
    0x00, 0xBE, 0x2E, 0x60, 0x73, 0x29, 0xA7, 0x1E, 0x4E, 0x82, 0xA2, 0x47, 0xCF, 0x65, 0xC5, 0x50,
    0x79, 0x58, 0xF8, 0xC8, 0x60, 0x84, 0x6E, 0xEC, 0xAF, 0xCB, 0x0A, 0xC1, 0x8D, 0x7B, 0xF6, 0x1E,
    0x26, 0xE9, 0x68, 0x8D, 0x50, 0x9F, 0x0E, 0x78, 0x48, 0x61, 0xB9, 0x98, 0x59, 0x93, 0x32, 0x37,
    0x33, 0xB4, 0x0E, 0xC2, 0x37, 0x21, 0x5B, 0x5D, 0x41, 0x56, 0xDC, 0x04, 0x6D, 0x05, 0x28, 0x3D,
    0x2D, 0x02, 0xFD, 0xDD, 0x56, 0xCD, 0x9F, 0x77, 0x1F, 0xD0, 0x8A, 0xE4, 0x64, 0x29, 0xEB, 0xA3,
    0xB5, 0xDF, 0xC1, 0x82, 0x45, 0x7E, 0x78, 0xAB, 0x23, 0x4A, 0xF3, 0x21, 0x30, 0xBC, 0xAE, 0xE1,
    0x75, 0x0D, 0x33, 0xDC, 0x34, 0x6C, 0xC1, 0x11, 0xB9, 0x09, 0xD6, 0x84, 0xAC, 0x0C, 0x11, 0x4B,
    0xC1, 0x1A, 0x10, 0x4B, 0xB0, 0x72, 0xFE, 0xB4, 0x02, 0x6B, 0x0E, 0x01, 0x0E, 0xB3, 0x14, 0xEB,
    0x99, 0xAB, 0x07, 0x10, 0x04, 0x54, 0xBF, 0x18, 0xE9, 0x4F, 0x46, 0xFF, 0xD9, 0x5B, 0xB7, 0x3E,
    0x64, 0x31, 0xEC, 0xF2, 0x93, 0xB5, 0x5F, 0xB8, 0x6C, 0x2E, 0x5A, 0x07, 0x1D, 0xF1, 0x88, 0x68,
    0x0E, 0xEC, 0xCC, 0xC2, 0xE8, 0x97, 0xFF, 0x8B, 0xF8, 0x59, 0x09, 0x3F, 0x28, 0x55, 0x03, 0xC9,
    0xC8, 0x7B, 0xA9, 0xC2, 0x2E, 0x41, 0x1D, 0x0B, 0x89, 0x9B, 0x28, 0xB7, 0xAB, 0xA5, 0xFA, 0x97,
    0x92, 0x94, 0x37, 0x20, 0x9F, 0x2B, 0x51, 0x79, 0x4D, 0xF9, 0xEC, 0xCE, 0x92, 0xCF, 0xD4, 0xAA,
    0xDB, 0xC9, 0x4A, 0x3E, 0xB3, 0xAD, 0x7C, 0xB6, 0x5A, 0x3E, 0xCD, 0xD3, 0xF2, 0xD9, 0x6D, 0xE5,
    0x73, 0xD2, 0xF2, 0x39, 0x6B, 0xF9, 0x3C, 0x3C, 0x24, 0x9F, 0x0E, 0xC0, 0x6E, 0x23, 0x9F, 0x2D,
    0x01, 0x38, 0x6C, 0xE5, 0x73, 0x4F, 0x00, 0xA6, 0x48, 0x51, 0x6C, 0xD8, 0xCA, 0xE7, 0x24, 0xE4,
    0xAD, 0x44, 0x3E, 0x4D, 0x54, 0x20, 0x04, 0x58, 0x43, 0xC9, 0x27, 0xA0, 0x40, 0x00, 0x0B, 0x0A,
    0x6A, 0x00, 0x20, 0x05, 0x01, 0x74, 0x38, 0x41, 0x08, 0x61, 0x09, 0x96, 0xCF, 0x41, 0x1C, 0x3A,
    0x7C, 0x13, 0x97, 0xCD, 0xAD, 0x7C, 0x1E, 0x4E, 0xCB, 0x67, 0xA4, 0x15, 0xB3, 0x25, 0xB6, 0x1D,
    0xC9, 0xE7, 0xFE, 0x48, 0x3E, 0x67, 0xDC, 0xEF, 0x80, 0x1A, 0x4A, 0xDA, 0x45, 0x41, 0xEA, 0x82,
    0x7C, 0xF6, 0xC8, 0xCD, 0x83, 0x07, 0xB0, 0x67, 0x2D, 0xE5, 0xEA, 0xE7, 0xB5, 0x94, 0x15, 0xD3,
    0x1B, 0x39, 0x65, 0x26, 0x0F, 0x85, 0x85, 0x6F, 0x3C, 0xFB, 0x8A, 0xB8, 0xEE, 0xB5, 0x94, 0xE5,
    0xD3, 0xAD, 0x31, 0x70, 0xD2, 0x63, 0x80, 0x20, 0xE7, 0xBA, 0x80, 0x02, 0x6D, 0x02, 0x67, 0x0C,
    0x28, 0x9F, 0x8F, 0xD0, 0x04, 0xCA, 0x97, 0xF2, 0x05, 0x62, 0xC7, 0xB1, 0xC8, 0xEC, 0xD8, 0x84,
    0x78, 0xE5, 0x76, 0x9F, 0x85, 0x98, 0xFA, 0x09, 0x84, 0x8A, 0xBA, 0x56, 0x5D, 0x32, 0x5E, 0x5C,
    0x16, 0xBB, 0xAB, 0x2C, 0xFE, 0xBF, 0x65, 0xF1, 0x8D, 0xB4, 0x64, 0x6F, 0x4B, 0x53, 0x96, 0x33,
    0x35, 0xC5, 0x3C, 0x57, 0x53, 0xE6, 0x93, 0x9A, 0xB2, 0x9C, 0xD0, 0x94, 0x33, 0x5B, 0xB2, 0x58,
    0xB5, 0x64, 0x2B, 0x4D, 0x19, 0x25, 0x59, 0x16, 0x04, 0x46, 0xB5, 0x64, 0x2B, 0x4D, 0x29, 0xA5,
    0x25, 0x6B, 0xFD, 0xFE, 0xA8, 0x42, 0xD6, 0x51, 0xAE, 0x5B, 0xB2, 0x0C, 0x57, 0x2D, 0x50, 0x60,
    0x44, 0x53, 0x52, 0xDD, 0x92, 0x25, 0xAC, 0x29, 0x63, 0xC4, 0xB5, 0x5C, 0xCB, 0x48, 0xFC, 0xDC,
    0x96, 0xAC, 0x38, 0xB7, 0x25, 0x9B, 0x71, 0x8B, 0xC7, 0x2D, 0xD9, 0xC8, 0x0E, 0xC1, 0x85, 0x0E,
    0x8E, 0x36, 0xE2, 0x27, 0x02, 0x8D, 0xA0, 0x2C, 0xAF, 0x5A, 0x32, 0xD1, 0x94, 0x6C, 0xA3, 0x29,
    0xBD, 0xD6, 0x94, 0xC7, 0x5B, 0xB2, 0x17, 0x18, 0x99, 0x96, 0x8E, 0x4A, 0xBF, 0xA2, 0xD1, 0x8C,
    0x4F, 0xF4, 0x7A, 0xE9, 0x86, 0xFE, 0xE7, 0x38, 0xAB, 0x09, 0x56, 0x53, 0xAF, 0x17, 0x65, 0x38,
    0x57, 0x69, 0xBA, 0x4A, 0xD3, 0x85, 0x1D, 0xDB, 0xB9, 0xA3, 0x9C, 0xA2, 0xED, 0x5B, 0x04, 0x09,
    0x5E, 0xC6, 0x95, 0x30, 0x67, 0x96, 0x3E, 0x6E, 0xC9, 0x13, 0x32, 0x8B, 0x7A, 0x3F, 0x11, 0x56,
    0xB3, 0xAF, 0x38, 0x86, 0xA3, 0x53, 0xF5, 0xDF, 0x58, 0xB4, 0xFC, 0xCB, 0x5B, 0xBF, 0x6B, 0x47,
    0x47, 0x7B, 0x7B, 0x62, 0x74, 0x6C, 0x89, 0x68, 0x88, 0xB0, 0xA8, 0x86, 0xA6, 0x53, 0x9A, 0xF4,
    0xAC, 0x22, 0x5D, 0x29, 0x86, 0x0D, 0xDB, 0xD2, 0x2A, 0x15, 0xF7, 0x71, 0x4B, 0x15, 0x63, 0xD9,
    0xB3, 0xCC, 0x4C, 0xAB, 0xF9, 0x72, 0x76, 0x2F, 0xEF, 0x32, 0x7A, 0xD6, 0xD3, 0x25, 0x62, 0xC9,
    0x34, 0x1C, 0xAC, 0x81, 0x65, 0x78, 0x66, 0xD9, 0x5D, 0xA4, 0xAE, 0xD5, 0x7C, 0xBA, 0x5D, 0x35,
    0xF3, 0x9A, 0xD8, 0x84, 0x2A, 0x10, 0x8E, 0xD2, 0xBE, 0xA3, 0xC2, 0xDD, 0xB3, 0xA4, 0x0F, 0xDC,
    0x3D, 0x0E, 0xA1, 0x96, 0xC4, 0xC2, 0x8D, 0x57, 0xE6, 0xDA, 0xB8, 0xB6, 0xB8, 0x9B, 0xF3, 0xA8,
    0x3A, 0xBA, 0x65, 0xF4, 0xA1, 0x3E, 0x97, 0xC1, 0xC2, 0x70, 0x70, 0xF6, 0x5B, 0xA9, 0xE8, 0xA9,
    0x74, 0xBC, 0xD2, 0x15, 0x57, 0xDC, 0xC3, 0x66, 0xC2, 0x0C, 0xA0, 0x09, 0x5C, 0x61, 0x13, 0x8E,
    0xFD, 0x05, 0xF7, 0xD5, 0x9E, 0xAB, 0xD9, 0x2C, 0xB7, 0x4E, 0xB9, 0x65, 0xB6, 0x7C, 0xC5, 0x34,
    0xE7, 0x58, 0xF2, 0x44, 0xAE, 0xEA, 0xE4, 0x7C, 0xB4, 0x5A, 0xFC, 0xF1, 0xBE, 0xE6, 0x6B, 0xED,
    0xC8, 0x37, 0xD7, 0x45, 0xAE, 0xEE, 0x2D, 0xBF, 0x17, 0x36, 0xFC, 0x5E, 0xB8, 0x0F, 0xA5, 0x73,
    0x2C, 0x42, 0xD8, 0x5D, 0x67, 0x9B, 0x92, 0x65, 0x52, 0x4E, 0x85, 0x58, 0x3B, 0xB6, 0xE4, 0x47,
    0x25, 0x7E, 0x1D, 0xAC, 0x5F, 0x96, 0x2C, 0x91, 0xFC, 0x9C, 0x40, 0x59, 0x94, 0x33, 0x53, 0x1F,
    0xD5, 0xE7, 0xBB, 0xBB, 0xCB, 0xDE, 0xA9, 0x5D, 0xEB, 0xF8, 0xB5, 0x8E, 0x03, 0x7B, 0x6E, 0xE9,
    0x9E, 0x98, 0x70, 0x03, 0x97, 0x73, 0x5B, 0x56, 0x72, 0xB1, 0xAF, 0x2C, 0xB5, 0x81, 0x1D, 0x9F,
    0x05, 0x28, 0x87, 0x06, 0xDF, 0x05, 0xE3, 0xAF, 0x20, 0xDD, 0xAC, 0x7E, 0x0F, 0x11, 0xAB, 0x3C,
    0x26, 0xEF, 0x8E, 0xC9, 0x5B, 0xA9, 0x7E, 0x40, 0xEE, 0x20, 0x35, 0x59, 0x87, 0xA3, 0x53, 0x1B,
    0xC3, 0xA5, 0xF1, 0xC9, 0x71, 0xAD, 0xFC, 0xBF, 0xBF, 0xF2, 0xFF, 0x0B, 0xED, 0x59, 0x3B, 0x72,
    0xD4, 0x40, 0x10, 0x6D, 0x49, 0x05, 0xAA, 0x62, 0x03, 0x45, 0xC4, 0xCA, 0x49, 0x74, 0x04, 0xE9,
    0x08, 0x04, 0x6C, 0x4C, 0x4E, 0xE2, 0x23, 0xAC, 0x8E, 0xC0, 0x11, 0x08, 0x29, 0x1F, 0x81, 0x44,
    0x3A, 0xC2, 0x1E, 0x61, 0x03, 0x27, 0x64, 0xA2, 0x6A, 0x03, 0xB9, 0xF0, 0x6A, 0x98, 0xEE, 0xE9,
    0xE9, 0x37, 0xC6, 0x60, 0xCA, 0xEB, 0x0F, 0x86, 0x5A, 0x05, 0xEB, 0x57, 0xF6, 0x4C, 0xCF, 0x8C,
    0xA6, 0xDF, 0x7B, 0xDD, 0x6B, 0x22, 0x1A, 0x2E, 0x28, 0x5B, 0xBF, 0x25, 0xA2, 0x95, 0x5B, 0xA8,
    0x70, 0x93, 0x47, 0xAD, 0x73, 0x63, 0x40, 0xCE, 0xB9, 0xA9, 0x64, 0x94, 0x79, 0x74, 0xA8, 0xDC,
    0x8E, 0xFC, 0x10, 0x79, 0xB6, 0x44, 0x65, 0x40, 0x23, 0x4F, 0xBD, 0xAA, 0x3D, 0xEA, 0x89, 0x2A,
    0xB7, 0xE7, 0x01, 0xC4, 0x68, 0xF2, 0xD3, 0xAF, 0x14, 0x35, 0x12, 0xEE, 0x85, 0x5F, 0xA8, 0x5C,
    0x3A, 0x3A, 0xE2, 0x71, 0x8F, 0xF8, 0x4C, 0xB6, 0xC6, 0xD3, 0xA2, 0xB8, 0xFC, 0xC3, 0xA3, 0xBF,
    0x75, 0xA2, 0xE9, 0x8E, 0xB7, 0x35, 0x18, 0x6A, 0x0D, 0xD5, 0x86, 0x4A, 0x43, 0x64, 0x03, 0x39,
    0xD9, 0x7A, 0x9F, 0x52, 0x3E, 0xEB, 0xFC, 0x2F, 0xE7, 0x80, 0x38, 0xE5, 0xFA, 0x9A, 0x51, 0xE5,
    0xD1, 0xBE, 0xE5, 0x4C, 0x6C, 0xC2, 0xF8, 0x4E, 0xD2, 0x39, 0xCC, 0xA4, 0x8D, 0x80, 0x45, 0xA6,
    0x8E, 0x43, 0xC8, 0x4E, 0x3F, 0xA4, 0x76, 0x9A, 0xEC, 0x1C, 0x88, 0x03, 0xAF, 0xD7, 0x44, 0x67,
    0x97, 0x77, 0xCA, 0xCF, 0xCC, 0x87, 0xFB, 0x2A, 0x48, 0x16, 0xF1, 0x44, 0x51, 0x7E, 0xF0, 0x6A,
    0x8D, 0x31, 0xC5, 0x32, 0x2E, 0x57, 0x74, 0x15, 0x69, 0xE4, 0x07, 0x56, 0xF1, 0x90, 0x5D, 0x13,
    0x51, 0xDF, 0x0A, 0xD5, 0x7C, 0xCC, 0x71, 0xA3, 0xB4, 0x72, 0xDB, 0xC1, 0x1D, 0x48, 0x0E, 0xBD,
    0x0B, 0x47, 0xC8, 0xE5, 0xCE, 0x67, 0x12, 0x9A, 0x7A, 0xB4, 0x37, 0x34, 0xE9, 0xB5, 0x3C, 0x66,
    0x5E, 0xED, 0xAF, 0x23, 0x19, 0x17, 0x77, 0x35, 0xC8, 0xF1, 0x79, 0xA7, 0xAD, 0xD3, 0x4B, 0xD9,
    0xD9, 0x4D, 0x8F, 0x76, 0xD3, 0xBD, 0x9D, 0x3C, 0xCA, 0x0B, 0x9F, 0x50, 0xD1, 0x6C, 0x37, 0xB8,
    0xE5, 0xCB, 0x8F, 0x77, 0x19, 0x52, 0xE2, 0x82, 0x51, 0x6E, 0xEF, 0x3E, 0x3C, 0x65, 0x18, 0x20,
    0x4F, 0x25, 0x7B, 0x09, 0x4F, 0x63, 0x7B, 0xE5, 0x90, 0x93, 0xE1, 0x41, 0x2E, 0x3D, 0x9E, 0xC2,
    0xE4, 0xA9, 0x48, 0xC2, 0x94, 0x49, 0x98, 0x4A, 0x5E, 0xB5, 0x7F, 0x5E, 0xBF, 0xA3, 0x3A, 0x86,
    0x19, 0x5C, 0xD7, 0x6A, 0x98, 0xDC, 0x21, 0x5E, 0x89, 0x37, 0xC5, 0x57, 0x37, 0x63, 0x79, 0x79,
    0x33, 0x14, 0x0F, 0xA2, 0x8B, 0xE6, 0x4C, 0x89, 0x31, 0x4E, 0x3D, 0xD8, 0x26, 0xFD, 0x92, 0x76,
    0x90, 0x96, 0x25, 0x79, 0xB1, 0x9D, 0xE7, 0x3A, 0x59, 0x7E, 0xCA, 0x3B, 0xE2, 0xA9, 0x8B, 0x9D,
    0x70, 0xC5, 0x8B, 0xD6, 0x58, 0xF9, 0xC8, 0x07, 0x9C, 0x7D, 0x0A, 0x3C, 0x25, 0xEB, 0x3E, 0x07,
    0x0C, 0xA3, 0x78, 0x7C, 0xFC, 0xDC, 0xCE, 0x3E, 0x1D, 0x9D, 0x03, 0x43, 0x82, 0xDB, 0x04, 0xD7,
    0x09, 0x4E, 0x34, 0x9E, 0x52, 0x95, 0x07, 0x51, 0x8C, 0xB3, 0x1B, 0x6C, 0x05, 0x0C, 0xCB, 0x41,
    0xD8, 0x02, 0x94, 0x5A, 0x81, 0xAE, 0x35, 0x02, 0xB4, 0x22, 0xCB, 0x1A, 0x2B, 0x04, 0xF0, 0x05,
    0x89, 0x06, 0x28, 0xDC, 0x55, 0xAE, 0x01, 0x2A, 0x04, 0x6A, 0x44, 0xB6, 0x22, 0x4D, 0xB7, 0xAA,
    0xF5, 0xA8, 0x19, 0x0A, 0xE7, 0xE2, 0x52, 0x95, 0xFB, 0x1E, 0x37, 0xDE, 0xB2, 0x06, 0xF6, 0x91,
    0xA1, 0x9B, 0x30, 0x2F, 0x13, 0x5D, 0xDF, 0x47, 0x7E, 0x2A, 0x9F, 0xF9, 0x87, 0x0A, 0x0D, 0x13,
    0x36, 0x0B, 0xF3, 0xD6, 0xEB, 0x4E, 0x3F, 0xE8, 0x48, 0x17, 0x82, 0x0D, 0x25, 0x3E, 0x94, 0x18,
    0x11, 0x9C, 0x28, 0xB1, 0xA2, 0xC4, 0x8B, 0x12, 0x33, 0x22, 0xB8, 0x11, 0xC1, 0x8E, 0x08, 0x7E,
    0x44, 0x30, 0x24, 0x82, 0xF6, 0x13, 0x2C, 0x89, 0xE0, 0x49, 0x04, 0x53, 0x4A, 0xF3, 0xFE, 0x21,
    0xE0, 0xF4, 0x8B, 0x9C, 0x85, 0x3D, 0x25, 0xFE, 0x94, 0x6E, 0x12, 0x0E, 0x45, 0xB0, 0x28, 0x64,
    0xEB, 0x88, 0x64, 0xED, 0xF1, 0x4A, 0x28, 0xB5, 0xA9, 0xC4, 0xA7, 0x12, 0xA3, 0x4A, 0x9D, 0x2A,
    0xB1, 0xAA, 0x9F, 0xBD, 0x0A, 0x39, 0xDD, 0x58, 0xCA, 0x56, 0x12, 0xF5, 0xBA, 0x03, 0x65, 0x48,
    0x73, 0xE4, 0x7E, 0x1B, 0x13, 0x12, 0x36, 0x14, 0xE4, 0x5E, 0xAC, 0xA9, 0x08, 0x01, 0xBD, 0x31,
    0x65, 0x72, 0x46, 0xD8, 0x12, 0x4C, 0x09, 0x96, 0x04, 0x43, 0x32, 0x3B, 0x82, 0x19, 0xC1, 0x8A,
    0x60, 0x44, 0xB0, 0x21, 0x33, 0x21, 0x58, 0x10, 0x0C, 0xE8, 0x1E, 0xF6, 0x73, 0x2A, 0xF9, 0x4F,
    0x25, 0xBF, 0x51, 0x28, 0x87, 0x10, 0x9B, 0x0E, 0x5F, 0x63, 0xCF, 0xFE, 0x46, 0xC1, 0x67, 0x55,
    0x12, 0x4F, 0x46, 0x52, 0xF5, 0xC6, 0x9E, 0x51, 0x1D, 0x20, 0x34, 0xA7, 0xCC, 0x97, 0x4A, 0xC2,
    0x40, 0xFF, 0x21, 0xFF, 0xA6, 0xFE, 0x10, 0x7F, 0x68, 0x3F, 0xA4, 0x1F, 0xCA, 0x6F, 0xC2, 0x0F,
    0xDD, 0x87, 0xEC, 0x43, 0xF5, 0x21, 0xFA, 0x47, 0x68, 0xFE, 0xA9, 0xE9, 0x78, 0x36, 0x4D, 0xC7,
    0x4B, 0x77, 0x99, 0xD4, 0xF6, 0x5B, 0x90, 0x62, 0x7F, 0xA3, 0x50, 0x28, 0xD5, 0x37, 0xA2, 0x49,
    0xC4, 0xBC, 0xED, 0x07, 0x83, 0x3E, 0x46, 0x80, 0x2F, 0xD6, 0x06, 0x25, 0x32, 0xC4, 0x71, 0xF9,
    0x45, 0x6B, 0xA2, 0x2C, 0x78, 0x73, 0x6E, 0x2E, 0x21, 0xDF, 0xE4, 0x2C, 0xCA, 0x81, 0x5D, 0x11,
    0xCB, 0x0F, 0xFE, 0x96, 0x46, 0xF5, 0xDC, 0x66, 0xB7, 0xA8, 0xBB, 0x82, 0xDD, 0x99, 0x07, 0x6C,
    0x23, 0x9D, 0x62, 0x2D, 0xE5, 0xD3, 0x37, 0x56, 0x58, 0x3E, 0x7F, 0xA3, 0x4B, 0xF1, 0xB1, 0xC3,
    0x3C, 0x31, 0x82, 0x90, 0xFD, 0x42, 0xC2, 0x40, 0xB0, 0x57, 0xE7, 0x9F, 0xF5, 0xE3, 0xDE, 0x3D,
    0x48, 0xF7, 0x48, 0xF0, 0xB7, 0x55, 0xC4, 0xD3, 0xC2, 0x07, 0x2D, 0x8B, 0xEE, 0x52, 0x2C, 0xFD,
    0xED, 0x13, 0xBB, 0x3F, 0xDF, 0x31, 0xFC, 0xA3, 0x83, 0x81, 0x74, 0x70, 0x90, 0x0E, 0x16, 0xD2,
    0xC1, 0x43, 0xA2, 0xAA, 0x9E, 0xB9, 0x8F, 0xA8, 0xAD, 0x0E, 0x68, 0xCC, 0xE3, 0x80, 0xD6, 0x59,
    0x95, 0xB4, 0x89, 0xF5, 0x73, 0x60, 0xBD, 0x6E, 0xD6, 0xCD, 0xA5, 0xC1, 0xA9, 0x88, 0x70, 0xFD,
    0xB6, 0xC0, 0x69, 0x4A, 0xC0, 0x1A, 0x1D, 0x07, 0xBE, 0x64, 0x50, 0x5F, 0x2A, 0xBC, 0xC8, 0x28,
    0xA1, 0x56, 0x7E, 0x2B, 0x6A, 0x47, 0x5E, 0xAC, 0x22, 0xCD, 0x59, 0x7F, 0x99, 0xCA, 0xE1, 0x05,
    0xED, 0xA0, 0x23, 0x33, 0xB6, 0x7D, 0x88, 0xC4, 0xFF, 0x16, 0xC9, 0x3B, 0xB0, 0x54, 0x8F, 0xB1,
    0x66, 0xD4, 0x96, 0xA7, 0x10, 0xA1, 0x9F, 0xD1, 0x70, 0x1C, 0x92, 0x86, 0x83, 0xE1, 0x87, 0xF3,
    0x8F, 0xFC, 0x71, 0x6A, 0x38, 0xFE, 0xEB, 0x86, 0x63, 0x98, 0xAD, 0x4B, 0x70, 0x5D, 0xC8, 0x58,
    0xBF, 0xFA, 0x3E, 0x24, 0xAC, 0x1F, 0xB7, 0xBC, 0x97, 0x0B, 0xB4, 0x98, 0xB9, 0xDD, 0x9E, 0xCF,
    0x98, 0x3A, 0xB0, 0xC4, 0x7B, 0x48, 0xE6, 0xB4, 0xA1, 0x98, 0x92, 0xBA, 0x2B, 0xFF, 0x72, 0x4B,
    0xF2, 0x6C, 0x96, 0x1B, 0xF5, 0x57, 0x61, 0x29, 0xBD, 0xB2, 0x77, 0x56, 0x9B, 0x1B, 0x6D, 0xCC,
    0x8C, 0xCC, 0x8B, 0x0A, 0xB6, 0xA2, 0x9D, 0xD2, 0x45, 0xD7, 0xAD, 0xAD, 0x1D, 0xD9, 0x98, 0x0F,
    0xF9, 0xFD, 0x86, 0x82, 0xAA, 0x08, 0x0A, 0xB0, 0x0B, 0xFC, 0x0A, 0xDF, 0x24, 0xDC, 0xC3, 0x83,
    0x4E, 0xED, 0xC8, 0xA9, 0x1D, 0x09, 0x04, 0xCB, 0xBD, 0x89, 0xB4, 0x2A, 0x6F, 0x07, 0x55, 0x6B,
    0xA6, 0x89, 0xD4, 0x6F, 0xB9, 0x89, 0x5F, 0x11, 0x45, 0x4E, 0xA9, 0x39, 0x8B, 0x7A, 0xED, 0x9A,
    0xB0, 0xC9, 0x4A, 0xBA, 0xE6, 0x5E, 0xFE, 0x3A, 0x52, 0x73, 0xCB, 0x7F, 0x1B, 0xB2, 0xF3, 0x4F,
    0xE6, 0x59, 0xF8, 0x8E, 0x60, 0x41, 0xD9, 0xD6, 0xFD, 0xB6, 0x45, 0x29, 0xAF, 0xB5, 0x28, 0xCB,
    0xED, 0x2D, 0xCA, 0x74, 0xA3, 0x45, 0x29, 0xAD, 0x45, 0x09, 0x5B, 0x7D, 0xCD, 0xFF, 0x28, 0x3C,
    0xB5, 0x28, 0xFF, 0x5A, 0x8B, 0xF2, 0x03, 0xED, 0x59, 0x4B, 0x6E, 0xDB, 0x40, 0x0C, 0x1D, 0x4B,
    0x68, 0xB4, 0xD0, 0x42, 0xAB, 0x6C, 0xBA, 0xD1, 0x11, 0x7C, 0x04, 0xE9, 0x08, 0x5D, 0x24, 0x97,
    0xE8, 0x26, 0x47, 0x90, 0x8F, 0x90, 0x43, 0xA4, 0x40, 0xD3, 0x02, 0xBD, 0x82, 0x7C, 0x04, 0x1F,
    0x41, 0x8B, 0x6C, 0xBA, 0x53, 0x01, 0x2F, 0x54, 0x40, 0x16, 0xCB, 0xE1, 0x0C, 0x3F, 0x4A, 0x52,
    0x27, 0x0E, 0xF2, 0x05, 0x3C, 0xA8, 0xA7, 0x84, 0x2D, 0x72, 0x86, 0x1C, 0x3E, 0x3E, 0x6A, 0xE2,
    0x9C, 0x73, 0x9F, 0xAF, 0x5D, 0x1C, 0x0D, 0xAC, 0x82, 0xB0, 0x00, 0xD8, 0x04, 0x29, 0x05, 0xD8,
    0x06, 0xA9, 0x00, 0x18, 0x83, 0xB4, 0x04, 0x80, 0x20, 0xB5, 0x28, 0xAD, 0xA2, 0x42, 0x0B, 0x9D,
    0x97, 0x32, 0x98, 0xCA, 0xA0, 0x52, 0xC0, 0x98, 0x07, 0x95, 0x0A, 0xB6, 0x69, 0x50, 0x01, 0x7C,
    0x88, 0x54, 0x12, 0x80, 0x35, 0xAE, 0x87, 0x2A, 0xB9, 0xFF, 0x65, 0xE9, 0x55, 0x4E, 0x7E, 0x7C,
    0xF7, 0xD3, 0x95, 0x3B, 0x7C, 0xC0, 0x0B, 0x8E, 0x5E, 0xD6, 0x78, 0x5D, 0x89, 0x97, 0x7F, 0x7E,
    0xE9, 0xAD, 0x3C, 0xEA, 0x0F, 0x3C, 0xAD, 0x56, 0xA4, 0x4A, 0xA4, 0x52, 0xA4, 0x4C, 0x24, 0x27,
    0x0F, 0xBA, 0x27, 0x8D, 0x7C, 0x62, 0xA9, 0xC2, 0xAC, 0xBC, 0xB5, 0x5B, 0xCC, 0xD4, 0x41, 0xB0,
    0x30, 0x3E, 0x46, 0x52, 0x0D, 0xE3, 0xB3, 0x5A, 0xD6, 0xD5, 0x64, 0xA4, 0xA2, 0x50, 0xC0, 0xCE,
    0x09, 0xCA, 0x6A, 0x86, 0x25, 0xEB, 0x4A, 0x36, 0xE2, 0x62, 0x51, 0x05, 0x61, 0x09, 0x53, 0x54,
    0xF8, 0x13, 0x55, 0x1A, 0xD8, 0xB4, 0x04, 0x60, 0x84, 0xE5, 0xAA, 0x22, 0x15, 0x8F, 0xBF, 0x82,
    0x36, 0xE8, 0xE7, 0x8C, 0x54, 0x3C, 0xE8, 0x12, 0x42, 0x23, 0x01, 0xB1, 0x95, 0x1D, 0x3E, 0x66,
    0x2C, 0x30, 0xE6, 0xBF, 0x79, 0x7B, 0x40, 0xD8, 0x0F, 0x07, 0x32, 0xC5, 0x0A, 0x01, 0xB4, 0x6B,
    0xC1, 0x50, 0x12, 0xA5, 0xD1, 0xF1, 0xB9, 0x4D, 0xB4, 0x77, 0x1A, 0xF5, 0x92, 0x25, 0xDC, 0xAE,
    0xDF, 0xB9, 0x77, 0xB9, 0xA1, 0xE3, 0xC4, 0x67, 0xD0, 0x99, 0x5D, 0x70, 0xA1, 0x0B, 0x31, 0x4E,
    0x28, 0x8B, 0x87, 0xE0, 0x60, 0x1F, 0x2A, 0xD4, 0x42, 0x33, 0xFB, 0x85, 0x91, 0xB2, 0x9D, 0x4B,
    0xF4, 0x1C, 0xEF, 0xAA, 0x25, 0xF7, 0xFD, 0x4E, 0x2B, 0x0A, 0xEC, 0x32, 0x48, 0x31, 0x1C, 0x92,
    0xBB, 0x2B, 0xF1, 0x9C, 0x4E, 0xD2, 0x8F, 0x9D, 0xC4, 0x6A, 0xF0, 0xC9, 0x42, 0x63, 0x43, 0xD5,
    0x91, 0xF3, 0x9A, 0x92, 0xFC, 0x86, 0x12, 0x4C, 0x62, 0xFF, 0xF8, 0xD1, 0x76, 0x92, 0x6B, 0xA3,
    0xE4, 0x1A, 0x68, 0xAE, 0xAD, 0x38, 0x4D, 0x39, 0x0B, 0xF6, 0x4B, 0xAA, 0xA1, 0x56, 0xD4, 0x32,
    0xAF, 0x76, 0xF2, 0xEB, 0x8A, 0x4E, 0x06, 0x3D, 0xC9, 0xC9, 0xB3, 0x92, 0x3C, 0x25, 0xF7, 0x42,
    0xDE, 0xD4, 0x2D, 0x5C, 0x36, 0xB0, 0xC6, 0x2F, 0x0B, 0x9C, 0x47, 0x3F, 0x93, 0x4D, 0x3F, 0x97,
    0x34, 0x37, 0x91, 0x2E, 0x6A, 0xBF, 0xE8, 0x8E, 0xCC, 0x6D, 0x29, 0xD7, 0x56, 0x8C, 0x96, 0x82,
    0x0E, 0xA2, 0xA0, 0x23, 0xFA, 0x74, 0xFE, 0x65, 0x4F, 0x10, 0x2A, 0xDA, 0xE1, 0x71, 0x3E, 0x74,
    0x3E, 0x9E, 0xE3, 0x2B, 0xCE, 0x38, 0xBD, 0xDB, 0x7F, 0xB7, 0xCE, 0x21, 0xF1, 0x95, 0xAC, 0xC7,
    0xEF, 0xB1, 0xEE, 0xCD, 0x89, 0x7B, 0xC2, 0x2F, 0xF1, 0x27, 0x7C, 0x60, 0xD1, 0x5E, 0x12, 0xE7,
    0x54, 0x21, 0x55, 0x6A, 0x5F, 0x08, 0xED, 0xA7, 0x0D, 0x45, 0x9F, 0x9E, 0x59, 0x70, 0xDB, 0x79,
    0xEB, 0xAC, 0xDF, 0xDB, 0xE7, 0xBE, 0x81, 0xAE, 0x52, 0xEE, 0xFA, 0xDF, 0x3D, 0x0D, 0x78, 0x68,
    0xD8, 0x8F, 0xFF, 0xAE, 0x22, 0x64, 0xF4, 0xF4, 0xAC, 0x87, 0x15, 0xFA, 0x3E, 0x5D, 0x72, 0xC7,
    0x4D, 0x30, 0x72, 0x84, 0x17, 0x1A, 0x5B, 0xDB, 0x2A, 0x09, 0xBD, 0x06, 0x5A, 0x10, 0x26, 0xD9,
    0x46, 0xFE, 0x9D, 0x53, 0x88, 0x25, 0x16, 0x1F, 0xE3, 0x3C, 0x98, 0x26, 0x04, 0x17, 0xD1, 0x32,
    0x9A, 0xE8, 0xCB, 0xD8, 0xE7, 0xA3, 0xE9, 0x6D, 0x15, 0x57, 0x47, 0x88, 0x8E, 0x15, 0xD7, 0x74,
    0x94, 0x1B, 0xEE, 0x48, 0x50, 0x68, 0xD9, 0xF7, 0xCA, 0x9F, 0xF7, 0xA0, 0xAF, 0x03, 0x4C, 0x8A,
    0xE5, 0x6D, 0xB9, 0xBF, 0x2B, 0x17, 0xEF, 0x58, 0x2E, 0xF7, 0xF9, 0xA2, 0xFE, 0xDA, 0x38, 0xD8,
    0xF8, 0xD8, 0xB8, 0xD9, 0x78, 0xDA, 0x38, 0xDB, 0xF8, 0x9B, 0x73, 0xE9, 0xEC, 0x79, 0xD9, 0x73,
    0x9C, 0x9D, 0xAF, 0x3D, 0x77, 0x9B, 0x0F, 0x36, 0x4F, 0x66, 0xF9, 0x63, 0xF3, 0xCA, 0xE6, 0xDB,
    0x13, 0xC6, 0x72, 0xB0, 0xEF, 0x5B, 0xA6, 0x77, 0xD5, 0xBE, 0x31, 0x0F, 0x8D, 0x20, 0x87, 0xB5,
    0x3F, 0x44, 0xB6, 0xBA, 0xD6, 0xA6, 0x5D, 0x4B, 0xF7, 0xE0, 0xDB, 0xCF, 0xBF, 0xDA, 0x7E, 0x6E,
    0x15, 0x1F, 0xB5, 0xB4, 0x9F, 0x9D, 0x84, 0x65, 0x94, 0xF6, 0x73, 0xD2, 0xB0, 0xD5, 0xD2, 0x84,
    0xAD, 0xA5, 0xFD, 0xEC, 0x2A, 0x86, 0x57, 0x1F, 0xDA, 0x4F, 0xFF, 0xFE, 0x1B, 0xDA, 0x4F, 0x8C,
    0xE4, 0x10, 0x5B, 0x7C, 0xFC, 0x2F, 0x86, 0xB7, 0x99, 0x4B, 0x7D, 0x2C, 0x58, 0xCF, 0x2F, 0xE9,
    0x1A, 0x43, 0xE8, 0x05, 0x47, 0xDD, 0x8B, 0xEE, 0xAF, 0x21, 0xF7, 0x23, 0x9A, 0xD1, 0xFD, 0x0B,
    0x34, 0xA1, 0xBE, 0xA9, 0xBF, 0x1A, 0x03, 0x8D, 0x0B, 0xBF, 0x44, 0x0D, 0x36, 0x7E, 0x99, 0x66,
    0xD5, 0x85, 0xB4, 0x9F, 0x8B, 0xAF, 0x30, 0x7D, 0xFB, 0x08, 0xED, 0x27, 0xE5, 0xC9, 0xB4, 0x72,
    0xBA, 0xCC, 0x60, 0x2F, 0x0C, 0xA4, 0x70, 0x83, 0x58, 0x4B, 0x19, 0x4F, 0x2E, 0xB6, 0xDE, 0x1D,
    0xAF, 0x82, 0x58, 0x95, 0x7A, 0xB1, 0x4E, 0x59, 0xCE, 0x8D, 0x4C, 0xEA, 0x2A, 0x67, 0x46, 0x2E,
    0x35, 0xB5, 0x5D, 0xAB, 0x1C, 0x97, 0xC9, 0x2B, 0x5E, 0xEC, 0x89, 0xE4, 0x91, 0xDE, 0x64, 0xFF,
    0xFD, 0x48, 0x78, 0xEA, 0xBB, 0xEE, 0x91, 0x75, 0x8E, 0xAC, 0xF3, 0x76, 0xAC, 0xB3, 0xF8, 0x79,
    0x2D, 0x77, 0x8D, 0xD1, 0xCB, 0x44, 0x2E, 0x30, 0x32, 0x01, 0x62, 0x11, 0x6F, 0x0F, 0xA2, 0xD5,
    0x2E, 0x04, 0xE0, 0xA6, 0xE4, 0x82, 0x58, 0xA7, 0x2C, 0x19, 0xC8, 0xA9, 0xA4, 0xD0, 0x53, 0xE0,
    0x09, 0x8E, 0x72, 0x73, 0xAF, 0x32, 0xCA, 0x75, 0x67, 0x27, 0xF8, 0xBF, 0x53, 0x4D, 0xD2, 0xFF,
    0x34, 0x7C, 0x7B, 0xAF, 0x46, 0x8E, 0xDC, 0xF4, 0x4E, 0xB8, 0xA9, 0x80, 0xC9, 0x94, 0xE1, 0xD1,
    0xBC, 0x56, 0x68, 0x8D, 0x6D, 0x4C, 0x79, 0x36, 0xF5, 0x36, 0x99, 0x75, 0x39, 0x5A, 0x9E, 0x73,
    0x63, 0xA6, 0x64, 0x33, 0xA7, 0x67, 0x68, 0x72, 0x23, 0xB5, 0xB9, 0x89, 0x66, 0x52, 0xA1, 0x96,
    0x79, 0x87, 0x53, 0xEA, 0x3D, 0x92, 0xA7, 0xB5, 0xF1, 0x01, 0x5E, 0xCA, 0x61, 0xD7, 0xB0, 0xF5,
    0x12, 0x86, 0x25, 0x2B, 0xA3, 0x17, 0x05, 0x2B, 0x83, 0xE7, 0x22, 0x60, 0xD5, 0x7A, 0x11, 0x95,
    0xB3, 0x10, 0xBF, 0x4D, 0xBC, 0x92, 0x9F, 0x7B, 0x7E, 0xE4, 0x90, 0x23, 0x87, 0x7C, 0xC8, 0x37,
    0x17, 0x03, 0xE5, 0x4A, 0x91, 0x64, 0x80, 0xAC, 0x38, 0x4E, 0xB4, 0xCB, 0x4A, 0xB5, 0x18, 0x18,
    0x10, 0x17, 0x16, 0x8A, 0xC1, 0xC0, 0xF9, 0x19, 0x23, 0x38, 0xC1, 0xCD, 0x47, 0x03, 0xA6, 0x5D,
    0x2B, 0xD4, 0x7C, 0x35, 0xFB, 0xBB, 0x86, 0xFE, 0x09, 0x80, 0x97, 0xCA, 0x7C, 0xC2, 0xD5, 0x8C,
    0x5C, 0xEE, 0xFE, 0x2A, 0x5F, 0xCE, 0x7B, 0xDE, 0x69, 0xC4, 0x70, 0x42, 0xC9, 0x3F, 0x45, 0xC0,
    0xBB, 0x88, 0xE0, 0xD2, 0x1F, 0x5F, 0xD0, 0x3B, 0xF5, 0xB7, 0x62, 0xA7, 0x7B, 0xAF, 0xC6, 0x1E,
    0x60, 0x24, 0xA5, 0x24, 0xC3, 0x49, 0xA6, 0xA8, 0x2A, 0x2B, 0x19, 0x5A, 0x32, 0xBC, 0xA4, 0x77,
    0xF6, 0x6B, 0xA7, 0xD5, 0xDB, 0x29, 0x35, 0x39, 0xE5, 0x26, 0xA7, 0xC5, 0xDF, 0x29, 0x23, 0x38,
    0x25, 0x8C, 0xB9, 0xC8, 0x84, 0xF2, 0x82, 0xA2, 0x59, 0x8D, 0xA9, 0xCA, 0xEE, 0xCC, 0xEC, 0x57,
    0xD9, 0xCA, 0x29, 0x5D, 0x59, 0x8F, 0x4D, 0x1C, 0x4C, 0x74, 0x4C, 0xCC, 0x0C, 0x67, 0xD9, 0xF8,
    0x1A, 0xD6, 0x32, 0xB4, 0xA5, 0xBC, 0xF5, 0x0F, 0xED, 0x59, 0x3B, 0x72, 0xE4, 0x46, 0x0C, 0xED,
    0x19, 0xD6, 0x7A, 0xAA, 0x3C, 0x01, 0xA3, 0x8D, 0x1C, 0xF0, 0x08, 0x3C, 0x02, 0xE7, 0x08, 0x0E,
    0xB4, 0x97, 0x90, 0x03, 0x1D, 0x81, 0x73, 0x84, 0x3D, 0x84, 0x5D, 0x65, 0xED, 0x25, 0xC8, 0x23,
    0xF0, 0x08, 0x0C, 0x36, 0x71, 0xC6, 0x80, 0x01, 0xD7, 0xC5, 0x21, 0xDC, 0x1F, 0x7C, 0x1E, 0x39,
    0xB2, 0x56, 0x56, 0x95, 0xCA, 0x96, 0x6B, 0x18, 0x48, 0xA0, 0x8A, 0x40, 0x03, 0x68, 0x3C, 0xBC,
    0x46, 0xCB, 0xB9, 0xF8, 0x34, 0x34, 0x38, 0x79, 0x2A, 0x1A, 0x55, 0xCE, 0x69, 0x56, 0xF9, 0x40,
    0x8B, 0xCA, 0x19, 0x91, 0xCA, 0x8E, 0xE8, 0xAC, 0x72, 0x4D, 0xAD, 0xCA, 0x25, 0x18, 0xCD, 0xC5,
    0xE8, 0xC7, 0x3B, 0x6F, 0x68, 0x16, 0x45, 0xB7, 0xA7, 0x8B, 0x18, 0x54, 0x23, 0x47, 0xA2, 0x5E,
    0xE4, 0x82, 0xCC, 0x9B, 0x8A, 0xCC, 0x1B, 0x22, 0xF5, 0x60, 0x1F, 0xE4, 0xB3, 0xA8, 0x5E, 0x6A,
    0xEA, 0x44, 0x75, 0x2A, 0x45, 0xB9, 0xA2, 0x21, 0xB7, 0x55, 0x5B, 0x71, 0xDF, 0xAB, 0x9E, 0x76,
    0xAC, 0x1C, 0xC3, 0x6B, 0x92, 0x72, 0xFC, 0xB6, 0x02, 0xF7, 0x5F, 0xFB, 0xFC, 0xD0, 0x10, 0x2D,
    0x9F, 0xA3, 0xB8, 0xA3, 0xF8, 0x9C, 0x38, 0xAA, 0xF0, 0x8C, 0x12, 0x09, 0x47, 0x73, 0x10, 0xB9,
    0xD3, 0x4F, 0xE2, 0x47, 0xB5, 0xC8, 0x17, 0xFB, 0xDC, 0x2B, 0x64, 0x26, 0xB7, 0xC7, 0x64, 0x3A,
    0x2C, 0xD2, 0xE5, 0x6C, 0xD9, 0x9B, 0x18, 0x0A, 0x4A, 0x11, 0x79, 0xD3, 0x63, 0xC5, 0xAB, 0xFB,
    0xA8, 0xE7, 0x4A, 0xD2, 0xE7, 0xE5, 0x9A, 0xF7, 0xC0, 0xAF, 0x73, 0x69, 0x24, 0x4B, 0x15, 0x2D,
    0x44, 0x93, 0x6C, 0x24, 0xE9, 0x36, 0x14, 0x5B, 0x79, 0xB8, 0x96, 0xF3, 0xFF, 0xB0, 0x5C, 0x3C,
    0x17, 0x8B, 0xC5, 0x8B, 0x79, 0xC0, 0xFC, 0x60, 0xDE, 0x30, 0x9F, 0x98, 0x67, 0xCC, 0x3F, 0xEC,
    0x4B, 0x8F, 0xFB, 0x85, 0xFB, 0xB8, 0xDA, 0x5F, 0xDC, 0x77, 0xAC, 0x07, 0xAC, 0x93, 0x55, 0xFD,
    0x60, 0x5D, 0x61, 0xBD, 0x25, 0x27, 0x3B, 0xC5, 0xE5, 0xA0, 0xA8, 0x1C, 0xAF, 0xC0, 0x6D, 0xD0,
    0xDE, 0x1B, 0xB0, 0x0D, 0x91, 0x0A, 0x29, 0x81, 0xF4, 0xA7, 0x3B, 0x06, 0x74, 0x80, 0x6F, 0x16,
    0xCD, 0x1C, 0xC4, 0x85, 0x90, 0xED, 0x56, 0x01, 0x3B, 0x28, 0x5C, 0x67, 0x05, 0xEB, 0x22, 0x6B,
    0x2A, 0x1A, 0x26, 0xC6, 0x5D, 0x45, 0x3D, 0xA3, 0xCE, 0xDB, 0x48, 0xEE, 0xED, 0x63, 0xA1, 0x2F,
    0x09, 0xDB, 0x2E, 0x81, 0xB5, 0x08, 0x1B, 0x15, 0x55, 0x3E, 0x7E, 0xFA, 0x99, 0x7F, 0xBC, 0xF8,
    0xD9, 0xF9, 0x14, 0x7D, 0xE3, 0xB0, 0x38, 0x87, 0x07, 0x4D, 0x61, 0x99, 0xA4, 0x5E, 0xD3, 0x3D,
    0xA7, 0xF6, 0x12, 0xBD, 0xD6, 0xED, 0x38, 0xE5, 0xBA, 0x8F, 0xA5, 0x48, 0xDE, 0x71, 0x86, 0xED,
    0x50, 0xC7, 0x1C, 0xFA, 0xDD, 0x1E, 0x9B, 0x58, 0x39, 0xDE, 0xE9, 0x89, 0xE3, 0xF7, 0xBF, 0x78,
    0xDB, 0xEA, 0xB5, 0x34, 0xA4, 0xF0, 0xDF, 0x40, 0xB2, 0x35, 0xA6, 0xD4, 0xE9, 0x67, 0xF3, 0xC5,
    0xFC, 0xAB, 0x63, 0xF8, 0xDC, 0x25, 0x7C, 0xF8, 0x0F, 0xDE, 0x84, 0xC5, 0x66, 0xF1, 0x5A, 0x0E,
    0x2C, 0x2F, 0xDE, 0x26, 0x31, 0x7A, 0x2C, 0x7F, 0x07, 0xAB, 0xD6, 0x87, 0x20, 0x7C, 0x8D, 0xB9,
    0xBF, 0xA7, 0xE5, 0x37, 0xD8, 0x8B, 0x9F, 0x78, 0x27, 0xB8, 0x44, 0x3A, 0x63, 0x17, 0x28, 0x52,
    0xEB, 0xFA, 0x45, 0x82, 0x88, 0xF5, 0x24, 0x21, 0x86, 0xC5, 0xBB, 0x20, 0xF2, 0xEC, 0xC3, 0x76,
    0xCA, 0x35, 0x15, 0xF0, 0x14, 0xC8, 0x3B, 0xE0, 0xB2, 0x23, 0x70, 0x9C, 0xF0, 0xE0, 0x97, 0xC7,
    0xE0, 0x84, 0xA0, 0xDB, 0x3B, 0x31, 0x71, 0xCD, 0x86, 0xB2, 0xEC, 0xC4, 0x31, 0xCF, 0x29, 0xAD,
    0x14, 0xFA, 0x64, 0x26, 0xD4, 0xC7, 0x9D, 0x01, 0xD3, 0xAB, 0x5E, 0x14, 0x17, 0xDE, 0x9C, 0x92,
    0x4B, 0x15, 0x7A, 0xF4, 0x24, 0xAA, 0xBE, 0x8F, 0x2F, 0xA2, 0x7A, 0x12, 0x0F, 0x22, 0x3A, 0x09,
    0x98, 0x89, 0xC1, 0xFC, 0x21, 0x15, 0xFF, 0xDD, 0x8D, 0x99, 0x6E, 0xCC, 0xF4, 0xDE, 0x98, 0xC9,
    0x43, 0xFF, 0x2B, 0x20, 0xFF, 0x64, 0xC0, 0xEF, 0x2C, 0x33, 0x90, 0x18, 0xD8, 0x6F, 0x09, 0x7F,
    0xD9, 0xAB, 0x38, 0x3B, 0x11, 0x3D, 0xE4, 0x01, 0xCE, 0x26, 0x66, 0x06, 0xD0, 0xC2, 0xCE, 0x75,
    0x8C, 0xC8, 0x84, 0x76, 0x03, 0xFB, 0xC8, 0xA7, 0x50, 0xC1, 0x7A, 0x11, 0x5B, 0x60, 0xCB, 0x48,
    0x1F, 0xDD, 0x86, 0xD3, 0x52, 0xB9, 0xEB, 0x01, 0x54, 0x78, 0xB3, 0x08, 0x28, 0xEF, 0x78, 0x7B,
    0x7A, 0x59, 0x35, 0x22, 0x62, 0x96, 0x33, 0x74, 0x62, 0xB6, 0x48, 0x6D, 0xCC, 0xB7, 0xB1, 0x19,
    0x24, 0xC2, 0x7D, 0x05, 0xB9, 0x6D, 0x18, 0xCE, 0x28, 0x0E, 0x38, 0x0E, 0x9A, 0xB4, 0xB1, 0x1C,
    0xD0, 0x1C, 0xF0, 0x9C, 0xB3, 0xC6, 0xEF, 0x8C, 0x0D, 0x9C, 0x51, 0x9D, 0x33, 0xAE, 0x73, 0x46,
    0x26, 0xCE, 0x18, 0xC6, 0x19, 0x01, 0xAD, 0x45, 0x21, 0xA8, 0x37, 0x14, 0x61, 0x35, 0xA1, 0x3E,
    0xF4, 0x0C, 0xFC, 0x35, 0xF6, 0x73, 0x46, 0x7F, 0x18, 0x31, 0xE4, 0x01, 0xB2, 0x03, 0x39, 0x03,
    0x0E, 0xC4, 0xFC, 0x02, 0x0B, 0x02, 0x0D, 0xAE, 0x79, 0xF0, 0x97, 0xCF, 0x30, 0x62, 0x5D, 0xFC,
    0x52, 0x67, 0x29, 0xF5, 0x56, 0xF8, 0xC5, 0xFB, 0xE7, 0x6B, 0xA9, 0x75, 0xD6, 0x95, 0xCF, 0x00,
    0x30, 0x3E, 0x58, 0x5D, 0x1E, 0xE4, 0x68, 0x95, 0xD1, 0x98, 0x49, 0x71, 0x66, 0x3E, 0x10, 0x9C,
    0xEE, 0x8E, 0xCB, 0xE9, 0x7B, 0xF5, 0x73, 0xFF, 0x3B, 0xCE, 0x76, 0x38, 0xF3, 0x9D, 0x6D, 0x9C,
    0xB3, 0x11, 0xAD, 0x84, 0x11, 0xAD, 0xDE, 0x90, 0x9F, 0xAA, 0x2E, 0x40, 0x7E, 0xB3, 0x92, 0x5F,
    0xB9, 0x22, 0xBF, 0xEE, 0xC8, 0xCA, 0xE1, 0x94, 0x27, 0xE4, 0x17, 0x50, 0xB2, 0x63, 0xE5, 0x48,
    0x7E, 0x1C, 0x4C, 0xE4, 0xBD, 0x57, 0x80, 0xE3, 0x46, 0x7E, 0x37, 0xF2, 0xFB, 0x37, 0xC9, 0x6F,
    0xAF, 0xC0, 0x29, 0x23, 0xD8, 0xDB, 0xD4, 0x3B, 0xBA, 0x22, 0x48, 0xA1, 0xA1, 0x7C, 0xAB, 0x03,
    0xCC, 0x32, 0x55, 0x3F, 0xAA, 0x7D, 0x4F, 0x4C, 0x8C, 0x2F, 0xCF, 0x4B, 0x87, 0x94, 0x96, 0xA3,
    0x57, 0x6B, 0xF4, 0xE0, 0xFC, 0xE3, 0x1F, 0xCF, 0xB0, 0x82, 0x32, 0xA0, 0x5D, 0xDE, 0xE4, 0x0A,
    0xE9, 0x52, 0x89, 0xB7, 0x91, 0xDC, 0xEF, 0xC8, 0x7A, 0x88, 0x40, 0x39, 0x57, 0x7A, 0xAB, 0xC2,
    0x9C, 0xD3, 0x33, 0x70, 0xD3, 0x4C, 0x19, 0x60, 0x9B, 0x86, 0xB6, 0x44, 0x6D, 0xC4, 0x90, 0x4D,
    0xF0, 0x8D, 0xD7, 0x4A, 0x4D, 0x50, 0xB9, 0x0D, 0x6D, 0xEF, 0x77, 0x68, 0xBB, 0x7F, 0x84, 0x82,
    0x5A, 0x71, 0x43, 0x0B, 0xDC, 0x30, 0x00, 0x37, 0xE0, 0x60, 0xB4, 0x3C, 0x31, 0x18, 0x79, 0x6E,
    0x68, 0x9E, 0xE2, 0x06, 0xBC, 0xB2, 0x6B, 0x42, 0xBD, 0xEB, 0x60, 0x74, 0xDE, 0xEB, 0x60, 0x44,
    0xEB, 0xC1, 0xA8, 0x82, 0xC1, 0xE8, 0xC3, 0x8D, 0x1B, 0x6E, 0xDC, 0xF0, 0x0E, 0x07, 0xA3, 0x7F,
    0xF6, 0x94, 0xD3, 0xDF, 0x9D, 0xD5, 0xDA, 0xA7, 0xAE, 0xD3, 0x11, 0x9B, 0x2F, 0x91, 0x51, 0x17,
    0x6D, 0xE2, 0x5A, 0xE0, 0xC3, 0xEE, 0xCB, 0xAF, 0xFA, 0xF1, 0xC5, 0xCC, 0xD9, 0xFD, 0x7D, 0xAB,
    0xAD, 0x60, 0x50, 0x84, 0x4D, 0xCA, 0x31, 0x0B, 0x2B, 0xFC, 0xC9, 0xB9, 0xF1, 0xC7, 0x43, 0xDE,
    0xA3, 0x9A, 0xDA, 0x84, 0xED, 0x70, 0x2F, 0x52, 0x30, 0xC7, 0x2C, 0xC1, 0x3D, 0x86, 0x7E, 0x3A,
    0x9C, 0xC6, 0xEB, 0x49, 0x4A, 0x1C, 0x73, 0xBA, 0x71, 0xCC, 0xFB, 0xBD, 0x18, 0x7C, 0xC9, 0xD3,
    0xF4, 0x5A, 0x6B, 0xF3, 0x55, 0xAD, 0x95, 0x7A, 0xB2, 0xA9, 0xF0, 0x3A, 0xFA, 0x19, 0xC9, 0x34,
    0x72, 0x98, 0x5B, 0xE6, 0xAB, 0xD5, 0xD2, 0x07, 0xDD, 0x0A, 0x84, 0xF8, 0x1F, 0xB0, 0x64, 0x74,
    0xED, 0xA9, 0x82, 0x41, 0xC0, 0x33, 0xE1, 0x6B, 0x46, 0xEB, 0xFF, 0x34, 0x1D, 0x36, 0xE6, 0xF3,
    0x8D, 0xF9, 0x72, 0x63, 0xBE, 0x82, 0x1B, 0x8F, 0xB4, 0xDC, 0xB8, 0x59, 0x6E, 0xD8, 0x2C, 0xD7,
    0xBA, 0xB7, 0x7B, 0xB4, 0x9F, 0xA5, 0x75, 0xAC, 0xD7, 0xA5, 0xF7, 0x42, 0x4B, 0x22, 0xBD, 0xDB,
    0x34, 0x9D, 0xAD, 0xA6, 0xEB, 0x3E, 0xBD, 0x6B, 0x6F, 0x9D, 0xD2, 0xBB, 0xF6, 0xDD, 0x88, 0x3A,
    0xEC, 0xC9, 0xA7, 0x63, 0x9A, 0x1A, 0xB5, 0x22, 0x8B, 0xF4, 0x37, 0xED, 0xE5, 0x75, 0xBC, 0xDB,
    0xD1, 0x3E, 0x1F, 0x8B, 0x10, 0x38, 0x20, 0xF6, 0x72, 0xE0, 0x87, 0x88, 0x71, 0xE0, 0x8E, 0xD8,
    0x12, 0x80, 0x57, 0xA2, 0x8F, 0xC0, 0x39, 0x71, 0x28, 0x5F, 0xF1, 0x6F, 0xBC, 0xB5, 0x05, 0xAE,
    0xEA, 0xD7, 0xEF, 0x8F, 0xB8, 0x35, 0x45, 0x5A, 0x08, 0xF9, 0xEF, 0x7F, 0xF5, 0xAE, 0xF1, 0x8D,
    0xDF, 0x79, 0x9F, 0x56, 0x35, 0x8E, 0x9C, 0xCE, 0x74, 0xAE, 0xBC, 0xBE, 0x42, 0x1A, 0xB7, 0x2E,
    0xE4, 0x77, 0x36, 0xAB, 0x1C, 0xCF, 0x6E, 0x29, 0xCF, 0x33, 0xBF, 0x69, 0x7D, 0xE8, 0xA4, 0x23,
    0x7C, 0x8F, 0x47, 0x3D, 0x61, 0x6B, 0xE4, 0x7D, 0x28, 0x24, 0xF5, 0x7B, 0xC5, 0xFF, 0x9B, 0xB3,
    0xA2, 0xDB, 0x9E, 0x03, 0xAE, 0xCE, 0x02, 0x57, 0xE7, 0x81, 0xBF, 0x00, 0xED, 0x59, 0x4B, 0x8E,
    0x9C, 0x30, 0x10, 0x35, 0x8D, 0x34, 0xBD, 0x60, 0xE1, 0x55, 0xD6, 0x1C, 0x81, 0x23, 0xC0, 0x11,
    0xB2, 0x99, 0xF3, 0x74, 0x1F, 0x21, 0xD7, 0xC8, 0x29, 0xE0, 0x08, 0x1C, 0x81, 0x23, 0x20, 0x85,
    0x05, 0x91, 0x80, 0x8A, 0xED, 0xF2, 0xE7, 0xD9, 0xE9, 0xEE, 0x99, 0x24, 0x1D, 0x69, 0x94, 0xD8,
    0x8B, 0x19, 0x5E, 0x6B, 0xFA, 0xB9, 0x5C, 0xF5, 0xAA, 0x1E, 0x30, 0x42, 0xA8, 0x55, 0x13, 0x0D,
    0xC2, 0xAD, 0x96, 0xA8, 0xF3, 0xE0, 0x42, 0x87, 0xBF, 0x16, 0x44, 0x9B, 0xBF, 0x3E, 0x11, 0xCD,
    0x1E, 0x94, 0x44, 0x93, 0x07, 0x15, 0x92, 0x29, 0x66, 0x01, 0xCC, 0xBB, 0x00, 0xE6, 0x0D, 0x99,
    0x67, 0x64, 0x1E, 0x91, 0xF9, 0x2A, 0x9E, 0xB5, 0x8A, 0x9E, 0xE8, 0xBB, 0x89, 0x63, 0xD3, 0xFB,
    0xAB, 0xB5, 0x32, 0x38, 0x93, 0x59, 0x9D, 0x01, 0x0D, 0x83, 0xC9, 0x00, 0xBE, 0x56, 0x17, 0x0A,
    0x94, 0x16, 0x90, 0x06, 0x95, 0x03, 0x57, 0x75, 0x10, 0xE9, 0xC0, 0xD0, 0xD3, 0xDA, 0x38, 0x30,
    0x11, 0x2D, 0xAD, 0x39, 0x8C, 0xCA, 0xC2, 0x37, 0x75, 0xC4, 0x8B, 0x49, 0x06, 0xD3, 0xCC, 0xBD,
    0x39, 0x7F, 0x61, 0xC0, 0x68, 0x22, 0x11, 0xA2, 0x37, 0x1C, 0xEA, 0x6B, 0x9C, 0x20, 0xBD, 0x15,
    0x80, 0xDD, 0xA5, 0x49, 0x91, 0xAA, 0x4F, 0x01, 0x0C, 0x00, 0x56, 0x11, 0xC0, 0x26, 0x7E, 0x17,
    0x2C, 0xA1, 0x44, 0x09, 0xB0, 0x81, 0x6E, 0xFE, 0xA7, 0xFD, 0xCC, 0x1F, 0x6E, 0xE1, 0x38, 0xF8,
    0xD8, 0xB3, 0x8D, 0xD0, 0xA6, 0xD4, 0x7C, 0x66, 0x53, 0xC5, 0x52, 0xB1, 0x49, 0xF4, 0x79, 0x21,
    0x2B, 0x18, 0x9F, 0x78, 0x11, 0x18, 0x26, 0xA7, 0x2F, 0x2E, 0x96, 0xF0, 0x29, 0x5B, 0x6D, 0x81,
    0x5F, 0x6C, 0x81, 0xDD, 0xDF, 0x4D, 0x58, 0x7D, 0x1B, 0xDA, 0x6D, 0x39, 0x33, 0xD5, 0x1E, 0xE1,
    0x16, 0xB5, 0xAB, 0x96, 0x4C, 0xB4, 0x78, 0x46, 0xA1, 0xA7, 0x5D, 0x20, 0x42, 0xE6, 0x6E, 0x4B,
    0x5E, 0xAD, 0x26, 0xD9, 0x50, 0x26, 0x1B, 0x9E, 0x9F, 0x29, 0xFE, 0x9F, 0x97, 0xCE, 0xD6, 0xF1,
    0x85, 0x03, 0x1F, 0x9C, 0x14, 0x75, 0x5E, 0x19, 0xDB, 0x4A, 0xAD, 0x0E, 0xBB, 0xF2, 0x74, 0x8C,
    0xCF, 0xA1, 0xAA, 0x06, 0xFB, 0xC2, 0xAE, 0x8C, 0x2F, 0x0E, 0x1F, 0x9C, 0x28, 0xF2, 0xAB, 0x53,
    0x95, 0xB9, 0x96, 0x01, 0x0F, 0x35, 0x7F, 0xA6, 0xB7, 0xD6, 0x41, 0x4C, 0x5A, 0x4A, 0xD2, 0x26,
    0xCF, 0xD2, 0xEA, 0xDF, 0xA3, 0xCD, 0x89, 0x69, 0x05, 0x37, 0xA5, 0x4E, 0xBE, 0x3F, 0x49, 0x04,
    0xE1, 0x2C, 0x6A, 0xFB, 0xDD, 0x25, 0xDD, 0xC4, 0xD8, 0xBB, 0xDC, 0xB7, 0xAC, 0x37, 0x2F, 0x9A,
    0xC6, 0x84, 0x18, 0x6A, 0x55, 0xB3, 0xD0, 0x10, 0x7F, 0xC5, 0x09, 0x65, 0x27, 0x9A, 0xC7, 0xF2,
    0x1F, 0xC3, 0xFE, 0x7C, 0xCB, 0x1B, 0x38, 0xE4, 0x2F, 0x4C, 0x04, 0x93, 0xDF, 0x83, 0xD3, 0xEE,
    0xF3, 0xBF, 0x47, 0xCD, 0x64, 0xBB, 0x0E, 0xEA, 0xB7, 0x59, 0x5A, 0x57, 0xDF, 0xC5, 0x86, 0xE5,
    0xEA, 0x3F, 0xBB, 0xAE, 0x77, 0xFA, 0x10, 0x38, 0x2D, 0x5C, 0x13, 0x82, 0xBE, 0x42, 0xDD, 0x59,
    0x2B, 0x42, 0xE0, 0xE0, 0x59, 0x7D, 0x73, 0xF1, 0x1A, 0x85, 0x88, 0x08, 0xC0, 0xBA, 0x58, 0x4A,
    0xCE, 0x3D, 0xA2, 0xB9, 0x83, 0xFD, 0xE3, 0xF2, 0x18, 0xD9, 0x56, 0x64, 0x68, 0xEB, 0x9D, 0xA9,
    0xD3, 0xA2, 0xBD, 0x46, 0x5E, 0x29, 0x71, 0xB8, 0x94, 0xC8, 0x5D, 0x20, 0xB7, 0xCA, 0xFB, 0x82,
    0x74, 0x1B, 0xD2, 0x01, 0x77, 0x95, 0x8C, 0x96, 0xEC, 0xA3, 0xD9, 0x47, 0xDF, 0xE9, 0xA3, 0xBA,
    0xDE, 0xC7, 0x35, 0xF6, 0x2D, 0x14, 0x34, 0xEF, 0x01, 0xF0, 0xE4, 0x22, 0x09, 0xEA, 0x45, 0xFD,
    0xF2, 0xC6, 0x13, 0x4A, 0x7D, 0xAE, 0x50, 0xD2, 0x92, 0x86, 0x12, 0x71, 0x95, 0x60, 0x43, 0x39,
    0x27, 0x4E, 0x19, 0xE3, 0x3A, 0x71, 0xE2, 0x1E, 0xF7, 0x37, 0xBD, 0xDF, 0x3D, 0x32, 0xE2, 0x3E,
    0xA1, 0x4B, 0x8C, 0x5E, 0xA4, 0xCD, 0xF4, 0xCC, 0xE6, 0xCA, 0xBE, 0x9C, 0x7D, 0x39, 0xFB, 0xF2,
    0xF3, 0x7C, 0x59, 0x61, 0x3A, 0x3A, 0x68, 0xED, 0x30, 0xBB, 0x4A, 0xA4, 0xAD, 0x70, 0x6A, 0xC9,
    0x10, 0x3F, 0x2B, 0xD1, 0xCF, 0x93, 0x96, 0xC6, 0x30, 0xAC, 0x5A, 0xEA, 0xC2, 0x24, 0x6A, 0x28,
    0x1E, 0x4B, 0xC9, 0x0C, 0x9B, 0x71, 0xDC, 0x4C, 0xE8, 0xE6, 0x77, 0x9E, 0x96, 0xFB, 0xF8, 0x69,
    0x3B, 0xBA, 0xB9, 0xC0, 0x5D, 0xB6, 0x3B, 0x20, 0x1B, 0x7B, 0x36, 0xF6, 0xC7, 0xC6, 0x5E, 0xA8,
    0x2F, 0x14, 0xAF, 0x9F, 0x23, 0x1B, 0x44, 0xD5, 0xF6, 0xC6, 0x0F, 0x66, 0xF4, 0xF5, 0x19, 0x9C,
    0x56, 0x8B, 0x62, 0x97, 0x41, 0xCB, 0x32, 0xEE, 0x5B, 0x87, 0x87, 0x40, 0xAF, 0x0B, 0x1C, 0x1A,
    0xB5, 0xA1, 0x51, 0xE2, 0x9D, 0x43, 0x4B, 0xC3, 0x09, 0xEF, 0x8E, 0x5B, 0xE3, 0x56, 0xA1, 0x55,
    0x3E, 0xBD, 0x76, 0xA2, 0x3A, 0xBA, 0x0F, 0x67, 0xB4, 0xE3, 0x1B, 0x46, 0xBB, 0x67, 0xA3, 0xCD,
    0x46, 0xFB, 0x1F, 0x18, 0xED, 0x0B, 0xDE, 0x64, 0xEB, 0x77, 0xBD, 0xD2, 0xF5, 0xBE, 0x16, 0x5C,
    0x6D, 0x81, 0x8E, 0x7B, 0x69, 0x2D, 0xA8, 0xC2, 0x74, 0xF3, 0xF3, 0x22, 0xDA, 0x1C, 0x27, 0xC7,
    0x06, 0x0E, 0xEC, 0xA2, 0x52, 0x44, 0x85, 0x3F, 0x81, 0x1E, 0x10, 0xF5, 0xFE, 0x77, 0x1E, 0x73,
    0x7B, 0x9B, 0x8A, 0x77, 0xB9, 0xE1, 0x8A, 0x6E, 0x78, 0x44, 0x6E, 0xD8, 0x65, 0x37, 0xFC, 0xA0,
    0x6E, 0x98, 0x1F, 0xBB, 0xB2, 0x1B, 0x64, 0x37, 0x78, 0xDE, 0x63, 0xD7, 0x9F, 0xAF, 0x66, 0x7D,
    0xF8, 0x9A, 0xA5, 0x4C, 0x5E, 0xCB, 0xA4, 0xFF, 0xF0, 0x91, 0x14, 0xBF, 0xC6, 0xF9, 0x55, 0x7C,
    0xE3, 0x1F, 0x48, 0x8F, 0x5F, 0x03, 0x41, 0xBC, 0x3F, 0x00, 0xED, 0x98, 0x3B, 0x6E, 0xDC, 0x40,
    0x0C, 0x86, 0xB9, 0xBB, 0x88, 0x05, 0x64, 0x0B, 0xF5, 0x49, 0xA1, 0x23, 0xE8, 0x08, 0xD2, 0x11,
    0xD2, 0xE4, 0x1C, 0x39, 0xC2, 0xEE, 0x11, 0x7C, 0x84, 0x14, 0xA9, 0x52, 0x24, 0x47, 0x90, 0xBA,
    0xB4, 0x02, 0x72, 0x01, 0x15, 0x01, 0xD2, 0x0A, 0xB0, 0x8A, 0x8D, 0x21, 0x89, 0x99, 0xE1, 0xCC,
    0x90, 0x9C, 0xF1, 0xC2, 0x81, 0xD7, 0x36, 0x1C, 0x24, 0x52, 0x61, 0xF3, 0xDB, 0x95, 0xC8, 0x79,
    0x90, 0xFC, 0x47, 0x0B, 0xB0, 0x69, 0x10, 0x7F, 0x01, 0x40, 0x85, 0x13, 0xC0, 0x01, 0xCD, 0x75,
    0x72, 0x90, 0x21, 0x5D, 0x35, 0x41, 0xE9, 0xA0, 0x27, 0x70, 0xB6, 0x31, 0x0C, 0xEC, 0x3C, 0xA0,
    0x85, 0x7D, 0x80, 0xE3, 0x01, 0xA7, 0x3C, 0x40, 0xDB, 0xE0, 0xA9, 0x0C, 0xD0, 0x23, 0x8E, 0x15,
    0x62, 0x07, 0x50, 0x20, 0xDE, 0x20, 0x0E, 0x26, 0xA4, 0x89, 0xEE, 0xDC, 0x0C, 0x8D, 0x1D, 0x04,
    0x6C, 0x08, 0x3A, 0x1A, 0x09, 0x40, 0x43, 0x3E, 0xCC, 0x63, 0x16, 0x68, 0x80, 0xA0, 0x60, 0x36,
    0x30, 0x00, 0x8D, 0xDF, 0x7E, 0xAA, 0xA0, 0x55, 0x60, 0x1C, 0x31, 0xD8, 0x08, 0x97, 0x81, 0x0F,
    0x7A, 0x06, 0xFC, 0x40, 0x27, 0xFE, 0xEB, 0x3F, 0xE3, 0xC9, 0x8D, 0x6E, 0x1C, 0x6E, 0xDA, 0x83,
    0x1F, 0xA1, 0x5F, 0x52, 0xFA, 0xCC, 0x2F, 0x95, 0x01, 0x59, 0x44, 0x5E, 0x17, 0x24, 0x37, 0x20,
    0x0B, 0x0F, 0xE2, 0xA1, 0x27, 0xD8, 0x87, 0xCD, 0x02, 0x5E, 0xB2, 0x93, 0xB3, 0xE1, 0xCA, 0x6F,
    0xF0, 0x23, 0xAE, 0xF2, 0xA4, 0xC0, 0x8F, 0x85, 0xAE, 0x9D, 0x1B, 0x32, 0x84, 0x31, 0xF4, 0x0C,
    0xB9, 0x5F, 0xBB, 0x87, 0x40, 0xE4, 0x20, 0x72, 0x1D, 0x05, 0x95, 0xE1, 0x84, 0x87, 0x77, 0x94,
    0x20, 0xAB, 0xFD, 0x77, 0xDA, 0xE3, 0x59, 0xBB, 0xF1, 0x09, 0x9A, 0x91, 0x3D, 0x85, 0x6C, 0x30,
    0x9D, 0x63, 0x66, 0xBB, 0xF2, 0xDB, 0x6E, 0xFF, 0x97, 0x3E, 0x1F, 0x4C, 0x36, 0x87, 0x1A, 0xDA,
    0xDA, 0xF2, 0x37, 0xF7, 0x2D, 0x26, 0xED, 0x4B, 0x94, 0x96, 0x45, 0x9D, 0x60, 0xCB, 0xF6, 0xC0,
    0x85, 0x43, 0x2E, 0x2A, 0x55, 0x52, 0xB9, 0xAA, 0xA8, 0xAD, 0x2A, 0xC8, 0xD0, 0xEF, 0xA8, 0x9E,
    0xDC, 0x17, 0x3F, 0x7C, 0x35, 0x7D, 0xC5, 0xE5, 0xD3, 0xC5, 0x85, 0xD4, 0xE8, 0xFC, 0x9E, 0x74,
    0x15, 0x48, 0x72, 0xBB, 0xC2, 0x0F, 0xF3, 0x6E, 0x1F, 0x62, 0xEB, 0x67, 0xB5, 0x4F, 0x1D, 0x2B,
    0x8C, 0xC1, 0x2D, 0x61, 0x4E, 0xDD, 0xF4, 0xDF, 0xB4, 0x0A, 0xB6, 0x4A, 0xD6, 0x8C, 0x8A, 0x2D,
    0x9B, 0x47, 0x94, 0x77, 0x56, 0x6D, 0x8C, 0x35, 0x53, 0x2A, 0xA2, 0x6D, 0xD9, 0x47, 0xF8, 0xE0,
    0x04, 0x2D, 0x24, 0x0A, 0xAB, 0x17, 0x27, 0x0C, 0x4A, 0xAE, 0xF9, 0xFC, 0xF8, 0x69, 0xD7, 0x9B,
    0x1A, 0xEF, 0x37, 0x6B, 0xD9, 0x47, 0x96, 0xCC, 0x5A, 0xF6, 0xEB, 0x91, 0x2C, 0x78, 0xD3, 0xDC,
    0xD6, 0x17, 0xA7, 0x8C, 0x6C, 0xA2, 0x6C, 0xAD, 0x6C, 0xB8, 0xA4, 0xC1, 0xFD, 0x96, 0x3C, 0x21,
    0x5E, 0x54, 0x7A, 0x48, 0x82, 0xBE, 0x15, 0xD1, 0xD8, 0xA2, 0x34, 0xE6, 0x9C, 0xF5, 0xC7, 0xCF,
    0x51, 0xD2, 0x30, 0x96, 0x9F, 0x63, 0x68, 0xD1, 0x75, 0x19, 0x62, 0x53, 0xB5, 0x7A, 0xBB, 0x99,
    0xC4, 0x26, 0xB7, 0xAD, 0xAA, 0x80, 0x56, 0xF5, 0xFD, 0xA3, 0x52, 0x07, 0x59, 0x14, 0x56, 0x37,
    0xDB, 0x4B, 0x3A, 0xB9, 0x65, 0x51, 0x1E, 0x4F, 0xCA, 0x16, 0x91, 0x79, 0xFD, 0xF9, 0xE3, 0x45,
    0xA5, 0xBB, 0xF6, 0xF3, 0x55, 0x6B, 0x5E, 0x50, 0x6B, 0xAE, 0xBE, 0x78, 0xCB, 0xB6, 0xAB, 0x8E,
    0xCF, 0x7C, 0x6E, 0x5E, 0x05, 0x1D, 0x84, 0xB9, 0x0C, 0x81, 0x4F, 0xCA, 0xB5, 0x9B, 0xC5, 0xF5,
    0xC1, 0xCD, 0x47, 0x0A, 0x10, 0x75, 0xF9, 0x89, 0x55, 0xB0, 0x75, 0x08, 0x85, 0xB7, 0xE5, 0xB2,
    0x2E, 0x7D, 0x0C, 0x3B, 0x04, 0xB7, 0xB6, 0x76, 0x11, 0xB8, 0x9B, 0xCC, 0xEC, 0x6D, 0xBC, 0x53,
    0x76, 0xAF, 0xDE, 0xBF, 0x7B, 0x78, 0xAD, 0xAD, 0xDA, 0xF4, 0x72, 0xDA, 0x74, 0x88, 0x0E, 0xDC,
    0x76, 0x47, 0x26, 0x8D, 0x1B, 0x44, 0xFD, 0x4A, 0x60, 0x8B, 0x6C, 0xD0, 0xBC, 0x8F, 0x0E, 0xEF,
    0x34, 0xF1, 0x48, 0xF8, 0xAA, 0xC4, 0xFD, 0x21, 0x76, 0x0F, 0x9C, 0x60, 0x1C, 0xAE, 0x4F, 0xC2,
    0xB5, 0x49, 0xB8, 0x3A, 0x0E, 0xB7, 0xC0, 0x73, 0x5D, 0xBA, 0xDF, 0xA4, 0xFD, 0xE7, 0xA9, 0x39,
    0x4B, 0xD8, 0xF6, 0x29, 0xCD, 0x26, 0x8B, 0x6A, 0xCD, 0x0D, 0x67, 0x15, 0xBF, 0x39, 0x26, 0x3C,
    0x27, 0x3C, 0x25, 0x3C, 0x26, 0xDC, 0x27, 0x7C, 0x8C, 0x79, 0x86, 0x98, 0xBB, 0x88, 0xA9, 0x79,
    0xE9, 0xF1, 0xC1, 0x7F, 0xC9, 0xE3, 0xBD, 0xAC, 0xB5, 0x49, 0x7E, 0x45, 0xA0, 0x92, 0x69, 0x5D,
    0x69, 0x88, 0x46, 0xE9, 0xD2, 0xA9, 0x7C, 0xCE, 0x6B, 0xAD, 0xF2, 0x5A, 0xE0, 0xF5, 0x6A, 0x09,
    0xCF, 0xB1, 0x66, 0xF9, 0x38, 0xAC, 0x5B, 0xA0, 0xA4, 0x88, 0x2B, 0x58, 0xEB, 0x17, 0x40, 0xAC,
    0x61, 0x90, 0xE8, 0x18, 0xA4, 0x5A, 0x96, 0xEA, 0xD9, 0x1D, 0x4D, 0x3B, 0xFF, 0x0E, 0xD5, 0xE8,
    0x82, 0xD5, 0xBD, 0x26, 0x6A, 0x2C, 0x99, 0x3A, 0xEA, 0xF1, 0xFA, 0x84, 0x49, 0xEB, 0xE6, 0x32,
    0xC3, 0xB9, 0x93, 0xA2, 0xEC, 0x8D, 0x1F, 0x55, 0xA7, 0xC3, 0x1C, 0xCF, 0xBE, 0x8D, 0x19, 0xCF,
    0xF3, 0x33, 0xB6, 0x91, 0x3C, 0xB4, 0xED, 0x27, 0x83, 0x42, 0x43, 0x85, 0x8B, 0x80, 0x91, 0x11,
    0x06, 0x33, 0xF9, 0x89, 0x01, 0x13, 0x18, 0x35, 0x0C, 0x1A, 0x3A, 0x0D, 0xB5, 0x82, 0x19, 0x14,
    0x8C, 0x1A, 0x6A, 0x81, 0xDB, 0x6B, 0x3D, 0x6D, 0xF8, 0x33, 0x14, 0x1A, 0xCA, 0x00, 0xA3, 0x14,
    0x81, 0xA8, 0x65, 0x28, 0x9C, 0x0D, 0x06, 0x08, 0x9A, 0xE9, 0xC4, 0xCC, 0xCB, 0x66, 0x9A, 0xCE,
    0x85, 0x86, 0x5C, 0x43, 0xA6, 0xC1, 0x65, 0xF0, 0x8D, 0xCF, 0x0B, 0x12, 0xD2, 0xEF, 0x52, 0x6E,
    0x88, 0x3B, 0x0F, 0xF6, 0xBE, 0x53, 0x80, 0x58, 0x51, 0xAB, 0x44, 0xA2, 0x8A, 0xBB, 0x12, 0xD6,
    0xDD, 0xA7, 0xA8, 0x90, 0x28, 0x2E, 0xF7, 0x09, 0x09, 0x10, 0x6B, 0x5E, 0x2A, 0xB9, 0x59, 0x12,
    0x70, 0x97, 0x04, 0x84, 0x34, 0xE0, 0x21, 0x09, 0x58, 0x26, 0x01, 0x57, 0x51, 0x5D, 0x45, 0x75,
    0x15, 0xD5, 0xBF, 0x54, 0x54, 0xAB, 0x58, 0xC3, 0x94, 0xBA, 0x45, 0x47, 0xF3, 0xA8, 0xCB, 0x6C,
    0xA2, 0x53, 0x77, 0xD4, 0x5F, 0x22, 0x49, 0x8D, 0xF4, 0x71, 0xAF, 0x7D, 0xA7, 0xBF, 0xD9, 0xF7,
    0xDA, 0xDD, 0xA0, 0xDD, 0x9D, 0x56, 0x51, 0x5D, 0x45, 0xF5, 0x91, 0xA2, 0xFA, 0x1B, 0xED, 0x99,
    0x4D, 0x6E, 0xDB, 0x30, 0x10, 0x85, 0x69, 0x0B, 0x8D, 0x81, 0x68, 0xE1, 0x7D, 0xBB, 0xD0, 0x11,
    0x74, 0x04, 0xE9, 0x08, 0xDD, 0xE4, 0x1C, 0x39, 0x82, 0x7C, 0x83, 0xE6, 0x06, 0xED, 0xA2, 0x2B,
    0x2F, 0xDA, 0x23, 0xC8, 0xBD, 0x81, 0x81, 0x5E, 0xC0, 0x8B, 0xEC, 0x6B, 0xA0, 0x5A, 0x38, 0x81,
    0xA4, 0x29, 0x7F, 0x87, 0x6F, 0xD8, 0xB8, 0x4D, 0x6B, 0x07, 0x05, 0x6A, 0x11, 0x08, 0xC2, 0xCF,
    0x96, 0xC8, 0xA1, 0x66, 0xE6, 0x0D, 0x45, 0x2B, 0xA5, 0xD4, 0x1B, 0x7A, 0x50, 0xD0, 0xE6, 0x44,
    0xB4, 0x03, 0x5E, 0x6A, 0xEE, 0x81, 0x4B, 0xCD, 0x23, 0x70, 0xA5, 0x99, 0xEA, 0xC8, 0xAD, 0xE1,
    0x55, 0x64, 0xFD, 0x65, 0x49, 0x1B, 0xE0, 0x41, 0x0F, 0x09, 0xDC, 0xF6, 0x92, 0xED, 0x94, 0x92,
    0xCB, 0x84, 0xC5, 0xF8, 0x4A, 0xE5, 0x44, 0xE2, 0xEB, 0x96, 0x0E, 0x88, 0x19, 0xD1, 0x56, 0x5E,
    0x3E, 0x26, 0xB3, 0x1D, 0x12, 0xDE, 0x0B, 0xBE, 0x5E, 0x7F, 0x50, 0xE7, 0x6A, 0xE4, 0xC7, 0xD6,
    0x36, 0x6D, 0xCC, 0xDF, 0x4B, 0xF2, 0x22, 0x61, 0xED, 0xC8, 0x15, 0x72, 0xA1, 0x3D, 0x83, 0xAC,
    0x1D, 0x87, 0xF6, 0x99, 0x96, 0xF0, 0x90, 0x70, 0x9F, 0x70, 0x97, 0xF0, 0x2E, 0xE1, 0x95, 0xE4,
    0x41, 0x49, 0xDE, 0x0A, 0x1E, 0x3F, 0x26, 0xCF, 0x4B, 0x5D, 0x24, 0x77, 0xBF, 0xE4, 0x10, 0xEA,
    0x0B, 0xE6, 0x3E, 0x24, 0xAD, 0xE5, 0xC6, 0x3C, 0x64, 0xC7, 0x2B, 0x9F, 0xAC, 0x21, 0x69, 0x6B,
    0x9F, 0xCC, 0xFE, 0x3E, 0xF7, 0x79, 0xE1, 0x0C, 0x98, 0x87, 0x14, 0xD7, 0xF7, 0x8D, 0xB5, 0xBD,
    0xAC, 0x0F, 0xF3, 0xF8, 0xD6, 0xB1, 0x58, 0xB8, 0xB6, 0x0F, 0x01, 0xEE, 0xDB, 0x06, 0xD4, 0xC1,
    0x86, 0x52, 0x54, 0x13, 0x02, 0x45, 0x09, 0x03, 0xEC, 0x50, 0x5E, 0x50, 0x50, 0xDC, 0x05, 0xF7,
    0x31, 0x85, 0xAE, 0x3E, 0xBB, 0xD0, 0x60, 0xFE, 0x14, 0x69, 0x46, 0x90, 0xEB, 0x5A, 0x16, 0x62,
    0x66, 0x17, 0x2E, 0xDE, 0xC0, 0xA8, 0x00, 0x0D, 0x4E, 0xD7, 0xD2, 0x5D, 0xC3, 0x62, 0x23, 0x94,
    0x8A, 0x12, 0x99, 0x12, 0x50, 0x20, 0x34, 0xA0, 0x4E, 0x73, 0x94, 0xC6, 0x32, 0x5A, 0x60, 0x2C,
    0xED, 0x18, 0x16, 0x28, 0x68, 0x4B, 0xB8, 0x4A, 0x43, 0x77, 0x44, 0x98, 0x5E, 0xDD, 0xBC, 0x3D,
    0x59, 0x87, 0xB4, 0x33, 0x9C, 0x43, 0xCE, 0x06, 0x05, 0x42, 0x45, 0x63, 0x84, 0x96, 0x06, 0x06,
    0xFD, 0x54, 0x7A, 0x06, 0x4A, 0xA0, 0x43, 0xD8, 0x23, 0x6C, 0x11, 0x6A, 0x80, 0x41, 0x01, 0x74,
    0x08, 0x75, 0x84, 0xC7, 0x3B, 0x5C, 0xB6, 0xFA, 0x3D, 0x14, 0x08, 0x65, 0x80, 0x2E, 0x66, 0x91,
    0x03, 0x9F, 0x3A, 0x36, 0xF3, 0x66, 0x14, 0x60, 0x70, 0xB9, 0xE2, 0x03, 0x6C, 0xA5, 0x6E, 0x3D,
    0x88, 0x7C, 0x28, 0x10, 0x96, 0x08, 0x0B, 0x04, 0x97, 0x02, 0xDF, 0x7D, 0xC8, 0xDA, 0xFA, 0xFA,
    0x35, 0xE6, 0x2B, 0x51, 0xE6, 0xC1, 0x5C, 0x77, 0x08, 0xA0, 0x5E, 0xB7, 0x8F, 0x35, 0x16, 0xBD,
    0x95, 0x0E, 0x99, 0x5A, 0xD4, 0x48, 0x08, 0x61, 0xA3, 0xBF, 0x2B, 0x88, 0x62, 0x63, 0x4C, 0x57,
    0xC5, 0xA8, 0x4C, 0xB3, 0xB2, 0x12, 0x49, 0xED, 0x93, 0x08, 0xEA, 0x6A, 0x6B, 0xCB, 0x49, 0x8F,
    0x9B, 0x80, 0x82, 0x20, 0x7C, 0xF5, 0xAD, 0x19, 0x41, 0xD2, 0xDC, 0xDC, 0x28, 0x75, 0xFB, 0xA0,
    0x5E, 0xA8, 0x4D, 0x55, 0x77, 0xAA, 0xBA, 0x53, 0xD5, 0x3D, 0x67, 0xD5, 0xCD, 0x47, 0xB1, 0xE3,
    0xDF, 0xE9, 0x19, 0x59, 0x48, 0x7A, 0x06, 0x33, 0x6D, 0xDD, 0x50, 0xAC, 0xC0, 0xDB, 0x20, 0x11,
    0x95, 0x8F, 0x6C, 0x10, 0x8F, 0x3E, 0x0C, 0xF6, 0x25, 0xD6, 0x6D, 0x7D, 0x7B, 0x05, 0x8B, 0xE4,
    0x07, 0x6C, 0x61, 0xCE, 0xCB, 0x33, 0xEA, 0xD1, 0xDC, 0x9F, 0x55, 0x2C, 0xA6, 0xD2, 0x78, 0x19,
    0xA5, 0x71, 0x2A, 0x0D, 0x53, 0x69, 0x98, 0x4A, 0xC3, 0x59, 0x5F, 0xC8, 0x4E, 0x6F, 0xED, 0x4E,
    0xC9, 0x03, 0x9C, 0x3E, 0x39, 0xA0, 0xA1, 0xE4, 0x78, 0x48, 0x9E, 0x07, 0x55, 0x24, 0xCF, 0x8B,
    0xFE, 0x94, 0xD3, 0xF1, 0xD2, 0xF9, 0x52, 0x7B, 0xD0, 0xDE, 0xA9, 0x7A, 0x5C, 0xD8, 0x8B, 0xD5,
    0xC9, 0x01, 0x2E, 0xA2, 0x49, 0x84, 0x9A, 0x88, 0x43, 0x11, 0xA4, 0xCF, 0x84, 0x52, 0x9E, 0x2B,
    0xD0, 0xB1, 0x10, 0x06, 0x73, 0x66, 0xE2, 0xB0, 0xB7, 0xC5, 0xB3, 0x88, 0x0A, 0x07, 0x28, 0x70,
    0xE8, 0x1C, 0x27, 0xCD, 0xC4, 0xF1, 0x31, 0xBE, 0xF4, 0xB1, 0x18, 0xFA, 0xE1, 0x86, 0x23, 0xEB,
    0x5E, 0xE0, 0xA1, 0x89, 0x78, 0x4D, 0x54, 0xF2, 0x68, 0xFA, 0x5C, 0x8D, 0x57, 0xA6, 0xCD, 0xD8,
    0xF2, 0x43, 0x33, 0x9D, 0x65, 0x38, 0x4F, 0x32, 0x97, 0x2C, 0xC2, 0x62, 0xCC, 0x63, 0x99, 0x7B,
    0xC5, 0x75, 0x0F, 0xCC, 0x3F, 0xB5, 0xCC, 0x7E, 0xD8, 0x38, 0xAD, 0x5E, 0x58, 0x63, 0xBD, 0xB0,
    0x3B, 0xFD, 0xF7, 0x55, 0xA0, 0xB4, 0x9F, 0xE5, 0x6E, 0xEC, 0xC6, 0x4E, 0x9E, 0xB9, 0xB1, 0xDD,
    0x38, 0x33, 0xBB, 0x01, 0x9E, 0xF9, 0x6D, 0xB0, 0xFD, 0xCC, 0x7F, 0xEF, 0x4C, 0xF5, 0x77, 0xBA,
    0x71, 0x42, 0x65, 0xB1, 0xFF, 0xC3, 0x4A, 0xEC, 0xDC, 0xDE, 0x0E, 0x63, 0xEA, 0x5E, 0xB1, 0x5F,
    0x75, 0x67, 0xCE, 0x87, 0x4F, 0x7A, 0x25, 0xD1, 0x5F, 0xFA, 0xE6, 0xB8, 0xC1, 0xD6, 0x0E, 0x7E,
    0xCF, 0x7E, 0xC8, 0xB1, 0x62, 0x64, 0xB0, 0x75, 0xB7, 0x89, 0x19, 0x4F, 0xD9, 0xA0, 0xEE, 0xB8,
    0x8C, 0xDC, 0x62, 0x15, 0x11, 0xA7, 0x0B, 0xE8, 0xED, 0x11, 0xBD, 0xDD, 0xA3, 0xB7, 0xBB, 0x23,
    0x91, 0x74, 0x81, 0x10, 0xD3, 0x2F, 0xE6, 0x5E, 0x4C, 0xBC, 0x8C, 0xAF, 0x83, 0x93, 0xC5, 0x98,
    0x6F, 0x31, 0xD9, 0x62, 0xA6, 0xE5, 0x3C, 0x0C, 0xE4, 0x58, 0x4C, 0xB0, 0x96, 0xAD, 0xA8, 0x92,
    0x1F, 0x48, 0x9E, 0xDD, 0xD6, 0xF6, 0x97, 0x93, 0xEB, 0xF5, 0x1A, 0xAA, 0xC0, 0xFF, 0xD5, 0x2B,
    0xB8, 0x57, 0xDA, 0x5E, 0x28, 0x62, 0xB1, 0x82, 0x11, 0x97, 0x2F, 0x2B, 0xA6, 0x26, 0x79, 0x4C,
    0xCA, 0xD7, 0x36, 0x23, 0xA0, 0x6A, 0x95, 0xDC, 0x8B, 0xF5, 0x2A, 0xE7, 0x9E, 0xDB, 0xAE, 0x7F,
    0x33, 0xBE, 0xB3, 0xBD, 0x77, 0xA6, 0x67, 0x7F, 0x89, 0xB3, 0xFE, 0x34, 0x55, 0xAD, 0x73, 0x9E,
    0xD5, 0xF5, 0xB0, 0x5E, 0xE2, 0xEE, 0xEE, 0xA7, 0x5E, 0x61, 0x2D, 0xE8, 0xBD, 0xA5, 0x2E, 0x32,
    0x5A, 0x9D, 0x83, 0x56, 0xA9, 0xCC, 0x0E, 0x82, 0x6D, 0xE9, 0xD9, 0x96, 0x8E, 0x6D, 0xD9, 0x85,
    0x57, 0x11, 0x13, 0x32, 0xB1, 0x96, 0xC6, 0x77, 0xF8, 0x9C, 0xB7, 0x8F, 0x56, 0x1B, 0xDC, 0x41,
    0xC1, 0x95, 0xEE, 0xDD, 0x25, 0x4A, 0x6B, 0xDE, 0x77, 0x36, 0x41, 0x1C, 0x6A, 0x56, 0xDA, 0xC6,
    0x2D, 0x77, 0xEF, 0xC3, 0xD1, 0x2A, 0xED, 0x41, 0xB1, 0x2A, 0x46, 0xA5, 0xDD, 0xB3, 0xD2, 0x3A,
    0x3D, 0x7C, 0x4A, 0x69, 0x2B, 0xA9, 0xB4, 0xE3, 0xD3, 0x4A, 0x1B, 0xF4, 0x90, 0xBC, 0x87, 0x84,
    0xD2, 0x6E, 0x58, 0x69, 0x43, 0xDE, 0x3D, 0xA5, 0xB4, 0xC3, 0x51, 0xA5, 0xDD, 0x87, 0x43, 0x8E,
    0xBF, 0x54, 0xDA, 0x7E, 0x52, 0xDA, 0x7F, 0x00, 0x27, 0xB7, 0x5C, 0xFE, 0x46, 0xBE, 0x79, 0x7A,
    0x9E, 0x39, 0xB8, 0x54, 0xBA, 0xE4, 0x99, 0x20, 0x06, 0x90, 0x4B, 0x10, 0x93, 0x06, 0x73, 0x7E,
    0x00, 0xED, 0x56, 0x3B, 0x92, 0xD3, 0x40, 0x10, 0x6D, 0x49, 0xC5, 0xBA, 0x6A, 0x15, 0x4C, 0x44,
    0x42, 0xA2, 0x23, 0xF8, 0x08, 0xD2, 0x16, 0x17, 0x20, 0x40, 0xE7, 0xE0, 0x08, 0x72, 0x15, 0x07,
    0x60, 0x6F, 0x00, 0x01, 0x91, 0x82, 0x3D, 0x00, 0x89, 0xCD, 0x09, 0xD0, 0x11, 0x1C, 0x90, 0xA3,
    0x40, 0x81, 0xA9, 0xB2, 0x35, 0xF4, 0xF4, 0x6F, 0xC6, 0xEB, 0x5A, 0x60, 0x4D, 0x66, 0xAC, 0xC0,
    0xFB, 0x5A, 0x3B, 0xD3, 0xF3, 0xA6, 0x7F, 0x4F, 0x7D, 0xFF, 0x09, 0x00, 0x6E, 0xFB, 0x1E, 0xBC,
    0x1F, 0x11, 0x39, 0xEF, 0x2F, 0x0C, 0x55, 0x86, 0x96, 0x84, 0x26, 0x44, 0xB5, 0xA1, 0x35, 0xA1,
    0x1D, 0x40, 0xE6, 0x11, 0xAD, 0xFD, 0x01, 0xA0, 0x08, 0xA8, 0xF3, 0xBE, 0x09, 0x1B, 0x7C, 0x58,
    0xCB, 0x0F, 0x99, 0x8C, 0x9C, 0xA1, 0xD2, 0x50, 0x41, 0x7F, 0x7E, 0x20, 0x02, 0x42, 0x1F, 0x02,
    0x0A, 0x9B, 0xE7, 0xC0, 0x05, 0x16, 0x88, 0x26, 0x42, 0xF0, 0x0E, 0x7D, 0x33, 0x02, 0x61, 0xFA,
    0x18, 0x55, 0xC4, 0x60, 0x2F, 0x4C, 0xEB, 0xC0, 0x0A, 0xB9, 0xCD, 0xC1, 0x6A, 0x20, 0xF7, 0xF8,
    0x1F, 0xE5, 0xB2, 0x37, 0x2E, 0x93, 0x71, 0xD9, 0x0A, 0x17, 0xEF, 0x37, 0xC2, 0x85, 0x1C, 0x77,
    0xB2, 0x01, 0x64, 0xE1, 0x16, 0xF8, 0xD6, 0x7E, 0x6E, 0xC2, 0x99, 0x37, 0x88, 0xEE, 0xE1, 0xDC,
    0x67, 0xBD, 0x15, 0x50, 0xD0, 0x09, 0xC7, 0xD7, 0x41, 0xB2, 0x2B, 0x46, 0x35, 0x71, 0xFA, 0x33,
    0x8A, 0x3B, 0xA2, 0x97, 0xE8, 0x39, 0x9E, 0x06, 0xF0, 0xEA, 0x4B, 0x24, 0x1D, 0x62, 0xDC, 0x40,
    0x3C, 0xD4, 0xDB, 0xB2, 0xCE, 0x73, 0xBA, 0xE9, 0xD1, 0x30, 0x80, 0x06, 0xE0, 0x20, 0x46, 0xEE,
    0xE7, 0xBB, 0xE4, 0xB8, 0x09, 0x09, 0x99, 0x31, 0x46, 0x83, 0xA9, 0x26, 0x46, 0x97, 0x18, 0x19,
    0xA6, 0xC9, 0x9E, 0xD2, 0x5C, 0x53, 0x02, 0xA7, 0x94, 0xE9, 0x60, 0x46, 0x95, 0x6E, 0xA9, 0x93,
    0x55, 0x68, 0x0C, 0xA9, 0xB1, 0x89, 0xC6, 0xCB, 0xB6, 0x39, 0x3B, 0x57, 0xB5, 0x46, 0x09, 0xCB,
    0x64, 0xAC, 0x34, 0xE6, 0x18, 0xE8, 0xA1, 0xD4, 0x90, 0xE1, 0xDB, 0x55, 0xC1, 0x5D, 0xC3, 0x35,
    0x98, 0x69, 0xC8, 0xA8, 0x45, 0x34, 0x64, 0xF4, 0xB2, 0xE3, 0x90, 0xF1, 0x72, 0x49, 0xDC, 0x82,
    0x1C, 0x39, 0xBE, 0xA5, 0xA3, 0x23, 0x16, 0xD6, 0x84, 0x0D, 0x2D, 0xE6, 0x3E, 0x9C, 0x39, 0x07,
    0x7B, 0x75, 0xC6, 0x75, 0x1E, 0x5E, 0x4D, 0x46, 0x55, 0x89, 0x10, 0xD5, 0x52, 0xF8, 0xBA, 0x70,
    0x82, 0x93, 0x32, 0xA1, 0x15, 0xB5, 0xA4, 0x8E, 0xFA, 0xA3, 0xD3, 0xC8, 0x07, 0xAA, 0xD4, 0xE0,
    0x52, 0x06, 0xB9, 0xDE, 0x2A, 0xAC, 0x7F, 0x6F, 0x69, 0x40, 0x4F, 0xDF, 0xAC, 0xE6, 0x4A, 0x6D,
    0x19, 0xF1, 0x1D, 0x2B, 0x24, 0x4B, 0x6B, 0x87, 0x0A, 0x69, 0x4C, 0xA2, 0x1A, 0xEB, 0x6D, 0xE9,
    0x7D, 0xCC, 0x96, 0x4B, 0xCB, 0x12, 0xC3, 0x10, 0xB3, 0x5D, 0x24, 0xCE, 0x00, 0x7C, 0x9A, 0xFA,
    0xC4, 0xF3, 0x7F, 0x6A, 0xDC, 0x3C, 0x7C, 0x8E, 0x41, 0x1F, 0x2C, 0x31, 0x3B, 0x2D, 0x50, 0x89,
    0x63, 0x6D, 0xB9, 0xA2, 0x01, 0xB7, 0xE2, 0x1A, 0xBA, 0xEF, 0x38, 0xFE, 0x98, 0x39, 0x27, 0x68,
    0xAF, 0x88, 0x52, 0xB2, 0xB1, 0xE6, 0xDB, 0x58, 0x7F, 0xAE, 0x2C, 0x45, 0x96, 0xD3, 0x83, 0x4E,
    0x06, 0xE5, 0x55, 0x5A, 0x2E, 0x5D, 0x32, 0xE9, 0xC6, 0x13, 0xF4, 0x57, 0x4F, 0x7F, 0x55, 0xDF,
    0xAB, 0xFA, 0x9E, 0xA8, 0xEF, 0xF2, 0x27, 0x40, 0xFB, 0xD6, 0x0A, 0x6F, 0x05, 0x5A, 0x68, 0x2E,
    0x44, 0x52, 0x0D, 0x64, 0xB3, 0xCF, 0xD4, 0x08, 0xDE, 0x5F, 0xEB, 0x94, 0x53, 0x46, 0x36, 0xB0,
    0xB4, 0x78, 0xD1, 0xD9, 0xC2, 0xA6, 0x54, 0x41, 0x83, 0x51, 0xAA, 0x3F, 0x68, 0xAB, 0xCE, 0x4F,
    0x32, 0x4A, 0xF5, 0x9C, 0x21, 0x93, 0xEC, 0x1F, 0x3E, 0x0C, 0x1E, 0x09, 0x8F, 0x5D, 0x64, 0x63,
    0xC2, 0x13, 0x24, 0xC3, 0x69, 0x87, 0xD7, 0x9C, 0xCB, 0xD1, 0x66, 0x77, 0x2E, 0x1D, 0xCF, 0x22,
    0x21, 0xF3, 0x92, 0x57, 0x88, 0xF0, 0xB0, 0x68, 0x89, 0xA8, 0xB1, 0xD6, 0xF0, 0xAF, 0x68, 0x8D,
    0x88, 0x5A, 0x47, 0xF3, 0x42, 0x7C, 0xB3, 0x9F, 0x4C, 0x6B, 0x6F, 0x67, 0xCA, 0xA6, 0x67, 0x13,
    0xD5, 0x52, 0x58, 0x91, 0x9F, 0x4A, 0x66, 0x0B, 0xF9, 0xD6, 0x9B, 0x90, 0xCE, 0xA9, 0xD6, 0xE4,
    0x21, 0xE8, 0x36, 0xD1, 0x11, 0xE4, 0x36, 0xD1, 0x71, 0x49, 0x61, 0xF2, 0x80, 0x9B, 0x9D, 0xC9,
    0x03, 0xBA, 0xFD, 0x68, 0x23, 0xE5, 0x54, 0x78, 0x8E, 0xBE, 0x53, 0x76, 0x4F, 0x0A, 0xCF, 0xF0,
    0xA4, 0xF0, 0xC0, 0x55, 0x78, 0x9E, 0x69, 0x94, 0x73, 0x63, 0x8A, 0xB0, 0xE5, 0x0F, 0x3D, 0x0A,
    0x17, 0x21, 0xD2, 0x72, 0xFA, 0xDE, 0x0B, 0x0A, 0x34, 0x50, 0x48, 0x79, 0x46, 0x1D, 0x8E, 0x9A,
    0x7C, 0xED, 0xBF, 0x4A, 0xC2, 0x70, 0x7D, 0xAD, 0x45, 0xA7, 0x85, 0x89, 0x28, 0xE7, 0xD4, 0xB4,
    0x2D, 0xEE, 0xFA, 0xFE, 0x8C, 0x1E, 0x6A, 0xDB, 0x37, 0xF8, 0xFB, 0x02, 0xF7, 0x5D, 0xAA, 0x64,
    0xB8, 0xF3, 0x25, 0xA3, 0xBA, 0x50, 0xC9, 0x70, 0xBF, 0x93, 0x8C, 0x5F, 0xED, 0x56, 0xCB, 0x71,
    0xDB, 0x30, 0x10, 0x05, 0xA9, 0x99, 0xF0, 0xC0, 0x03, 0x73, 0xCE, 0x45, 0xEE, 0x80, 0x0D, 0x64,
    0x86, 0xEA, 0x28, 0x25, 0x88, 0x25, 0xA4, 0x94, 0x74, 0x40, 0x96, 0xA0, 0x12, 0x74, 0xCD, 0x8D,
    0x07, 0x1D, 0x74, 0xA0, 0xB8, 0xC1, 0x7E, 0xF1, 0x21, 0x2D, 0x3B, 0x76, 0xEC, 0x64, 0x3C, 0xC1,
    0xD8, 0x00, 0x84, 0x05, 0x17, 0xBB, 0xEF, 0x2D, 0x16, 0x0B, 0x10, 0xDA, 0x08, 0xEF, 0xFE, 0x63,
    0x7E, 0xFB, 0x69, 0x72, 0xF6, 0x5B, 0xCF, 0x3F, 0x78, 0x73, 0xEE, 0xC1, 0xF9, 0x36, 0xFB, 0xFF,
    0x9D, 0xFF, 0xE1, 0xF6, 0xD0, 0x3B, 0xD7, 0xC1, 0xD9, 0x39, 0x80, 0xAB, 0x2B, 0x01, 0x6E, 0xAE,
    0xC2, 0x6D, 0x0D, 0xCE, 0xF6, 0x00, 0x93, 0x6B, 0x3D, 0x3E, 0x7E, 0x07, 0x1C, 0xDC, 0x11, 0x16,
    0xE7, 0x06, 0x98, 0xA5, 0xC3, 0x0F, 0x7C, 0x77, 0xB1, 0x6E, 0xDA, 0xEE, 0xFC, 0x41, 0x5E, 0xC3,
    0xFD, 0xAE, 0xC2, 0xAE, 0xC6, 0xAE, 0xC1, 0xCE, 0x9F, 0xD9, 0xF3, 0x99, 0x68, 0x8B, 0xDF, 0xB1,
    0xE0, 0xFA, 0x8C, 0x4B, 0x57, 0xB6, 0xCA, 0x7F, 0x70, 0x72, 0x05, 0xEE, 0x70, 0xC3, 0xCD, 0x9F,
    0xD1, 0x7A, 0x0B, 0x5C, 0x3D, 0xFA, 0xAE, 0x74, 0xEF, 0x7A, 0xE4, 0x49, 0x8F, 0x24, 0x60, 0x0D,
    0x5C, 0x05, 0xD8, 0x40, 0x36, 0xA0, 0x8F, 0x0A, 0xB6, 0x02, 0xBE, 0x53, 0xD0, 0x0D, 0x78, 0x03,
    0xDF, 0x08, 0xE8, 0x94, 0x04, 0x23, 0xC2, 0xC8, 0x30, 0x42, 0x8C, 0x14, 0x23, 0xC6, 0xC8, 0x31,
    0x82, 0x8C, 0x95, 0xA7, 0x26, 0x84, 0x91, 0x81, 0xF5, 0xFB, 0x13, 0x44, 0xD7, 0x10, 0x36, 0x94,
    0x0D, 0x69, 0x43, 0xDB, 0x10, 0x57, 0xD4, 0x0D, 0x79, 0x43, 0xDF, 0x18, 0x30, 0x16, 0x8C, 0x89,
    0xC0, 0x86, 0x31, 0x62, 0x81, 0x60, 0xC1, 0x10, 0x02, 0x02, 0xBF, 0x7F, 0xD9, 0x04, 0x5D, 0x29,
    0x70, 0x82, 0xAE, 0x94, 0x38, 0x69, 0xD8, 0x53, 0xA2, 0xA7, 0xF7, 0xAB, 0x67, 0x72, 0xA7, 0x41,
    0xCB, 0xD0, 0x95, 0x8E, 0xC5, 0x0B, 0xFE, 0xE8, 0xD1, 0x95, 0x9D, 0xAC, 0x5E, 0x1B, 0x5C, 0x45,
    0x57, 0x2A, 0x74, 0x10, 0x5D, 0x29, 0x90, 0x9E, 0x82, 0x89, 0x3D, 0xB1, 0x2B, 0x2D, 0xFA, 0x85,
    0xAE, 0xD4, 0x37, 0x09, 0xB2, 0xF2, 0xA2, 0xAE, 0xF4, 0x14, 0x6D, 0x1D, 0xB2, 0xFD, 0x97, 0x27,
    0xAB, 0x5C, 0xFD, 0xDA, 0xC9, 0x3F, 0xE2, 0xD7, 0x3B, 0x4F, 0xF6, 0x74, 0xE1, 0x7C, 0xAB, 0x90,
    0x7E, 0x6C, 0x25, 0xD2, 0x4F, 0x6D, 0x91, 0xD1, 0x7D, 0xD5, 0xC9, 0x67, 0xE7, 0xFE, 0x07, 0xC0,
    0x07, 0x8D, 0x4C, 0x8B, 0x84, 0x3A, 0x44, 0x42, 0xFF, 0x44, 0x24, 0x7C, 0x82, 0xEF, 0x98, 0xFF,
    0x17, 0x4C, 0x56, 0x94, 0x61, 0x61, 0xF2, 0x29, 0x89, 0xD2, 0x26, 0xCC, 0x47, 0xDF, 0xDD, 0x06,
    0xDF, 0x2D, 0x5B, 0xC5, 0x00, 0x09, 0x68, 0x0B, 0x6D, 0xA6, 0xCF, 0x48, 0x01, 0xA9, 0x22, 0xA5,
    0xA4, 0x9E, 0x8C, 0x18, 0xFC, 0xB3, 0xD5, 0x5E, 0x7D, 0xDE, 0xC3, 0xB4, 0x48, 0x2F, 0x0D, 0xD9,
    0xDD, 0x70, 0xDE, 0x1E, 0x71, 0xB3, 0xA6, 0x42, 0x4D, 0x80, 0x5E, 0x36, 0x3D, 0x67, 0x1E, 0x7F,
    0x1B, 0xEB, 0x8C, 0xCF, 0x8A, 0x6D, 0xB8, 0xDB, 0xBE, 0xC1, 0xC2, 0x97, 0xA7, 0x01, 0xBB, 0x45,
    0x0A, 0x2A, 0xBD, 0x8C, 0xF8, 0x50, 0x60, 0x21, 0x14, 0x37, 0x04, 0x81, 0x77, 0x77, 0x70, 0x4B,
    0x24, 0x25, 0x21, 0x75, 0x76, 0x4E, 0x0A, 0x9E, 0xA8, 0x55, 0x24, 0xC2, 0xBC, 0x5C, 0x80, 0x12,
    0x27, 0xAD, 0xB1, 0xA8, 0xD9, 0xC9, 0xC7, 0xD6, 0x5A, 0x12, 0x2D, 0xFC, 0xFD, 0x98, 0x88, 0x3A,
    0xAD, 0xD1, 0xF0, 0xFB, 0x7E, 0x6D, 0x20, 0x99, 0xB8, 0xCF, 0x6D, 0x1F, 0xBC, 0x59, 0x35, 0x70,
    0x79, 0x91, 0xDA, 0x1E, 0xDE, 0x30, 0x2E, 0x0E, 0x52, 0x11, 0x3D, 0xA1, 0xA3, 0x54, 0x6F, 0xA9,
    0x68, 0xE4, 0xAE, 0xCC, 0xDD, 0x0A, 0xA2, 0x1D, 0x68, 0x84, 0xAE, 0x44, 0x75, 0xEE, 0x56, 0x10,
    0xAD, 0x28, 0x09, 0xA2, 0x16, 0x16, 0xF7, 0x88, 0xE8, 0x98, 0xDB, 0x1E, 0x44, 0x39, 0x25, 0x41,
    0xB4, 0xA2, 0x24, 0x88, 0x88, 0x92, 0x2F, 0xF0, 0x93, 0x16, 0x79, 0x54, 0x91, 0x94, 0x2D, 0x84,
    0x88, 0x8C, 0x2A, 0x42, 0x4A, 0x3A, 0xA1, 0x47, 0x46, 0xC5, 0xD0, 0x53, 0x52, 0x10, 0x3D, 0xF4,
    0x13, 0xB8, 0x06, 0x60, 0xE4, 0x3B, 0xAA, 0xEF, 0x40, 0x7E, 0xD2, 0x88, 0x7C, 0xA1, 0xB2, 0x81,
    0x6A, 0x1C, 0x0A, 0x13, 0x1D, 0x95, 0x65, 0x7F, 0xB0, 0x86, 0x89, 0x8E, 0x12, 0x1B, 0x48, 0x89,
    0x86, 0x89, 0x8E, 0xBC, 0x05, 0xCF, 0x39, 0xA9, 0x02, 0x1D, 0x45, 0x71, 0x4D, 0x17, 0x94, 0xC3,
    0x44, 0x47, 0x31, 0xA7, 0xA1, 0xDA, 0x8B, 0x8D, 0xD5, 0x51, 0x9C, 0xE8, 0xA8, 0x7C, 0x61, 0x17,
    0x2D, 0x5C, 0xD8, 0x75, 0xA4, 0x44, 0x81, 0x31, 0x32, 0x18, 0x30, 0xAE, 0x40, 0x33, 0x11, 0xC1,
    0x5C, 0x70, 0x75, 0x99, 0x8B, 0x9C, 0xDE, 0x92, 0x6D, 0x51, 0xC5, 0x3C, 0x6F, 0x89, 0x1A, 0x2E,
    0x1E, 0xB7, 0x44, 0x2D, 0xF3, 0xB3, 0x25, 0xA2, 0x5B, 0xB2, 0x2D, 0x92, 0x12, 0x7A, 0x4B, 0x94,
    0xC4, 0x42, 0x22, 0x2A, 0xA5, 0x72, 0xDE, 0x10, 0xF1, 0x2D, 0x59, 0x61, 0xE8, 0xEC, 0x86, 0xE7,
    0xC8, 0xCB, 0x2B, 0x00, 0xD1, 0xB5, 0x0E, 0xD7, 0x9B, 0x6C, 0x5F, 0xA2, 0x64, 0x10, 0x92, 0x02,
    0x2D, 0xCE, 0x51, 0x0A, 0x09, 0xA9, 0xC4, 0x12, 0x57, 0x1E, 0x51, 0x2E, 0x24, 0xAE, 0x3C, 0x0E,
    0x5D, 0x48, 0x5C, 0x79, 0xF4, 0x4A, 0x22, 0x1D, 0xF9, 0xE3, 0x24, 0xE6, 0xE3, 0xA4, 0x9B, 0xDD,
    0x94, 0x38, 0xE9, 0x66, 0xF7, 0x2B, 0x49, 0xBA, 0xE9, 0xAD, 0x64, 0xB7, 0x36, 0xF3, 0x3D, 0xBD,
    0x20, 0x2F, 0xF9, 0x6B, 0x34, 0xEA, 0xDF, 0xBA, 0x4F, 0xCC, 0x7D, 0xE0, 0x81, 0xE1, 0xAB, 0x78,
    0xD8, 0xF3, 0x30, 0x4C, 0x8C, 0xF6, 0x14, 0x15, 0x00, 0x03, 0x0D, 0xA5, 0x91, 0x33, 0x31, 0xE9,
    0x13, 0x3F, 0x47, 0x3D, 0xAD, 0x49, 0x20, 0x5C, 0x98, 0x87, 0x91, 0x58, 0x59, 0x18, 0xF1, 0xD5,
    0x5A, 0xCB, 0x48, 0xB7, 0x06, 0xFC, 0xC2, 0x18, 0x12, 0x8D, 0xB2, 0x2A, 0x5B, 0xE5, 0x43, 0x51,
    0x93, 0xAF, 0x1E, 0x13, 0x93, 0xF4, 0x7D, 0x38, 0xF2, 0xD0, 0xF0, 0x50, 0x42, 0xEC, 0x98, 0xBA,
    0xB9, 0x93, 0x6C, 0xFC, 0x23, 0xAD, 0x62, 0xFB, 0x18, 0x18, 0x27, 0x51, 0x20, 0x11, 0x2D, 0x0F,
    0xA7, 0xC4, 0xA3, 0x04, 0x56, 0xFA, 0x16, 0x4B, 0x70, 0x49, 0xF8, 0xB5, 0xBC, 0x5A, 0xF3, 0x6A,
    0x21, 0xAB, 0xDD, 0x33, 0xFD, 0xEB, 0x6D, 0xA8, 0x81, 0xE2, 0xB1, 0x23, 0xF7, 0xC2, 0xDA, 0x63,
    0xE8, 0x8A, 0x2A, 0x39, 0xCE, 0x4C, 0xBA, 0xEA, 0x33, 0x4B, 0x03, 0xFB, 0x70, 0x4D, 0x1C, 0x63,
    0x37, 0xE5, 0x71, 0x93, 0x2A, 0xE1, 0x90, 0x55, 0x04, 0xB3, 0xBD, 0xF2, 0x97, 0xE8, 0x51, 0xD7,
    0xC4, 0x73, 0xB2, 0xF4, 0x39, 0x5A, 0x8D, 0x73, 0xB0, 0xE4, 0x68, 0x15, 0xC7, 0xED, 0x99, 0xEA,
    0x42, 0x36, 0xEE, 0x4D, 0x9D, 0x55, 0x34, 0x8B, 0xA9, 0x9B, 0x4D, 0xDD, 0xD5, 0xD4, 0x4D, 0xA6,
    0xEE, 0x9C, 0xDB, 0x54, 0x99, 0xBA, 0x60, 0xD3, 0xDE, 0xD4, 0x05, 0x9B, 0xC2, 0x55, 0x37, 0x9B,
    0x8A, 0x57, 0xA9, 0xBB, 0x6C, 0xA8, 0x3B, 0x6D, 0xA8, 0x3B, 0xAC, 0xD5, 0xDD, 0x9E, 0xA3, 0xEE,
    0xCF, 0x13, 0x70, 0x57, 0xDD, 0x3D, 0x02, 0x7E, 0x01, 0xED, 0x56, 0xDB, 0x8D, 0xDB, 0x40, 0x0C,
    0x5C, 0x5B, 0xC0, 0xDD, 0x87, 0x3E, 0x54, 0xC0, 0x7D, 0xA8, 0x04, 0x95, 0x20, 0x75, 0x26, 0x03,
    0x69, 0x20, 0x25, 0xA4, 0x93, 0x15, 0x90, 0x06, 0x54, 0x82, 0x80, 0xA4, 0x00, 0x7D, 0x18, 0x88,
    0x0E, 0x91, 0xC4, 0x70, 0x38, 0x94, 0xBD, 0xF6, 0x3D, 0x72, 0x01, 0x92, 0x03, 0x2E, 0x30, 0x70,
    0xF2, 0x1C, 0xA4, 0x25, 0x77, 0x48, 0xCE, 0x92, 0x1B, 0xEE, 0x44, 0xBE, 0x87, 0x10, 0x5A, 0x11,
    0x69, 0xC2, 0x5E, 0x7F, 0x65, 0x08, 0x39, 0x60, 0x0A, 0x25, 0x60, 0x09, 0x35, 0x40, 0x6C, 0x85,
    0xAE, 0x89, 0xD2, 0xEF, 0x44, 0x0E, 0xFA, 0xA7, 0x6F, 0x3A, 0x7D, 0xAF, 0xDF, 0xFF, 0x11, 0xD8,
    0x0E, 0xBE, 0x9F, 0xEF, 0xEE, 0x5C, 0x9C, 0x99, 0xF3, 0x74, 0xD6, 0x1E, 0x43, 0xF0, 0x88, 0x82,
    0x7E, 0x9E, 0x01, 0x25, 0xA1, 0x26, 0x88, 0x41, 0x46, 0xC8, 0x09, 0x25, 0xA1, 0x26, 0x88, 0xC1,
    0x5E, 0x7E, 0x00, 0xEE, 0xE5, 0x1B, 0xA0, 0x90, 0xAF, 0x80, 0x5A, 0x32, 0x40, 0x5C, 0x00, 0x7B,
    0x39, 0x02, 0xEE, 0x65, 0x00, 0x14, 0xD2, 0x01, 0x6A, 0x09, 0x80, 0xB8, 0x18, 0x18, 0x5B, 0x99,
    0x5E, 0x03, 0x06, 0x36, 0x3D, 0x18, 0x1C, 0x8D, 0x9A, 0xF1, 0x7C, 0x11, 0x2C, 0x05, 0x7F, 0x06,
    0x1D, 0xE3, 0xBF, 0x04, 0x91, 0xCF, 0x84, 0x95, 0xA0, 0xEF, 0x0D, 0xC6, 0x0B, 0x73, 0x2F, 0xFF,
    0xCA, 0xDD, 0x25, 0x30, 0x85, 0x57, 0x10, 0xC5, 0x00, 0xD9, 0x37, 0xE8, 0x32, 0x7B, 0x69, 0x76,
    0xEE, 0xA5, 0xA2, 0xCF, 0x82, 0x3B, 0x64, 0xDC, 0x0F, 0x6B, 0x56, 0x96, 0xE1, 0x4B, 0x38, 0x15,
    0x0E, 0x19, 0x09, 0x2C, 0x6A, 0xCF, 0x12, 0x1F, 0x37, 0x73, 0x77, 0xD6, 0xD2, 0xB5, 0x4A, 0x23,
    0x4B, 0xB7, 0xBD, 0x64, 0x95, 0xCB, 0x23, 0x20, 0xC2, 0x0B, 0x73, 0x4C, 0x58, 0xBC, 0x2A, 0x0E,
    0x0D, 0xA1, 0x83, 0x82, 0x84, 0xAA, 0x7B, 0x46, 0x8A, 0xCD, 0x59, 0x8A, 0x1D, 0x2B, 0x76, 0x48,
    0xA5, 0xB8, 0x92, 0xE7, 0x4C, 0xD6, 0xE3, 0x95, 0x14, 0x6D, 0xE1, 0xFC, 0x86, 0xDF, 0xA3, 0x69,
    0x51, 0xCD, 0x35, 0xDE, 0xFE, 0x54, 0xAB, 0xA8, 0x94, 0x3C, 0xAE, 0xBD, 0xA5, 0x2B, 0xD3, 0x18,
    0xA0, 0x4C, 0x48, 0xA2, 0x48, 0x8C, 0x6A, 0x1C, 0x02, 0x10, 0xB5, 0xE5, 0x89, 0x91, 0x5C, 0x19,
    0xE5, 0x9A, 0x8B, 0xCD, 0xB4, 0x30, 0xD3, 0x97, 0x7E, 0x35, 0x80, 0x47, 0x2F, 0x49, 0xCF, 0xE0,
    0x26, 0x86, 0xBA, 0xB2, 0x94, 0xD2, 0x54, 0x69, 0x36, 0x3A, 0x50, 0x88, 0x00, 0x88, 0xE9, 0x0A,
    0x2A, 0xF5, 0xA8, 0xB1, 0xD0, 0x4E, 0x99, 0x58, 0x2D, 0x02, 0x13, 0xE6, 0xAE, 0xFD, 0x9B, 0x3B,
    0x6B, 0x75, 0xCF, 0x56, 0x06, 0x64, 0x52, 0xD9, 0x20, 0x8A, 0x14, 0xFC, 0x65, 0xAF, 0xAB, 0x47,
    0xD6, 0x70, 0x34, 0xC9, 0xC9, 0xE0, 0xE6, 0x25, 0x09, 0x6E, 0x1B, 0x45, 0x56, 0xC6, 0x23, 0x4A,
    0xB4, 0x76, 0xD8, 0xAA, 0x56, 0xB0, 0x86, 0x55, 0x22, 0x5C, 0x97, 0x31, 0xFA, 0x5D, 0x4F, 0x79,
    0x34, 0xCF, 0x37, 0x2C, 0xEB, 0x85, 0x9D, 0x3A, 0xEA, 0xE2, 0x46, 0xDE, 0x13, 0x92, 0x70, 0xE9,
    0xEE, 0x09, 0x08, 0x1A, 0x65, 0x7A, 0x90, 0xE9, 0xC9, 0xE1, 0xC4, 0x7F, 0xAD, 0x25, 0x72, 0x77,
    0x32, 0x3F, 0xD0, 0x9C, 0x04, 0x57, 0xA6, 0x6E, 0x0E, 0x3B, 0xD7, 0x5A, 0x6D, 0x31, 0x6C, 0x11,
    0xA1, 0x02, 0xAD, 0x6D, 0x61, 0x6A, 0x41, 0xC7, 0xC8, 0x2D, 0xB3, 0xA3, 0xAA, 0x64, 0xD0, 0xCF,
    0x7D, 0xF0, 0x2D, 0x4C, 0x58, 0xD1, 0x0E, 0x8F, 0x1D, 0xA0, 0x57, 0x9E, 0xC6, 0xD6, 0xB5, 0xEC,
    0xC8, 0x66, 0x0F, 0x81, 0x96, 0x96, 0xB3, 0xA3, 0xF9, 0x67, 0x43, 0x5C, 0xB9, 0x98, 0x8B, 0x86,
    0xD6, 0xD6, 0x0D, 0xB6, 0x37, 0x7A, 0x31, 0x24, 0xB8, 0xDB, 0x9C, 0xC6, 0xC4, 0x19, 0x48, 0x61,
    0x21, 0x1D, 0xBE, 0xFE, 0x94, 0x1E, 0x48, 0x75, 0x15, 0x8C, 0x07, 0x71, 0x1D, 0xF3, 0x29, 0x1D,
    0xCB, 0x9D, 0xB1, 0x5B, 0x2A, 0xE4, 0x4C, 0x96, 0xA7, 0x8D, 0xA0, 0x23, 0xF4, 0x84, 0x01, 0x72,
    0x6C, 0xA1, 0x2C, 0xA3, 0x85, 0xA2, 0xA5, 0xAA, 0x0B, 0xEF, 0x03, 0xE1, 0xBF, 0x9D, 0xCE, 0x3B,
    0xAD, 0x91, 0x0E, 0x66, 0x35, 0x9E, 0x55, 0xD5, 0x73, 0x64, 0x0B, 0x3C, 0x3F, 0x3F, 0xF5, 0xF9,
    0x24, 0xF3, 0xA4, 0xB5, 0x3C, 0x64, 0xA6, 0x9D, 0xBF, 0xF7, 0xE4, 0x36, 0xFA, 0x22, 0x38, 0xDA,
    0x20, 0x62, 0x4B, 0x1A, 0xEC, 0xDC, 0x1F, 0xEB, 0xF3, 0x54, 0x56, 0x56, 0x7D, 0x0E, 0x3E, 0x4D,
    0x86, 0x5F, 0x1F, 0xC2, 0x99, 0xB7, 0xD0, 0xD9, 0xDA, 0xF4, 0x84, 0x50, 0x70, 0x0A, 0x4B, 0x74,
    0x08, 0x38, 0x6D, 0x70, 0x3E, 0x27, 0x8B, 0xB7, 0x43, 0xF0, 0x8B, 0xCD, 0xB7, 0x01, 0x2B, 0x56,
    0x3B, 0x9F, 0xE3, 0xA9, 0x49, 0x47, 0xE1, 0xA8, 0x7A, 0xE3, 0x78, 0x98, 0xB7, 0xE4, 0x45, 0x4B,
    0x65, 0xC6, 0xC4, 0x16, 0x4C, 0x73, 0x3A, 0x21, 0x57, 0xEF, 0x5A, 0x81, 0x2D, 0x29, 0x9D, 0x90,
    0x17, 0x53, 0x32, 0x33, 0x46, 0x2D, 0xAF, 0x3D, 0x2D, 0xE7, 0x4F, 0x6B, 0x71, 0x00, 0x86, 0x8B,
    0x6F, 0x66, 0xB0, 0xE3, 0x58, 0x71, 0xFA, 0x6F, 0x9C, 0x90, 0x55, 0x32, 0x2F, 0x66, 0xB2, 0x1E,
    0x19, 0xC3, 0xE1, 0x76, 0x59, 0x7B, 0xFF, 0xCB, 0x9A, 0x7C, 0xFC, 0xCB, 0xDA, 0xE1, 0x76, 0x59,
    0xFB, 0xA8, 0x97, 0xB5, 0xF6, 0x76, 0x59, 0xBB, 0x5D, 0xD6, 0x7E, 0x77, 0x59, 0xFB, 0x05, 0xDD,
    0x59, 0x31, 0x72, 0xDD, 0x36, 0x10, 0x05, 0xC9, 0x89, 0x58, 0xFC, 0x82, 0x55, 0x9A, 0xA4, 0xF8,
    0x7D, 0x9A, 0x7F, 0x04, 0xD2, 0x37, 0x70, 0xF3, 0x93, 0x22, 0x87, 0xD0, 0x11, 0xC8, 0x23, 0xE8,
    0x08, 0x2E, 0x5C, 0x29, 0x85, 0x8F, 0x40, 0x1E, 0x81, 0x4D, 0x7A, 0x16, 0xCE, 0xA4, 0x0C, 0x67,
    0xC2, 0x4C, 0xA8, 0x0C, 0xC9, 0x0D, 0xB0, 0xC0, 0x62, 0x77, 0xBF, 0xF4, 0x15, 0x8D, 0xFD, 0xBF,
    0xC6, 0x31, 0x0A, 0xEB, 0x3D, 0x8B, 0x24, 0x76, 0xDF, 0x2E, 0x16, 0x0B, 0xC8, 0x18, 0x63, 0xF6,
    0xE3, 0x61, 0x30, 0x38, 0xF6, 0x63, 0xD9, 0x7B, 0x74, 0x18, 0xCA, 0xCE, 0xA3, 0xB2, 0xAF, 0x09,
    0x75, 0x6D, 0xE3, 0x7E, 0xA6, 0x2D, 0x00, 0x54, 0x0E, 0x39, 0x80, 0x28, 0x77, 0x00, 0x26, 0xF7,
    0x22, 0xA2, 0xCD, 0x22, 0xF0, 0xA3, 0x33, 0x59, 0x40, 0xA3, 0xD9, 0x05, 0x34, 0x9B, 0x22, 0xA0,
    0x25, 0xBC, 0xE0, 0x5E, 0x29, 0x01, 0x7E, 0x5F, 0xDC, 0x23, 0xA6, 0x06, 0xC8, 0x17, 0xF7, 0x48,
    0xD5, 0xC2, 0xBA, 0x9B, 0x1D, 0x6A, 0xEC, 0xB3, 0x05, 0xA2, 0xCE, 0xBE, 0x5F, 0x4C, 0xFB, 0xBF,
    0x11, 0x4D, 0xC5, 0x78, 0xF8, 0x13, 0xD1, 0x68, 0x8D, 0x1F, 0x70, 0x5A, 0xEB, 0x0E, 0xBA, 0x61,
    0x51, 0xD9, 0xA3, 0x1B, 0x88, 0x6A, 0x42, 0xDE, 0x0D, 0x8B, 0xEA, 0x0E, 0x02, 0x6A, 0x1B, 0x74,
    0xC3, 0x22, 0xA8, 0xC0, 0x04, 0x94, 0x04, 0xF4, 0x17, 0xA4, 0x5B, 0x86, 0x73, 0x3C, 0x40, 0xB6,
    0x7A, 0xB4, 0x6D, 0xD9, 0x6A, 0x9D, 0xEE, 0xAC, 0x02, 0x6B, 0xE6, 0x4C, 0xED, 0xAC, 0xCD, 0x4B,
    0xBE, 0x58, 0x6F, 0x1A, 0xEB, 0xC7, 0xB2, 0x9B, 0xED, 0x6F, 0x2A, 0xF2, 0x0D, 0xA2, 0xBF, 0x5B,
    0xD4, 0x60, 0x11, 0xBA, 0x90, 0x56, 0x3D, 0xE9, 0xE7, 0xAC, 0xC9, 0xC3, 0x63, 0x76, 0xD4, 0xE1,
    0x97, 0xC6, 0x69, 0x04, 0x1F, 0x31, 0x1A, 0x75, 0x88, 0x86, 0x8D, 0x42, 0xE7, 0xA3, 0x61, 0x51,
    0x03, 0x1E, 0x18, 0x78, 0x13, 0x51, 0xBA, 0x19, 0x1A, 0x37, 0xF1, 0x6D, 0x93, 0x40, 0xFC, 0xA6,
    0xD9, 0x23, 0x5E, 0x4D, 0x0C, 0x29, 0xA0, 0x2E, 0x69, 0xB0, 0xCA, 0xA9, 0xCA, 0x91, 0xA3, 0xC7,
    0xFD, 0x0B, 0x65, 0xF4, 0x30, 0xBE, 0x8A, 0xC6, 0xFB, 0x7F, 0x6B, 0x17, 0xFE, 0xC4, 0x3B, 0xE1,
    0x34, 0x72, 0x9F, 0x1C, 0x7D, 0xBA, 0x0C, 0xCE, 0x7D, 0xF7, 0xE5, 0x2C, 0xE0, 0xDE, 0x1B, 0x35,
    0x3A, 0xDC, 0x9D, 0x60, 0x73, 0x7F, 0xFF, 0x2E, 0x62, 0xE3, 0x5F, 0x7A, 0x0A, 0x97, 0xAC, 0xE8,
    0x55, 0xF0, 0x4B, 0x6C, 0xF8, 0xBF, 0xD8, 0x06, 0x3C, 0xC6, 0x6B, 0x63, 0x37, 0x6F, 0x15, 0x54,
    0x58, 0xA4, 0x19, 0x91, 0x8E, 0x9A, 0xCE, 0x9A, 0xAE, 0x9A, 0xC2, 0x09, 0xED, 0x34, 0x1D, 0x34,
    0x9D, 0x34, 0x5D, 0x34, 0x85, 0x13, 0xDA, 0x68, 0xDA, 0x6B, 0x3A, 0x6A, 0x3A, 0x13, 0x05, 0x35,
    0xC6, 0x57, 0xA3, 0xA8, 0x24, 0xAE, 0x2C, 0x16, 0x16, 0x17, 0x14, 0xD3, 0xC4, 0x29, 0x20, 0x64,
    0x6F, 0x2D, 0x14, 0xD4, 0xA6, 0xD0, 0x17, 0xE0, 0x42, 0x28, 0x36, 0x22, 0x37, 0x4E, 0x68, 0xAD,
    0xE9, 0x41, 0xD3, 0x42, 0xD3, 0x5C, 0xD3, 0x54, 0x53, 0x73, 0x42, 0x4B, 0x4D, 0x0F, 0x9A, 0x16,
    0x9A, 0x66, 0x9A, 0x26, 0x9A, 0x1A, 0x38, 0x93, 0xDE, 0x5D, 0xA8, 0xB3, 0xA1, 0x10, 0xE2, 0xF0,
    0x85, 0x98, 0x98, 0x2F, 0xC5, 0x91, 0x2D, 0x8A, 0x61, 0x56, 0x32, 0x1B, 0x14, 0x9B, 0x14, 0x5B,
    0x14, 0xDB, 0x14, 0x03, 0xCF, 0xA8, 0xCE, 0x57, 0xCC, 0x0E, 0x38, 0x05, 0x31, 0x4C, 0xA8, 0xC8,
    0x76, 0x8E, 0xA9, 0x98, 0x2D, 0xAF, 0xCD, 0xB4, 0x2D, 0xD2, 0xCE, 0xE6, 0x8C, 0x0F, 0x09, 0x90,
    0x7F, 0xDA, 0xF7, 0x27, 0x75, 0x59, 0x9E, 0xD1, 0xB3, 0x57, 0xAC, 0x92, 0x6C, 0x56, 0x31, 0x6A,
    0x24, 0x7B, 0x4F, 0xF6, 0x19, 0x1E, 0x5F, 0x3B, 0xA3, 0x6D, 0x65, 0x7C, 0x19, 0x2C, 0x62, 0x58,
    0x2E, 0x00, 0xFF, 0x63, 0xB6, 0x9B, 0x16, 0x1E, 0x02, 0x74, 0x4D, 0x4A, 0x8F, 0x30, 0x0F, 0x89,
    0x36, 0xC6, 0xA6, 0x4B, 0x74, 0x62, 0xBE, 0x2E, 0x11, 0xCC, 0x19, 0x16, 0x0C, 0x0F, 0x0C, 0x4B,
    0x5C, 0x94, 0xAD, 0x83, 0x35, 0x66, 0xC9, 0xDE, 0xC1, 0x16, 0xF3, 0x6C, 0xE7, 0x20, 0xF0, 0x46,
    0xE7, 0x13, 0x27, 0xF1, 0x70, 0x22, 0x23, 0x15, 0x1C, 0x2F, 0x0D, 0xC5, 0x6C, 0x29, 0xC3, 0x8C,
    0x2D, 0xCB, 0xBD, 0xBD, 0xAB, 0x97, 0x95, 0xBC, 0xA8, 0xA3, 0x6F, 0x37, 0xE4, 0x26, 0x79, 0xBC,
    0x87, 0x47, 0x5D, 0xBD, 0xD6, 0x2C, 0x28, 0x59, 0x3B, 0x88, 0xEF, 0x2D, 0x08, 0xF1, 0xE1, 0xA1,
    0x8E, 0xB1, 0xA8, 0x3C, 0x4C, 0x3E, 0xC0, 0x3B, 0xF3, 0xB2, 0x21, 0x16, 0xED, 0x45, 0xA1, 0xB3,
    0xE2, 0x96, 0x1B, 0x64, 0xCA, 0x8A, 0x70, 0x20, 0x4A, 0xB9, 0x70, 0x88, 0x16, 0xB8, 0x93, 0x3D,
    0xB3, 0x8F, 0x60, 0x94, 0x60, 0x35, 0xA2, 0x6F, 0xF6, 0xA5, 0x23, 0x66, 0x0C, 0xBE, 0x58, 0xAA,
    0x82, 0x1E, 0x7E, 0xA0, 0xE4, 0x58, 0xBE, 0x8C, 0x0F, 0xCB, 0x8C, 0x73, 0x2F, 0xBC, 0xDB, 0xC4,
    0x6E, 0x09, 0xC3, 0x95, 0x87, 0x7E, 0xC7, 0x7E, 0x6D, 0xA3, 0xFA, 0xE8, 0x67, 0x12, 0xCC, 0x9A,
    0x6B, 0x78, 0xE6, 0xE2, 0x19, 0xF6, 0xCD, 0xF1, 0x68, 0x40, 0x39, 0xF7, 0xA9, 0xEC, 0x32, 0x55,
    0xE5, 0xF3, 0x6D, 0x29, 0x5E, 0xEC, 0xFB, 0x5E, 0x69, 0x86, 0x0A, 0xE6, 0xBC, 0x93, 0x6F, 0x86,
    0x4E, 0x2C, 0x2E, 0x48, 0xAB, 0x88, 0x03, 0x46, 0x85, 0x62, 0x94, 0xC5, 0xBC, 0x0A, 0xBE, 0x4C,
    0xA7, 0xB1, 0x15, 0x71, 0xEF, 0x55, 0x4E, 0xE8, 0x4D, 0x5E, 0xE5, 0xD2, 0xA2, 0x9C, 0x1A, 0x45,
    0x7A, 0x86, 0x8D, 0x87, 0x4A, 0xD4, 0x1A, 0x74, 0xBB, 0x45, 0x76, 0x17, 0x98, 0x5D, 0x5D, 0xB4,
    0x27, 0xD1, 0x27, 0x7F, 0x53, 0xCC, 0xFB, 0xA5, 0x53, 0x37, 0x53, 0x86, 0x65, 0x20, 0x67, 0x67,
    0x36, 0x2B, 0xB6, 0x2A, 0x06, 0x9A, 0x55, 0xDC, 0x0A, 0xD5, 0xEE, 0xA3, 0x70, 0x85, 0x21, 0x1B,
    0xB5, 0xCE, 0x3C, 0xC7, 0xAE, 0x3A, 0x7B, 0x8B, 0xA2, 0x9D, 0x53, 0x62, 0x53, 0x6C, 0x51, 0x6C,
    0x52, 0x6C, 0x50, 0xAC, 0x3A, 0x1F, 0xA3, 0x5E, 0xB2, 0x8F, 0x8F, 0xCE, 0x7D, 0x5F, 0x3F, 0x3B,
    0x19, 0x9F, 0x71, 0x50, 0x3F, 0x87, 0xBF, 0xE3, 0xC6, 0xEE, 0x46, 0xAC, 0xBC, 0x92, 0xD7, 0x41,
    0x22, 0x02, 0xB5, 0x13, 0x91, 0x29, 0x45, 0x70, 0x5B, 0x8E, 0x5F, 0xA2, 0x13, 0x27, 0xAE, 0x36,
    0xFB, 0xEA, 0x56, 0xF9, 0xAF, 0x75, 0xA1, 0x80, 0xB8, 0xC5, 0x3E, 0x1C, 0x82, 0x2D, 0x6E, 0xAF,
    0x2E, 0xC3, 0x81, 0xDA, 0x96, 0x9D, 0xA9, 0xA4, 0x5D, 0xC9, 0x5A, 0x51, 0x53, 0x05, 0x68, 0x61,
    0x6E, 0x69, 0x5B, 0xAB, 0x5D, 0x9B, 0x33, 0x0B, 0x3C, 0xD1, 0x95, 0x04, 0x63, 0xDD, 0x36, 0x7D,
    0x1A, 0xCE, 0x81, 0x5B, 0xAA, 0x6B, 0xE3, 0x53, 0xFB, 0x1F, 0xE1, 0x39, 0x62, 0xA9, 0x43, 0x4D,
    0xD8, 0xFE, 0xA7, 0xD4, 0x8D, 0xF4, 0xB4, 0x71, 0x98, 0x48, 0x67, 0xD7, 0xB8, 0x15, 0x61, 0x32,
    0xA7, 0xFF, 0xCE, 0xAF, 0x5C, 0x8C, 0x8B, 0x8C, 0x97, 0x8C, 0x23, 0xC7, 0x77, 0xD1, 0x71, 0x97,
    0xF9, 0x90, 0xCA, 0x1A, 0x2F, 0xF2, 0x47, 0xE5, 0x95, 0xCC, 0xB7, 0xAB, 0xE4, 0xB3, 0x49, 0x8E,
    0xC7, 0x8A, 0x70, 0x7A, 0x7F, 0xDF, 0x5C, 0x7B, 0xED, 0xDC, 0xC9, 0xB5, 0x53, 0x09, 0xDF, 0x47,
    0x71, 0xD9, 0xB8, 0xCA, 0xA6, 0xA9, 0x11, 0x1A, 0x0E, 0x42, 0xDB, 0x49, 0xAC, 0x9D, 0x45, 0x15,
    0xD6, 0xB0, 0x76, 0xF2, 0x70, 0xE7, 0x3A, 0xD1, 0x66, 0x43, 0x31, 0xB5, 0x7B, 0x7C, 0x47, 0xB1,
    0xB6, 0xCF, 0xF6, 0x94, 0x03, 0x19, 0x36, 0xA5, 0x0B, 0xB5, 0x7A, 0x23, 0xE5, 0x4C, 0x82, 0x17,
    0x16, 0x73, 0x4C, 0xF2, 0x98, 0x63, 0x8F, 0xF0, 0x78, 0xB9, 0x75, 0xF4, 0x1A, 0xF8, 0x59, 0x5F,
    0xE6, 0xE8, 0x7B, 0x2B, 0x34, 0x21, 0x7D, 0x9C, 0x56, 0xA4, 0x5B, 0x8E, 0x1A, 0xF2, 0xB5, 0xC1,
    0x81, 0x2F, 0x55, 0xBA, 0x22, 0x1E, 0x43, 0xA0, 0x0A, 0x6B, 0x27, 0xD7, 0xB5, 0x6E, 0x55, 0x71,
    0xE4, 0xF8, 0x8E, 0x22, 0xEE, 0xBD, 0xC8, 0x87, 0x4A, 0xE7, 0x09, 0x3D, 0x34, 0x70, 0x5E, 0x6D,
    0xD5, 0x69, 0xBE, 0x5D, 0x3E, 0x9F, 0x7F, 0xB8, 0xA7, 0xF1, 0x9E, 0x5B, 0xB9, 0xF9, 0x72, 0xF0,
    0xD7, 0xE3, 0x5B, 0x9C, 0x82, 0x5B, 0x69, 0x73, 0x60, 0xB8, 0x8B, 0x47, 0x92, 0x70, 0x6B, 0x8E,
    0xCF, 0xFE, 0x02, 0xF0, 0xCF, 0x85, 0xCD, 0xF9, 0xF6, 0x68, 0xC7, 0x4F, 0xB6, 0x53, 0x3C, 0xBE,
    0x15, 0x77, 0x2F, 0xE2, 0xAA, 0x85, 0xEE, 0x59, 0x38, 0x10, 0x1B, 0xC3, 0x45, 0x87, 0xA7, 0xE4,
    0x55, 0x5F, 0x72, 0xBD, 0x2B, 0xB9, 0x63, 0x2F, 0xB9, 0xB3, 0x2D, 0xB9, 0xE5, 0x2D, 0xB9, 0x4E,
    0x5A, 0x73, 0x7E, 0x8C, 0xB5, 0xF1, 0x54, 0x91, 0x81, 0x15, 0xA1, 0x5C, 0x4F, 0xE2, 0xB2, 0xA5,
    0x6B, 0x39, 0xAA, 0xFB, 0x26, 0xDE, 0xC8, 0x6F, 0x0C, 0x41, 0x9C, 0xFA, 0xC4, 0x49, 0xA4, 0x61,
    0x28, 0xA6, 0x23, 0x98, 0xAB, 0x58, 0xD0, 0xCC, 0xA9, 0x32, 0x62, 0x62, 0x23, 0x66, 0x6D, 0x44,
    0xA1, 0x66, 0x7A, 0x11, 0xAC, 0x22, 0xFC, 0xBE, 0x27, 0x78, 0x43, 0x77, 0x54, 0x26, 0x69, 0x23,
    0xBC, 0x8D, 0x37, 0x57, 0x3F, 0xEB, 0x4B, 0xAC, 0xA7, 0x61, 0x13, 0xCF, 0xB4, 0x43, 0x5C, 0x4A,
    0x73, 0x3C, 0xDA, 0x6E, 0x7C, 0xFA, 0x68, 0x22, 0xB4, 0x0F, 0xE6, 0xBD, 0x87, 0xCE, 0xCF, 0x08,
    0xEB, 0x08, 0xF7, 0x38, 0x05, 0xFC, 0x01, 0x90, 0xFB, 0xD9, 0x1E, 0x78, 0xE2, 0xEA, 0xB1, 0x0D,
    0x5D, 0x84, 0x53, 0xEC, 0xA5, 0x56, 0x3E, 0xCB, 0x54, 0xD1, 0x86, 0x3E, 0xDA, 0x30, 0xD1, 0x66,
    0xEF, 0x7F, 0x5D, 0x7B, 0x68, 0xCE, 0x42, 0xDB, 0x14, 0x6D, 0x41, 0x49, 0xEB, 0x5F, 0x13, 0xE1,
    0x14, 0x44, 0x4D, 0xC3, 0x0D, 0x0F, 0xC5, 0xB3, 0xA0, 0x6B, 0xC3, 0x21, 0xC0, 0x03, 0x9D, 0x1A,
    0x71, 0xFE, 0xC6, 0x43, 0x2C, 0x6A, 0x14, 0x00, 0x27, 0x16, 0xFF, 0x71, 0x33, 0xC2, 0x91, 0x61,
    0xCF, 0x90, 0x6F, 0x28, 0x97, 0xA7, 0xC2, 0xB2, 0xF2, 0x2D, 0xD7, 0x1D, 0xC1, 0x0D, 0x17, 0xE3,
    0xBF, 0xC5, 0xD1, 0xB1, 0x0D, 0x80, 0x20, 0x10, 0x85, 0x61, 0x12, 0x0A, 0x0B, 0x0B, 0x47, 0x70,
    0x04, 0x57, 0x70, 0x33, 0x1D, 0xC1, 0x8D, 0x74, 0x04, 0x46, 0xB0, 0x60, 0x04, 0x0B, 0x0B, 0xF4,
    0x04, 0x0D, 0xF2, 0xD3, 0x19, 0x13, 0xE3, 0x6B, 0xE0, 0x6B, 0x8E, 0xBB, 0x43, 0x69, 0xB9, 0x62,
    0x95, 0x4F, 0x84, 0x18, 0x62, 0x23, 0xA4, 0x27, 0x66, 0x62, 0x25, 0x1C, 0xB1, 0x13, 0x72, 0x62,
    0x0A, 0xEF, 0x75, 0xA1, 0x5C, 0x44, 0x1D, 0xCE, 0x88, 0x92, 0xD0, 0xBF, 0xA3, 0x20, 0x2A, 0xA2,
    0xE1, 0x08, 0xA3, 0x48, 0x9B, 0x4D, 0x9A, 0xAE, 0x7E, 0x07, 0x80, 0x23, 0x16, 0xC2, 0x10, 0x2D,
    0xE0, 0xB7, 0x9B, 0x30, 0x00, 0xF6, 0xEE, 0x36, 0xE6, 0x19, 0xF0, 0x1F, 0x9F, 0xE2, 0x4D, 0x6F,
    0x19, 0x0E, 0xD5, 0x54, 0x31, 0x6E, 0x83, 0x40, 0x10, 0x3C, 0xB0, 0x12, 0x4B, 0xA1, 0xA0, 0x72,
    0x1B, 0xFA, 0x34, 0xFC, 0x20, 0xF0, 0x84, 0x14, 0xA6, 0xCF, 0x23, 0x52, 0x46, 0xDE, 0x3C, 0x21,
    0xDF, 0x88, 0x3F, 0x01, 0x4F, 0xF0, 0x13, 0xFC, 0x04, 0x8A, 0x14, 0x2E, 0xCE, 0xB7, 0x5E, 0xF6,
    0xCC, 0x32, 0x48, 0xB8, 0x72, 0x65, 0x24, 0x34, 0x83, 0xB4, 0xBB, 0xB7, 0x3B, 0xB3, 0x87, 0x73,
    0xCF, 0xFB, 0x3F, 0x37, 0x3E, 0x05, 0x7B, 0xE3, 0x15, 0xF7, 0xC6, 0x99, 0x0F, 0x23, 0x5D, 0x31,
    0xFF, 0x8C, 0x3C, 0x63, 0xB6, 0x90, 0x12, 0x52, 0x69, 0x4A, 0x4D, 0xE6, 0xA9, 0xE3, 0x73, 0xCE,
    0x81, 0x57, 0x77, 0xF0, 0xF2, 0x46, 0x4D, 0x3C, 0x4B, 0xDA, 0x3F, 0x42, 0x6F, 0xFF, 0x8B, 0x3D,
    0xE3, 0x2C, 0x38, 0x23, 0xCE, 0x3E, 0xD3, 0x04, 0xB5, 0x7A, 0x6A, 0xB6, 0xC6, 0xD3, 0x98, 0x9B,
    0xC5, 0xD0, 0x2A, 0x46, 0x49, 0x1B, 0xB5, 0x73, 0x6B, 0xD6, 0x62, 0x85, 0xC0, 0xC9, 0xB9, 0x56,
    0x20, 0x5C, 0x45, 0xE9, 0x62, 0xEF, 0x7D, 0x1C, 0xED, 0x4C, 0x0A, 0xC1, 0xA0, 0xE5, 0x20, 0x20,
    0x83, 0x7B, 0x0A, 0x24, 0x41, 0x3E, 0x0F, 0xD4, 0x09, 0xA4, 0x61, 0xA7, 0x27, 0xEC, 0xBE, 0x14,
    0x5E, 0x6B, 0x85, 0xC4, 0x8E, 0x7D, 0x4C, 0xD8, 0x80, 0x9A, 0x6F, 0xFB, 0x5F, 0xB0, 0x6B, 0xB2,
    0x2E, 0x17, 0x5B, 0xC1, 0x2E, 0x07, 0xFB, 0xD6, 0xD9, 0x47, 0x0B, 0x76, 0x55, 0x83, 0xE4, 0x96,
    0x1C, 0x8C, 0x8B, 0x27, 0x35, 0x2C, 0xD4, 0x01, 0x78, 0x0F, 0xDC, 0xDF, 0xB1, 0xA4, 0xFE, 0x46,
    0xCD, 0x0E, 0x7B, 0x58, 0x1A, 0x0C, 0x7B, 0x86, 0x59, 0xD2, 0x79, 0xAA, 0x5B, 0x4E, 0x9D, 0xB4,
    0xDA, 0x34, 0x1F, 0x8F, 0xBB, 0x0C, 0x08, 0x9F, 0x0A, 0x2F, 0xDF, 0x0A, 0xEF, 0x24, 0xBE, 0xF9,
    0x24, 0xD0, 0x51, 0x20, 0x0B, 0x24, 0x2A, 0xFB, 0x52, 0xEE, 0x0A, 0xB1, 0x87, 0x9B, 0x83, 0x10,
    0xFF, 0x15, 0xA7, 0x75, 0x34, 0x3A, 0x51, 0x18, 0x6E, 0x0C, 0x0F, 0xB5, 0xB3, 0xC1, 0x1C, 0xD5,
    0x56, 0xEF, 0x2F, 0xC5, 0x15, 0x29, 0xA2, 0x8C, 0xAB, 0xAB, 0xE0, 0x8D, 0xBC, 0x17, 0xED, 0x59,
    0xBD, 0x8E, 0xE4, 0x44, 0x10, 0x6E, 0xDB, 0xD2, 0xCE, 0x09, 0x07, 0x8E, 0xD8, 0x64, 0x91, 0x86,
    0x80, 0xE8, 0x12, 0xC7, 0x24, 0xB4, 0xC5, 0x13, 0x5C, 0x00, 0x2F, 0x01, 0xC1, 0xBD, 0x00, 0x3A,
    0x5B, 0xE2, 0x05, 0x36, 0x23, 0x25, 0xB8, 0x80, 0x9B, 0x0B, 0xF6, 0x09, 0x90, 0xFD, 0x08, 0x7E,
    0x04, 0x07, 0x1B, 0x11, 0x39, 0xB0, 0xD0, 0x2C, 0x1A, 0xBB, 0xE9, 0xAE, 0xEA, 0xFA, 0xF1, 0xCE,
    0xCC, 0x22, 0xED, 0x0F, 0x48, 0xE8, 0x26, 0xD8, 0xF9, 0x7A, 0xEC, 0xEE, 0xFA, 0xE9, 0xAA, 0xAF,
    0xAA, 0x7B, 0x8D, 0xF9, 0xEC, 0xC3, 0x77, 0x26, 0x7E, 0xB6, 0xCE, 0xDD, 0x09, 0x74, 0x83, 0x40,
    0x57, 0x09, 0x1C, 0x05, 0x2E, 0x02, 0x5D, 0x23, 0x70, 0x14, 0x78, 0xC0, 0x35, 0x2E, 0x03, 0x8E,
    0x4B, 0xE7, 0xF4, 0xB2, 0xFF, 0xB4, 0xCE, 0xF5, 0x11, 0x16, 0xB4, 0xB2, 0x31, 0x99, 0x73, 0x7B,
    0xD2, 0x89, 0x97, 0x30, 0xC6, 0xBA, 0x59, 0x69, 0x6A, 0x64, 0x5E, 0x15, 0xE1, 0x06, 0x17, 0xBE,
    0xBC, 0x59, 0xDE, 0xFB, 0x25, 0x3A, 0x63, 0x2E, 0x82, 0xD8, 0x9F, 0x01, 0xD6, 0x01, 0xFE, 0x19,
    0xC4, 0xA5, 0x2E, 0x7E, 0x86, 0x30, 0x97, 0xA0, 0x25, 0x38, 0x1A, 0xC7, 0x30, 0x15, 0xB8, 0x11,
    0x58, 0x80, 0xE1, 0x79, 0x84, 0x23, 0x9A, 0x31, 0x6E, 0x41, 0x4C, 0xD0, 0x6C, 0x2C, 0x51, 0x3B,
    0xFF, 0xC6, 0x68, 0xD1, 0x47, 0x19, 0x40, 0x50, 0x3F, 0x05, 0x08, 0x46, 0x25, 0x02, 0xCD, 0x0B,
    0xC1, 0xE4, 0xBE, 0x60, 0x52, 0x67, 0xB0, 0xA8, 0xA4, 0xB7, 0xAB, 0x2F, 0xD1, 0x6F, 0xC1, 0x82,
    0x2D, 0x6E, 0xBB, 0xF7, 0x56, 0x17, 0xCC, 0xAC, 0xC2, 0x73, 0x57, 0x89, 0xF1, 0x61, 0xAA, 0xA3,
    0x9D, 0x25, 0x38, 0x45, 0xF7, 0x62, 0xCC, 0x6C, 0x23, 0xAC, 0x0C, 0xBD, 0x0C, 0xE2, 0x6B, 0x7A,
    0x1E, 0xB7, 0x25, 0xEE, 0xE5, 0xE5, 0x8D, 0xFB, 0x50, 0x19, 0x59, 0x0B, 0x3F, 0xCD, 0x7F, 0x35,
    0x0C, 0xF6, 0x76, 0xE4, 0x38, 0x74, 0xCF, 0xA7, 0xE1, 0xA7, 0xE1, 0xFF, 0x66, 0x98, 0xEE, 0x76,
    0xC8, 0xBD, 0xBB, 0xDD, 0xF5, 0x3A, 0xE9, 0x9A, 0x27, 0x0F, 0x6A, 0x3D, 0x28, 0xF5, 0x20, 0xD7,
    0x83, 0x4C, 0x51, 0x7A, 0x50, 0x61, 0x91, 0x41, 0x2D, 0x5C, 0x0E, 0x3C, 0xD2, 0xF3, 0x20, 0x97,
    0xEA, 0x00, 0xB4, 0xF2, 0xC0, 0x0A, 0xCD, 0x23, 0x56, 0x70, 0x32, 0xB0, 0x0F, 0xAD, 0x30, 0x3D,
    0x66, 0x85, 0xE1, 0xF4, 0x0A, 0xE9, 0xBD, 0x15, 0xD4, 0xA0, 0x55, 0x83, 0x44, 0x3F, 0x59, 0x49,
    0x2D, 0xB4, 0x45, 0xA5, 0xD6, 0x74, 0xE5, 0x05, 0xED, 0x9F, 0xD5, 0xFC, 0x95, 0x47, 0x56, 0x96,
    0xDA, 0xF5, 0x7C, 0x77, 0x5A, 0xE7, 0x95, 0x35, 0x2B, 0x3B, 0x6D, 0x0C, 0xBA, 0x53, 0xF3, 0xB9,
    0x86, 0x87, 0xD0, 0x9C, 0xB4, 0x31, 0x67, 0xE6, 0xB7, 0x6A, 0x7E, 0xA2, 0xE7, 0xEB, 0x36, 0x41,
    0x4A, 0xF9, 0x51, 0xF0, 0xB5, 0xCF, 0x1A, 0xE4, 0x7A, 0x50, 0x31, 0xEA, 0x19, 0x0D, 0xCF, 0x83,
    0xC8, 0xAC, 0xD7, 0x21, 0x4D, 0xC9, 0x8F, 0x83, 0x78, 0xA1, 0x13, 0x1F, 0x54, 0xB2, 0x1D, 0xE2,
    0x0C, 0xD5, 0x34, 0xED, 0x25, 0x2A, 0x46, 0x59, 0xAB, 0x97, 0x1D, 0x69, 0x64, 0x3F, 0x64, 0x81,
    0x45, 0x02, 0x4B, 0xAD, 0x35, 0x3D, 0x42, 0x99, 0xED, 0xD3, 0x95, 0x99, 0x5F, 0x58, 0x99, 0xF6,
    0xE9, 0xCA, 0x8C, 0x2F, 0xAB, 0x4C, 0xF6, 0x38, 0x65, 0x4C, 0xD2, 0xDE, 0x22, 0x39, 0x34, 0x90,
    0x88, 0x23, 0xB4, 0x64, 0x07, 0x68, 0x5E, 0x17, 0xCC, 0x19, 0x03, 0xC9, 0x52, 0x41, 0xFF, 0xDB,
    0xC0, 0xDF, 0xEE, 0xCC, 0x5F, 0x4C, 0xAB, 0x0A, 0x67, 0xE1, 0x0A, 0x19, 0x37, 0x82, 0x23, 0x49,
    0x49, 0x55, 0x52, 0x4A, 0x6E, 0x36, 0x8A, 0x27, 0x2A, 0xC5, 0x59, 0x2A, 0xE5, 0x17, 0x45, 0x5F,
    0x07, 0xC5, 0x1E, 0x7B, 0x85, 0x27, 0x45, 0x24, 0xA3, 0xE2, 0x81, 0x41, 0x71, 0x4A, 0xA7, 0xF8,
    0xA9, 0x3B, 0x71, 0x4A, 0xD0, 0x87, 0x87, 0x95, 0x58, 0xAB, 0xC4, 0xB6, 0x2B, 0x15, 0x26, 0xC5,
    0x3F, 0xA3, 0x52, 0x61, 0x50, 0x2A, 0xF4, 0x6B, 0x15, 0x2C, 0x30, 0x15, 0x5A, 0x6E, 0x81, 0x82,
    0x0B, 0x10, 0x6B, 0x81, 0x0E, 0x4B, 0x10, 0x6B, 0xA1, 0x4B, 0xC6, 0xF6, 0x3C, 0xE0, 0x2E, 0x5A,
    0x8E, 0xB8, 0x05, 0xCB, 0x03, 0xEE, 0x0D, 0x8A, 0x0D, 0x78, 0x4C, 0x14, 0x66, 0xB1, 0xDE, 0x4B,
    0x19, 0x59, 0xEB, 0xD7, 0xC8, 0xC9, 0xE1, 0xDE, 0xA4, 0x82, 0xAC, 0xF5, 0x32, 0xD9, 0x72, 0x0F,
    0x4A, 0x8A, 0x1D, 0xFF, 0x02, 0x3B, 0x1C, 0x0A, 0xF5, 0x9E, 0x6D, 0x62, 0xCB, 0x33, 0x39, 0xF8,
    0xE1, 0xF9, 0x69, 0x10, 0x72, 0x67, 0x27, 0x3B, 0x75, 0xB0, 0xAB, 0x9D, 0x38, 0xDC, 0xAA, 0x0A,
    0x50, 0xAA, 0x6A, 0xB4, 0x55, 0xC5, 0xA4, 0x50, 0x58, 0xD7, 0x95, 0xEC, 0xCC, 0x3E, 0xA7, 0xEB,
    0x0A, 0x23, 0xF8, 0x87, 0x5D, 0xC5, 0xA1, 0xEF, 0x90, 0x3B, 0xDF, 0xBA, 0x5B, 0xD2, 0x69, 0x26,
    0x23, 0x7B, 0x32, 0xAA, 0xC7, 0x0A, 0x03, 0x46, 0x6F, 0xA3, 0xC5, 0x78, 0x6C, 0xA1, 0x33, 0xCB,
    0x42, 0x47, 0x9A, 0x8E, 0x1A, 0xA6, 0x26, 0x1E, 0x66, 0x46, 0x3A, 0xE0, 0x0C, 0xF1, 0xC1, 0xDE,
    0xC4, 0x93, 0xD2, 0x94, 0xD1, 0x21, 0x29, 0xD6, 0xA5, 0x39, 0x7E, 0x43, 0xD2, 0x0D, 0x7E, 0x0F,
    0xBD, 0xFF, 0x71, 0x1A, 0xA6, 0x4D, 0x19, 0x8F, 0x4C, 0xFE, 0xBB, 0x82, 0xB4, 0xC8, 0xE3, 0x19,
    0xA9, 0x80, 0xAC, 0x5C, 0x64, 0x3B, 0x72, 0x48, 0xC7, 0x39, 0xFA, 0xBB, 0xC7, 0x78, 0xB3, 0x1C,
    0x37, 0x8D, 0xFE, 0x61, 0x8B, 0xDE, 0xCE, 0xF8, 0x87, 0x0D, 0xBA, 0xF9, 0x81, 0x1F, 0x0A, 0xB4,
    0x7C, 0xBD, 0x68, 0x47, 0x3F, 0x90, 0xD8, 0x91, 0x7E, 0x58, 0x62, 0x3C, 0xEC, 0x51, 0x53, 0x50,
    0x7D, 0x13, 0xBD, 0x16, 0x72, 0x0E, 0x4E, 0xC5, 0x65, 0x74, 0x5F, 0x38, 0x72, 0xFA, 0x1F, 0xA7,
    0x60, 0x3E, 0x7D, 0x9B, 0xD8, 0x1B, 0xCE, 0x1B, 0x72, 0x50, 0x74, 0x1D, 0x3C, 0x05, 0x17, 0xA6,
    0xE4, 0xE4, 0x36, 0x3A, 0x99, 0xB7, 0xA1, 0xA4, 0x62, 0x69, 0xA3, 0xC8, 0x0D, 0x6D, 0x54, 0x11,
    0xDF, 0x4C, 0x68, 0x2B, 0x53, 0xDA, 0xEC, 0x92, 0x22, 0xBC, 0x74, 0x7C, 0x2E, 0xC6, 0xB0, 0x4D,
    0x6E, 0x16, 0x8C, 0x9D, 0x2B, 0xF7, 0x5E, 0xC8, 0x2B, 0xF9, 0xC8, 0x41, 0x5D, 0x72, 0xA0, 0xA5,
    0x12, 0xF6, 0x85, 0x40, 0x2B, 0x50, 0xF2, 0x22, 0x15, 0x98, 0x09, 0x2C, 0x56, 0x70, 0x10, 0x01,
    0xD5, 0x31, 0x31, 0x29, 0x5E, 0x52, 0xB4, 0xB4, 0xBA, 0x23, 0x99, 0x8E, 0xF9, 0x29, 0x5D, 0xDD,
    0xA7, 0x0C, 0xC7, 0x44, 0x95, 0x49, 0xDA, 0x28, 0xD6, 0xCC, 0x25, 0x87, 0x15, 0x67, 0x16, 0xBA,
    0x68, 0xA9, 0x64, 0x5E, 0x4E, 0xDC, 0xCD, 0x28, 0x58, 0x3F, 0x55, 0xF3, 0xF4, 0xDF, 0xD0, 0x7C,
    0x79, 0x09, 0xCD, 0x4F, 0xFB, 0x5C, 0x95, 0xA4, 0x2D, 0xAB, 0x9B, 0x70, 0x87, 0x6B, 0xE5, 0x9A,
    0xCC, 0xCA, 0x15, 0x89, 0x15, 0x4E, 0xB6, 0x42, 0xC3, 0x76, 0x1D, 0x77, 0xC2, 0xB5, 0xFB, 0xE3,
    0x26, 0xDE, 0xAE, 0x02, 0x9A, 0x19, 0xD2, 0x9B, 0x36, 0x43, 0x8F, 0xF9, 0x2B, 0x24, 0x4E, 0x87,
    0xAD, 0x43, 0x89, 0x32, 0x42, 0x83, 0xD6, 0xA2, 0x12, 0x35, 0x5D, 0x8A, 0x55, 0xA1, 0xBB, 0xC1,
    0xFC, 0xEC, 0xBD, 0xD9, 0xFD, 0x86, 0xC9, 0xAE, 0x93, 0xFE, 0x3B, 0xC0, 0x5F, 0x62, 0x83, 0xBC,
    0xF5, 0xD3, 0x31, 0x6B, 0xA1, 0x41, 0xD9, 0x22, 0xA9, 0x59, 0x22, 0xCA, 0x03, 0x74, 0x71, 0x09,
    0x32, 0x0A, 0xB4, 0x2D, 0x36, 0x12, 0xC5, 0x08, 0xBE, 0xF2, 0xB2, 0x3F, 0xFF, 0xFE, 0x0D, 0x50,
    0xF8, 0xB5, 0x39, 0xFB, 0xB9, 0x8A, 0xFC, 0x8E, 0xB9, 0x16, 0x1B, 0xA0, 0x02, 0xD3, 0xDD, 0xC2,
    0xC2, 0xF1, 0x8A, 0x0A, 0xAD, 0x58, 0xA0, 0xC5, 0x4A, 0x4F, 0x1A, 0x84, 0x64, 0xB4, 0xDF, 0xAC,
    0x0D, 0xF2, 0x6A, 0x7F, 0x1B, 0x0D, 0x0A, 0x55, 0x13, 0xC9, 0x1F, 0xD2, 0x92, 0x0D, 0x9A, 0x30,
    0xB9, 0xF7, 0xA8, 0xBA, 0x32, 0xA8, 0x04, 0x76, 0x09, 0x2E, 0x0E, 0x26, 0x73, 0x7C, 0xFD, 0xB8,
    0xD0, 0x26, 0xF0, 0x89, 0x9C, 0x5B, 0x3C, 0xEE, 0x10, 0xB9, 0x0B, 0xE7, 0xE6, 0x8E, 0xDB, 0x44,
    0x6E, 0x12, 0x29, 0xCC, 0xA0, 0x20, 0xBE, 0xDE, 0xED, 0x76, 0x1F, 0x9D, 0xFB, 0xE3, 0x37, 0xBA,
    0xCD, 0x3C, 0x3C, 0x11, 0xAC, 0xB5, 0xE1, 0x46, 0x62, 0xBE, 0x47, 0x4C, 0x2D, 0x24, 0x83, 0x97,
    0xEE, 0xDC, 0x5F, 0xBB, 0xDD, 0xF3, 0x49, 0x4F, 0x29, 0x73, 0x38, 0xE3, 0x73, 0xCA, 0xEC, 0x7F,
    0xD4, 0x06, 0xAF, 0x41, 0xC9, 0x37, 0xFD, 0x3A, 0x64, 0x5E, 0x71, 0x32, 0x70, 0x6E, 0x97, 0x84,
    0x2E, 0x38, 0xDF, 0x75, 0x5B, 0x74, 0xA0, 0x5C, 0x8F, 0xA8, 0x24, 0xB4, 0xE1, 0x6B, 0xEE, 0x96,
    0x4A, 0xCC, 0x55, 0x00, 0x77, 0x86, 0xAA, 0x4F, 0x15, 0x5F, 0x87, 0x9D, 0xDA, 0xD0, 0x33, 0x7C,
    0xBD, 0xA2, 0xB6, 0xE3, 0x96, 0xBA, 0xA6, 0x99, 0xFB, 0xA7, 0x86, 0xD0, 0xC4, 0x3D, 0xD5, 0x9D,
    0x74, 0x57, 0x03, 0x23, 0xF4, 0x88, 0x2C, 0x8C, 0xC2, 0x7A, 0xD2, 0xD7, 0x61, 0xA8, 0x5D, 0xC5,
    0x8A, 0xF8, 0x26, 0x4E, 0xEA, 0xCD, 0xBB, 0x0A, 0x6F, 0x62, 0x97, 0xAA, 0x9E, 0xE2, 0xA4, 0xA9,
    0xF6, 0x89, 0x06, 0x93, 0x0E, 0x75, 0xD0, 0x24, 0x47, 0x14, 0xB4, 0xAB, 0x11, 0x39, 0x98, 0x04,
    0x68, 0x0F, 0x27, 0x98, 0xB8, 0x58, 0xD2, 0x1E, 0x2E, 0x62, 0x76, 0xE5, 0x87, 0xB8, 0x98, 0x31,
    0x3F, 0x01, 0xB9, 0x45, 0x53, 0x72, 0xB9, 0xF6, 0x7D, 0xCB, 0x3D, 0x64, 0xCA, 0x2E, 0x42, 0x3F,
    0xEC, 0xE9, 0xCC, 0x1F, 0xFD, 0xBC, 0x91, 0x7F, 0x22, 0x94, 0x8C, 0xD4, 0x9D, 0x48, 0x2E, 0xEC,
    0x5C, 0x33, 0x4A, 0xA5, 0x79, 0xFF, 0xE2, 0x4B, 0x86, 0xDF, 0x30, 0xEF, 0xD9, 0x49, 0x28, 0xBF,
    0x39, 0x22, 0x7F, 0xCB, 0xD4, 0x6D, 0xB9, 0x8B, 0x15, 0x0E, 0x86, 0xE8, 0xBC, 0x3E, 0x6B, 0x8F,
    0x6C, 0xB9, 0x6E, 0xA6, 0x6B, 0x9E, 0x94, 0xCA, 0xFF, 0x4D, 0xAE, 0x78, 0xDF, 0xE1, 0xF9, 0x81,
    0x29, 0x6C, 0xE6, 0x0A, 0x31, 0x9B, 0x55, 0xE7, 0x0A, 0x4B, 0xCE, 0x2C, 0xE6, 0xC0, 0xA2, 0xAF,
    0xB5, 0xB8, 0x73, 0x51, 0xE7, 0x27, 0xBE, 0xA2, 0xED, 0x48, 0x7E, 0xA7, 0x2D, 0x2A, 0x67, 0x8B,
    0x31, 0x72, 0xE1, 0x00, 0x0D, 0x50, 0x16, 0xF0, 0xF8, 0xE2, 0x35, 0x9C, 0xA1, 0x8C, 0x80, 0x56,
    0x70, 0xE2, 0x7E, 0x0B, 0xC8, 0xBF, 0x9E, 0x63, 0xAE, 0xF6, 0x71, 0x87, 0xAF, 0xBF, 0x96, 0xFE,
    0x99, 0xC2, 0xCA, 0x70, 0xA8, 0x9D, 0xCF, 0x89, 0xDB, 0x75, 0xB1, 0xB3, 0xE4, 0x27, 0x55, 0xC9,
    0xAC, 0x23, 0xB2, 0xB4, 0x5C, 0x53, 0xED, 0x1D, 0xEF, 0x20, 0x1F, 0x2D, 0xBF, 0xE2, 0x9D, 0xFE,
    0x1B, 0xED, 0xD2, 0xB1, 0x11, 0xC2, 0x30, 0x0C, 0x85, 0x61, 0x25, 0x29, 0x52, 0x50, 0x64, 0x00,
    0x8A, 0x8C, 0x62, 0x36, 0x62, 0x04, 0xB2, 0x99, 0x3D, 0x82, 0x47, 0x60, 0x84, 0x14, 0x29, 0x28,
    0x20, 0x0F, 0xC7, 0x96, 0x14, 0x35, 0x3E, 0x28, 0xA0, 0xE0, 0x0E, 0x35, 0xFE, 0x3A, 0xDB, 0xA7,
    0x9F, 0x88, 0xE8, 0x0C, 0x20, 0xA4, 0x93, 0x46, 0x88, 0x20, 0xEA, 0x55, 0x83, 0xCA, 0xA9, 0xBC,
    0x0A, 0xA2, 0xA6, 0x68, 0x22, 0x6A, 0x81, 0x1B, 0xE5, 0xE9, 0x80, 0x59, 0x15, 0x55, 0xA1, 0xAA,
    0x0B, 0x78, 0xEE, 0xFE, 0xC3, 0xE2, 0x3B, 0xDC, 0x5F, 0x55, 0xE5, 0x22, 0x16, 0xE2, 0x39, 0x02,
    0x4B, 0x5A, 0x3D, 0x71, 0x15, 0xE2, 0xDE, 0x78, 0x30, 0x76, 0xC6, 0xDE, 0x18, 0xBB, 0x73, 0x21,
    0x73, 0x71, 0x69, 0xA4, 0x38, 0xBD, 0xE0, 0x6A, 0x1C, 0x8D, 0xC3, 0x0B, 0x6B, 0x2F, 0x90, 0x26,
    0xBF, 0xE7, 0x77, 0xDE, 0xF3, 0x7B, 0x3E, 0x19, 0x4F, 0xC6, 0x51, 0x7C, 0x48, 0x9F, 0x7F, 0xB0,
    0xB7, 0xE5, 0xAF, 0xEC, 0xAE, 0xE2, 0xC6, 0x78, 0xDB, 0x8F, 0x7A, 0x34, 0x6E, 0x8D, 0x53, 0x69,
    0xEB, 0x13,
};

static const EpdGlyph baijamjuree_36_boldGlyphs[] = {
    { 0, 0, 0, 0, 0, 0, 0 }, // U+0000
    { 0, 0, 346, 0, 0, 0, 0 }, // U+000D
    { 0, 0, 346, 0, 0, 0, 0 }, // U+0020
    { 12, 53, 350, 5, 52, 159, 0 }, // !
    { 25, 18, 487, 3, 52, 113, 159 }, // "
    { 47, 52, 851, 3, 52, 611, 272 }, // #
    { 44, 68, 787, 3, 61, 748, 883 }, // $
    { 73, 57, 1261, 3, 54, 1041, 1631 }, // %
    { 49, 54, 835, 3, 53, 662, 2672 }, // &
    { 11, 18, 254, 3, 52, 50, 3334 }, // '
    { 22, 67, 410, 3, 52, 369, 3384 }, // (
    { 23, 67, 410, 1, 52, 386, 3753 }, // )
    { 30, 27, 542, 2, 57, 203, 4139 }, // *
    { 38, 36, 691, 3, 42, 342, 4342 }, // +
    { 18, 23, 302, -1, 9, 104, 4684 }, // ,
    { 25, 9, 486, 3, 24, 57, 4788 }, // -
    { 12, 12, 288, 3, 11, 36, 4845 }, // .
    { 39, 56, 660, 1, 54, 546, 4881 }, // /
    { 44, 53, 809, 4, 53, 583, 5427 }, // 0
    { 23, 52, 462, 1, 52, 299, 6010 }, // 1
    { 40, 53, 700, 2, 53, 530, 6309 }, // 2
    { 42, 53, 740, 2, 53, 557, 6839 }, // 3
    { 45, 52, 745, 1, 52, 585, 0 }, // 4
    { 42, 53, 750, 3, 52, 557, 585 }, // 5
    { 42, 53, 761, 4, 53, 557, 1142 }, // 6
    { 39, 52, 624, 1, 52, 507, 1699 }, // 7
    { 45, 54, 778, 2, 53, 608, 2206 }, // 8
    { 42, 54, 766, 2, 53, 567, 2814 }, // 9
    { 12, 37, 288, 3, 38, 111, 3381 }, // :
    { 17, 51, 311, -1, 37, 217, 3492 }, // ;
    { 39, 47, 682, 1, 47, 459, 3709 }, // <
    { 34, 23, 640, 3, 35, 196, 4168 }, // =
    { 39, 47, 682, 3, 47, 459, 4364 }, // >
    { 40, 53, 709, 2, 53, 530, 4823 }, // ?
    { 62, 58, 1080, 3, 55, 899, 5353 }, // @
    { 51, 52, 817, 0, 52, 663, 6252 }, // A
    { 45, 52, 828, 5, 52, 585, 6915 }, // B
    { 47, 53, 826, 3, 53, 623, 0 }, // C
    { 45, 52, 842, 5, 52, 585, 623 }, // D
    { 40, 52, 754, 5, 52, 520, 1208 }, // E
    { 40, 52, 725, 5, 52, 520, 1728 }, // F
    { 48, 53, 854, 3, 53, 636, 2248 }, // G
    { 45, 52, 871, 5, 52, 585, 2884 }, // H
    { 11, 52, 338, 5, 52, 143, 3469 }, // I
    { 40, 53, 726, 1, 52, 530, 3612 }, // J
    { 46, 52, 809, 5, 52, 598, 4142 }, // K
    { 39, 52, 706, 5, 52, 507, 4740 }, // L
    { 53, 52, 988, 5, 52, 689, 5247 }, // M
    { 45, 52, 862, 5, 52, 585, 5936 }, // N
    { 48, 53, 869, 3, 53, 636, 6521 }, // O
    { 44, 52, 782, 5, 52, 572, 7157 }, // P
    { 51, 57, 874, 3, 53, 727, 0 }, // Q
    { 45, 52, 814, 5, 52, 585, 727 }, // R
    { 44, 53, 787, 3, 53, 583, 1312 }, // S
    { 44, 52, 727, 1, 52, 572, 1895 }, // T
    { 46, 53, 864, 4, 52, 610, 2467 }, // U
    { 50, 52, 799, 0, 52, 650, 3077 }, // V
    { 64, 52, 1052, 1, 52, 832, 3727 }, // W
    { 50, 52, 769, -1, 52, 650, 4559 }, // X
    { 50, 52, 782, -1, 52, 650, 5209 }, // Y
    { 42, 52, 727, 2, 52, 546, 5859 }, // Z
    { 20, 71, 416, 5, 55, 355, 6405 }, // [
    { 39, 56, 660, 1, 54, 546, 6760 }, // <backslash>
    { 21, 71, 416, 1, 55, 373, 7306 }, // ]
    { 41, 27, 731, 2, 52, 277, 0 }, // ^
    { 45, 9, 713, 0, -1, 102, 277 }, // _
    { 19, 13, 374, 2, 56, 62, 379 }, // `
    { 37, 39, 701, 3, 38, 361, 441 }, // a
    { 39, 53, 725, 4, 52, 517, 802 }, // b
    { 38, 39, 672, 3, 38, 371, 1319 }, // c
    { 39, 53, 725, 3, 52, 517, 1690 }, // d
    { 38, 39, 694, 3, 38, 371, 2207 }, // e
    { 27, 53, 455, 1, 53, 358, 2578 }, // f
    { 39, 53, 727, 3, 38, 517, 2936 }, // g
    { 37, 52, 722, 4, 52, 481, 3453 }, // h
    { 13, 53, 346, 4, 53, 173, 3934 }, // i
    { 22, 68, 360, -4, 53, 374, 4107 }, // j
    { 38, 52, 666, 4, 52, 494, 4481 }, // k
    { 18, 52, 355, 4, 52, 234, 4975 }, // l
    { 56, 38, 1018, 4, 38, 532, 5209 }, // m
    { 37, 38, 720, 4, 38, 352, 5741 }, // n
    { 39, 39, 713, 3, 38, 381, 6093 }, // o
    { 39, 53, 725, 4, 38, 517, 6474 }, // p
    { 39, 53, 725, 3, 38, 517, 6991 }, // q
    { 24, 37, 460, 4, 37, 222, 7508 }, // r
    { 37, 39, 659, 3, 38, 361, 0 }, // s
    { 27, 49, 492, 1, 49, 331, 361 }, // t
    { 37, 38, 718, 4, 37, 352, 692 }, // u
    { 41, 38, 625, -1, 38, 390, 1044 }, // v
    { 55, 37, 899, 1, 37, 509, 1434 }, // w
    { 42, 37, 638, -1, 37, 389, 1943 }, // x
    { 37, 53, 718, 4, 38, 491, 2332 }, // y
    { 35, 38, 600, 1, 38, 333, 2823 }, // z
    { 26, 72, 478, 3, 55, 468, 3156 }, // {
    { 11, 74, 326, 5, 63, 204, 3624 }, // |
    { 26, 72, 478, 1, 55, 468, 3828 }, // }
    { 41, 17, 752, 3, 33, 175, 4296 }, // ~
    { 0, 0, 346, 0, 0, 0, 0 }, // U+00A0
    { 12, 53, 350, 5, 38, 159, 0 }, // U+00A1
    { 38, 54, 672, 3, 46, 513, 159 }, // U+00A2
    { 46, 53, 815, 3, 53, 610, 672 }, // U+00A3
    { 46, 46, 814, 2, 48, 529, 1282 }, // U+00A4
    { 50, 52, 782, 0, 52, 650, 1811 }, // U+00A5
    { 11, 75, 326, 5, 64, 207, 2461 }, // U+00A6
    { 39, 57, 703, 3, 55, 556, 2668 }, // U+00A7
    { 30, 11, 547, 2, 54, 83, 3224 }, // U+00A8
    { 48, 49, 864, 3, 50, 588, 3307 }, // U+00A9
    { 26, 27, 529, 4, 53, 176, 3895 }, // U+00AA
    { 48, 41, 816, 1, 41, 492, 4071 }, // U+00AB
    { 45, 25, 800, 3, 34, 282, 4563 }, // U+00AC
    { 25, 9, 486, 3, 24, 57, 4845 }, // U+00AD
    { 48, 49, 864, 3, 50, 588, 4902 }, // U+00AE
    { 24, 8, 461, 2, 52, 48, 5490 }, // U+00AF
    { 22, 22, 446, 3, 53, 121, 5538 }, // U+00B0
    { 38, 46, 691, 3, 46, 437, 5659 }, // U+00B1
    { 24, 31, 443, 2, 53, 186, 6096 }, // U+00B2
    { 25, 31, 466, 2, 53, 194, 6282 }, // U+00B3
    { 19, 13, 374, 2, 56, 62, 6476 }, // U+00B4
    { 37, 52, 727, 4, 52, 481, 6538 }, // U+00B6
    { 12, 12, 288, 3, 25, 36, 7019 }, // U+00B7
    { 18, 21, 350, 2, 2, 95, 7055 }, // U+00B8
    { 16, 31, 311, 1, 53, 124, 7150 }, // U+00B9
    { 28, 27, 544, 3, 53, 189, 7274 }, // U+00BA
    { 47, 41, 816, 3, 41, 482, 0 }, // U+00BB
    { 56, 57, 985, 3, 55, 798, 482 }, // U+00BC
    { 58, 56, 1018, 3, 54, 812, 1280 }, // U+00BD
    { 63, 57, 1091, 3, 55, 898, 2092 }, // U+00BE
    { 40, 54, 709, 3, 38, 540, 2990 }, // U+00BF
    { 51, 71, 817, 0, 71, 906, 3530 }, // U+00C0
    { 51, 71, 817, 0, 71, 906, 4436 }, // U+00C1
    { 51, 72, 817, 0, 72, 918, 5342 }, // U+00C2
    { 52, 69, 817, -1, 69, 897, 6260 }, // U+00C3
    { 51, 69, 817, 0, 69, 880, 7157 }, // U+00C4
    { 51, 74, 817, -1, 74, 944, 0 }, // U+00C5
    { 71, 52, 1153, -1, 52, 923, 944 }, // U+00C6
    { 47, 71, 826, 3, 53, 835, 1867 }, // U+00C7
    { 40, 71, 754, 5, 71, 710, 2702 }, // U+00C8
    { 40, 71, 754, 5, 71, 710, 3412 }, // U+00C9
    { 40, 72, 754, 5, 72, 720, 4122 }, // U+00CA
    { 40, 69, 754, 5, 69, 690, 4842 }, // U+00CB
    { 20, 71, 338, -4, 71, 355, 5532 }, // U+00CC
    { 19, 71, 338, 5, 71, 338, 5887 }, // U+00CD
    { 30, 72, 338, -5, 72, 540, 6225 }, // U+00CE
    { 30, 69, 338, -4, 69, 518, 6765 }, // U+00CF
    { 52, 52, 904, 2, 52, 676, 7283 }, // U+00D0
    { 45, 69, 862, 5, 69, 777, 0 }, // U+00D1
    { 48, 71, 869, 3, 71, 852, 777 }, // U+00D2
    { 48, 71, 869, 3, 71, 852, 1629 }, // U+00D3
    { 48, 72, 869, 3, 72, 864, 2481 }, // U+00D4
    { 48, 69, 869, 3, 69, 828, 3345 }, // U+00D5
    { 48, 69, 869, 3, 69, 828, 4173 }, // U+00D6
    { 35, 35, 634, 2, 41, 307, 5001 }, // U+00D7
    { 50, 61, 869, 2, 57, 763, 5308 }, // U+00D8
    { 46, 71, 864, 4, 70, 817, 6071 }, // U+00D9
    { 46, 71, 864, 4, 70, 817, 6888 }, // U+00DA
    { 46, 72, 864, 4, 71, 828, 0 }, // U+00DB
    { 46, 69, 864, 4, 68, 794, 828 }, // U+00DC
    { 50, 71, 782, -1, 71, 888, 1622 }, // U+00DD
    { 44, 52, 799, 5, 52, 572, 2510 }, // U+00DE
    { 53, 54, 848, 0, 53, 716, 3082 }, // U+00DF
    { 37, 57, 701, 3, 56, 528, 3798 }, // U+00E0
    { 37, 57, 701, 3, 56, 528, 4326 }, // U+00E1
    { 37, 58, 701, 3, 57, 537, 4854 }, // U+00E2
    { 37, 55, 701, 3, 54, 509, 5391 }, // U+00E3
    { 37, 54, 701, 3, 53, 500, 5900 }, // U+00E4
    { 37, 60, 701, 3, 59, 555, 6400 }, // U+00E5
    { 64, 39, 1116, 3, 38, 624, 6955 }, // U+00E6
    { 38, 57, 672, 3, 38, 542, 0 }, // U+00E7
    { 38, 56, 694, 3, 55, 532, 542 }, // U+00E8
    { 38, 56, 694, 3, 55, 532, 1074 }, // U+00E9
    { 38, 58, 694, 3, 57, 551, 1606 }, // U+00EA
    { 38, 54, 694, 3, 53, 513, 2157 }, // U+00EB
    { 20, 56, 317, -4, 56, 280, 2670 }, // U+00EC
    { 19, 56, 317, 5, 56, 266, 2950 }, // U+00ED
    { 30, 57, 317, -5, 57, 428, 3216 }, // U+00EE
    { 30, 53, 317, -5, 53, 398, 3644 }, // U+00EF
    { 42, 61, 738, 2, 60, 641, 4042 }, // U+00F0
    { 37, 54, 720, 4, 54, 500, 4683 }, // U+00F1
    { 39, 57, 713, 3, 56, 556, 5183 }, // U+00F2
    { 39, 57, 713, 3, 56, 556, 5739 }, // U+00F3
    { 39, 58, 713, 3, 57, 566, 6295 }, // U+00F4
    { 39, 55, 713, 3, 54, 537, 6861 }, // U+00F5
    { 39, 54, 713, 3, 53, 527, 0 }, // U+00F6
    { 38, 38, 691, 3, 43, 361, 527 }, // U+00F7
    { 39, 45, 713, 3, 41, 439, 888 }, // U+00F8
    { 37, 57, 718, 4, 56, 528, 1327 }, // U+00F9
    { 37, 57, 718, 4, 56, 528, 1855 }, // U+00FA
    { 37, 58, 718, 4, 57, 537, 2383 }, // U+00FB
    { 37, 54, 718, 4, 53, 500, 2920 }, // U+00FC
    { 37, 71, 718, 4, 56, 657, 3420 }, // U+00FD
    { 39, 67, 725, 4, 52, 654, 4077 }, // U+00FE
    { 37, 68, 718, 4, 53, 629, 4731 }, // U+00FF
    { 52, 67, 817, 0, 67, 871, 0 }, // U+0100
    { 37, 53, 701, 3, 52, 491, 871 }, // U+0101
    { 51, 70, 817, 0, 70, 893, 1362 }, // U+0102
    { 37, 56, 701, 3, 55, 518, 2255 }, // U+0103
    { 55, 70, 817, 0, 52, 963, 2773 }, // U+0104
    { 41, 56, 701, 3, 38, 574, 3736 }, // U+0105
    { 47, 71, 826, 3, 71, 835, 4310 }, // U+0106
    { 38, 57, 672, 3, 56, 542, 5145 }, // U+0107
    { 47, 72, 826, 3, 72, 846, 5687 }, // U+0108
    { 38, 58, 672, 3, 57, 551, 6533 }, // U+0109
    { 47, 70, 826, 3, 70, 823, 7084 }, // U+010A
    { 38, 55, 672, 3, 54, 523, 0 }, // U+010B
    { 47, 72, 826, 3, 72, 846, 523 }, // U+010C
    { 38, 58, 672, 3, 57, 551, 1369 }, // U+010D
    { 45, 72, 842, 5, 72, 810, 1920 }, // U+010E
    { 58, 53, 968, 3, 52, 769, 2730 }, // U+010F
    { 52, 52, 904, 2, 52, 676, 3499 }, // U+0110
    { 44, 53, 748, 3, 52, 583, 4175 }, // U+0111
    { 40, 67, 754, 5, 67, 670, 4758 }, // U+0112
    { 38, 52, 694, 3, 51, 494, 5428 }, // U+0113
    { 40, 70, 754, 5, 70, 700, 5922 }, // U+0114
    { 38, 56, 694, 3, 55, 532, 6622 }, // U+0115
    { 40, 69, 754, 5, 69, 690, 7154 }, // U+0116
    { 38, 55, 694, 3, 54, 523, 0 }, // U+0117
    { 44, 70, 754, 5, 52, 770, 523 }, // U+0118
    { 38, 56, 694, 3, 38, 532, 1293 }, // U+0119
    { 40, 72, 754, 5, 72, 720, 1825 }, // U+011A
    { 38, 58, 694, 3, 57, 551, 2545 }, // U+011B
    { 48, 72, 854, 3, 72, 864, 3096 }, // U+011C
    { 39, 72, 727, 3, 57, 702, 3960 }, // U+011D
    { 48, 71, 854, 3, 71, 852, 4662 }, // U+011E
    { 39, 70, 727, 3, 55, 683, 5514 }, // U+011F
    { 48, 70, 854, 3, 70, 840, 6197 }, // U+0120
    { 39, 69, 727, 3, 54, 673, 7037 }, // U+0121
    { 48, 79, 854, 3, 53, 948, 0 }, // U+0122
    { 39, 80, 727, 3, 65, 780, 948 }, // U+0123
    { 45, 72, 871, 5, 72, 810, 1728 }, // U+0124
    { 37, 72, 722, 4, 72, 666, 2538 }, // U+0125
    { 57, 52, 934, 1, 52, 741, 3204 }, // U+0126
    { 43, 52, 752, 1, 52, 559, 3945 }, // U+0127
    { 28, 69, 338, -4, 69, 483, 4504 }, // U+0128
    { 28, 54, 317, -4, 54, 378, 4987 }, // U+0129
    { 24, 67, 338, -1, 67, 402, 5365 }, // U+012A
    { 24, 52, 317, -2, 52, 312, 5767 }, // U+012B
    { 27, 70, 338, -3, 70, 473, 6079 }, // U+012C
    { 27, 55, 317, -3, 55, 372, 6552 }, // U+012D
    { 18, 70, 338, 2, 52, 315, 6924 }, // U+012E
    { 18, 71, 346, 2, 53, 320, 7239 }, // U+012F
    { 12, 69, 338, 4, 69, 207, 7559 }, // U+0130
    { 11, 37, 317, 5, 37, 102, 7766 }, // U+0131
    { 57, 53, 1064, 5, 52, 756, 0 }, // U+0132
    { 35, 68, 706, 4, 53, 595, 756 }, // U+0133
    { 50, 72, 726, 1, 71, 900, 1351 }, // U+0134
    { 30, 72, 346, -3, 57, 540, 2251 }, // U+0135
    { 46, 78, 809, 5, 52, 897, 2791 }, // U+0136
    { 38, 78, 666, 4, 52, 741, 3688 }, // U+0137
    { 40, 37, 692, 4, 37, 370, 4429 }, // U+0138
    { 39, 71, 706, 5, 71, 693, 4799 }, // U+0139
    { 19, 71, 355, 4, 71, 338, 5492 }, // U+013A
    { 39, 78, 706, 5, 52, 761, 5830 }, // U+013B
    { 21, 78, 355, 1, 52, 410, 6591 }, // U+013C
    { 41, 52, 726, 5, 52, 533, 7001 }, // U+013D
    { 32, 52, 578, 4, 52, 416, 0 }, // U+013E
    { 39, 52, 706, 5, 52, 507, 416 }, // U+013F
    { 28, 52, 512, 4, 52, 364, 923 }, // U+0140
    { 45, 52, 730, 0, 52, 585, 1287 }, // U+0141
    { 25, 52, 398, 0, 52, 325, 1872 }, // U+0142
    { 45, 71, 862, 5, 71, 799, 2197 }, // U+0143
    { 37, 56, 720, 4, 56, 518, 2996 }, // U+0144
    { 45, 78, 862, 5, 52, 878, 3514 }, // U+0145
    { 37, 64, 720, 4, 38, 592, 4392 }, // U+0146
    { 45, 72, 862, 5, 72, 810, 4984 }, // U+0147
    { 37, 57, 720, 4, 57, 528, 5794 }, // U+0148
    { 56, 52, 943, -1, 52, 728, 6322 }, // U+0149
    { 45, 68, 865, 5, 52, 765, 0 }, // U+014A
    { 37, 53, 720, 4, 38, 491, 765 }, // U+014B
    { 48, 67, 869, 3, 67, 804, 1256 }, // U+014C
    { 39, 53, 713, 3, 52, 517, 2060 }, // U+014D
    { 48, 71, 869, 3, 71, 852, 2577 }, // U+014E
    { 39, 56, 713, 3, 55, 546, 3429 }, // U+014F
    { 48, 71, 869, 3, 71, 852, 3975 }, // U+0150
    { 40, 57, 713, 3, 56, 570, 4827 }, // U+0151
    { 77, 54, 1318, 3, 53, 1040, 5397 }, // U+0152
    { 67, 39, 1152, 3, 38, 654, 6437 }, // U+0153
    { 45, 71, 814, 5, 71, 799, 7091 }, // U+0154
    { 26, 56, 460, 4, 56, 364, 0 }, // U+0155
    { 45, 78, 814, 5, 52, 878, 364 }, // U+0156
    { 31, 63, 460, -3, 37, 489, 1242 }, // U+0157
    { 45, 72, 814, 5, 72, 810, 1731 }, // U+0158
    { 30, 57, 460, 1, 57, 428, 2541 }, // U+0159
    { 44, 71, 787, 3, 71, 781, 2969 }, // U+015A
    { 37, 57, 659, 3, 56, 528, 3750 }, // U+015B
    { 44, 72, 787, 3, 72, 792, 4278 }, // U+015C
    { 37, 58, 659, 3, 57, 537, 5070 }, // U+015D
    { 44, 71, 787, 3, 53, 781, 5607 }, // U+015E
    { 37, 57, 659, 3, 38, 528, 6388 }, // U+015F
    { 44, 72, 787, 3, 72, 792, 6916 }, // U+0160
    { 37, 58, 659, 3, 57, 537, 0 }, // U+0161
    { 44, 71, 727, 1, 52, 781, 537 }, // U+0162
    { 27, 68, 492, 1, 49, 459, 1318 }, // U+0163
    { 44, 72, 727, 1, 72, 792, 1777 }, // U+0164
    { 46, 52, 750, 1, 52, 598, 2569 }, // U+0165
    { 44, 52, 727, 1, 52, 572, 3167 }, // U+0166
    { 27, 49, 475, 1, 49, 331, 3739 }, // U+0167
    { 46, 69, 864, 4, 68, 794, 4070 }, // U+0168
    { 37, 55, 718, 4, 54, 509, 4864 }, // U+0169
    { 46, 67, 864, 4, 66, 771, 5373 }, // U+016A
    { 37, 53, 718, 4, 52, 491, 6144 }, // U+016B
    { 46, 71, 864, 4, 70, 817, 6635 }, // U+016C
    { 37, 56, 718, 4, 55, 518, 0 }, // U+016D
    { 46, 75, 864, 4, 74, 863, 518 }, // U+016E
    { 37, 60, 718, 4, 59, 555, 1381 }, // U+016F
    { 46, 71, 864, 4, 70, 817, 1936 }, // U+0170
    { 39, 57, 718, 4, 56, 556, 2753 }, // U+0171
    { 46, 70, 864, 4, 52, 805, 3309 }, // U+0172
    { 41, 55, 718, 4, 37, 564, 4114 }, // U+0173
    { 64, 72, 1052, 1, 72, 1152, 4678 }, // U+0174
    { 55, 57, 899, 1, 57, 784, 5830 }, // U+0175
    { 50, 72, 782, -1, 72, 900, 6614 }, // U+0176
    { 37, 72, 718, 4, 57, 666, 0 }, // U+0177
    { 50, 69, 782, 0, 69, 863, 666 }, // U+0178
    { 42, 71, 727, 2, 71, 746, 1529 }, // U+0179
    { 35, 56, 600, 1, 56, 490, 2275 }, // U+017A
    { 42, 69, 727, 2, 69, 725, 2765 }, // U+017B
    { 35, 54, 600, 1, 54, 473, 3490 }, // U+017C
    { 42, 72, 727, 2, 72, 756, 3963 }, // U+017D
    { 35, 57, 600, 1, 57, 499, 4719 }, // U+017E
    { 61, 53, 1000, 3, 53, 809, 0 }, // U+01A0
    { 51, 38, 870, 3, 38, 485, 809 }, // U+01A1
    { 61, 53, 1012, 4, 52, 809, 1294 }, // U+01AF
    { 52, 38, 871, 4, 37, 494, 2103 }, // U+01B0
    { 51, 72, 817, 0, 72, 918, 2597 }, // U+01CD
    { 37, 58, 701, 3, 57, 537, 3515 }, // U+01CE
    { 30, 72, 338, -5, 72, 540, 4052 }, // U+01CF
    { 30, 57, 317, -5, 57, 428, 4592 }, // U+01D0
    { 48, 72, 869, 3, 72, 864, 5020 }, // U+01D1
    { 39, 58, 713, 3, 57, 566, 5884 }, // U+01D2
    { 46, 72, 864, 4, 71, 828, 6450 }, // U+01D3
    { 37, 58, 718, 4, 57, 537, 7278 }, // U+01D4
    { 46, 82, 864, 4, 81, 943, 0 }, // U+01D5
    { 37, 67, 718, 4, 66, 620, 943 }, // U+01D6
    { 46, 83, 864, 4, 82, 955, 1563 }, // U+01D7
    { 37, 69, 718, 4, 68, 639, 2518 }, // U+01D8
    { 46, 84, 864, 4, 83, 966, 3157 }, // U+01D9
    { 37, 70, 718, 4, 69, 648, 4123 }, // U+01DA
    { 46, 83, 864, 4, 82, 955, 4771 }, // U+01DB
    { 37, 69, 718, 4, 68, 639, 5726 }, // U+01DC
    { 48, 72, 854, 3, 72, 864, 6365 }, // U+01E6
    { 39, 72, 727, 3, 57, 702, 0 }, // U+01E7
    { 51, 92, 817, -1, 92, 1173, 702 }, // U+01FA
    { 37, 78, 701, 3, 77, 722, 1875 }, // U+01FB
    { 71, 71, 1153, -1, 71, 1261, 2597 }, // U+01FC
    { 64, 57, 1116, 3, 56, 912, 3858 }, // U+01FD
    { 50, 75, 869, 2, 71, 938, 4770 }, // U+01FE
    { 39, 60, 713, 3, 56, 585, 5708 }, // U+01FF
    { 44, 79, 787, 3, 53, 869, 6293 }, // U+0218
    { 37, 64, 659, 3, 38, 592, 7162 }, // U+0219
    { 44, 78, 727, 1, 52, 858, 0 }, // U+021A
    { 27, 75, 492, 1, 49, 507, 858 }, // U+021B
    { 19, 13, 0, -14, 56, 62, 0 }, // U+0300
    { 20, 13, 0, -6, 56, 65, 62 }, // U+0301
    { 30, 14, 0, -15, 57, 105, 127 }, // U+0302
    { 28, 12, 0, -14, 54, 84, 232 }, // U+0303
    { 24, 8, 0, -12, 52, 48, 316 }, // U+0304
    { 27, 13, 0, -13, 55, 88, 364 }, // U+0306
    { 12, 12, 0, -6, 54, 36, 452 }, // U+0307
    { 30, 11, 0, -15, 54, 83, 488 }, // U+0308
    { 21, 19, 0, -10, 61, 100, 571 }, // U+0309
    { 18, 18, 0, -9, 59, 81, 671 }, // U+030A
    { 34, 13, 0, -13, 56, 111, 752 }, // U+030B
    { 30, 14, 0, -15, 57, 105, 863 }, // U+030C
    { 18, 19, 0, -9, 47, 86, 968 }, // U+031B
    { 12, 12, 0, -6, -5, 36, 1054 }, // U+0323
    { 30, 11, 0, -15, -4, 83, 1090 }, // U+0324
    { 18, 21, 0, -28, -5, 95, 1173 }, // U+0326
    { 18, 21, 0, -8, 2, 95, 1268 }, // U+0327
    { 18, 18, 0, -9, 1, 81, 1363 }, // U+0328
    { 27, 13, 0, -13, -5, 88, 1444 }, // U+032E
    { 24, 8, 0, -12, -6, 48, 1532 }, // U+0331
    { 41, 42, 763, 2, 42, 431, 0 }, // U+0E01
    { 40, 42, 742, 2, 42, 420, 431 }, // U+0E02
    { 41, 42, 756, 1, 42, 431, 851 }, // U+0E03
    { 40, 42, 785, 5, 42, 420, 1282 }, // U+0E04
    { 41, 42, 792, 5, 42, 431, 1702 }, // U+0E05
    { 44, 43, 810, 2, 42, 473, 2133 }, // U+0E06
    { 36, 42, 650, 1, 42, 378, 2606 }, // U+0E07
    { 40, 42, 728, 2, 42, 420, 2984 }, // U+0E08
    { 43, 43, 761, 2, 42, 463, 3404 }, // U+0E09
    { 43, 45, 743, 2, 45, 484, 3867 }, // U+0E0A
    { 44, 45, 757, 1, 45, 495, 4351 }, // U+0E0B
    { 64, 43, 1120, 2, 42, 688, 4846 }, // U+0E0C
    { 64, 62, 1123, 2, 42, 992, 5534 }, // U+0E0D
    { 42, 62, 780, 2, 42, 651, 6526 }, // U+0E0E
    { 42, 62, 780, 2, 42, 651, 7177 }, // U+0E0F
    { 39, 63, 680, 2, 42, 615, 0 }, // U+0E10
    { 46, 42, 820, 1, 42, 483, 615 }, // U+0E11
    { 62, 43, 1138, 5, 42, 667, 1098 }, // U+0E12
    { 66, 43, 1112, 2, 42, 710, 1765 }, // U+0E13
    { 41, 42, 790, 5, 42, 431, 2475 }, // U+0E14
    { 41, 42, 794, 5, 42, 431, 2906 }, // U+0E15
    { 41, 43, 763, 2, 42, 441, 3337 }, // U+0E16
    { 45, 42, 816, 1, 42, 473, 3778 }, // U+0E17
    { 38, 42, 709, 2, 42, 399, 4251 }, // U+0E18
    { 47, 43, 796, 1, 42, 506, 4650 }, // U+0E19
    { 45, 42, 810, 1, 42, 473, 5156 }, // U+0E1A
    { 45, 57, 812, 1, 57, 642, 5629 }, // U+0E1B
    { 40, 42, 779, 5, 42, 420, 6271 }, // U+0E1C
    { 40, 57, 781, 5, 57, 570, 6691 }, // U+0E1D
    { 49, 42, 880, 1, 42, 515, 7261 }, // U+0E1E
    { 49, 57, 882, 1, 57, 699, 0 }, // U+0E1F
    { 42, 43, 778, 2, 42, 452, 699 }, // U+0E20
    { 42, 43, 774, 3, 42, 452, 1151 }, // U+0E21
    { 39, 42, 748, 4, 42, 410, 1603 }, // U+0E22
    { 37, 43, 635, 1, 42, 398, 2013 }, // U+0E23
    { 42, 57, 766, 2, 42, 599, 2411 }, // U+0E24
    { 38, 43, 733, 3, 42, 409, 3010 }, // U+0E25
    { 42, 57, 780, 2, 42, 599, 3419 }, // U+0E26
    { 36, 43, 670, 1, 42, 387, 4018 }, // U+0E27
    { 41, 46, 788, 5, 46, 472, 4405 }, // U+0E28
    { 54, 42, 876, 1, 42, 567, 4877 }, // U+0E29
    { 40, 47, 733, 3, 46, 470, 5444 }, // U+0E2A
    { 45, 42, 802, 1, 42, 473, 5914 }, // U+0E2B
    { 56, 58, 883, 1, 58, 812, 6387 }, // U+0E2C
    { 40, 42, 744, 2, 42, 420, 7199 }, // U+0E2D
    { 40, 45, 740, 3, 45, 450, 0 }, // U+0E2E
    { 38, 42, 689, 1, 42, 399, 450 }, // U+0E2F
    { 34, 42, 620, 2, 42, 357, 849 }, // U+0E30
    { 35, 19, 0, -29, 66, 167, 1206 }, // U+0E31
    { 35, 42, 653, 1, 42, 368, 1373 }, // U+0E32
    { 57, 65, 653, -20, 65, 927, 1741 }, // U+0E33
    { 37, 20, 0, -42, 66, 185, 2668 }, // U+0E34
    { 37, 22, 0, -42, 68, 204, 2853 }, // U+0E35
    { 40, 23, 0, -41, 69, 230, 3057 }, // U+0E36
    { 37, 22, 0, -41, 68, 204, 3287 }, // U+0E37
    { 19, 23, 0, -23, -4, 110, 3491 }, // U+0E38
    { 31, 23, 0, -36, -4, 179, 3601 }, // U+0E39
    { 12, 12, 0, -16, -4, 36, 3780 }, // U+0E3A
    { 45, 68, 828, 5, 60, 765, 3816 }, // U+0E3F
    { 19, 42, 408, 5, 41, 200, 4581 }, // U+0E40
    { 42, 43, 768, 5, 42, 452, 4781 }, // U+0E41
    { 35, 72, 510, -3, 71, 630, 5233 }, // U+0E42
    { 34, 72, 529, -2, 71, 612, 5863 }, // U+0E43
    { 41, 72, 547, -9, 71, 738, 6475 }, // U+0E44
    { 35, 57, 653, 1, 42, 499, 7213 }, // U+0E45
    { 37, 61, 691, 2, 42, 565, 0 }, // U+0E46
    { 33, 25, 0, -39, 72, 207, 565 }, // U+0E47
    { 11, 16, 0, -15, 63, 44, 772 }, // U+0E48
    { 31, 20, 0, -29, 67, 155, 816 }, // U+0E49
    { 38, 20, 0, -38, 67, 190, 971 }, // U+0E4A
    { 25, 19, 0, -22, 66, 119, 1161 }, // U+0E4B
    { 29, 22, 0, -29, 69, 160, 1280 }, // U+0E4C
    { 19, 19, 0, -20, 66, 91, 1440 }, // U+0E4D
    { 26, 27, 0, -29, 74, 176, 1531 }, // U+0E4E
    { 43, 43, 774, 3, 42, 463, 1707 }, // U+0E4F
    { 43, 39, 790, 3, 38, 420, 2170 }, // U+0E50
    { 44, 44, 785, 3, 39, 484, 2590 }, // U+0E51
    { 57, 54, 911, -3, 54, 770, 3074 }, // U+0E52
    { 44, 39, 818, 3, 38, 429, 3844 }, // U+0E53
    { 47, 53, 785, 3, 52, 623, 4273 }, // U+0E54
    { 47, 53, 785, 3, 52, 623, 4896 }, // U+0E55
    { 52, 55, 806, -4, 54, 715, 5519 }, // U+0E56
    { 57, 54, 1026, 3, 53, 770, 6234 }, // U+0E57
    { 47, 53, 852, 3, 52, 623, 7004 }, // U+0E58
    { 53, 54, 917, 4, 53, 716, 0 }, // U+0E59
    { 55, 42, 960, 1, 42, 578, 716 }, // U+0E5A
    { 89, 45, 1476, 2, 44, 1002, 1294 }, // U+0E5B
    { 51, 69, 817, -1, 52, 880, 0 }, // U+1EA0
    { 37, 55, 701, 3, 38, 509, 880 }, // U+1EA1
    { 51, 76, 817, 0, 76, 969, 1389 }, // U+1EA2
    { 37, 62, 701, 3, 61, 574, 2358 }, // U+1EA3
    { 51, 81, 817, 0, 81, 1033, 2932 }, // U+1EA4
    { 44, 67, 701, 3, 66, 737, 3965 }, // U+1EA5
    { 51, 81, 817, 0, 81, 1033, 4702 }, // U+1EA6
    { 40, 67, 701, 3, 66, 670, 5735 }, // U+1EA7
    { 51, 85, 817, 0, 85, 1084, 6405 }, // U+1EA8
    { 43, 71, 701, 3, 70, 764, 0 }, // U+1EA9
    { 51, 84, 817, 0, 84, 1071, 764 }, // U+1EAA
    { 37, 70, 701, 3, 69, 648, 1835 }, // U+1EAB
    { 51, 89, 817, -1, 72, 1135, 2483 }, // U+1EAC
    { 37, 74, 701, 3, 57, 685, 3618 }, // U+1EAD
    { 51, 84, 817, 0, 84, 1071, 4303 }, // U+1EAE
    { 37, 70, 701, 3, 69, 648, 5374 }, // U+1EAF
    { 51, 84, 817, 0, 84, 1071, 6022 }, // U+1EB0
    { 37, 70, 701, 3, 69, 648, 7093 }, // U+1EB1
    { 51, 89, 817, 0, 89, 1135, 0 }, // U+1EB2
    { 37, 75, 701, 3, 74, 694, 1135 }, // U+1EB3
    { 51, 85, 817, 0, 85, 1084, 1829 }, // U+1EB4
    { 37, 71, 701, 3, 70, 657, 2913 }, // U+1EB5
    { 51, 87, 817, 0, 70, 1110, 3570 }, // U+1EB6
    { 37, 72, 701, 3, 55, 666, 4680 }, // U+1EB7
    { 40, 69, 754, 5, 52, 690, 5346 }, // U+1EB8
    { 38, 55, 694, 3, 38, 523, 6036 }, // U+1EB9
    { 40, 76, 754, 5, 76, 760, 6559 }, // U+1EBA
    { 38, 61, 694, 3, 60, 580, 7319 }, // U+1EBB
    { 40, 69, 754, 5, 69, 690, 0 }, // U+1EBC
    { 38, 54, 694, 3, 53, 513, 690 }, // U+1EBD
    { 45, 81, 754, 5, 81, 912, 1203 }, // U+1EBE
    { 43, 67, 694, 3, 66, 721, 2115 }, // U+1EBF
    { 40, 81, 754, 5, 81, 810, 2836 }, // U+1EC0
    { 39, 67, 694, 3, 66, 654, 3646 }, // U+1EC1
    { 44, 85, 754, 5, 85, 935, 4300 }, // U+1EC2
    { 42, 70, 694, 3, 69, 735, 5235 }, // U+1EC3
    { 40, 84, 754, 5, 84, 840, 5970 }, // U+1EC4
    { 38, 69, 694, 3, 68, 656, 6810 }, // U+1EC5
    { 40, 89, 754, 5, 72, 890, 0 }, // U+1EC6
    { 38, 74, 694, 3, 57, 703, 890 }, // U+1EC7
    { 21, 76, 338, 1, 76, 399, 1593 }, // U+1EC8
    { 21, 61, 317, 0, 61, 321, 1992 }, // U+1EC9
    { 12, 69, 338, 4, 52, 207, 2313 }, // U+1ECA
    { 13, 70, 346, 4, 53, 228, 2520 }, // U+1ECB
    { 48, 69, 869, 3, 53, 828, 2748 }, // U+1ECC
    { 39, 55, 713, 3, 38, 537, 3576 }, // U+1ECD
    { 48, 76, 869, 3, 76, 912, 4113 }, // U+1ECE
    { 39, 62, 713, 3, 61, 605, 5025 }, // U+1ECF
    { 48, 82, 869, 3, 82, 984, 5630 }, // U+1ED0
    { 44, 67, 713, 3, 66, 737, 6614 }, // U+1ED1
    { 48, 82, 869, 3, 82, 984, 0 }, // U+1ED2
    { 40, 67, 713, 3, 66, 670, 984 }, // U+1ED3
    { 48, 85, 869, 3, 85, 1020, 1654 }, // U+1ED4
    { 43, 71, 713, 3, 70, 764, 2674 }, // U+1ED5
    { 48, 84, 869, 3, 84, 1008, 3438 }, // U+1ED6
    { 39, 70, 713, 3, 69, 683, 4446 }, // U+1ED7
    { 48, 88, 869, 3, 72, 1056, 5129 }, // U+1ED8
    { 39, 74, 713, 3, 57, 722, 6185 }, // U+1ED9
    { 61, 71, 1000, 3, 71, 1083, 6907 }, // U+1EDA
    { 51, 56, 870, 3, 56, 714, 0 }, // U+1EDB
    { 61, 71, 1000, 3, 71, 1083, 714 }, // U+1EDC
    { 51, 56, 870, 3, 56, 714, 1797 }, // U+1EDD
    { 61, 76, 1000, 3, 76, 1159, 2511 }, // U+1EDE
    { 51, 61, 870, 3, 61, 778, 3670 }, // U+1EDF
    { 61, 69, 1000, 3, 69, 1053, 4448 }, // U+1EE0
    { 51, 54, 870, 3, 54, 689, 5501 }, // U+1EE1
    { 61, 69, 1000, 3, 53, 1053, 6190 }, // U+1EE2
    { 51, 54, 870, 3, 38, 689, 0 }, // U+1EE3
    { 46, 69, 864, 4, 52, 794, 689 }, // U+1EE4
    { 37, 54, 718, 4, 37, 500, 1483 }, // U+1EE5
    { 46, 76, 864, 4, 75, 874, 1983 }, // U+1EE6
    { 37, 62, 718, 4, 61, 574, 2857 }, // U+1EE7
    { 61, 71, 1012, 4, 70, 1083, 3431 }, // U+1EE8
    { 52, 57, 871, 4, 56, 741, 4514 }, // U+1EE9
    { 61, 71, 1012, 4, 70, 1083, 5255 }, // U+1EEA
    { 52, 57, 871, 4, 56, 741, 6338 }, // U+1EEB
    { 61, 76, 1012, 4, 75, 1159, 0 }, // U+1EEC
    { 52, 62, 871, 4, 61, 806, 1159 }, // U+1EED
    { 61, 69, 1012, 4, 68, 1053, 1965 }, // U+1EEE
    { 52, 55, 871, 4, 54, 715, 3018 }, // U+1EEF
    { 61, 69, 1012, 4, 52, 1053, 3733 }, // U+1EF0
    { 52, 54, 871, 4, 37, 702, 4786 }, // U+1EF1
    { 50, 71, 782, -1, 71, 888, 5488 }, // U+1EF2
    { 37, 71, 718, 4, 56, 657, 6376 }, // U+1EF3
    { 50, 69, 782, -1, 52, 863, 7033 }, // U+1EF4
    { 37, 70, 718, 4, 38, 648, 0 }, // U+1EF5
    { 51, 76, 782, -1, 76, 969, 648 }, // U+1EF6
    { 37, 76, 718, 4, 61, 703, 1617 }, // U+1EF7
    { 50, 69, 782, -1, 69, 863, 2320 }, // U+1EF8
    { 37, 69, 718, 4, 54, 639, 3183 }, // U+1EF9
    { 0, 0, 809, 0, 0, 0, 0 }, // U+2007
    { 49, 9, 881, 3, 24, 111, 0 }, // U+2010
    { 43, 9, 785, 3, 24, 97, 111 }, // U+2012
    { 45, 9, 804, 3, 24, 102, 208 }, // U+2013
    { 52, 9, 930, 3, 24, 117, 310 }, // U+2014
    { 52, 9, 930, 3, 24, 117, 427 }, // U+2015
    { 17, 23, 326, 2, 53, 98, 544 }, // U+2018
    { 18, 23, 326, 1, 52, 104, 642 }, // U+2019
    { 18, 23, 302, -1, 8, 104, 746 }, // U+201A
    { 33, 23, 588, 2, 53, 190, 850 }, // U+201C
    { 34, 23, 588, 1, 52, 196, 1040 }, // U+201D
    { 35, 23, 576, -1, 8, 202, 1236 }, // U+201E
    { 35, 57, 658, 3, 52, 499, 1438 }, // U+2020
    { 35, 58, 658, 3, 52, 508, 1937 }, // U+2021
    { 20, 20, 413, 3, 31, 100, 2445 }, // U+2022
    { 46, 12, 811, 3, 11, 138, 2545 }, // U+2026
    { 105, 57, 1781, 3, 54, 1497, 2683 }, // U+2030
    { 11, 18, 254, 3, 52, 50, 4180 }, // U+2032
    { 24, 18, 475, 3, 52, 108, 4230 }, // U+2033
    { 26, 41, 473, 1, 41, 267, 4338 }, // U+2039
    { 26, 41, 473, 3, 41, 267, 4605 }, // U+203A
    { 40, 56, 187, -14, 54, 560, 4872 }, // U+2044
    { 26, 31, 485, 2, 53, 202, 0 }, // U+2070
    { 27, 31, 454, 1, 53, 210, 202 }, // U+2074
    { 25, 31, 456, 2, 53, 194, 412 }, // U+2075
    { 25, 31, 462, 2, 53, 194, 606 }, // U+2076
    { 23, 31, 398, 1, 53, 179, 800 }, // U+2077
    { 27, 31, 485, 2, 53, 210, 979 }, // U+2078
    { 25, 31, 462, 2, 53, 194, 1189 }, // U+2079
    { 14, 35, 277, 3, 53, 123, 1383 }, // U+207D
    { 15, 35, 277, 0, 53, 132, 1506 }, // U+207E
    { 26, 26, 532, 4, 53, 169, 1638 }, // U+207F
    { 26, 31, 485, 2, 20, 202, 1807 }, // U+2080
    { 16, 31, 311, 1, 20, 124, 2009 }, // U+2081
    { 24, 31, 443, 2, 20, 186, 2133 }, // U+2082
    { 25, 31, 466, 2, 20, 194, 2319 }, // U+2083
    { 27, 31, 454, 1, 20, 210, 2513 }, // U+2084
    { 25, 31, 456, 2, 20, 194, 2723 }, // U+2085
    { 25, 31, 462, 2, 20, 194, 2917 }, // U+2086
    { 23, 31, 398, 1, 20, 179, 3111 }, // U+2087
    { 27, 31, 485, 2, 20, 210, 3290 }, // U+2088
    { 25, 31, 462, 2, 20, 194, 3500 }, // U+2089
    { 14, 35, 277, 3, 21, 123, 3694 }, // U+208D
    { 15, 35, 277, 0, 21, 132, 3817 }, // U+208E
    { 38, 49, 672, 3, 43, 466, 0 }, // U+20A1
    { 46, 53, 815, 3, 53, 610, 466 }, // U+20A4
    { 58, 52, 1020, 3, 52, 754, 1076 }, // U+20A6
    { 55, 52, 950, 3, 52, 715, 1830 }, // U+20A7
    { 44, 64, 748, 3, 52, 704, 2545 }, // U+20AB
    { 53, 53, 893, 1, 53, 703, 3249 }, // U+20AC
    { 56, 52, 956, 3, 52, 728, 3952 }, // U+20B1
    { 48, 69, 854, 3, 61, 828, 4680 }, // U+20B2
    { 47, 68, 826, 3, 61, 799, 5508 }, // U+20B5
    { 43, 53, 758, 2, 53, 570, 6307 }, // U+20B9
    { 43, 52, 763, 3, 52, 559, 6877 }, // U+20BA
    { 50, 52, 863, 3, 52, 650, 0 }, // U+20BD
    { 48, 28, 834, 2, 34, 336, 0 }, // U+2190
    { 28, 47, 523, 2, 44, 329, 336 }, // U+2191
    { 48, 28, 834, 2, 34, 336, 665 }, // U+2192
    { 28, 47, 523, 2, 44, 329, 1001 }, // U+2193
    { 43, 59, 752, 2, 58, 635, 0 }, // U+2202
    { 57, 59, 998, 3, 52, 841, 635 }, // U+220F
    { 49, 64, 870, 3, 58, 784, 1476 }, // U+2211
    { 38, 9, 691, 3, 29, 86, 2260 }, // U+2212
    { 43, 53, 684, 0, 53, 570, 2346 }, // U+2215
    { 21, 21, 413, 2, 31, 111, 2916 }, // U+2219
    { 45, 53, 796, 2, 52, 597, 3027 }, // U+221A
    { 65, 34, 1112, 2, 42, 553, 3624 }, // U+221E
    { 41, 66, 730, 2, 53, 677, 4177 }, // U+222B
    { 43, 36, 745, 2, 41, 387, 4854 }, // U+2248
    { 36, 41, 640, 2, 44, 369, 5241 }, // U+2260
    { 39, 50, 682, 1, 50, 488, 5610 }, // U+2264
    { 40, 50, 682, 2, 50, 500, 6098 }, // U+2265
    { 40, 53, 713, 1, 53, 530, 0 }, // U+FB01
    { 48, 53, 779, 1, 53, 636, 530 }, // U+FB02
};

static const EpdUnicodeInterval baijamjuree_36_boldIntervals[] = {
    { 0x0, 0x0, 0x0 },
    { 0xD, 0xD, 0x1 },
    { 0x20, 0x7E, 0x2 },
    { 0xA0, 0xB4, 0x61 },
    { 0xB6, 0xFF, 0x76 },
    { 0x100, 0x17E, 0xC0 },
    { 0x1A0, 0x1A1, 0x13F },
    { 0x1AF, 0x1B0, 0x141 },
    { 0x1CD, 0x1DC, 0x143 },
    { 0x1E6, 0x1E7, 0x153 },
    { 0x1FA, 0x1FF, 0x155 },
    { 0x218, 0x21B, 0x15B },
    { 0x300, 0x304, 0x15F },
    { 0x306, 0x30C, 0x164 },
    { 0x31B, 0x31B, 0x16B },
    { 0x323, 0x324, 0x16C },
    { 0x326, 0x328, 0x16E },
    { 0x32E, 0x32E, 0x171 },
    { 0x331, 0x331, 0x172 },
    { 0xE01, 0xE3A, 0x173 },
    { 0xE3F, 0xE5B, 0x1AD },
    { 0x1EA0, 0x1EF9, 0x1CA },
    { 0x2007, 0x2007, 0x224 },
    { 0x2010, 0x2010, 0x225 },
    { 0x2012, 0x2015, 0x226 },
    { 0x2018, 0x201A, 0x22A },
    { 0x201C, 0x201E, 0x22D },
    { 0x2020, 0x2022, 0x230 },
    { 0x2026, 0x2026, 0x233 },
    { 0x2030, 0x2030, 0x234 },
    { 0x2032, 0x2033, 0x235 },
    { 0x2039, 0x203A, 0x237 },
    { 0x2044, 0x2044, 0x239 },
    { 0x2070, 0x2070, 0x23A },
    { 0x2074, 0x2079, 0x23B },
    { 0x207D, 0x2089, 0x241 },
    { 0x208D, 0x208E, 0x24E },
    { 0x20A1, 0x20A1, 0x250 },
    { 0x20A4, 0x20A4, 0x251 },
    { 0x20A6, 0x20A7, 0x252 },
    { 0x20AB, 0x20AC, 0x254 },
    { 0x20B1, 0x20B2, 0x256 },
    { 0x20B5, 0x20B5, 0x258 },
    { 0x20B9, 0x20BA, 0x259 },
    { 0x20BD, 0x20BD, 0x25B },
    { 0x2190, 0x2193, 0x25C },
    { 0x2202, 0x2202, 0x260 },
    { 0x220F, 0x220F, 0x261 },
    { 0x2211, 0x2212, 0x262 },
    { 0x2215, 0x2215, 0x264 },
    { 0x2219, 0x221A, 0x265 },
    { 0x221E, 0x221E, 0x267 },
    { 0x222B, 0x222B, 0x268 },
    { 0x2248, 0x2248, 0x269 },
    { 0x2260, 0x2260, 0x26A },
    { 0x2264, 0x2265, 0x26B },
    { 0xFB01, 0xFB02, 0x26D },
};

static const EpdFontGroup baijamjuree_36_boldGroups[] = {
    { 0, 1579, 7658, 22, 0 },
    { 1579, 1833, 7823, 15, 22 },
    { 3412, 1310, 7950, 14, 37 },
    { 4722, 1696, 7929, 13, 51 },
    { 6418, 1529, 8105, 21, 64 },
    { 7947, 1199, 4745, 12, 85 },
    { 9146, 1802, 7748, 26, 97 },
    { 10948, 1856, 8158, 10, 123 },
    { 12804, 1210, 8094, 12, 133 },
    { 14014, 1160, 7864, 10, 145 },
    { 15174, 1263, 7977, 12, 155 },
    { 16437, 1218, 7731, 15, 167 },
    { 17655, 866, 5690, 10, 182 },
    { 18521, 1518, 8173, 11, 192 },
    { 20039, 1306, 8052, 12, 203 },
    { 21345, 1031, 7846, 11, 215 },
    { 22376, 985, 8157, 16, 226 },
    { 23361, 1269, 7890, 12, 242 },
    { 24630, 1001, 7438, 12, 254 },
    { 25631, 1259, 8109, 11, 266 },
    { 26890, 1221, 8018, 12, 277 },
    { 28111, 931, 7732, 12, 289 },
    { 29042, 1483, 7813, 10, 301 },
    { 30525, 867, 5452, 8, 311 },
    { 31392, 1622, 8120, 12, 319 },
    { 33014, 732, 7598, 9, 331 },
    { 33746, 2068, 7970, 9, 340 },
    { 35814, 193, 1383, 2, 349 },
    { 36007, 638, 1680, 20, 351 },
    { 36645, 2379, 8004, 15, 371 },
    { 39024, 2253, 8114, 15, 386 },
    { 41277, 2153, 7908, 15, 401 },
    { 43430, 1819, 8077, 20, 416 },
    { 45249, 2395, 7894, 19, 436 },
    { 47644, 808, 2379, 3, 455 },
    { 48452, 1528, 7673, 9, 458 },
    { 49980, 1508, 8054, 9, 467 },
    { 51488, 1324, 8183, 10, 476 },
    { 52812, 1131, 7654, 10, 486 },
    { 53943, 1121, 7570, 12, 496 },
    { 55064, 1268, 8095, 9, 508 },
    { 56332, 798, 7511, 8, 517 },
    { 57130, 916, 7356, 9, 525 },
    { 58046, 1011, 8177, 9, 534 },
    { 59057, 715, 4035, 5, 543 },
    { 59772, 1021, 5638, 22, 548 },
    { 60793, 758, 4245, 22, 570 },
    { 61551, 1410, 7607, 11, 592 },
    { 62961, 113, 676, 1, 603 },
    { 63074, 300, 1330, 4, 604 },
    { 63374, 1491, 6870, 13, 608 },
    { 64865, 161, 1166, 2, 621 },
};

static const EpdKernClassEntry baijamjuree_36_boldKernLeftClasses[] = {
    { 0x002C, 1 }, // ,
    { 0x002D, 2 }, // -
    { 0x002E, 3 }, // .
    { 0x002F, 4 }, // /
    { 0x0030, 5 }, // 0
    { 0x0032, 6 }, // 2
    { 0x0033, 7 }, // 3
    { 0x0034, 8 }, // 4
    { 0x0035, 9 }, // 5
    { 0x0036, 10 }, // 6
    { 0x0037, 11 }, // 7
    { 0x0038, 12 }, // 8
    { 0x0039, 13 }, // 9
    { 0x0041, 14 }, // A
    { 0x0042, 15 }, // B
    { 0x0043, 16 }, // C
    { 0x0044, 17 }, // D
    { 0x0045, 18 }, // E
    { 0x0046, 19 }, // F
    { 0x0047, 20 }, // G
    { 0x004A, 21 }, // J
    { 0x004B, 22 }, // K
    { 0x004C, 23 }, // L
    { 0x004F, 24 }, // O
    { 0x0050, 25 }, // P
    { 0x0051, 26 }, // Q
    { 0x0052, 27 }, // R
    { 0x0053, 28 }, // S
    { 0x0054, 29 }, // T
    { 0x0055, 30 }, // U
    { 0x0056, 31 }, // V
    { 0x0057, 32 }, // W
    { 0x0058, 33 }, // X
    { 0x0059, 34 }, // Y
    { 0x005A, 35 }, // Z
    { 0x0061, 36 }, // a
    { 0x0062, 37 }, // b
    { 0x0063, 38 }, // c
    { 0x0064, 39 }, // d
    { 0x0065, 40 }, // e
    { 0x0066, 41 }, // f
    { 0x0067, 42 }, // g
    { 0x0068, 36 }, // h
    { 0x0069, 43 }, // i
    { 0x006A, 43 }, // j
    { 0x006B, 44 }, // k
    { 0x006C, 45 }, // l
    { 0x006D, 36 }, // m
    { 0x006E, 36 }, // n
    { 0x006F, 37 }, // o
    { 0x0070, 37 }, // p
    { 0x0071, 42 }, // q
    { 0x0072, 46 }, // r
    { 0x0073, 47 }, // s
    { 0x0074, 48 }, // t
    { 0x0075, 42 }, // u
    { 0x0076, 49 }, // v
    { 0x0077, 50 }, // w
    { 0x0078, 51 }, // x
    { 0x0079, 42 }, // y
    { 0x007A, 52 }, // z
    { 0x00AD, 2 }, // U+00AD
    { 0x00BF, 53 }, // U+00BF
    { 0x00C0, 14 }, // U+00C0
    { 0x00C1, 14 }, // U+00C1
    { 0x00C2, 14 }, // U+00C2
    { 0x00C3, 14 }, // U+00C3
    { 0x00C4, 14 }, // U+00C4
    { 0x00C5, 14 }, // U+00C5
    { 0x00C6, 14 }, // U+00C6
    { 0x00C7, 16 }, // U+00C7
    { 0x00C8, 18 }, // U+00C8
    { 0x00C9, 18 }, // U+00C9
    { 0x00CA, 18 }, // U+00CA
    { 0x00CB, 18 }, // U+00CB
    { 0x00D2, 24 }, // U+00D2
    { 0x00D3, 24 }, // U+00D3
    { 0x00D4, 24 }, // U+00D4
    { 0x00D5, 24 }, // U+00D5
    { 0x00D6, 24 }, // U+00D6
    { 0x00D8, 24 }, // U+00D8
    { 0x00D9, 30 }, // U+00D9
    { 0x00DA, 30 }, // U+00DA
    { 0x00DB, 30 }, // U+00DB
    { 0x00DC, 30 }, // U+00DC
    { 0x00DD, 34 }, // U+00DD
    { 0x00E0, 36 }, // U+00E0
    { 0x00E1, 36 }, // U+00E1
    { 0x00E2, 36 }, // U+00E2
    { 0x00E3, 36 }, // U+00E3
    { 0x00E4, 36 }, // U+00E4
    { 0x00E5, 36 }, // U+00E5
    { 0x00E6, 40 }, // U+00E6
    { 0x00E7, 38 }, // U+00E7
    { 0x00E8, 40 }, // U+00E8
    { 0x00E9, 40 }, // U+00E9
    { 0x00EA, 40 }, // U+00EA
    { 0x00EB, 40 }, // U+00EB
    { 0x00F1, 36 }, // U+00F1
    { 0x00F2, 37 }, // U+00F2
    { 0x00F3, 37 }, // U+00F3
    { 0x00F4, 37 }, // U+00F4
    { 0x00F5, 37 }, // U+00F5
    { 0x00F6, 37 }, // U+00F6
    { 0x00F8, 37 }, // U+00F8
    { 0x00F9, 42 }, // U+00F9
    { 0x00FA, 42 }, // U+00FA
    { 0x00FB, 42 }, // U+00FB
    { 0x00FC, 42 }, // U+00FC
    { 0x00FD, 42 }, // U+00FD
    { 0x00FE, 37 }, // U+00FE
    { 0x00FF, 42 }, // U+00FF
    { 0x0100, 14 }, // U+0100
    { 0x0101, 36 }, // U+0101
    { 0x0102, 14 }, // U+0102
    { 0x0103, 36 }, // U+0103
    { 0x0104, 14 }, // U+0104
    { 0x0105, 36 }, // U+0105
    { 0x0106, 16 }, // U+0106
    { 0x0107, 38 }, // U+0107
    { 0x0108, 16 }, // U+0108
    { 0x0109, 38 }, // U+0109
    { 0x010A, 16 }, // U+010A
    { 0x010B, 38 }, // U+010B
    { 0x010C, 16 }, // U+010C
    { 0x010D, 38 }, // U+010D
    { 0x010E, 17 }, // U+010E
    { 0x010F, 54 }, // U+010F
    { 0x0110, 17 }, // U+0110
    { 0x0112, 18 }, // U+0112
    { 0x0113, 40 }, // U+0113
    { 0x0114, 18 }, // U+0114
    { 0x0115, 40 }, // U+0115
    { 0x0116, 18 }, // U+0116
    { 0x0117, 40 }, // U+0117
    { 0x0118, 18 }, // U+0118
    { 0x0119, 40 }, // U+0119
    { 0x011A, 18 }, // U+011A
    { 0x011B, 40 }, // U+011B
    { 0x011C, 20 }, // U+011C
    { 0x011D, 42 }, // U+011D
    { 0x011E, 20 }, // U+011E
    { 0x011F, 42 }, // U+011F
    { 0x0120, 20 }, // U+0120
    { 0x0121, 42 }, // U+0121
    { 0x0122, 20 }, // U+0122
    { 0x0123, 42 }, // U+0123
    { 0x0125, 36 }, // U+0125
    { 0x0127, 36 }, // U+0127
    { 0x0132, 21 }, // U+0132
    { 0x0134, 21 }, // U+0134
    { 0x0136, 22 }, // U+0136
    { 0x0137, 44 }, // U+0137
    { 0x0138, 44 }, // U+0138
    { 0x0139, 23 }, // U+0139
    { 0x013A, 45 }, // U+013A
    { 0x013B, 23 }, // U+013B
    { 0x013C, 45 }, // U+013C
    { 0x013D, 23 }, // U+013D
    { 0x013E, 54 }, // U+013E
    { 0x013F, 23 }, // U+013F
    { 0x0140, 45 }, // U+0140
    { 0x0141, 23 }, // U+0141
    { 0x0144, 36 }, // U+0144
    { 0x0146, 36 }, // U+0146
    { 0x0148, 36 }, // U+0148
    { 0x0149, 36 }, // U+0149
    { 0x014B, 36 }, // U+014B
    { 0x014C, 24 }, // U+014C
    { 0x014D, 37 }, // U+014D
    { 0x014E, 24 }, // U+014E
    { 0x014F, 37 }, // U+014F
    { 0x0150, 24 }, // U+0150
    { 0x0151, 37 }, // U+0151
    { 0x0152, 18 }, // U+0152
    { 0x0153, 40 }, // U+0153
    { 0x0154, 27 }, // U+0154
    { 0x0155, 46 }, // U+0155
    { 0x0156, 27 }, // U+0156
    { 0x0157, 46 }, // U+0157
    { 0x0158, 27 }, // U+0158
    { 0x0159, 46 }, // U+0159
    { 0x015A, 28 }, // U+015A
    { 0x015B, 47 }, // U+015B
    { 0x015C, 28 }, // U+015C
    { 0x015D, 47 }, // U+015D
    { 0x015E, 28 }, // U+015E
    { 0x015F, 47 }, // U+015F
    { 0x0160, 28 }, // U+0160
    { 0x0161, 47 }, // U+0161
    { 0x0162, 29 }, // U+0162
    { 0x0163, 48 }, // U+0163
    { 0x0164, 29 }, // U+0164
    { 0x0165, 54 }, // U+0165
    { 0x0166, 29 }, // U+0166
    { 0x0167, 48 }, // U+0167
    { 0x0168, 30 }, // U+0168
    { 0x0169, 42 }, // U+0169
    { 0x016A, 30 }, // U+016A
    { 0x016B, 42 }, // U+016B
    { 0x016C, 30 }, // U+016C
    { 0x016D, 42 }, // U+016D
    { 0x016E, 30 }, // U+016E
    { 0x016F, 42 }, // U+016F
    { 0x0170, 30 }, // U+0170
    { 0x0171, 42 }, // U+0171
    { 0x0172, 30 }, // U+0172
    { 0x0173, 42 }, // U+0173
    { 0x0174, 32 }, // U+0174
    { 0x0175, 50 }, // U+0175
    { 0x0176, 34 }, // U+0176
    { 0x0177, 42 }, // U+0177
    { 0x0178, 34 }, // U+0178
    { 0x0179, 35 }, // U+0179
    { 0x017A, 52 }, // U+017A
    { 0x017B, 35 }, // U+017B
    { 0x017C, 52 }, // U+017C
    { 0x017D, 35 }, // U+017D
    { 0x017E, 52 }, // U+017E
    { 0x01AF, 30 }, // U+01AF
    { 0x01CD, 14 }, // U+01CD
    { 0x01CE, 36 }, // U+01CE
    { 0x01D1, 24 }, // U+01D1
    { 0x01D2, 37 }, // U+01D2
    { 0x01D3, 30 }, // U+01D3
    { 0x01D4, 42 }, // U+01D4
    { 0x01D5, 30 }, // U+01D5
    { 0x01D6, 42 }, // U+01D6
    { 0x01D7, 30 }, // U+01D7
    { 0x01D8, 42 }, // U+01D8
    { 0x01D9, 30 }, // U+01D9
    { 0x01DA, 42 }, // U+01DA
    { 0x01DB, 30 }, // U+01DB
    { 0x01DC, 42 }, // U+01DC
    { 0x01E6, 20 }, // U+01E6
    { 0x01E7, 42 }, // U+01E7
    { 0x01FA, 14 }, // U+01FA
    { 0x01FB, 36 }, // U+01FB
    { 0x01FD, 40 }, // U+01FD
    { 0x01FE, 24 }, // U+01FE
    { 0x01FF, 37 }, // U+01FF
    { 0x0218, 28 }, // U+0218
    { 0x0219, 47 }, // U+0219
    { 0x021A, 29 }, // U+021A
    { 0x021B, 48 }, // U+021B
    { 0x0E40, 55 }, // U+0E40
    { 0x0E41, 55 }, // U+0E41
    { 0x0E42, 56 }, // U+0E42
    { 0x0E43, 57 }, // U+0E43
    { 0x0E44, 56 }, // U+0E44
    { 0x1EA0, 14 }, // U+1EA0
    { 0x1EA1, 36 }, // U+1EA1
    { 0x1EA2, 14 }, // U+1EA2
    { 0x1EA3, 36 }, // U+1EA3
    { 0x1EA4, 14 }, // U+1EA4
    { 0x1EA5, 36 }, // U+1EA5
    { 0x1EA6, 14 }, // U+1EA6
    { 0x1EA7, 36 }, // U+1EA7
    { 0x1EA8, 14 }, // U+1EA8
    { 0x1EA9, 36 }, // U+1EA9
    { 0x1EAA, 14 }, // U+1EAA
    { 0x1EAB, 36 }, // U+1EAB
    { 0x1EAC, 14 }, // U+1EAC
    { 0x1EAD, 36 }, // U+1EAD
    { 0x1EAE, 14 }, // U+1EAE
    { 0x1EAF, 36 }, // U+1EAF
    { 0x1EB0, 14 }, // U+1EB0
    { 0x1EB1, 36 }, // U+1EB1
    { 0x1EB2, 14 }, // U+1EB2
    { 0x1EB3, 36 }, // U+1EB3
    { 0x1EB4, 14 }, // U+1EB4
    { 0x1EB5, 36 }, // U+1EB5
    { 0x1EB6, 14 }, // U+1EB6
    { 0x1EB7, 36 }, // U+1EB7
    { 0x1EB8, 18 }, // U+1EB8
    { 0x1EB9, 40 }, // U+1EB9
    { 0x1EBA, 18 }, // U+1EBA
    { 0x1EBB, 40 }, // U+1EBB
    { 0x1EBC, 18 }, // U+1EBC
    { 0x1EBD, 40 }, // U+1EBD
    { 0x1EBE, 18 }, // U+1EBE
    { 0x1EBF, 40 }, // U+1EBF
    { 0x1EC0, 18 }, // U+1EC0
    { 0x1EC1, 40 }, // U+1EC1
    { 0x1EC2, 18 }, // U+1EC2
    { 0x1EC3, 40 }, // U+1EC3
    { 0x1EC4, 18 }, // U+1EC4
    { 0x1EC5, 40 }, // U+1EC5
    { 0x1EC6, 18 }, // U+1EC6
    { 0x1EC7, 40 }, // U+1EC7
    { 0x1ECC, 24 }, // U+1ECC
    { 0x1ECD, 37 }, // U+1ECD
    { 0x1ECE, 24 }, // U+1ECE
    { 0x1ECF, 37 }, // U+1ECF
    { 0x1ED0, 24 }, // U+1ED0
    { 0x1ED1, 37 }, // U+1ED1
    { 0x1ED2, 24 }, // U+1ED2
    { 0x1ED3, 37 }, // U+1ED3
    { 0x1ED4, 24 }, // U+1ED4
    { 0x1ED5, 37 }, // U+1ED5
    { 0x1ED6, 24 }, // U+1ED6
    { 0x1ED7, 37 }, // U+1ED7
    { 0x1ED8, 24 }, // U+1ED8
    { 0x1ED9, 37 }, // U+1ED9
    { 0x1EDA, 24 }, // U+1EDA
    { 0x1EDB, 37 }, // U+1EDB
    { 0x1EDC, 24 }, // U+1EDC
    { 0x1EDD, 37 }, // U+1EDD
    { 0x1EDE, 24 }, // U+1EDE
    { 0x1EDF, 37 }, // U+1EDF
    { 0x1EE0, 24 }, // U+1EE0
    { 0x1EE1, 37 }, // U+1EE1
    { 0x1EE2, 24 }, // U+1EE2
    { 0x1EE3, 37 }, // U+1EE3
    { 0x1EE4, 30 }, // U+1EE4
    { 0x1EE5, 42 }, // U+1EE5
    { 0x1EE6, 30 }, // U+1EE6
    { 0x1EE7, 42 }, // U+1EE7
    { 0x1EE8, 30 }, // U+1EE8
    { 0x1EEA, 30 }, // U+1EEA
    { 0x1EEC, 30 }, // U+1EEC
    { 0x1EEE, 30 }, // U+1EEE
    { 0x1EF0, 30 }, // U+1EF0
    { 0x1EF2, 34 }, // U+1EF2
    { 0x1EF3, 42 }, // U+1EF3
    { 0x1EF4, 34 }, // U+1EF4
    { 0x1EF5, 42 }, // U+1EF5
    { 0x1EF6, 34 }, // U+1EF6
    { 0x1EF7, 42 }, // U+1EF7
    { 0x1EF8, 34 }, // U+1EF8
    { 0x1EF9, 42 }, // U+1EF9
    { 0x2010, 2 }, // U+2010
    { 0x2012, 2 }, // U+2012
    { 0x2013, 2 }, // U+2013
    { 0x2014, 2 }, // U+2014
    { 0x2015, 2 }, // U+2015
    { 0x2018, 58 }, // U+2018
    { 0x2019, 54 }, // U+2019
    { 0x201A, 1 }, // U+201A
    { 0x201C, 58 }, // U+201C
    { 0x201D, 54 }, // U+201D
    { 0x201E, 1 }, // U+201E
    { 0x2026, 3 }, // U+2026
};

static const EpdKernClassEntry baijamjuree_36_boldKernRightClasses[] = {
    { 0x002C, 1 }, // ,
    { 0x002D, 2 }, // -
    { 0x002E, 3 }, // .
    { 0x002F, 4 }, // /
    { 0x0030, 5 }, // 0
    { 0x0031, 6 }, // 1
    { 0x0032, 7 }, // 2
    { 0x0033, 8 }, // 3
    { 0x0034, 9 }, // 4
    { 0x0035, 10 }, // 5
    { 0x0036, 11 }, // 6
    { 0x0037, 12 }, // 7
    { 0x0038, 13 }, // 8
    { 0x0039, 14 }, // 9
    { 0x0041, 15 }, // A
    { 0x0042, 16 }, // B
    { 0x0043, 17 }, // C
    { 0x0044, 18 }, // D
    { 0x0045, 18 }, // E
    { 0x0047, 17 }, // G
    { 0x004A, 19 }, // J
    { 0x004C, 16 }, // L
    { 0x004F, 17 }, // O
    { 0x0051, 17 }, // Q
    { 0x0053, 20 }, // S
    { 0x0054, 21 }, // T
    { 0x0055, 22 }, // U
    { 0x0056, 23 }, // V
    { 0x0057, 24 }, // W
    { 0x0058, 25 }, // X
    { 0x0059, 26 }, // Y
    { 0x005A, 27 }, // Z
    { 0x0061, 28 }, // a
    { 0x0062, 29 }, // b
    { 0x0063, 30 }, // c
    { 0x0064, 30 }, // d
    { 0x0065, 30 }, // e
    { 0x0066, 31 }, // f
    { 0x0067, 30 }, // g
    { 0x0068, 32 }, // h
    { 0x0069, 33 }, // i
    { 0x006A, 33 }, // j
    { 0x006B, 32 }, // k
    { 0x006C, 34 }, // l
    { 0x006D, 35 }, // m
    { 0x006E, 35 }, // n
    { 0x006F, 30 }, // o
    { 0x0070, 35 }, // p
    { 0x0071, 30 }, // q
    { 0x0072, 35 }, // r
    { 0x0073, 36 }, // s
    { 0x0074, 37 }, // t
    { 0x0075, 38 }, // u
    { 0x0076, 39 }, // v
    { 0x0077, 40 }, // w
    { 0x0078, 41 }, // x
    { 0x0079, 38 }, // y
    { 0x007A, 42 }, // z
    { 0x00AD, 2 }, // U+00AD
    { 0x00C0, 15 }, // U+00C0
    { 0x00C1, 15 }, // U+00C1
    { 0x00C2, 15 }, // U+00C2
    { 0x00C3, 15 }, // U+00C3
    { 0x00C4, 15 }, // U+00C4
    { 0x00C5, 15 }, // U+00C5
    { 0x00C6, 15 }, // U+00C6
    { 0x00C7, 17 }, // U+00C7
    { 0x00C8, 18 }, // U+00C8
    { 0x00C9, 18 }, // U+00C9
    { 0x00CA, 18 }, // U+00CA
    { 0x00CB, 18 }, // U+00CB
    { 0x00D2, 17 }, // U+00D2
    { 0x00D3, 17 }, // U+00D3
    { 0x00D4, 17 }, // U+00D4
    { 0x00D5, 17 }, // U+00D5
    { 0x00D6, 17 }, // U+00D6
    { 0x00D8, 17 }, // U+00D8
    { 0x00D9, 22 }, // U+00D9
    { 0x00DA, 22 }, // U+00DA
    { 0x00DB, 22 }, // U+00DB
    { 0x00DC, 22 }, // U+00DC
    { 0x00DD, 26 }, // U+00DD
    { 0x00E0, 28 }, // U+00E0
    { 0x00E1, 28 }, // U+00E1
    { 0x00E2, 28 }, // U+00E2
    { 0x00E3, 28 }, // U+00E3
    { 0x00E4, 28 }, // U+00E4
    { 0x00E5, 28 }, // U+00E5
    { 0x00E6, 28 }, // U+00E6
    { 0x00E7, 30 }, // U+00E7
    { 0x00E8, 30 }, // U+00E8
    { 0x00E9, 30 }, // U+00E9
    { 0x00EA, 30 }, // U+00EA
    { 0x00EB, 30 }, // U+00EB
    { 0x00F1, 35 }, // U+00F1
    { 0x00F2, 30 }, // U+00F2
    { 0x00F3, 30 }, // U+00F3
    { 0x00F4, 30 }, // U+00F4
    { 0x00F5, 30 }, // U+00F5
    { 0x00F6, 30 }, // U+00F6
    { 0x00F8, 30 }, // U+00F8
    { 0x00F9, 38 }, // U+00F9
    { 0x00FA, 38 }, // U+00FA
    { 0x00FB, 38 }, // U+00FB
    { 0x00FC, 38 }, // U+00FC
    { 0x00FD, 38 }, // U+00FD
    { 0x00FF, 38 }, // U+00FF
    { 0x0100, 15 }, // U+0100
    { 0x0101, 28 }, // U+0101
    { 0x0102, 15 }, // U+0102
    { 0x0103, 28 }, // U+0103
    { 0x0104, 15 }, // U+0104
    { 0x0105, 28 }, // U+0105
    { 0x0106, 17 }, // U+0106
    { 0x0107, 30 }, // U+0107
    { 0x0108, 17 }, // U+0108
    { 0x0109, 30 }, // U+0109
    { 0x010A, 17 }, // U+010A
    { 0x010B, 30 }, // U+010B
    { 0x010C, 17 }, // U+010C
    { 0x010D, 30 }, // U+010D
    { 0x010F, 30 }, // U+010F
    { 0x0111, 30 }, // U+0111
    { 0x0112, 18 }, // U+0112
    { 0x0113, 30 }, // U+0113
    { 0x0114, 18 }, // U+0114
    { 0x0115, 30 }, // U+0115
    { 0x0116, 18 }, // U+0116
    { 0x0117, 30 }, // U+0117
    { 0x0118, 18 }, // U+0118
    { 0x0119, 30 }, // U+0119
    { 0x011A, 18 }, // U+011A
    { 0x011B, 30 }, // U+011B
    { 0x011C, 17 }, // U+011C
    { 0x011D, 30 }, // U+011D
    { 0x011E, 17 }, // U+011E
    { 0x011F, 30 }, // U+011F
    { 0x0120, 17 }, // U+0120
    { 0x0121, 30 }, // U+0121
    { 0x0122, 17 }, // U+0122
    { 0x0123, 30 }, // U+0123
    { 0x0139, 18 }, // U+0139
    { 0x013A, 34 }, // U+013A
    { 0x013B, 18 }, // U+013B
    { 0x013C, 34 }, // U+013C
    { 0x013D, 18 }, // U+013D
    { 0x013E, 34 }, // U+013E
    { 0x013F, 18 }, // U+013F
    { 0x0140, 34 }, // U+0140
    { 0x0144, 35 }, // U+0144
    { 0x0146, 35 }, // U+0146
    { 0x0148, 35 }, // U+0148
    { 0x0149, 35 }, // U+0149
    { 0x014B, 35 }, // U+014B
    { 0x014C, 17 }, // U+014C
    { 0x014D, 30 }, // U+014D
    { 0x014E, 17 }, // U+014E
    { 0x014F, 30 }, // U+014F
    { 0x0150, 17 }, // U+0150
    { 0x0151, 30 }, // U+0151
    { 0x0152, 17 }, // U+0152
    { 0x0153, 30 }, // U+0153
    { 0x0155, 35 }, // U+0155
    { 0x0157, 35 }, // U+0157
    { 0x0159, 35 }, // U+0159
    { 0x015A, 20 }, // U+015A
    { 0x015B, 36 }, // U+015B
    { 0x015C, 20 }, // U+015C
    { 0x015D, 36 }, // U+015D
    { 0x015E, 20 }, // U+015E
    { 0x015F, 36 }, // U+015F
    { 0x0160, 20 }, // U+0160
    { 0x0161, 36 }, // U+0161
    { 0x0162, 21 }, // U+0162
    { 0x0163, 37 }, // U+0163
    { 0x0164, 21 }, // U+0164
    { 0x0165, 37 }, // U+0165
    { 0x0166, 21 }, // U+0166
    { 0x0167, 37 }, // U+0167
    { 0x0168, 22 }, // U+0168
    { 0x0169, 38 }, // U+0169
    { 0x016A, 22 }, // U+016A
    { 0x016B, 38 }, // U+016B
    { 0x016C, 22 }, // U+016C
    { 0x016D, 38 }, // U+016D
    { 0x016E, 22 }, // U+016E
    { 0x016F, 38 }, // U+016F
    { 0x0170, 22 }, // U+0170
    { 0x0171, 38 }, // U+0171
    { 0x0172, 22 }, // U+0172
    { 0x0173, 38 }, // U+0173
    { 0x0174, 24 }, // U+0174
    { 0x0175, 40 }, // U+0175
    { 0x0176, 26 }, // U+0176
    { 0x0177, 38 }, // U+0177
    { 0x0178, 26 }, // U+0178
    { 0x0179, 27 }, // U+0179
    { 0x017A, 42 }, // U+017A
    { 0x017B, 27 }, // U+017B
    { 0x017C, 42 }, // U+017C
    { 0x017D, 27 }, // U+017D
    { 0x017E, 42 }, // U+017E
    { 0x01A0, 17 }, // U+01A0
    { 0x01A1, 30 }, // U+01A1
    { 0x01AF, 22 }, // U+01AF
    { 0x01B0, 38 }, // U+01B0
    { 0x01CD, 15 }, // U+01CD
    { 0x01CE, 28 }, // U+01CE
    { 0x01D1, 17 }, // U+01D1
    { 0x01D2, 30 }, // U+01D2
    { 0x01D3, 22 }, // U+01D3
    { 0x01D4, 38 }, // U+01D4
    { 0x01D5, 22 }, // U+01D5
    { 0x01D6, 38 }, // U+01D6
    { 0x01D7, 22 }, // U+01D7
    { 0x01D8, 38 }, // U+01D8
    { 0x01D9, 22 }, // U+01D9
    { 0x01DA, 38 }, // U+01DA
    { 0x01DB, 22 }, // U+01DB
    { 0x01DC, 38 }, // U+01DC
    { 0x01E6, 17 }, // U+01E6
    { 0x01E7, 30 }, // U+01E7
    { 0x01FA, 15 }, // U+01FA
    { 0x01FB, 28 }, // U+01FB
    { 0x01FC, 15 }, // U+01FC
    { 0x01FD, 28 }, // U+01FD
    { 0x01FE, 17 }, // U+01FE
    { 0x01FF, 30 }, // U+01FF
    { 0x0218, 20 }, // U+0218
    { 0x0219, 36 }, // U+0219
    { 0x021A, 21 }, // U+021A
    { 0x021B, 37 }, // U+021B
    { 0x0E01, 43 }, // U+0E01
    { 0x0E02, 44 }, // U+0E02
    { 0x0E03, 45 }, // U+0E03
    { 0x0E06, 46 }, // U+0E06
    { 0x0E07, 47 }, // U+0E07
    { 0x0E08, 48 }, // U+0E08
    { 0x0E09, 49 }, // U+0E09
    { 0x0E0A, 44 }, // U+0E0A
    { 0x0E0B, 45 }, // U+0E0B
    { 0x0E0C, 43 }, // U+0E0C
    { 0x0E0D, 43 }, // U+0E0D
    { 0x0E10, 50 }, // U+0E10
    { 0x0E11, 51 }, // U+0E11
    { 0x0E13, 43 }, // U+0E13
    { 0x0E16, 43 }, // U+0E16
    { 0x0E17, 52 }, // U+0E17
    { 0x0E18, 53 }, // U+0E18
    { 0x0E19, 52 }, // U+0E19
    { 0x0E1A, 52 }, // U+0E1A
    { 0x0E1B, 52 }, // U+0E1B
    { 0x0E1E, 52 }, // U+0E1E
    { 0x0E1F, 52 }, // U+0E1F
    { 0x0E23, 54 }, // U+0E23
    { 0x0E24, 43 }, // U+0E24
    { 0x0E27, 55 }, // U+0E27
    { 0x0E29, 52 }, // U+0E29
    { 0x0E2B, 52 }, // U+0E2B
    { 0x0E2C, 52 }, // U+0E2C
    { 0x0E2D, 56 }, // U+0E2D
    { 0x0E2E, 57 }, // U+0E2E
    { 0x1EA0, 15 }, // U+1EA0
    { 0x1EA1, 28 }, // U+1EA1
    { 0x1EA2, 15 }, // U+1EA2
    { 0x1EA3, 28 }, // U+1EA3
    { 0x1EA4, 15 }, // U+1EA4
    { 0x1EA5, 28 }, // U+1EA5
    { 0x1EA6, 15 }, // U+1EA6
    { 0x1EA7, 28 }, // U+1EA7
    { 0x1EA8, 15 }, // U+1EA8
    { 0x1EA9, 28 }, // U+1EA9
    { 0x1EAA, 15 }, // U+1EAA
    { 0x1EAB, 28 }, // U+1EAB
    { 0x1EAC, 15 }, // U+1EAC
    { 0x1EAD, 28 }, // U+1EAD
    { 0x1EAE, 15 }, // U+1EAE
    { 0x1EAF, 28 }, // U+1EAF
    { 0x1EB0, 15 }, // U+1EB0
    { 0x1EB1, 28 }, // U+1EB1
    { 0x1EB2, 15 }, // U+1EB2
    { 0x1EB3, 28 }, // U+1EB3
    { 0x1EB4, 15 }, // U+1EB4
    { 0x1EB5, 28 }, // U+1EB5
    { 0x1EB6, 15 }, // U+1EB6
    { 0x1EB7, 28 }, // U+1EB7
    { 0x1EB8, 18 }, // U+1EB8
    { 0x1EB9, 30 }, // U+1EB9
    { 0x1EBA, 18 }, // U+1EBA
    { 0x1EBB, 30 }, // U+1EBB
    { 0x1EBC, 18 }, // U+1EBC
    { 0x1EBD, 30 }, // U+1EBD
    { 0x1EBE, 18 }, // U+1EBE
    { 0x1EBF, 30 }, // U+1EBF
    { 0x1EC0, 18 }, // U+1EC0
    { 0x1EC1, 30 }, // U+1EC1
    { 0x1EC2, 18 }, // U+1EC2
    { 0x1EC3, 30 }, // U+1EC3
    { 0x1EC4, 18 }, // U+1EC4
    { 0x1EC5, 30 }, // U+1EC5
    { 0x1EC6, 18 }, // U+1EC6
    { 0x1EC7, 30 }, // U+1EC7
    { 0x1ECC, 17 }, // U+1ECC
    { 0x1ECD, 30 }, // U+1ECD
    { 0x1ECE, 17 }, // U+1ECE
    { 0x1ECF, 30 }, // U+1ECF
    { 0x1ED0, 17 }, // U+1ED0
    { 0x1ED1, 30 }, // U+1ED1
    { 0x1ED2, 17 }, // U+1ED2
    { 0x1ED3, 30 }, // U+1ED3
    { 0x1ED4, 17 }, // U+1ED4
    { 0x1ED5, 30 }, // U+1ED5
    { 0x1ED6, 17 }, // U+1ED6
    { 0x1ED7, 30 }, // U+1ED7
    { 0x1ED8, 17 }, // U+1ED8
    { 0x1ED9, 30 }, // U+1ED9
    { 0x1EDA, 17 }, // U+1EDA
    { 0x1EDB, 30 }, // U+1EDB
    { 0x1EDC, 17 }, // U+1EDC
    { 0x1EDD, 30 }, // U+1EDD
    { 0x1EDE, 17 }, // U+1EDE
    { 0x1EDF, 30 }, // U+1EDF
    { 0x1EE0, 17 }, // U+1EE0
    { 0x1EE1, 30 }, // U+1EE1
    { 0x1EE2, 17 }, // U+1EE2
    { 0x1EE3, 30 }, // U+1EE3
    { 0x1EE4, 22 }, // U+1EE4
    { 0x1EE5, 38 }, // U+1EE5
    { 0x1EE6, 22 }, // U+1EE6
    { 0x1EE7, 38 }, // U+1EE7
    { 0x1EE8, 22 }, // U+1EE8
    { 0x1EE9, 38 }, // U+1EE9
    { 0x1EEA, 22 }, // U+1EEA
    { 0x1EEB, 38 }, // U+1EEB
    { 0x1EEC, 22 }, // U+1EEC
    { 0x1EED, 38 }, // U+1EED
    { 0x1EEE, 22 }, // U+1EEE
    { 0x1EEF, 38 }, // U+1EEF
    { 0x1EF0, 22 }, // U+1EF0
    { 0x1EF1, 38 }, // U+1EF1
    { 0x1EF2, 26 }, // U+1EF2
    { 0x1EF3, 38 }, // U+1EF3
    { 0x1EF4, 26 }, // U+1EF4
    { 0x1EF5, 38 }, // U+1EF5
    { 0x1EF6, 26 }, // U+1EF6
    { 0x1EF7, 38 }, // U+1EF7
    { 0x1EF8, 26 }, // U+1EF8
    { 0x1EF9, 38 }, // U+1EF9
    { 0x2010, 2 }, // U+2010
    { 0x2012, 2 }, // U+2012
    { 0x2013, 2 }, // U+2013
    { 0x2014, 2 }, // U+2014
    { 0x2015, 2 }, // U+2015
    { 0x2018, 58 }, // U+2018
    { 0x2019, 59 }, // U+2019
    { 0x201A, 1 }, // U+201A
    { 0x201C, 58 }, // U+201C
    { 0x201D, 59 }, // U+201D
    { 0x201E, 1 }, // U+201E
    { 0x2026, 3 }, // U+2026
};

static const int8_t baijamjuree_36_boldKernMatrix[] = {
       0,    0,    0,    0,  -19,  -67,    0,    0,  -19,    0,  -19,  -55,   -7,   -7,    0,    0,  -19,    0,    0,  -19, -103,    0, -103,  -19,    0, -127,    0,    0,    0,    0,  -31,    0,    0,   -7,    0,    0,  -55,  -26,  -67,  -31,    0,    0,    0,    0,    0,    0,    0,    0,    0,    0,    0,    0,    0,    0,    0,    0,    0,    0,    0,
       0,    0,    0,    0,    0,    0,    0,    0,    0,    0,    0,  -67,    0,    0,    0,    0,    0,    0,    0,    0,  -74,    0,  -55,    0,  -43,  -74,  -31,    0,    0,    0,   -7,    0,    0,    0,    0,    0,    0,    0,    0,    0,  -19,  -19,    0,    0,    0,    0,    0,    0,    0,    0,    0,    0,    0,    0,    0,    0,    0,    0,    0,
       0,    0,    0,    0,  -31,  -67,    0,  -19,  -19,  -19,  -31,  -43,  -19,  -31,    0,   -7,  -31,   -7,    0,    0, -127,    0, -115,  -31,    0, -128,    0,  -14,    0,  -19,  -50,    0,    0,  -19,    0,    0,  -62,  -43,  -79,  -38,    0,    0,    0,    0,    0,    0,    0,    0,    0,    0,    0,    0,    0,    0,    0,    0,    0,    0,    0,
       0,    0,    0,    0,    0,    0,    0,    0,    0,    0,    0,    0,    0,    0, -128,    0,  -55,    0,  -91,    0,    0,    0,    0,    0,    0,    0,    0,  -86,    0,  -86,  -19,    0,    0,    0,  -31,  -74,  -31,  -62,    0,    0,    0,  -38,    0,    0,    0,    0,    0,    0,    0,    0,    0,    0,    0,    0,    0,    0,    0,    0,    0,
     -19,    0,  -31,    0,    0,    0,    0,    0,    0,    0,    0,  -26,    0,    0,    0,    0,    0,    0,    0,    0,    0,    0,    0,    0,    0,    0,    0,    0,    0,    0,    0,    0,    0,    0,    0,    0,    0,    0,    0,    0,    0,    0,    0,    0,    0,    0,    0,    0,    0,    0,    0,    0,    0,    0,    0,    0,    0,    0,    0,
       0,    0,    0,    0,    0,    0,    0,    0,  -43,    0,    0,    0,    0,    0,    0,    0,    0,    0,    0,    0,    0,    0,    0,    0,    0,    0,    0,    0,    0,    0,    0,    0,    0,    0,    0,    0,    0,    0,    0,    0,    0,    0,    0,    0,    0,    0,    0,    0,    0,    0,    0,    0,    0,    0,    0,    0,    0,    0,    0,
     -31,    0,  -19,    0,    0,    0,    0,    0,    0,    0,    0,    0,    0,    0,    0,    0,    0,    0,    0,    0,    0,    0,    0,    0,    0,    0,    0,    0,    0,    0,    0,    0,    0,    0,    0,    0,    0,    0,    0,    0,    0,    0,    0,    0,    0,    0,    0,    0,    0,    0,    0,    0,    0,    0,    0,    0,    0,    0,    0,
       0,    0,  -19,    0,    0,    0,    0,    0,    0,    0,    0,    0,    0,    0,    0,    0,    0,    0,    0,    0,    0,    0,    0,    0,    0,    0,    0,    0,    0,    0,    0,    0,    0,    0,    0,    0,    0,    0,    0,    0,    0,    0,    0,    0,    0,    0,    0,    0,    0,    0,    0,    0,    0,    0,    0,    0,    0,    0,    0,
     -31,    0,  -19,    0,    0,  -19,    0,    0,    0,    0,    0,    0,    0,    0,    0,    0,    0,    0,    0,    0,    0,    0,    0,    0,    0,    0,    0,    0,    0,    0,    0,    0,    0,    0,    0,    0,    0,    0,    0,    0,    0,    0,    0,    0,    0,    0,    0,    0,    0,    0,    0,    0,    0,    0,    0,    0,    0,    0,    0,
     -31,    0,  -31,    0,    0,    0,    0,    0,    0,    0,    0,  -22,    0,    0,    0,    0,    0,    0,    0,    0,    0,    0,    0,    0,    0,    0,    0,    0,    0,    0,    0,    0,    0,    0,    0,    0,    0,    0,    0,    0,    0,    0,    0,    0,    0,    0,    0,    0,    0,    0,    0,    0,    0,    0,    0,    0,    0,    0,    0,
    -103,  -43,  -67,    0,  -19,    0,    0,    0,  -79,    0,  -19,    0,  -17,    0,    0,    0,    0,    0,    0,    0,    0,    0,    0,    0,    0,    0,    0,    0,    0,    0,    0,    0,    0,    0,    0,    0,    0,    0,    0,    0,    0,    0,    0,    0,    0,    0,    0,    0,    0,    0,    0,    0,    0,    0,    0,    0,    0,    0,    0,
     -31,    0,  -19,    0,    0,  -14,    0,    0,    0,    0,    0,  -24,    0,    0,    0,    0,    0,    0,    0,    0,    0,    0,    0,    0,    0,    0,    0,    0,    0,    0,    0,    0,    0,    0,    0,    0,    0,    0,    0,    0,    0,    0,    0,    0,    0,    0,    0,    0,    0,    0,    0,    0,    0,    0,    0,    0,    0,    0,    0,
     -31,    0,  -31,    0,    0,  -14,    0,    0,    0,    0,    0,  -31,    0,    0,    0,    0,    0,    0,    0,    0,    0,    0,    0,    0,    0,    0,    0,    0,    0,    0,    0,    0,    0,    0,    0,    0,    0,    0,    0,    0,    0,    0,    0,    0,    0,    0,    0,    0,    0,    0,    0,    0,    0,    0,    0,    0,    0,    0,    0,
       0,    0,    0,    0,    0,  -38,    0,    0,    0,    0,    0,    0,    0,    0,    0,  -14,  -26,   -7,    0,  -22, -120,  -31, -110,  -60,    0, -122,    0,    0,    0,  -19,  -38,    0,    0,  -31,    0,    0,  -50,  -12,  -55,  -43,    0,    0,    0,    0,    0,    0,    0,    0,    0,    0,    0,    0,    0,    0,    0,    0,    0,  -91,  -91,
       0,    0,    0,    0,    0,    0,    0,    0,    0,    0,    0,    0,    0,    0,  -14,    0,    0,    0,    0,    0,  -26,    0,  -24,  -12,  -14,  -38,  -14,    0,    0,    0,    0,    0,    0,    0,    0,    0,    0,    0,    0,    0,    0,    0,    0,    0,    0,    0,    0,    0,    0,    0,    0,    0,    0,    0,    0,    0,    0,    0,    0,
     -19,    0,  -19,    0,    0,    0,    0,    0,    0,    0,    0,    0,    0,    0,  -24,    0,    0,    0,    0,    0,  -14,    0,    0,    0,  -14,  -19,  -14,    0,    0,    0,    0,    0,    0,    0,    0,    0,    0,    0,    0,    0,    0,    0,    0,    0,    0,    0,    0,    0,    0,    0,    0,    0,    0,    0,    0,    0,    0,    0,   26,
     -19,    0,  -26,  -31,    0,    0,    0,    0,    0,    0,    0,    0,    0,    0,  -19,    0,    0,    0,    0,    0,  -38,    0,  -24,  -14,  -36,  -36,  -19,    0,    0,    0,    0,    0,    0,    0,    0,    0,    0,    0,    0,    0,    0,    0,    0,    0,    0,    0,    0,    0,    0,    0,    0,    0,    0,    0,    0,    0,    0,    0,    0,
       0,    0,    0,    0,    0,    0,    0,    0,    0,    0,    0,    0,    0,    0,    0,    0,   -7,    0,    0,    0,    0,    0,    0,    0,    0,    0,    0,  -12,    0,    0,    0,    0,    0,    0,    0,    0,    0,    0,    0,    0,    0,    0,    0,    0,    0,    0,    0,    0,    0,    0,    0,    0,    0,    0,    0,    0,    0,    0,   24,
    -127,    0, -115, -103,    0,    0,    0,    0,    0,    0,    0,    0,    0,    0,  -89,    0,  -24,    0, -103,  -19,    0,    0,    0,    0,    0,    0,    0,  -48,    0,  -48,    0,    0,    0,    0,  -48,    0,  -24,  -43,  -22,  -26,  -38,  -38,    0,    0,    0,    0,    0,    0,    0,    0,    0,    0,    0,    0,    0,    0,    0,    0,    0,
     -19,    0,  -31,  -31,    0,    0,    0,    0,    0,    0,    0,    0,    0,    0,  -31,    0,    0,    0,    0,    0,  -31,    0,  -19,    0,  -31,  -36,  -26,    0,    0,    0,   -7,    0,    0,    0,    0,    0,    0,    0,    0,    0,  -14,    0,    0,    0,    0,    0,    0,    0,    0,    0,    0,    0,    0,    0,    0,    0,    0,    0,    0,
       0,    0,  -31,    0,    0,    0,    0,    0,    0,    0,    0,    0,    0,    0,  -36,    0,    0,    0,    0,    0,    0,    0,    0,    0,    0,    0,    0,    0,    0,    0,    0,    0,    0,    0,    0,    0,    0,    0,    0,    0,    0,    0,    0,    0,    0,    0,    0,    0,    0,    0,    0,    0,    0,    0,    0,    0,    0,    0,    0,
       0,  -67,    0,    0,    0,    0,    0,    0,    0,    0,    0,    0,    0,    0,    0,  -14,  -50,  -14,  -31,  -43,  -14,    0,    0,    0,    0,  -14,    0,  -43,    0,  -43,  -55,    0,    0,  -31,  -19,  -31,  -50,  -31,  -74,  -55,    0,    0,    0,    0,    0,    0,    0,    0,    0,    0,    0,    0,    0,    0,    0,    0,    0,    0,    0,
       0,  -31,    0,    0,    0,    0,    0,    0,    0,    0,    0,    0,    0,    0,    0,    0,  -31,    0,    0,  -19, -115,  -26, -103,  -50,    0, -115,    0,    0,    0,  -14,  -43,    0,    0,    0,    0,   -7,  -43,    0,  -62,  -43,    0,    0,    0,    0,    0,    0,    0,    0,    0,    0,    0,    0,    0,    0,    0,    0,    0,    0,  -31,
     -19,    0,  -31,  -31,    0,    0,    0,    0,    0,    0,    0,    0,    0,    0,  -26,    0,    0,    0,    0,    0,  -38,    0,  -24,   -7,  -31,  -36,  -31,    0,    0,    0,    0,    0,    0,    0,    0,    0,    0,    0,    0,    0,    0,    0,    0,    0,    0,    0,    0,    0,    0,    0,    0,    0,    0,    0,    0,    0,    0,    0,    0,
     -91,    0, -115,    0,    0,    0,    0,    0,    0,    0,    0,    0,    0,    0,  -79,    0,    0,    0,  -91,    0,  -14,    0,    0,    0,  -26,    0,  -26,  -14,    0,   -7,    0,    0,    0,    0,    0,    0,    0,    0,    0,    0,    0,    0,    0,    0,    0,    0,    0,    0,    0,    0,    0,    0,    0,    0,    0,    0,    0,    0,   31,
       0,    0,    0,    0,    0,    0,    0,    0,    0,    0,    0,    0,    0,    0,  -14,    0,    0,    0,    0,    0,  -38,    0,  -24,   -7,  -14,  -36,  -19,    0,    0,    0,   -7,    0,    0,    0,    0,    0,    0,    0,    0,    0,    0,    0,    0,    0,    0,    0,    0,    0,    0,    0,    0,    0,    0,    0,    0,    0,    0,    0,   -7,
       0,    0,    0,    0,    0,    0,    0,    0,    0,    0,    0,    0,    0,    0,    0,    0,   -5,    0,    0,    0,  -14,    0,    0,    0,    0,  -12,    0,    0,    0,    0,    0,    0,    0,    0,    0,    0,    0,    0,    0,    0,    0,    0,    0,    0,    0,    0,    0,    0,    0,    0,    0,    0,    0,    0,    0,    0,    0,    0,    0,
     -19,    0,    0,    0,    0,    0,    0,    0,    0,    0,    0,    0,    0,    0,  -22,    0,    0,    0,    0,    0,  -19,    0,   -7,    0,  -14,  -24,  -19,    0,    0,    0,    0,    0,    0,    0,    0,    0,    0,    0,   -7,    0,   -7,   -7,    0,    0,    0,    0,    0,    0,    0,    0,    0,    0,    0,    0,    0,    0,    0,    0,    0,
    -103,  -74, -127,  -91,    0,    0,    0,   -6,  -43,    0,   -6,    0,   -6,   -6, -120,    0,  -38,    0, -110,  -19,    0,    0,    0,    0,    0,    0,    0, -128,    0, -128,  -91,    0,  -31,    0, -127, -127,  -79, -127, -110, -110, -103, -127,    0,    0,    0,    0,    0,    0,    0,    0,    0,    0,    0,    0,    0,    0,    0,    0,    0,
       0,    0,    0,  -19,    0,    0,    0,    0,    0,    0,    0,    0,    0,    0,  -31,    0,    0,    0,    0,    0,    0,    0,    0,    0,    0,    0,  -14,    0,    0,    0,    0,    0,    0,    0,    0,    0,    0,    0,    0,    0,    0,    0,    0,    0,    0,    0,    0,    0,    0,    0,    0,    0,    0,    0,    0,    0,    0,    0,    0,
    -115,  -55, -115,  -74,    0,    0,    0,    0,    0,    0,    0,    0,    0,    0, -110,    0,  -24,    0, -103,  -14,    0,    0,    0,    0,    0,    0,  -14,  -91,    0,  -91,  -43,    0,    0,    0,  -67,  -86,  -43,  -67,  -31,  -31,  -31,  -50,    0,    0,    0,    0,    0,    0,    0,    0,    0,    0,    0,    0,    0,    0,    0,    0,    0,
     -31,    0,  -31,  -67,    0,    0,    0,    0,    0,    0,    0,    0,    0,    0,  -60,    0,   -7,    0,  -43,    0,    0,    0,    0,    0,    0,    0,   -7,  -38,    0,  -43,  -19,    0,    0,    0,  -31,  -43,  -19,  -26,  -19,  -14,  -19,  -31,    0,    0,    0,    0,    0,    0,    0,    0,    0,    0,    0,    0,    0,    0,    0,    0,    0,
       0,  -43,    0,    0,    0,    0,    0,    0,    0,    0,    0,    0,    0,    0,    0,   -7,  -31,   -7,  -31,  -14,    0,    0,    0,    0,    0,    0,    0,  -43,    0,  -50,  -55,    0,    0,  -31,  -24,    0,  -55,  -43,  -55,  -43,    0,    0,    0,    0,    0,    0,    0,    0,    0,    0,    0,    0,    0,    0,    0,    0,    0,    0,    0,
    -128,  -74, -128, -127,    0,    0,    0,    0,    0,    0,    0,    0,    0,    0, -122,    0,  -36,    0, -115,  -24,    0,    0,    0,    0,    0,    0,  -14, -127,  -19, -127,  -91,   -7,  -31,    0, -103, -120,  -79, -103,  -86,  -79,  -91,  -91,    0,    0,    0,    0,    0,    0,    0,    0,    0,    0,    0,    0,    0,    0,    0,    0,    0,
       0,  -31,    0,    0,    0,    0,    0,    0,    0,    0,    0,    0,    0,    0,    0,    0,  -31,    0,    0,  -19,    0,  -14,    0,   -7,    0,  -14,    0,  -50,   -7,  -50,  -55,   -7,    0,  -19,  -19,  -43,  -43,  -43,  -55,  -43,    0,    0,    0,    0,    0,    0,    0,    0,    0,    0,    0,    0,    0,    0,    0,    0,    0,    0,    0,
       0,    0,    0,    0,    0,    0,    0,    0,    0,    0,    0,    0,    0,    0,    0,    0,    0,    0,    0,    0, -128,    0,  -84,  -38,  -31, -127,  -31,    0,    0,    0,   -7,    0,    0,    0,    0,    0,    0,    0,   -5,    0,    0,   -7,    0,    0,    0,    0,    0,    0,    0,    0,    0,    0,    0,    0,    0,    0,    0,  -19,   -7,
     -19,    0,  -19,    0,    0,    0,    0,    0,    0,    0,    0,    0,    0,    0,  -19,    0,    0,    0,    0,    0, -128,    0,  -91,  -43,  -55, -127,  -50,    0,    0,    0,   -7,    0,    0,    0,    0,    0,   -7,    0,  -14,  -14,  -29,  -22,    0,    0,    0,    0,    0,    0,    0,    0,    0,    0,    0,    0,    0,    0,    0,    0,  -19,
       0,    0,  -19,    0,    0,    0,    0,    0,    0,    0,    0,    0,    0,    0,    0,    0,    0,    0,    0,    0, -122,    0,  -79,  -36,  -43, -122,  -43,    0,    0,    0,    0,    0,    0,    0,    0,    0,   -5,    0,    0,   -5,  -14,   -7,    0,    0,    0,    0,    0,    0,    0,    0,    0,    0,    0,    0,    0,    0,    0,    0,    0,
       0,    0,    0,    0,    0,    0,    0,    0,    0,    0,    0,    0,    0,    0,    0,    0,    0,    0,    0,    0,    0,    0,    0,    0,    0,  -19,   -7,    0,    0,    0,    0,    0,    0,    0,    0,    0,    0,    0,    0,    0,    0,    0,    0,    0,    0,    0,    0,    0,    0,    0,    0,    0,    0,    0,    0,    0,    0,    0,    0,
       0,    0,  -19,    0,    0,    0,    0,    0,    0,    0,    0,    0,    0,    0,    0,    0,    0,    0,    0,    0, -127,    0,  -89,  -36,  -50, -122,  -43,    0,    0,    0,   -7,    0,    0,    0,    0,    0,   -7,    0,    0,    0,  -19,  -17,    0,    0,    0,    0,    0,    0,    0,    0,    0,    0,    0,    0,    0,    0,    0,    0,    0,
     -67,  -31,  -67,    0,    0,    0,    0,    0,    0,    0,    0,    0,    0,    0,  -60,    0,   -7,    0,  -43,    0,    0,    0,    0,   -7,    0,    0,    0,  -31,    0,  -31,    0,    0,    0,    0,    0,  -14,    0,    0,    0,    0,    0,   -7,    0,    0,    0,    0,    0,    0,    0,    0,    0,    0,    0,    0,    0,    0,    0,    0,    0,
       0,    0,    0,    0,    0,    0,    0,    0,    0,    0,    0,    0,    0,    0,    0,    0,    0,    0,    0,    0, -127,    0,  -67,  -38,  -31, -110,  -31,    0,    0,    0,    0,    0,    0,    0,    0,    0,    0,    0,    0,    0,    0,    0,    0,    0,    0,    0,    0,    0,    0,    0,    0,    0,    0,    0,    0,    0,    0,    0,    0,
       0,    0,    0,    0,    0,    0,    0,    0,    0,    0,    0,    0,    0,    0,    0,    0,    0,    0,    0,    0,  -31,    0,    0,    0,    0,  -31,    0,    0,    0,    0,    0,    0,    0,    0,    0,    0,    0,    0,    0,    0,    0,    0,    0,    0,    0,    0,    0,    0,    0,    0,    0,    0,    0,    0,    0,    0,    0,    0,    0,
       0,  -55,    0,    0,    0,    0,    0,    0,    0,    0,    0,    0,    0,    0,    0,   -7,  -24,   -7,  -19,  -12, -110,  -24,  -67,  -31,    0,  -67,    0,  -26,    0,  -31,    0,    0,    0,  -12,    0,  -19,    0,  -12,    0,    0,    0,    0,    0,    0,    0,    0,    0,    0,    0,    0,    0,    0,    0,    0,    0,    0,    0,    0,    0,
       0,    0,    0,    0,    0,    0,    0,    0,    0,    0,    0,    0,    0,    0,    0,    0,    0,    0,    0,    0,  -19,    0,  -26,    0,    0,  -31,    0,    0,    0,    0,    0,    0,    0,   -7,    0,    0,    0,    0,    0,    0,    0,    0,    0,    0,    0,    0,    0,    0,    0,    0,    0,    0,    0,    0,    0,    0,    0,    0,    0,
     -43,    0,  -43,  -31,    0,    0,    0,    0,    0,    0,    0,    0,    0,    0,  -55,    0,    0,    0,  -43,    0,  -91,    0,  -19,   -7,  -38,  -67,  -31,  -19,    0,  -19,    0,    0,    0,    0,    0,    0,    0,    0,   24,   14,    0,    0,    0,    0,    0,    0,    0,    0,    0,    0,    0,    0,    0,    0,    0,    0,    0,    0,    0,
       0,    0,    0,    0,    0,    0,    0,    0,    0,    0,    0,    0,    0,    0,    0,    0,    0,    0,    0,    0, -127,    0,  -86,  -43,    0, -120,  -38,    0,    0,    0,   -7,    0,    0,    0,    0,    0,   -7,    0,    0,    0,   -7,    0,    0,    0,    0,    0,    0,    0,    0,    0,    0,    0,    0,    0,    0,    0,    0,    0,    0,
       0,    0,    0,    0,    0,    0,    0,    0,    0,    0,    0,    0,    0,    0,    0,    0,  -19,    0,    0,    0, -103,  -14,  -67,  -43,    0,  -79,  -19,  -14,    0,  -19,    0,    0,    0,    0,    0,   -7,    0,   -7,    0,    0,    0,    0,    0,    0,    0,    0,    0,    0,    0,    0,    0,    0,    0,    0,    0,    0,    0,    0,    0,
     -86,    0,  -79,  -38,    0,    0,    0,    0,    0,    0,    0,    0,    0,    0,  -55,    0,    0,    0,  -43,    0, -110,    0,  -31,  -19,  -55,  -86,  -55,  -22,    0,  -14,    0,    0,    0,    0,    0,    0,    0,    0,    0,    0,    0,    0,    0,    0,    0,    0,    0,    0,    0,    0,    0,    0,    0,    0,    0,    0,    0,    0,    0,
     -50,    0,  -38,    0,    0,    0,    0,    0,    0,    0,    0,    0,    0,    0,  -43,    0,    0,    0,  -31,    0, -110,    0,  -31,  -14,  -43,  -79,  -43,  -14,    0,  -14,    0,    0,    0,    0,    0,    0,    0,    0,    0,    0,    0,    0,    0,    0,    0,    0,    0,    0,    0,    0,    0,    0,    0,    0,    0,    0,    0,    0,    0,
       0,  -19,    0,    0,    0,    0,    0,    0,    0,    0,    0,    0,    0,    0,    0,    0,  -19,    0,    0,   -7, -103,    0,  -31,  -19,    0,  -91,    0,  -19,    0,  -29,    0,    0,    0,    0,    0,  -12,  -14,   -7,    0,    0,    0,    0,    0,    0,    0,    0,    0,    0,    0,    0,    0,    0,    0,    0,    0,    0,    0,    0,    0,
       0,  -19,    0,    0,    0,    0,    0,    0,    0,    0,    0,    0,    0,    0,    0,    0,    0,    0,    0,    0, -127,    0,  -50,  -31,    0,  -91,    0,  -14,    0,  -22,    0,    0,    0,    0,    0,    0,    0,   -7,    0,    0,    0,    0,    0,    0,    0,    0,    0,    0,    0,    0,    0,    0,    0,    0,    0,    0,    0,    0,    0,
       0,    0,    0,    0,    0,    0,    0,    0,    0,    0,    0,    0,    0,    0,    0,   -7,  -67,   -7,  -67,  -31, -103,    0, -115,  -67,    0, -127,    0,  -31,    0,  -26,  -31,    0,    0,    0,    0,  -19,  -43,  -19,  -67,  -43,    0,    0,    0,    0,    0,    0,    0,    0,    0,    0,    0,    0,    0,    0,    0,    0,    0,    0,    0,
       0,    0,    0,    0,  -38,    0,  -24,  -24,  -74,  -19,  -38,    0,  -38,  -24,  -91,    0,  -31,    0, -115,    0,    0,    0,    0,    0,    0,    0,    0,  -67,    0,  -55,    0,    0,    0,    0,  -19,  -19,    0,  -19,    0,    0,    0,   -7,    0,    0,    0,    0,    0,    0,    0,    0,    0,    0,    0,    0,    0,    0,    0,    0,    0,
       0,    0,    0,    0,    0,    0,    0,    0,    0,    0,    0,    0,    0,    0,    0,    0,    0,    0,    0,    0,    0,    0,    0,    0,    0,    0,    0,    0,    0,    0,    0,    0,    0,    0,    0,    0,    0,    0,    0,    0,    0,    0,  -24,  -48,  -55,  -24,  -31,  -43,  -19,  -31,  -38,  -48,  -29,  -50,  -50,  -14,  -12,    0,    0,
       0,    0,    0,    0,    0,    0,    0,    0,    0,    0,    0,    0,    0,    0,    0,    0,    0,    0,    0,    0,    0,    0,    0,    0,    0,    0,    0,    0,    0,    0,    0,    0,    0,    0,    0,    0,    0,    0,    0,    0,    0,    0,  -14,  -46,  -48,  -17,  -22,  -36,  -10,  -19,  -31,  -41,  -17,  -43,  -46,   -5,    0,    0,    0,
       0,    0,    0,    0,    0,    0,    0,    0,    0,    0,    0,    0,    0,    0,    0,    0,    0,    0,    0,    0,    0,    0,    0,    0,    0,    0,    0,    0,    0,    0,    0,    0,    0,    0,    0,    0,    0,    0,    0,    0,    0,    0,  -14,  -41,  -48,  -17,  -22,  -36,  -12,  -19,  -31,  -36,  -10,  -36,  -36,    0,    0,    0,    0,
       0,    0,    0,    0,    0,    0,    0,    0,  -55,    0,    0,    0,    0,    0,  -91,    0,  -31,    0, -115,    0,    0,    0,    0,    0,    0,    0,    0,  -43,    0,  -55,  -31,    0,    0,    0,   -7,  -31,    0,    0,    0,    0,    0,    0,    0,    0,    0,    0,    0,    0,    0,    0,    0,    0,    0,    0,    0,    0,    0,    0,    0,
};

static const EpdLigaturePair baijamjuree_36_boldLigaturePairs[] = {
    { 0x00660069, 0xFB01 }, // f i -> U+FB01
    { 0x0066006C, 0xFB02 }, // f l -> U+FB02
};

static const EpdFontData baijamjuree_36_bold = {
    baijamjuree_36_boldBitmaps,
    baijamjuree_36_boldGlyphs,
    baijamjuree_36_boldIntervals,
    57,
    94,
    75,
    -19,
    true,
    baijamjuree_36_boldGroups,
    52,
    nullptr,
    baijamjuree_36_boldKernLeftClasses,
    baijamjuree_36_boldKernRightClasses,
    baijamjuree_36_boldKernMatrix,
    343,
    360,
    58,
    59,
    baijamjuree_36_boldLigaturePairs,
    2,
};
