/**
 * generated by fontconvert.py
 * name: notosanssc_8_regular
 * size: 8
 * mode: 2-bit  compressed: true
 * Command used: fontconvert.py notosanssc_8_regular 8 ../builtinFonts/source/NotoSansSC/NotoSansSC-Subset-Regular.otf --2bit --compress --additional-intervals 0x2E80,0x303F --additional-intervals 0x3400,0x4DBF --additional-intervals 0x4E00,0x9FFF
 */
#pragma once
#include "EpdFontData.h"

static const uint8_t notosanssc_8_regularBitmaps[46399] = {
    0x65, 0x8F, 0x31, 0x4E, 0xC4, 0x30, 0x10, 0x45, 0x5F, 0xD6, 0x02, 0x23, 0x59, 0x78, 0x29, 0x90,
    0x68, 0xD6, 0xCA, 0x01, 0x88, 0xB2, 0x4D, 0x8A, 0x14, 0x29, 0x7C, 0x89, 0xF4, 0x1C, 0xC1, 0x12,
    0xC5, 0x6E, 0x41, 0x44, 0x24, 0x6E, 0xB3, 0x55, 0x0A, 0xFA, 0xE4, 0x10, 0x1C, 0x80, 0x23, 0x6C,
    0x41, 0xE1, 0x22, 0x2B, 0xB0, 0x1D, 0x76, 0x0B, 0x98, 0x3F, 0xFF, 0xDB, 0xFA, 0x33, 0xE3, 0x91,
    0xB1, 0x28, 0x8F, 0xD1, 0x14, 0x8A, 0x5A, 0x50, 0x09, 0x7B, 0xC9, 0x5A, 0x46, 0x53, 0x1B, 0xA4,
    0x27, 0x45, 0xDE, 0x3F, 0xF6, 0xE2, 0x0F, 0x1E, 0x3E, 0xC6, 0x19, 0x4B, 0xEE, 0xA9, 0x0C, 0x68,
    0x50, 0x49, 0x37, 0x50, 0xC3, 0xC0, 0x6A, 0x42, 0x59, 0xCA, 0x96, 0xD7, 0x6F, 0xFB, 0xF4, 0x7E,
    0x17, 0x5F, 0x19, 0x06, 0x0E, 0x87, 0xBE, 0x6D, 0x6D, 0xB8, 0xCB, 0x13, 0xFA, 0x8A, 0x22, 0x35,
    0x57, 0x49, 0x9B, 0x30, 0x7E, 0x1D, 0xFD, 0x10, 0x6E, 0x08, 0x3C, 0x47, 0x34, 0x9E, 0xFD, 0x48,
    0xB7, 0x7D, 0xEB, 0x9D, 0x5E, 0x4D, 0x0B, 0xB3, 0x7F, 0x0C, 0x5D, 0x73, 0x67, 0x9C, 0x76, 0x6B,
    0xA7, 0xCE, 0xF8, 0xDD, 0xA4, 0x6C, 0x23, 0xA6, 0x3A, 0x9B, 0xAA, 0x2C, 0x6A, 0x21, 0xA6, 0xE0,
    0x88, 0xD3, 0xF2, 0x37, 0x76, 0x33, 0x5D, 0x8E, 0x93, 0x38, 0x61, 0x63, 0x4A, 0x1B, 0xE6, 0xF6,
    0x25, 0x3B, 0x4F, 0xD8, 0x7D, 0x49, 0x58, 0x7F, 0x35, 0xF7, 0x35, 0x25, 0xF2, 0x93, 0x17, 0x36,
    0x55, 0xB1, 0x3D, 0xC2, 0x0D, 0xB7, 0x01, 0xE3, 0xD1, 0xA4, 0x73, 0x81, 0x46, 0x86, 0xCA, 0x0F,
    0x63, 0x60, 0xB0, 0x63, 0xA8, 0x67, 0xB0, 0x67, 0x60, 0x61, 0x00, 0x00, 0x95, 0x55, 0xBF, 0x8F,
    0xDC, 0x44, 0x14, 0xFE, 0xEC, 0x21, 0x37, 0xE1, 0xE6, 0xEC, 0x4D, 0x71, 0x05, 0x52, 0xEC, 0xF5,
    0x15, 0x29, 0xAE, 0xF0, 0x71, 0x8D, 0x0B, 0x23, 0x36, 0x30, 0x51, 0x8A, 0x34, 0x08, 0xA5, 0x49,
    0x1A, 0x8A, 0xFC, 0x05, 0x88, 0x49, 0xCE, 0xAB, 0x2C, 0x97, 0x3D, 0xD9, 0x12, 0x05, 0x6D, 0x68,
    0x68, 0x68, 0x82, 0x44, 0x41, 0x71, 0x12, 0x2E, 0xAE, 0x3C, 0x14, 0x53, 0xA5, 0x9D, 0x16, 0x41,
    0x31, 0x5D, 0x1A, 0x04, 0x2E, 0xAE, 0x58, 0xA4, 0xDD, 0x98, 0x37, 0x9E, 0x5D, 0x2E, 0x4B, 0x8E,
    0x10, 0x3C, 0xDF, 0xD3, 0xFC, 0x7E, 0x6F, 0xFC, 0xE6, 0xBD, 0x6F, 0x00, 0xA0, 0x85, 0x77, 0x06,
    0xFF, 0x18, 0xEC, 0x23, 0xF0, 0x10, 0x9B, 0x02, 0x01, 0x47, 0xD2, 0x55, 0xD7, 0xEF, 0x36, 0x99,
    0xD7, 0x28, 0x98, 0x16, 0x35, 0xAD, 0x2A, 0x3B, 0x14, 0x80, 0xEA, 0x41, 0x8D, 0x72, 0x81, 0x42,
    0x48, 0xE5, 0x37, 0x16, 0xAC, 0x29, 0xAE, 0xCA, 0xF2, 0x4F, 0xA0, 0x1F, 0x57, 0x02, 0x8A, 0x49,
    0x8B, 0x01, 0xCA, 0x39, 0x68, 0xCA, 0xAE, 0xF1, 0xEC, 0xCA, 0xD5, 0xB2, 0xF2, 0x45, 0x41, 0x7A,
    0x5E, 0x2D, 0xF4, 0x79, 0x5D, 0xEB, 0x35, 0xB5, 0xDF, 0xD4, 0xAC, 0xAA, 0x99, 0xB4, 0xE0, 0xA8,
    0x05, 0xEA, 0x10, 0x75, 0x80, 0x7A, 0xEF, 0xCE, 0xC9, 0xD3, 0x6E, 0xA1, 0x10, 0x38, 0xEC, 0xE0,
    0xF2, 0xB9, 0xB2, 0x82, 0xAC, 0xAD, 0xD4, 0x8E, 0xEF, 0x94, 0xDD, 0x6D, 0x60, 0xFB, 0x94, 0x61,
    0x16, 0x33, 0xAF, 0x11, 0x8C, 0x49, 0x76, 0x93, 0xC3, 0x7F, 0xF6, 0x31, 0x59, 0x98, 0xF7, 0x35,
    0xBF, 0xC9, 0x65, 0xC8, 0xFC, 0x26, 0x62, 0xD0, 0x39, 0x43, 0x5D, 0x33, 0xE4, 0xB8, 0x0D, 0xD1,
    0x21, 0xE6, 0x15, 0xFC, 0x06, 0x7E, 0x05, 0x21, 0xFD, 0x17, 0x00, 0x6F, 0x00, 0x0D, 0x98, 0x2B,
    0x9E, 0xBE, 0xCE, 0x1B, 0xF1, 0x02, 0xEE, 0x53, 0x9E, 0x51, 0xCC, 0xA8, 0x4D, 0xA3, 0x22, 0xA3,
    0x72, 0xA3, 0x94, 0x51, 0xDA, 0x3C, 0x68, 0xCC, 0x81, 0x34, 0x8F, 0x60, 0xA6, 0x30, 0x13, 0x98,
    0x8D, 0x0D, 0x70, 0x32, 0xF9, 0xFD, 0x9B, 0xAE, 0x07, 0xC8, 0x73, 0xDA, 0xBA, 0x30, 0x82, 0xCA,
    0x51, 0x28, 0x94, 0x06, 0x45, 0x0D, 0x35, 0x82, 0x0A, 0x9C, 0x6B, 0xC9, 0x97, 0xDA, 0xAA, 0x5B,
    0x3A, 0x4A, 0xF9, 0x95, 0x62, 0x95, 0x75, 0x37, 0x87, 0x05, 0x2D, 0x09, 0xA1, 0x52, 0xA8, 0x99,
    0x73, 0x28, 0x30, 0xC5, 0x74, 0x8A, 0xD3, 0x23, 0xFC, 0xF6, 0xD0, 0xFB, 0xF5, 0xC0, 0x3F, 0x7E,
    0xF0, 0x45, 0x7A, 0xFF, 0x59, 0xAA, 0x7E, 0x4E, 0xD5, 0x71, 0xAA, 0xF2, 0x54, 0x5D, 0x4B, 0x15,
    0x52, 0x7B, 0x3C, 0xE8, 0xBF, 0x51, 0x40, 0x97, 0x9D, 0x2E, 0x3C, 0xFD, 0xF2, 0x20, 0x01, 0xDB,
    0xF0, 0xBB, 0x46, 0xDC, 0x68, 0x63, 0xE4, 0x29, 0xD2, 0x1C, 0x51, 0x8E, 0x20, 0x47, 0x3C, 0x42,
    0x44, 0xDD, 0x10, 0x05, 0xFF, 0xAA, 0xF5, 0xBA, 0xCA, 0xD9, 0xBD, 0x50, 0xC3, 0x3F, 0x15, 0x9E,
    0x87, 0x8C, 0xFB, 0x8D, 0xAA, 0x48, 0x50, 0xCE, 0xCE, 0x63, 0xCD, 0x81, 0xEC, 0x7A, 0x64, 0xB7,
    0xD2, 0x01, 0xEC, 0x59, 0xF3, 0x15, 0x46, 0x7D, 0x37, 0xA4, 0x2B, 0x5A, 0xB7, 0x4B, 0x41, 0xFD,
    0x1F, 0x00, 0x6A, 0x4F, 0x67, 0x7E, 0x93, 0x32, 0x19, 0x73, 0x84, 0x21, 0x78, 0x00, 0x76, 0x6C,
    0x53, 0xC1, 0xCE, 0x1A, 0x6C, 0x34, 0xD8, 0x97, 0xBD, 0xBA, 0xB7, 0x48, 0xC8, 0x2C, 0x3E, 0x7B,
    0x0C, 0xF1, 0xC7, 0x8F, 0x88, 0x03, 0x81, 0x3C, 0x60, 0x55, 0xB6, 0x94, 0x51, 0xC0, 0xE4, 0x30,
    0x18, 0x80, 0x77, 0x33, 0x60, 0x28, 0xDD, 0x5A, 0xF7, 0xE5, 0xAC, 0x4A, 0x9D, 0xEE, 0x14, 0xEC,
    0x0C, 0x5E, 0x0B, 0xBF, 0x05, 0x9B, 0x40, 0xC4, 0x88, 0x06, 0x34, 0x6B, 0x13, 0xA3, 0x8F, 0x8B,
    0xE6, 0x35, 0x18, 0xDF, 0xA5, 0xAB, 0xA0, 0x53, 0x65, 0x2B, 0xEC, 0xD0, 0x96, 0x27, 0x4C, 0x3A,
    0xB8, 0x1C, 0xB9, 0xCE, 0xA5, 0xE8, 0x24, 0xD8, 0x3A, 0xAC, 0x6A, 0x01, 0xFD, 0x26, 0x32, 0xBE,
    0x77, 0x87, 0xAC, 0x74, 0xFA, 0x7F, 0xEE, 0x31, 0xB4, 0x67, 0x8E, 0xFE, 0x0E, 0xB0, 0xBB, 0x94,
    0xED, 0x5E, 0x07, 0xF8, 0x9A, 0x14, 0x24, 0xE5, 0x82, 0xEA, 0x84, 0xFA, 0xEC, 0x16, 0xC9, 0x97,
    0x7D, 0x3D, 0xBE, 0x47, 0xE3, 0x33, 0xEE, 0xB6, 0x9C, 0xE3, 0x15, 0x82, 0xA9, 0x8A, 0x7B, 0x36,
    0x2A, 0x20, 0x91, 0x2C, 0xB0, 0x2B, 0xA4, 0x4D, 0x4F, 0x1B, 0x3C, 0x9A, 0x75, 0xC6, 0xDE, 0x16,
    0xB5, 0x3D, 0x7D, 0x85, 0x35, 0xEF, 0x25, 0x72, 0x30, 0x5F, 0x7A, 0x5F, 0x74, 0xCD, 0xD0, 0x6B,
    0xF2, 0x1E, 0xA9, 0xD7, 0x0C, 0xBE, 0x6E, 0x28, 0x74, 0xFD, 0x9F, 0x1A, 0x7E, 0xA3, 0x09, 0xFB,
    0x91, 0xC2, 0xB3, 0xDE, 0x17, 0x73, 0xBC, 0x43, 0x01, 0x24, 0xE8, 0x82, 0x21, 0xBE, 0x01, 0x5D,
    0x58, 0xCE, 0x31, 0x4A, 0x90, 0x3C, 0xEF, 0xB5, 0x5C, 0x02, 0x31, 0x40, 0xF2, 0xD8, 0x06, 0x1B,
    0x1D, 0xEC, 0xDB, 0x27, 0xF8, 0xFD, 0x14, 0xED, 0x00, 0x9A, 0xC3, 0xF4, 0x20, 0x92, 0x1B, 0xED,
    0x61, 0x70, 0xB6, 0x0C, 0xBD, 0x33, 0x95, 0xAA, 0xAD, 0xF1, 0x84, 0xEA, 0x40, 0x85, 0x2A, 0x2E,
    0x69, 0xBC, 0x6C, 0x2F, 0xA0, 0x39, 0x62, 0x19, 0xC1, 0xB1, 0xC9, 0x2D, 0xD9, 0x12, 0xB6, 0x38,
    0x22, 0x6B, 0x58, 0x3E, 0xED, 0x74, 0x8D, 0x25, 0x9C, 0x4A, 0x3E, 0x47, 0x28, 0xB0, 0xCB, 0x24,
    0xC5, 0xCB, 0x87, 0x9D, 0xCC, 0x5C, 0xC4, 0x7B, 0x60, 0x2B, 0x1A, 0xC2, 0x84, 0x82, 0x29, 0x8E,
    0xF6, 0xB0, 0x19, 0x65, 0x60, 0x9F, 0xD6, 0xB0, 0x3E, 0x11, 0xD4, 0x8E, 0x29, 0x27, 0xF3, 0x88,
    0xC8, 0x20, 0xA2, 0x9F, 0xC3, 0xFE, 0xD9, 0x95, 0x14, 0x5B, 0xDE, 0x84, 0x9F, 0x51, 0x84, 0x86,
    0xD7, 0xE2, 0xFD, 0x59, 0xEF, 0xF5, 0x81, 0x4A, 0xD4, 0xFB, 0xEA, 0xF9, 0xFD, 0x67, 0x07, 0xB7,
    0x0E, 0xF9, 0x94, 0x17, 0x7C, 0xFB, 0x72, 0x14, 0x89, 0x13, 0xF2, 0xF4, 0x05, 0x73, 0x76, 0xC3,
    0x1E, 0x54, 0x06, 0xF5, 0x04, 0x63, 0x8D, 0xB2, 0x81, 0x6A, 0xFB, 0x6E, 0x6A, 0x49, 0xC7, 0x1E,
    0xB6, 0x93, 0x9C, 0x62, 0x91, 0xC9, 0xCD, 0x1E, 0x41, 0x0F, 0x4A, 0xB1, 0x13, 0x17, 0x8E, 0x74,
    0x56, 0x5F, 0x4F, 0x99, 0x3E, 0xDA, 0xD4, 0x8F, 0x02, 0x7D, 0x10, 0xE9, 0x07, 0xDF, 0xE9, 0xFB,
    0xAD, 0x56, 0xC6, 0x51, 0x81, 0x12, 0xB6, 0x8C, 0x3F, 0x29, 0x3B, 0xD7, 0x52, 0xF6, 0xDC, 0x7C,
    0x41, 0xFF, 0x2F, 0x47, 0xCC, 0x5E, 0x63, 0xE6, 0x2E, 0x93, 0x35, 0x34, 0xC2, 0x16, 0xAB, 0x6C,
    0xA7, 0x73, 0x8A, 0x97, 0x0B, 0x0D, 0x3E, 0x9C, 0xE3, 0x28, 0xE9, 0xE9, 0xD0, 0xBD, 0x44, 0x5C,
    0xD2, 0xF0, 0xE4, 0x5D, 0x3C, 0x9C, 0xAD, 0xD3, 0x8A, 0x53, 0x7F, 0x69, 0xC9, 0x29, 0xD9, 0x8A,
    0x53, 0xC2, 0x0D, 0x3B, 0xEE, 0xBE, 0xA7, 0x9D, 0x0D, 0x36, 0xEF, 0x22, 0x58, 0x12, 0x61, 0x32,
    0x23, 0x3E, 0x08, 0x11, 0x6D, 0x21, 0x48, 0x21, 0x72, 0x30, 0x05, 0x46, 0x4F, 0xAA, 0xB1, 0x0B,
    0x58, 0x85, 0xAB, 0xBD, 0xCE, 0xFE, 0x0B, 0xD7, 0x45, 0x74, 0x0B, 0x0C, 0x13, 0x81, 0x51, 0xC8,
    0xAA, 0x9C, 0x24, 0x5B, 0xD6, 0xD4, 0x97, 0xC3, 0x64, 0x40, 0xF3, 0xF3, 0xF5, 0x3D, 0x8E, 0x58,
    0xB2, 0x00, 0x69, 0x8A, 0x30, 0x03, 0x37, 0x60, 0x0D, 0x44, 0x8B, 0x20, 0xB3, 0x64, 0xEC, 0x2E,
    0xC0, 0x72, 0xFF, 0x2B, 0x28, 0x42, 0xF2, 0xD2, 0xFA, 0xB9, 0x61, 0x52, 0x5B, 0xEA, 0xF4, 0x83,
    0xD3, 0x8D, 0x63, 0xFA, 0xFD, 0xD4, 0x3D, 0x01, 0xBB, 0xC1, 0x05, 0x18, 0xC5, 0x65, 0xD7, 0x7B,
    0x83, 0x3A, 0xFF, 0x2E, 0xA3, 0x21, 0x19, 0xB1, 0x14, 0xEC, 0xBF, 0x24, 0xEE, 0x9D, 0x84, 0x72,
    0x38, 0xAC, 0xD4, 0xE1, 0x89, 0xA2, 0x0C, 0x21, 0x14, 0x13, 0x55, 0x9A, 0xFE, 0x16, 0x6C, 0x39,
    0x7C, 0xFC, 0xF9, 0xA9, 0x8A, 0x54, 0x50, 0x4C, 0xE9, 0xB9, 0xC3, 0xBE, 0xD9, 0x19, 0x21, 0x46,
    0x4C, 0x2F, 0x6D, 0x80, 0x78, 0x67, 0xB2, 0x6F, 0x9C, 0x9E, 0xA4, 0x55, 0xF9, 0x48, 0xD5, 0xE1,
    0xD8, 0x84, 0xA5, 0x16, 0xCA, 0x84, 0xD4, 0xB6, 0x23, 0x49, 0xBB, 0x4C, 0x95, 0x0E, 0x43, 0x61,
    0x33, 0x98, 0x20, 0x7E, 0x00, 0xFB, 0xC5, 0xE6, 0x58, 0xDC, 0x27, 0xF4, 0xC6, 0xDB, 0x10, 0x2B,
    0x62, 0x7E, 0x7D, 0x46, 0xFD, 0x05, 0x63, 0x60, 0xB0, 0x3F, 0xC0, 0x00, 0x04, 0xF6, 0xFF, 0xFF,
    0x7F, 0x10, 0x60, 0x64, 0x70, 0xB0, 0xE1, 0x76, 0xF8, 0xA0, 0xC2, 0xC6, 0x30, 0x01, 0x00, 0x75,
    0x58, 0x0F, 0x70, 0x1B, 0xD5, 0x99, 0xFF, 0x76, 0x9F, 0xAD, 0xB5, 0xA4, 0x95, 0xE4, 0xCE, 0xC4,
    0x9C, 0x2F, 0x28, 0x96, 0x0B, 0x86, 0xAA, 0xB6, 0x23, 0x6F, 0xB8, 0x85, 0x73, 0x29, 0x44, 0x0B,
    0xE9, 0xB5, 0x9D, 0x1B, 0x32, 0x88, 0x39, 0x6D, 0x08, 0x24, 0xA1, 0x69, 0x67, 0x7A, 0x03, 0x2E,
    0x69, 0x04, 0x18, 0x2E, 0x24, 0xE1, 0xB2, 0x8E, 0x27, 0xE4, 0xA6, 0xD7, 0xDC, 0xD8, 0x24, 0xA1,
    0x77, 0x4C, 0xB8, 0x8A, 0xC4, 0xA1, 0xF1, 0x3A, 0x89, 0xC5, 0x8D, 0x29, 0x1C, 0x2D, 0xF6, 0xDA,
    0x2A, 0xF9, 0x03, 0x1B, 0x6E, 0x13, 0xE3, 0x72, 0x25, 0xBD, 0xA9, 0xAE, 0x25, 0xFC, 0x51, 0xE9,
    0xA0, 0x6B, 0xDD, 0x41, 0x04, 0xDB, 0x7B, 0xBF, 0xB7, 0x92, 0x1D, 0x27, 0xBD, 0xDB, 0xD5, 0xF7,
    0xED, 0x7B, 0x6F, 0xDF, 0xF7, 0xF6, 0xBD, 0xEF, 0x7D, 0xDF, 0xEF, 0x7D, 0x9F, 0x88, 0x70, 0xB9,
    0x6E, 0x89, 0x2C, 0xCA, 0x5C, 0x49, 0x42, 0x95, 0x44, 0x4E, 0x06, 0x65, 0x98, 0x46, 0x99, 0x20,
    0x51, 0x66, 0x19, 0xA8, 0x93, 0x22, 0x05, 0x2E, 0x9A, 0xBD, 0xEC, 0x1E, 0x9B, 0xBD, 0xBC, 0x4E,
    0xA4, 0xEB, 0xBA, 0x56, 0x34, 0x87, 0x0C, 0x87, 0x44, 0xE3, 0x1D, 0xF3, 0x79, 0xEF, 0x79, 0xDE,
    0xBD, 0x68, 0x68, 0x24, 0x68, 0xF8, 0xF0, 0x5C, 0x21, 0xC0, 0xEF, 0x2B, 0x9F, 0xB8, 0x67, 0x35,
    0x3E, 0x3C, 0xED, 0xC0, 0xDC, 0x32, 0xB9, 0x6E, 0x25, 0x93, 0x51, 0xFE, 0x6F, 0xDA, 0xD8, 0xAC,
    0x78, 0x1D, 0xE3, 0xB2, 0x47, 0x91, 0x72, 0xA4, 0x5C, 0x7B, 0x7F, 0x28, 0xE5, 0xD5, 0x97, 0xD4,
    0x51, 0x83, 0xAE, 0xA7, 0x93, 0xAE, 0x3B, 0x47, 0x58, 0x88, 0x47, 0x58, 0x4C, 0xD0, 0x75, 0xA7,
    0x17, 0xEA, 0x9C, 0xC8, 0xFB, 0x56, 0xC4, 0x25, 0x99, 0xF1, 0x5F, 0x68, 0x92, 0xE4, 0x2F, 0x57,
    0xCB, 0x72, 0x8C, 0x96, 0x7D, 0x46, 0x4D, 0xBD, 0x14, 0x67, 0xA4, 0x32, 0x52, 0x18, 0x65, 0x92,
    0xDE, 0xF7, 0x36, 0xE2, 0xB3, 0x59, 0x85, 0xCC, 0xC2, 0xCD, 0x03, 0x9C, 0x78, 0xD9, 0x23, 0x5C,
    0x4B, 0xE8, 0x56, 0x0A, 0x6A, 0xA2, 0x43, 0x06, 0x51, 0xCC, 0x50, 0xB2, 0x98, 0x62, 0x36, 0x66,
    0x54, 0x66, 0x09, 0xCD, 0x3A, 0xA2, 0xC5, 0x28, 0x4C, 0x51, 0x52, 0x51, 0x0D, 0x91, 0x44, 0xCC,
    0xF0, 0x34, 0xDE, 0xC9, 0x3B, 0xA8, 0x68, 0x0F, 0x13, 0xE3, 0xD3, 0x72, 0x48, 0x41, 0x07, 0x95,
    0xB2, 0x82, 0xC5, 0xB4, 0x20, 0xC9, 0x95, 0x0E, 0xB8, 0xF2, 0x24, 0x9C, 0x26, 0xF1, 0x0E, 0x62,
    0x2D, 0xE4, 0x57, 0x48, 0xCE, 0x52, 0x8B, 0x45, 0x2B, 0x0C, 0x52, 0x2C, 0x6A, 0xEC, 0x23, 0x59,
    0x21, 0x5F, 0x0B, 0x31, 0x99, 0x84, 0x3D, 0x44, 0x27, 0xB0, 0x3E, 0x08, 0xDC, 0xA0, 0xA9, 0x56,
    0x63, 0x9F, 0xAC, 0xF8, 0x5A, 0x98, 0x8C, 0xE6, 0x13, 0x74, 0x5A, 0xBC, 0x83, 0xB5, 0xF8, 0x15,
    0x39, 0xDB, 0x62, 0xAD, 0xF0, 0x26, 0x96, 0x2C, 0x29, 0x74, 0xE5, 0xDD, 0x4C, 0x54, 0x8F, 0x69,
    0x5D, 0x71, 0x77, 0x95, 0x1A, 0x52, 0x44, 0xD7, 0xAD, 0x6D, 0xAE, 0xB9, 0x26, 0x7D, 0x0D, 0x2D,
    0xBE, 0x6F, 0x26, 0x1A, 0xA0, 0xAF, 0x2F, 0xBE, 0x85, 0xAF, 0xEB, 0x75, 0x5A, 0x5D, 0x43, 0x1A,
    0x1B, 0x6D, 0xCC, 0xD1, 0x0C, 0x95, 0x69, 0x9A, 0x4A, 0x8B, 0xEE, 0x32, 0xDA, 0xE6, 0xC8, 0xD5,
    0x74, 0xE8, 0x3F, 0x59, 0x88, 0x14, 0xA4, 0x02, 0x2B, 0x88, 0x05, 0x01, 0x37, 0xE1, 0x16, 0x50,
    0x66, 0x68, 0x8B, 0x14, 0x3A, 0x0A, 0x0D, 0x1A, 0xE6, 0xA2, 0x6E, 0x54, 0x33, 0x7F, 0x72, 0x6F,
    0x54, 0xA1, 0x22, 0x85, 0x6A, 0x6A, 0x88, 0xA2, 0xF2, 0x65, 0xB4, 0xF4, 0xA7, 0xE1, 0xC1, 0xA5,
    0x47, 0xC3, 0x83, 0x57, 0xB6, 0xCF, 0x13, 0xCC, 0xC2, 0xE5, 0xE6, 0x41, 0x19, 0x3F, 0x34, 0x90,
    0x09, 0x11, 0xB5, 0x5E, 0x84, 0xCE, 0x1A, 0x5E, 0x5C, 0x5D, 0xAD, 0x7A, 0xAC, 0xC3, 0x3D, 0xC3,
    0x15, 0x84, 0x52, 0xAD, 0x1E, 0xE2, 0x46, 0x82, 0x2E, 0xB2, 0xB8, 0x87, 0x2D, 0x62, 0xE1, 0xA1,
    0x7F, 0x5C, 0x07, 0xB6, 0xB3, 0x4C, 0x35, 0xDE, 0xFE, 0xF4, 0x81, 0x4E, 0x98, 0x47, 0xC4, 0x37,
    0xF4, 0x07, 0xD9, 0x5F, 0x93, 0x1C, 0x0C, 0xC0, 0x8A, 0x40, 0x5F, 0x06, 0x5D, 0x0B, 0x62, 0x57,
    0x52, 0x10, 0xFD, 0x82, 0xE6, 0x51, 0x5E, 0xE6, 0xBB, 0x25, 0x18, 0xD8, 0x12, 0xF6, 0xD0, 0xC7,
    0x33, 0xC4, 0x56, 0xD8, 0x51, 0x0A, 0xAC, 0x78, 0xB3, 0x85, 0xC2, 0x2B, 0xF2, 0x19, 0x4A, 0xAC,
    0x98, 0x70, 0x68, 0xEB, 0x8A, 0x37, 0x46, 0xE8, 0xDE, 0x15, 0x33, 0x31, 0x0A, 0x10, 0x14, 0x1B,
    0x80, 0x89, 0x50, 0xA0, 0xC3, 0x9D, 0xA1, 0x40, 0xED, 0xA6, 0x74, 0xB5, 0xAA, 0x6F, 0xD2, 0x29,
    0x30, 0xE6, 0xBA, 0x74, 0xE9, 0x12, 0x7A, 0x61, 0x4F, 0x6C, 0x15, 0x98, 0xC4, 0xC0, 0x02, 0x7F,
    0xA6, 0x5F, 0xA0, 0xF0, 0x8E, 0xDF, 0xCE, 0x51, 0x42, 0x82, 0xB6, 0xB7, 0x06, 0x6F, 0x2F, 0xD1,
    0xBD, 0x91, 0xC9, 0x69, 0x0A, 0x5C, 0xFD, 0xD8, 0x07, 0x14, 0xF8, 0xCB, 0x3F, 0xFF, 0x25, 0x05,
    0x1E, 0x89, 0xBE, 0x43, 0x81, 0x49, 0x75, 0x92, 0x02, 0xAB, 0xEA, 0x21, 0xE1, 0x89, 0x71, 0x06,
    0x93, 0xC2, 0x7E, 0xF5, 0x5B, 0x16, 0x8D, 0x5B, 0x8E, 0xF8, 0x4C, 0xB1, 0xC8, 0x96, 0x16, 0x8B,
    0x11, 0xC1, 0x72, 0x62, 0xA4, 0x19, 0xDB, 0x22, 0xEE, 0xCC, 0xB5, 0xA1, 0x0D, 0xEB, 0x99, 0x2C,
    0xCB, 0x8C, 0x3F, 0x51, 0xF7, 0xCA, 0x9C, 0xC2, 0xC7, 0x8F, 0xB2, 0x90, 0xFE, 0xA0, 0x50, 0x53,
    0x55, 0x54, 0xC5, 0xF9, 0xA4, 0x11, 0xB0, 0xED, 0x61, 0x14, 0xDC, 0xB9, 0x69, 0x5A, 0x29, 0x58,
    0x9B, 0x49, 0x32, 0x8B, 0x39, 0x92, 0xD6, 0x4C, 0x81, 0xE9, 0x53, 0x19, 0xBC, 0x00, 0x40, 0x55,
    0x04, 0x8A, 0xA6, 0x05, 0x29, 0xC8, 0x09, 0xC5, 0xA1, 0xC5, 0x25, 0x4C, 0x09, 0x93, 0xEA, 0x73,
    0x1C, 0x7A, 0xA7, 0x78, 0x51, 0x7C, 0xED, 0xC2, 0x05, 0xA6, 0x8D, 0xEC, 0x0B, 0x0A, 0x8F, 0xAF,
    0x8F, 0x89, 0xAF, 0xE4, 0xB6, 0x91, 0xEA, 0x5C, 0x1B, 0x73, 0x5D, 0x46, 0xCB, 0x89, 0x89, 0x17,
    0x07, 0x58, 0xC7, 0xD4, 0x83, 0xAC, 0x7E, 0x6A, 0x3D, 0xA3, 0xE2, 0x51, 0x46, 0x56, 0x94, 0x91,
    0x3B, 0x83, 0x45, 0xD5, 0x08, 0xBB, 0xF4, 0x94, 0xB8, 0xE7, 0x89, 0x0C, 0x0B, 0x8F, 0xE6, 0xA4,
    0xD0, 0x03, 0x99, 0x30, 0x9E, 0x89, 0xDA, 0xDB, 0x52, 0x2B, 0x77, 0x98, 0xB3, 0xAD, 0x5D, 0xE6,
    0x60, 0x80, 0xD3, 0x77, 0x40, 0x0D, 0x0F, 0xA4, 0x03, 0x0D, 0x4F, 0xA4, 0x03, 0x4B, 0x47, 0x8F,
    0x70, 0x8D, 0x07, 0xDC, 0xAA, 0xAE, 0xBD, 0xF5, 0x70, 0x16, 0x71, 0xB1, 0x23, 0x95, 0xEA, 0x6D,
    0x16, 0xB0, 0x6E, 0xBC, 0xC7, 0xA2, 0xAB, 0xA6, 0xF4, 0xB7, 0xA8, 0x8A, 0x45, 0xC2, 0xFC, 0xDC,
    0x2D, 0x80, 0x04, 0x98, 0xC4, 0x19, 0xB0, 0x75, 0xCE, 0x9C, 0x85, 0x05, 0xEA, 0xF0, 0xB0, 0x46,
    0x0F, 0x0C, 0x88, 0x0A, 0x71, 0x20, 0x66, 0x08, 0x1B, 0x2B, 0x69, 0x09, 0xD3, 0xB5, 0x6E, 0x3E,
    0x9C, 0x2A, 0xC1, 0x15, 0xEA, 0xA9, 0x9B, 0xBF, 0x6B, 0xC6, 0xBB, 0x76, 0xC8, 0x05, 0xA9, 0xBD,
    0x61, 0x9D, 0x35, 0x36, 0x37, 0xC8, 0x31, 0x39, 0x43, 0x55, 0x83, 0xC5, 0x00, 0x61, 0x0E, 0x78,
    0x92, 0x45, 0x91, 0x39, 0x33, 0x87, 0x7D, 0x0B, 0xD4, 0x93, 0xB4, 0x44, 0x6E, 0x26, 0x59, 0x56,
    0x3B, 0x29, 0x39, 0x37, 0x36, 0x43, 0xF5, 0xA2, 0x51, 0x53, 0x99, 0xA8, 0x37, 0x33, 0x6A, 0xFA,
    0x08, 0x62, 0x2F, 0x9C, 0x34, 0xE8, 0xEA, 0x1E, 0xEB, 0x53, 0xEA, 0x14, 0xAC, 0xA5, 0xF3, 0xF0,
    0x08, 0x9B, 0x74, 0x5D, 0x87, 0x8F, 0xC7, 0xFA, 0x30, 0xD3, 0xCD, 0x2F, 0x13, 0x05, 0xE7, 0xB4,
    0x40, 0x59, 0x2C, 0xD5, 0x02, 0x28, 0x02, 0xA6, 0xD9, 0xE7, 0xBB, 0xB0, 0xC6, 0xA2, 0x9C, 0xA4,
    0xD1, 0xF2, 0xE5, 0xD8, 0x4C, 0xEC, 0xD8, 0xDF, 0x8F, 0x6A, 0xC9, 0x3E, 0xDF, 0x9C, 0x27, 0xCC,
    0x1D, 0x94, 0xA2, 0x51, 0xB0, 0x4E, 0xCF, 0xB5, 0x24, 0x30, 0x20, 0x21, 0x07, 0xBF, 0x02, 0x45,
    0x88, 0x6E, 0xE1, 0xF0, 0x16, 0xE3, 0xDF, 0x28, 0x10, 0x0E, 0x9A, 0xEC, 0x9F, 0xB0, 0xA2, 0x89,
    0x17, 0xA6, 0x59, 0x98, 0xB7, 0xE8, 0x9D, 0xA4, 0x6B, 0x13, 0xC6, 0x4F, 0x26, 0xC6, 0xAD, 0xFE,
    0xBC, 0xE6, 0xF4, 0x9F, 0xA4, 0x5C, 0xFF, 0x9B, 0xA4, 0xF6, 0x7F, 0xD4, 0x1C, 0xED, 0xB7, 0x32,
    0x30, 0xCF, 0x1C, 0xE8, 0x1C, 0x8D, 0x8D, 0x4F, 0x18, 0x59, 0x66, 0x58, 0x9A, 0x84, 0x31, 0x22,
    0x63, 0x25, 0x0A, 0x68, 0x6A, 0x45, 0xBE, 0x05, 0xF2, 0x71, 0xFA, 0x89, 0x11, 0xA7, 0xFE, 0x5D,
    0x4F, 0xA4, 0xFB, 0x9F, 0x19, 0x1D, 0xE8, 0x37, 0xB6, 0x53, 0x3F, 0x80, 0xAA, 0xBF, 0xE7, 0xB7,
    0xD4, 0xBF, 0xF3, 0x01, 0xA3, 0x7F, 0x77, 0xDC, 0x19, 0xDB, 0x13, 0xCF, 0xF4, 0x6D, 0x89, 0xDF,
    0xA2, 0x35, 0xC7, 0x6B, 0x38, 0x7C, 0x57, 0xA8, 0x72, 0xE9, 0x11, 0xB7, 0xF4, 0xD9, 0xF7, 0x49,
    0x39, 0xB7, 0x47, 0xCF, 0x9D, 0xFB, 0x27, 0x33, 0x77, 0x8E, 0x97, 0xF9, 0x73, 0xD7, 0xB7, 0x53,
    0xE7, 0x30, 0xEE, 0x7B, 0xBB, 0x1E, 0x4F, 0xB9, 0xCF, 0x8C, 0x66, 0x1D, 0xC8, 0x68, 0x5C, 0xAE,
    0xE1, 0xF1, 0x34, 0xB5, 0x9A, 0x47, 0xBC, 0x73, 0xAD, 0x84, 0x73, 0x4D, 0xB1, 0x32, 0xF3, 0xB4,
    0x35, 0x57, 0xCC, 0xB5, 0x66, 0x4D, 0x0E, 0x1D, 0xD4, 0x35, 0x60, 0x66, 0x5F, 0x79, 0xB1, 0x98,
    0xEB, 0xBB, 0xCE, 0x52, 0xE6, 0x89, 0xD7, 0x0F, 0x3F, 0x3A, 0x95, 0xB9, 0xE4, 0xD1, 0x0A, 0xE9,
    0x50, 0xD9, 0x67, 0x3B, 0xDC, 0xF2, 0x64, 0x86, 0x1A, 0x27, 0xEF, 0x35, 0xF7, 0x4D, 0x7E, 0x75,
    0x4A, 0x9B, 0x5C, 0x75, 0xBB, 0x31, 0x79, 0xE7, 0x9A, 0xC2, 0xE4, 0x9D, 0x66, 0xE6, 0x7D, 0x4D,
    0x21, 0xF7, 0xAF, 0x1E, 0x4D, 0x39, 0x4B, 0x47, 0xB3, 0x1A, 0x29, 0x15, 0x83, 0x1A, 0xE3, 0x86,
    0x59, 0x91, 0xDF, 0xD1, 0xFA, 0xCA, 0xC0, 0x8F, 0x6E, 0xD4, 0xEF, 0xDF, 0xBB, 0xA2, 0x37, 0xBE,
    0x37, 0x46, 0x85, 0xBD, 0x4B, 0xA8, 0x79, 0x6F, 0xCC, 0x2D, 0xED, 0x15, 0x7B, 0xB4, 0xBD, 0xC1,
    0x35, 0xCE, 0xDE, 0xD8, 0xC5, 0xEE, 0x31, 0x7E, 0x00, 0x61, 0x9D, 0x29, 0xCF, 0x18, 0x55, 0x6E,
    0x26, 0x65, 0x80, 0x66, 0x0A, 0xE8, 0x32, 0x8D, 0xF3, 0x5D, 0x3D, 0x68, 0x0E, 0x82, 0x8E, 0xA9,
    0x07, 0xB5, 0xA8, 0xFA, 0x5C, 0x41, 0x55, 0xB3, 0xB7, 0xE4, 0xD4, 0x6C, 0xD0, 0x02, 0x39, 0x6A,
    0x76, 0xFB, 0x16, 0xF5, 0x90, 0x13, 0x56, 0x9F, 0x43, 0xBF, 0x57, 0x4C, 0x73, 0x84, 0x13, 0xF1,
    0x43, 0x85, 0xF8, 0x34, 0xDC, 0x12, 0xE4, 0x95, 0x83, 0xEE, 0xAC, 0x72, 0xE8, 0x6B, 0x7E, 0xE5,
    0x90, 0x04, 0xE2, 0x65, 0xE9, 0x52, 0x39, 0x2B, 0x51, 0x85, 0x44, 0x52, 0x20, 0x9B, 0xE3, 0x74,
    0x99, 0xBC, 0x9E, 0x56, 0x9E, 0x9B, 0x7A, 0x10, 0xB4, 0x5E, 0xF1, 0xCA, 0xE6, 0xA0, 0x72, 0xD0,
    0xF0, 0x7B, 0x63, 0x7A, 0xCF, 0xE2, 0x31, 0xE5, 0xA0, 0x86, 0xA7, 0xF6, 0xB2, 0xF2, 0xA2, 0xAE,
    0x67, 0x2E, 0xC9, 0x5B, 0x54, 0x7B, 0x17, 0xF0, 0xEA, 0x8F, 0xE3, 0x56, 0xE3, 0x8D, 0x13, 0xA0,
    0xBC, 0xD3, 0x78, 0xE3, 0x1B, 0xDD, 0xCB, 0x1E, 0xFD, 0x68, 0x59, 0xE0, 0xB9, 0x77, 0x03, 0xDC,
    0x1D, 0xE0, 0xC0, 0xE5, 0xC5, 0x31, 0x42, 0xC3, 0x9A, 0x29, 0xBD, 0xD5, 0x34, 0x4D, 0xE6, 0x39,
    0x02, 0x83, 0x12, 0x19, 0xD0, 0x1F, 0x4C, 0x5F, 0x4F, 0xC9, 0x3F, 0x98, 0x47, 0x49, 0x5A, 0xE5,
    0x55, 0x51, 0x62, 0xC2, 0xBD, 0x69, 0x9C, 0xE0, 0x01, 0xF4, 0x13, 0xEE, 0x43, 0xE9, 0xC7, 0xC3,
    0x83, 0x14, 0xEB, 0x43, 0xB5, 0x93, 0xB7, 0x51, 0xED, 0x7D, 0x3A, 0xD1, 0x52, 0xD3, 0xA4, 0xCA,
    0x50, 0x12, 0xBE, 0xC3, 0x24, 0x58, 0x87, 0xC7, 0x92, 0xEF, 0x83, 0x49, 0x5E, 0x1B, 0xF7, 0xE0,
    0x0A, 0x8B, 0xB8, 0xB3, 0x28, 0xED, 0xD0, 0x88, 0xE5, 0xFE, 0xCB, 0xA1, 0xD8, 0xDE, 0xEF, 0x23,
    0x56, 0x68, 0x92, 0x97, 0xF3, 0x78, 0xC7, 0x87, 0x21, 0x64, 0xCF, 0xBD, 0x30, 0x30, 0x7F, 0xFA,
    0x22, 0x9F, 0xCC, 0x92, 0x8F, 0x14, 0x99, 0x7C, 0x81, 0x83, 0x47, 0x28, 0x79, 0xCE, 0x19, 0x01,
    0x6A, 0x8F, 0xFC, 0x8E, 0x7C, 0x21, 0xE9, 0x49, 0xBC, 0x10, 0x16, 0xBA, 0x3C, 0x1C, 0x22, 0xDF,
    0x91, 0x47, 0xA2, 0x14, 0xDB, 0x7D, 0x76, 0x84, 0x3A, 0x59, 0x01, 0xFE, 0x1A, 0xBE, 0xA1, 0x8C,
    0x59, 0x86, 0x23, 0xB4, 0x80, 0xCE, 0xE2, 0x50, 0x31, 0x5B, 0x5D, 0x7E, 0x1A, 0x73, 0x3E, 0x42,
    0x0E, 0x03, 0x96, 0xEC, 0x28, 0xF3, 0x67, 0xED, 0x87, 0xEB, 0xF6, 0xB5, 0xEE, 0xDF, 0x9F, 0xF6,
    0xF0, 0x8B, 0x23, 0x34, 0xEF, 0xA7, 0x4F, 0x79, 0xE1, 0x16, 0x13, 0xF4, 0x34, 0x63, 0x80, 0x7B,
    0x16, 0x92, 0xB9, 0xB6, 0x92, 0xBF, 0xF1, 0xCB, 0x12, 0x1B, 0x3E, 0xEA, 0xB5, 0x0B, 0xEE, 0x34,
    0x13, 0x0D, 0x95, 0x89, 0xC5, 0x11, 0xF6, 0x6F, 0x53, 0xDD, 0xB1, 0xA7, 0xF6, 0x77, 0x77, 0xA2,
    0x0C, 0x2C, 0x6B, 0x21, 0xB1, 0x67, 0x64, 0x01, 0x70, 0x30, 0x5E, 0x87, 0x8B, 0xB5, 0xEB, 0x50,
    0x18, 0x87, 0x16, 0x8E, 0xFD, 0xB8, 0xC2, 0xA6, 0xF9, 0x53, 0xB9, 0x75, 0x30, 0x2A, 0x2B, 0x52,
    0x54, 0x6E, 0x35, 0x6F, 0xA9, 0x11, 0xAC, 0xFA, 0x85, 0xEF, 0xAF, 0xA9, 0x7C, 0xDF, 0x53, 0x05,
    0x0F, 0xAE, 0x22, 0xEE, 0x9C, 0x44, 0x7A, 0x4A, 0x22, 0x2B, 0x93, 0x74, 0x8A, 0x59, 0x29, 0x60,
    0x0E, 0x4A, 0x21, 0xFD, 0x1E, 0x29, 0x74, 0xF8, 0x17, 0x52, 0xE8, 0x15, 0x10, 0x2D, 0x0F, 0x3A,
    0x7E, 0x7A, 0x02, 0x73, 0xAC, 0x27, 0x7F, 0x65, 0x77, 0xB0, 0x50, 0xAE, 0x57, 0x9F, 0xE4, 0x4E,
    0xFB, 0x7C, 0xB2, 0xEA, 0x93, 0x8E, 0x8F, 0x24, 0xDF, 0x96, 0xD5, 0x80, 0xB4, 0xA1, 0xDB, 0xE7,
    0x33, 0x07, 0x7C, 0xB5, 0x77, 0xA5, 0x7D, 0x6D, 0x2F, 0xBD, 0xEA, 0xFB, 0xDB, 0x9B, 0xF4, 0x60,
    0xF1, 0xB1, 0xC1, 0x5B, 0x51, 0xA6, 0xEB, 0x6F, 0xD2, 0xA9, 0xF5, 0xB1, 0x41, 0x6A, 0x7D, 0xE9,
    0x98, 0x37, 0x77, 0x47, 0xE5, 0xF3, 0x87, 0xCF, 0x31, 0x03, 0x3E, 0x2B, 0xF1, 0x63, 0x33, 0x82,
    0x89, 0x51, 0xC7, 0x55, 0x53, 0x2F, 0xD2, 0x36, 0xA6, 0xE5, 0xE8, 0x0B, 0x0C, 0xC0, 0x27, 0x05,
    0xF8, 0x89, 0x1C, 0xB9, 0x1D, 0x1A, 0x14, 0x3E, 0xD1, 0xD0, 0xAF, 0x83, 0x77, 0xDE, 0x81, 0x36,
    0xA9, 0xF0, 0x32, 0x49, 0x2B, 0x11, 0x0D, 0x0A, 0x0B, 0x1E, 0x0F, 0xF0, 0xEC, 0x1A, 0x35, 0xB3,
    0x5D, 0xC5, 0xE1, 0xAC, 0x68, 0x45, 0x49, 0xFC, 0x14, 0xAA, 0x8A, 0x7D, 0x4A, 0xC9, 0x0F, 0xA4,
    0x42, 0x3D, 0x8C, 0xC0, 0x1C, 0x35, 0x07, 0xF4, 0x3F, 0xDE, 0x97, 0xE6, 0xEF, 0xA4, 0x77, 0xF1,
    0xFD, 0xCD, 0xD8, 0xD2, 0xEF, 0x6E, 0xD6, 0x92, 0x05, 0xA1, 0x54, 0x3F, 0x3F, 0x06, 0x5F, 0x18,
    0xCC, 0x10, 0x06, 0xE6, 0x27, 0x2B, 0x4E, 0x89, 0x2C, 0x67, 0x39, 0x30, 0xF9, 0xEF, 0x30, 0xBB,
    0xC6, 0x87, 0x50, 0x8A, 0xF3, 0x36, 0xD5, 0x01, 0xEB, 0x3C, 0x89, 0xB6, 0xC8, 0xB8, 0xD5, 0x4E,
    0xCC, 0x42, 0x35, 0xC8, 0xFB, 0x45, 0x9B, 0xF9, 0x5B, 0x1A, 0x2F, 0xF3, 0x6D, 0xD2, 0x10, 0x14,
    0xE9, 0x5A, 0xD3, 0xB0, 0x69, 0x35, 0x42, 0xC3, 0x4D, 0x43, 0xA6, 0xB5, 0x6C, 0xDD, 0x1A, 0xAF,
    0x8C, 0xD3, 0xD6, 0xAA, 0xDD, 0xA4, 0x6B, 0xFA, 0xE3, 0x7A, 0x6A, 0xE8, 0xE2, 0xF0, 0x80, 0x37,
    0x29, 0xAE, 0x94, 0xCD, 0x00, 0xF0, 0xEF, 0x8E, 0x6A, 0x63, 0x7D, 0xA2, 0x77, 0xA4, 0x73, 0x27,
    0x90, 0x44, 0x77, 0xD6, 0x27, 0xEE, 0x0E, 0x75, 0x3C, 0xDF, 0x1B, 0x4A, 0xFC, 0xB8, 0x37, 0x24,
    0xDF, 0x04, 0xBA, 0xA1, 0x37, 0xD4, 0x78, 0x83, 0x3B, 0x1B, 0x7F, 0x78, 0x77, 0xA8, 0xE9, 0xA9,
    0xDE, 0x10, 0x9B, 0xE8, 0x0D, 0x89, 0xBF, 0xEF, 0x0D, 0x49, 0x5B, 0x7B, 0x43, 0x4D, 0xE8, 0xDF,
    0x29, 0x4E, 0x6D, 0xA8, 0xC8, 0xEB, 0x29, 0x18, 0x54, 0x59, 0x12, 0x8C, 0xC6, 0x8E, 0xC3, 0xA0,
    0x7F, 0x37, 0x1A, 0x43, 0xD7, 0xB9, 0x65, 0x59, 0xD5, 0xD3, 0x51, 0xA8, 0x3F, 0xFE, 0xB0, 0x39,
    0xD8, 0x74, 0x68, 0xFF, 0x06, 0x36, 0x49, 0x21, 0xF1, 0x0F, 0x14, 0x92, 0xB6, 0x51, 0xA8, 0x89,
    0x41, 0x9E, 0xED, 0xDF, 0xC0, 0x55, 0x1B, 0x20, 0x2B, 0xCB, 0x55, 0x91, 0x85, 0xB1, 0x80, 0x25,
    0x76, 0x9D, 0x3D, 0x4C, 0x89, 0xF3, 0xEF, 0x5D, 0x24, 0x79, 0xC2, 0x2A, 0x51, 0x63, 0xBE, 0x30,
    0x4D, 0x2D, 0xF9, 0xFF, 0x29, 0xD3, 0x8A, 0x13, 0xE7, 0x8F, 0x52, 0x62, 0x4F, 0xFE, 0x18, 0x05,
    0xD7, 0x9F, 0x7E, 0x9E, 0xD8, 0x3E, 0xFB, 0x10, 0x85, 0x0B, 0x3F, 0xCB, 0x62, 0x53, 0x20, 0xA6,
    0x70, 0xB6, 0x70, 0x4E, 0xFA, 0x30, 0x60, 0x00, 0x67, 0xB2, 0x1F, 0x01, 0x4D, 0xA2, 0x4F, 0x4D,
    0x25, 0x72, 0x8E, 0x22, 0x3F, 0xE2, 0xCE, 0x34, 0x7E, 0x2B, 0xED, 0x6F, 0xE9, 0x37, 0x07, 0x54,
    0x1C, 0x0E, 0x9D, 0x13, 0xC5, 0x97, 0x23, 0x3B, 0xF7, 0xDF, 0xCF, 0xF0, 0x0C, 0xFE, 0x7A, 0x6A,
    0x4B, 0xF4, 0x1A, 0x23, 0xAE, 0x8A, 0x3D, 0xD3, 0x15, 0x79, 0x1C, 0x8E, 0x01, 0x61, 0x5D, 0x9A,
    0xFC, 0xE2, 0xF0, 0x11, 0x6A, 0x82, 0xF5, 0x52, 0xE2, 0x85, 0x75, 0x3A, 0xC9, 0x8F, 0x01, 0x36,
    0xA2, 0x1B, 0x95, 0x2C, 0xF6, 0xC8, 0x69, 0x27, 0x75, 0xF2, 0xAB, 0x3E, 0x6A, 0xB7, 0xF0, 0x36,
    0x38, 0x81, 0x7E, 0x6C, 0x1C, 0x12, 0xC1, 0x1C, 0xAA, 0xD1, 0x7A, 0x1C, 0xD0, 0x6A, 0x64, 0x71,
    0x00, 0xE8, 0xA3, 0xF1, 0x74, 0x80, 0xF2, 0xB3, 0x7E, 0xCA, 0xFB, 0x13, 0xFB, 0xDF, 0xF6, 0x27,
    0x86, 0x3E, 0xF3, 0xCB, 0xDF, 0xCC, 0xCF, 0x36, 0x1E, 0x9C, 0xF4, 0xC7, 0xF7, 0x7E, 0xE2, 0x57,
    0x4F, 0xFE, 0xCA, 0xDF, 0x79, 0xE6, 0xE4, 0x6C, 0xE4, 0x1F, 0xF2, 0x7E, 0x66, 0xE5, 0xFD, 0xC1,
    0x42, 0xDE, 0x1F, 0x45, 0x7F, 0x95, 0xF2, 0xF7, 0x20, 0x86, 0xA1, 0x8A, 0xD9, 0xF8, 0x3C, 0xE2,
    0xEB, 0x6A, 0x4A, 0x25, 0x9D, 0x44, 0xEE, 0xF9, 0x8C, 0xFC, 0xF0, 0x89, 0xE5, 0xD1, 0x2E, 0x9F,
    0x2F, 0xFE, 0x9C, 0x5B, 0x56, 0xCF, 0x5A, 0xF1, 0xF6, 0x71, 0xAC, 0x67, 0x7C, 0xEA, 0x7E, 0x36,
    0x3E, 0xB5, 0x45, 0xCA, 0xE9, 0xE9, 0x65, 0x9F, 0xD7, 0x75, 0x35, 0x58, 0x71, 0xC8, 0xEA, 0x44,
    0xFA, 0x36, 0x22, 0x56, 0xBD, 0xF0, 0x22, 0xF9, 0x79, 0x73, 0x53, 0xAA, 0x7F, 0x23, 0x0C, 0xF0,
    0x1B, 0x29, 0x92, 0x33, 0x37, 0x23, 0x81, 0xF9, 0x16, 0xF0, 0x2A, 0x3E, 0x6C, 0x0E, 0xC3, 0x00,
    0xBB, 0xFA, 0xB1, 0x38, 0x48, 0x04, 0xC7, 0x39, 0x1C, 0x8E, 0xE3, 0x40, 0x95, 0x5E, 0x00, 0x5B,
    0xF6, 0xF9, 0xA9, 0x2D, 0xA4, 0x0A, 0xC5, 0x97, 0x2F, 0x2D, 0x0E, 0x31, 0x98, 0xE6, 0xA7, 0x6C,
    0xD6, 0x2F, 0xBA, 0xE5, 0xA6, 0xA7, 0xB4, 0x74, 0xE2, 0xFD, 0x66, 0x5B, 0x1E, 0xFE, 0x64, 0xB6,
    0x71, 0x5F, 0x93, 0x10, 0x3F, 0xFB, 0x6B, 0x47, 0x7D, 0x73, 0x75, 0x62, 0xB9, 0x35, 0x62, 0x04,
    0x77, 0xAE, 0x32, 0x98, 0xF5, 0x44, 0x34, 0x78, 0xA8, 0xAF, 0x10, 0xAD, 0x8F, 0x69, 0x2A, 0x7B,
    0x97, 0x16, 0xFC, 0x8B, 0x63, 0x33, 0x74, 0xD7, 0x70, 0xF7, 0xFE, 0xD4, 0xFC, 0xE1, 0x34, 0x4F,
    0xF4, 0xFF, 0x5C, 0x2E, 0x3F, 0x24, 0x16, 0x2E, 0x66, 0x54, 0x83, 0xBF, 0x0E, 0x1E, 0xFC, 0xB5,
    0x73, 0x7F, 0x8D, 0x73, 0x74, 0x5E, 0x42, 0x54, 0xC7, 0x73, 0x4E, 0xD8, 0xBB, 0x03, 0x97, 0xA7,
    0x1C, 0xEF, 0xD3, 0x89, 0x30, 0x89, 0xC2, 0xCB, 0xB9, 0x18, 0xF7, 0x83, 0x20, 0xC6, 0x11, 0xCA,
    0x91, 0x3E, 0x5A, 0xA9, 0xD1, 0xE8, 0xE2, 0x4F, 0xF0, 0x41, 0x39, 0xA8, 0xD1, 0x4A, 0xD3, 0x3C,
    0x86, 0x65, 0x5B, 0x21, 0x52, 0x25, 0x07, 0xA7, 0xC2, 0xB2, 0x2D, 0x78, 0x3B, 0x12, 0xD1, 0x28,
    0xE8, 0x88, 0xD3, 0x74, 0xAB, 0x12, 0x02, 0x72, 0x28, 0x3C, 0xB2, 0x52, 0xE6, 0x33, 0x17, 0xE2,
    0xDD, 0x18, 0x04, 0x90, 0x50, 0x86, 0xAA, 0x67, 0x84, 0x77, 0x85, 0x2B, 0x2B, 0xBD, 0xB4, 0xCA,
    0x7A, 0x25, 0x95, 0x53, 0x9A, 0xB9, 0x8B, 0x22, 0x94, 0xD4, 0xB6, 0x84, 0x85, 0xE9, 0x54, 0x3B,
    0xD2, 0xBF, 0x8C, 0x42, 0x82, 0x03, 0xB7, 0xD5, 0xBE, 0x81, 0xE3, 0xF0, 0x33, 0xC3, 0xAF, 0x91,
    0x55, 0x19, 0x40, 0xC4, 0xA4, 0x6A, 0xF9, 0xA4, 0xBC, 0x95, 0xC6, 0x05, 0x4B, 0xA6, 0xB8, 0x54,
    0x02, 0x04, 0x2D, 0x6F, 0xC2, 0x4B, 0xA4, 0x6D, 0x94, 0x18, 0x73, 0x13, 0x95, 0x83, 0x1A, 0xE8,
    0xAD, 0x91, 0xC8, 0x23, 0x47, 0x51, 0xA3, 0x79, 0x56, 0x34, 0xC1, 0xF6, 0xEB, 0xCE, 0xE5, 0x0B,
    0x6D, 0x1D, 0x2A, 0x0E, 0x7E, 0x49, 0xD7, 0x37, 0x00, 0x25, 0x42, 0xBE, 0xA1, 0xE2, 0x00, 0x3F,
    0xA7, 0x45, 0x4F, 0x6F, 0x16, 0x30, 0xB9, 0x78, 0x04, 0x58, 0x93, 0xE6, 0x84, 0x73, 0x78, 0x90,
    0x96, 0xD4, 0x92, 0x80, 0xE4, 0x30, 0x81, 0x68, 0x73, 0x61, 0x0C, 0x2C, 0xAC, 0x6B, 0xD8, 0xCC,
    0x1E, 0xD6, 0xF5, 0xEE, 0x3E, 0x2B, 0xAA, 0x6E, 0x46, 0x2C, 0x29, 0xC0, 0x4F, 0x08, 0xE4, 0xF2,
    0x9C, 0x9F, 0x2B, 0xDA, 0x75, 0xB5, 0x00, 0x22, 0xCA, 0xA0, 0x39, 0x84, 0x9C, 0x9A, 0x55, 0x08,
    0x6D, 0x97, 0xEC, 0x40, 0xF4, 0x62, 0x78, 0xA7, 0x1A, 0x10, 0xAB, 0xDC, 0x30, 0x9A, 0x2D, 0x11,
    0x87, 0x2B, 0xB2, 0x70, 0x64, 0x88, 0x43, 0x1F, 0xD2, 0x55, 0x17, 0xD6, 0xBD, 0x85, 0x6D, 0x8B,
    0x00, 0xA5, 0x3F, 0xBA, 0x3A, 0x43, 0xA1, 0xD7, 0xFF, 0xE2, 0x7E, 0x8A, 0x5B, 0x87, 0x56, 0x53,
    0x66, 0xA2, 0xF7, 0x6B, 0x95, 0x7E, 0x15, 0xA6, 0x2D, 0x8C, 0x69, 0x60, 0x13, 0x2F, 0xA4, 0x13,
    0xD8, 0xC3, 0x16, 0x5D, 0x5F, 0x8D, 0x2C, 0xE6, 0x67, 0x30, 0x02, 0x4B, 0x00, 0x48, 0x7A, 0x4F,
    0x2F, 0x97, 0x31, 0xBC, 0xD3, 0x93, 0x07, 0x19, 0xD4, 0x1D, 0xD0, 0x44, 0x47, 0x28, 0x25, 0xA8,
    0xBA, 0x38, 0xB1, 0x82, 0x94, 0x4B, 0x18, 0xA5, 0x5A, 0x18, 0x65, 0x17, 0xD3, 0x17, 0xD7, 0x99,
    0x85, 0x8E, 0x61, 0x1E, 0x1B, 0x57, 0xD1, 0xB4, 0x4A, 0xD8, 0xDD, 0xB2, 0xCE, 0xB3, 0x5B, 0xBE,
    0xF1, 0xF8, 0x48, 0x48, 0xB0, 0xA2, 0xF3, 0xC4, 0xB3, 0x93, 0xDA, 0xEA, 0x3B, 0x04, 0xEE, 0x03,
    0xDE, 0x5E, 0x2E, 0xFE, 0x43, 0xA4, 0x1A, 0xF0, 0x24, 0xAB, 0x79, 0x8D, 0x86, 0x93, 0xC7, 0x89,
    0x8A, 0x16, 0xA7, 0x0B, 0x9B, 0xD6, 0x58, 0x68, 0xF6, 0xFE, 0x35, 0xC0, 0x5C, 0xE9, 0x46, 0x7D,
    0x1D, 0x1C, 0x44, 0xF2, 0x9E, 0x37, 0xC3, 0x6F, 0x79, 0x99, 0x13, 0x3F, 0xEC, 0x54, 0xD8, 0x13,
    0x37, 0x82, 0x3A, 0x1E, 0xA5, 0x04, 0x01, 0xCA, 0xFE, 0xBA, 0x46, 0xFB, 0x74, 0x14, 0x74, 0x7C,
    0xAD, 0x7D, 0x5A, 0xE6, 0xCF, 0x7F, 0xB6, 0x4F, 0xEB, 0x28, 0x53, 0xA3, 0x6D, 0x0F, 0xAD, 0xB5,
    0xED, 0x9E, 0xB5, 0x67, 0xEC, 0xA7, 0xD7, 0xBA, 0x1F, 0x98, 0x6B, 0xA9, 0x5B, 0x6B, 0xA4, 0x8D,
    0x82, 0xB7, 0x69, 0x75, 0x64, 0x59, 0x1E, 0x05, 0xDD, 0xE9, 0x53, 0x3D, 0x53, 0xCE, 0x29, 0xC3,
    0xB2, 0x4E, 0x3D, 0xF9, 0xDE, 0x5B, 0xA7, 0xBE, 0x67, 0x1E, 0x39, 0x85, 0x99, 0x9C, 0xEA, 0x75,
    0x4B, 0xA7, 0x7A, 0x29, 0x73, 0xAA, 0x57, 0xCF, 0x9D, 0xC9, 0x17, 0x4B, 0x6E, 0x1E, 0x49, 0xD0,
    0xAA, 0xFD, 0x39, 0xE4, 0x0B, 0x3C, 0xEB, 0xA1, 0x3A, 0x46, 0x9A, 0xCC, 0xFC, 0x29, 0xD0, 0x46,
    0xFB, 0xED, 0x3B, 0x14, 0xFB, 0xE3, 0x5F, 0xAA, 0xF6, 0xC9, 0x78, 0xD4, 0x7E, 0xE3, 0xE1, 0x3B,
    0xEC, 0xFF, 0xC8, 0x93, 0x7D, 0xFE, 0x6F, 0xC8, 0xFE, 0x44, 0x22, 0xFB, 0x37, 0x7E, 0xE5, 0x4C,
    0x5E, 0x56, 0xDC, 0xBC, 0x1C, 0xA7, 0x55, 0x1D, 0x88, 0xF1, 0x96, 0xC8, 0x9E, 0xBC, 0xD0, 0x63,
    0xC8, 0xBE, 0xA7, 0xDF, 0x92, 0x91, 0x67, 0xDB, 0x3D, 0x3D, 0x86, 0x6D, 0x3C, 0xA8, 0xD9, 0xC6,
    0x4B, 0x64, 0xEF, 0xEC, 0x71, 0xEC, 0x7F, 0x35, 0xB7, 0xDB, 0xFB, 0xCC, 0xAF, 0xD8, 0x98, 0x87,
    0xDD, 0xEB, 0x16, 0xCE, 0xF4, 0xD2, 0x46, 0x17, 0x44, 0xAB, 0x74, 0x24, 0x2D, 0xD8, 0x97, 0xAA,
    0x0D, 0xD4, 0xD1, 0x43, 0x48, 0xEF, 0xCF, 0x59, 0xB2, 0xE4, 0x96, 0xEC, 0x13, 0x42, 0x9F, 0x6D,
    0xE7, 0x31, 0x8F, 0x8F, 0xCB, 0xB6, 0xB5, 0xBD, 0xC6, 0x9E, 0x78, 0xBB, 0xCF, 0xFE, 0x5D, 0x7C,
    0xBB, 0x3D, 0xFE, 0xDF, 0x9A, 0x7D, 0x22, 0x48, 0x67, 0xC6, 0x47, 0x32, 0xEE, 0x49, 0x04, 0x05,
    0xDA, 0x26, 0x58, 0x6C, 0xC5, 0x4B, 0xEA, 0x6A, 0xEF, 0x4A, 0xC9, 0xE1, 0x1F, 0x8D, 0xC8, 0xF2,
    0xF5, 0x2D, 0xF6, 0x9B, 0xEF, 0x8F, 0xD8, 0xD8, 0x26, 0xFB, 0x0D, 0x8C, 0x75, 0x3A, 0xAA, 0xD8,
    0xAF, 0x1F, 0xCF, 0xD9, 0xAF, 0x6F, 0xCA, 0x78, 0x74, 0x62, 0x34, 0x6B, 0xC3, 0x93, 0xDD, 0x5F,
    0xC1, 0x35, 0x35, 0x9E, 0x45, 0x36, 0x7A, 0xAE, 0x5F, 0x27, 0xE8, 0x29, 0x59, 0xDA, 0x94, 0x93,
    0x25, 0xF4, 0x3D, 0x11, 0xCF, 0xD8, 0x27, 0x21, 0xFB, 0xDA, 0x6D, 0x29, 0xFB, 0xBC, 0xF9, 0x81,
    0x7D, 0xFE, 0x01, 0x4E, 0xFF, 0xE9, 0x95, 0xAD, 0x16, 0xB2, 0x5F, 0x7B, 0x20, 0xE5, 0xBE, 0x3E,
    0x9A, 0x25, 0xC0, 0x2D, 0x7C, 0x7C, 0x06, 0xFB, 0x9C, 0x6D, 0xB8, 0x0F, 0x59, 0x69, 0xA8, 0x9A,
    0x58, 0x72, 0x0A, 0xC3, 0xAF, 0x23, 0xA6, 0x71, 0x59, 0x5B, 0x95, 0x16, 0xE3, 0x62, 0x6C, 0x2E,
    0x39, 0x4B, 0x0E, 0xFF, 0x3B, 0xAB, 0x42, 0xAD, 0x17, 0xBF, 0xF3, 0x61, 0x83, 0xDE, 0xA0, 0xF3,
    0x77, 0x1D, 0x6E, 0xEB, 0x60, 0xED, 0xD4, 0x55, 0x6F, 0x51, 0xC5, 0x0B, 0x2C, 0xFA, 0x39, 0xF2,
    0xCD, 0xB9, 0x35, 0x53, 0x5F, 0xA2, 0x2E, 0x93, 0xFF, 0x8F, 0xD6, 0x90, 0xA6, 0x5C, 0x72, 0x26,
    0x68, 0x88, 0xC6, 0xAB, 0x70, 0xA1, 0x14, 0x77, 0xA3, 0x76, 0xD1, 0x10, 0x4A, 0xA2, 0x11, 0x43,
    0xDB, 0x34, 0xEA, 0x9A, 0x5F, 0x9C, 0xA5, 0xF6, 0x0E, 0x87, 0x4A, 0xB0, 0x35, 0x64, 0xD2, 0xE5,
    0x0A, 0x62, 0xF6, 0x61, 0xD1, 0x18, 0xAE, 0x1B, 0x15, 0x78, 0xB2, 0x14, 0x00, 0x4C, 0x86, 0xD8,
    0x57, 0xE0, 0x4D, 0x43, 0x80, 0xC3, 0x95, 0x87, 0x0B, 0x3C, 0x79, 0x16, 0x1D, 0xD8, 0xFE, 0x9D,
    0xC8, 0x78, 0x87, 0x20, 0x10, 0x15, 0x8D, 0x30, 0x67, 0xED, 0x9C, 0x95, 0xD0, 0xB6, 0xDB, 0xA0,
    0x65, 0x77, 0xBF, 0x5A, 0xC5, 0x4C, 0x56, 0x09, 0xD4, 0x67, 0x10, 0xA2, 0x47, 0xDB, 0x7E, 0x40,
    0x32, 0x27, 0x94, 0x41, 0x5D, 0x07, 0xD8, 0xDD, 0x5D, 0x07, 0x62, 0x6F, 0x93, 0xBC, 0x4D, 0x9A,
    0x6F, 0xBB, 0x44, 0x2B, 0x25, 0x9A, 0xC1, 0xFE, 0xA7, 0xBC, 0xA0, 0xCB, 0xB7, 0xF4, 0x9D, 0x41,
    0xF2, 0xD5, 0xBE, 0xB3, 0x81, 0x3A, 0x8C, 0x9F, 0xCB, 0xD4, 0x66, 0xE4, 0x11, 0xA3, 0x47, 0xF3,
    0x51, 0xC4, 0xE3, 0x79, 0x1C, 0x6D, 0x93, 0x3B, 0xBB, 0x29, 0xB9, 0x6A, 0xBC, 0x44, 0x57, 0x49,
    0x85, 0x02, 0x82, 0xF7, 0x8C, 0x43, 0x3E, 0xF9, 0xFA, 0x12, 0xF9, 0xE2, 0x52, 0x37, 0xF9, 0x32,
    0x4D, 0xCB, 0x68, 0x25, 0x0E, 0x8D, 0x2A, 0x56, 0x72, 0x8F, 0xE2, 0xE9, 0x07, 0xB1, 0x5A, 0x64,
    0x18, 0x6D, 0x3F, 0x34, 0x8F, 0x53, 0xDB, 0xB3, 0x00, 0x2A, 0xE6, 0xFF, 0xDC, 0x2E, 0xBC, 0xF8,
    0x26, 0xD2, 0xEA, 0x54, 0xD6, 0xA2, 0x98, 0xE3, 0x58, 0xB4, 0x8D, 0xC7, 0x26, 0x4C, 0x40, 0x4E,
    0xCC, 0x18, 0x72, 0xDF, 0x4A, 0xAE, 0x11, 0x06, 0x56, 0xAE, 0x8C, 0x92, 0xB4, 0x18, 0x80, 0x91,
    0x11, 0x83, 0x45, 0xAB, 0x09, 0x47, 0xDB, 0x01, 0x44, 0x31, 0x6D, 0x07, 0x64, 0x3F, 0xB1, 0x1A,
    0xEF, 0x43, 0x1B, 0x90, 0xCA, 0xFC, 0x10, 0x2F, 0x3A, 0x8C, 0x24, 0xD1, 0x17, 0xE8, 0xB8, 0x81,
    0x41, 0x6D, 0x07, 0x83, 0xDE, 0x81, 0x91, 0xC3, 0x48, 0x47, 0x58, 0xA7, 0x1C, 0x44, 0xFC, 0xCA,
    0xFF, 0x77, 0xE5, 0x6A, 0xF3, 0x94, 0x16, 0x74, 0x67, 0x99, 0xBF, 0x26, 0xD4, 0xF6, 0x2F, 0x7E,
    0xD0, 0x7D, 0x1B, 0x98, 0xFF, 0xF8, 0xB3, 0xCC, 0xEF, 0x0F, 0xB1, 0x7B, 0x9A, 0x56, 0x5F, 0xFD,
    0x8B, 0xAD, 0x67, 0xB6, 0xF9, 0x53, 0x67, 0xE0, 0x93, 0xA0, 0x1D, 0x20, 0xEC, 0x51, 0xD0, 0x3C,
    0x96, 0x0C, 0xE8, 0x1B, 0x16, 0x29, 0x7D, 0x96, 0xF9, 0x6A, 0x43, 0x6D, 0xCF, 0x07, 0x42, 0x6D,
    0x4F, 0x6F, 0xDE, 0xC3, 0x7C, 0x90, 0xF5, 0x6D, 0x7E, 0x96, 0xAD, 0xD1, 0x57, 0x5F, 0xFD, 0x1E,
    0x85, 0xBE, 0xEC, 0xDB, 0x5A, 0x91, 0x0F, 0x7D, 0xFB, 0x0C, 0x93, 0xB7, 0xEE, 0x61, 0xF1, 0xFA,
    0x50, 0x32, 0x43, 0x5E, 0x86, 0xEB, 0x13, 0x8C, 0xBE, 0x45, 0xAC, 0xE3, 0xC9, 0xB3, 0x17, 0xA8,
    0x6D, 0x1D, 0x22, 0x3B, 0x1F, 0x43, 0x64, 0xE7, 0x63, 0x67, 0xC1, 0x76, 0xFF, 0xBE, 0x4C, 0xB1,
    0xEF, 0xFD, 0xE0, 0x28, 0xAD, 0x0C, 0x3D, 0x79, 0x80, 0x7C, 0x5F, 0xDC, 0xF3, 0x34, 0xF9, 0x3E,
    0x77, 0x60, 0xEF, 0x22, 0xB1, 0x5B, 0x39, 0xF3, 0xAE, 0xFF, 0x05, 0x95, 0x58, 0x7F, 0x74, 0x54,
    0xD5, 0x9D, 0xFF, 0xCE, 0xBC, 0xCC, 0xBC, 0x64, 0xDE, 0x7B, 0x33, 0x59, 0x35, 0x65, 0x1A, 0xDE,
    0x4C, 0xD2, 0x75, 0x5A, 0xC7, 0x10, 0xC8, 0x83, 0x8C, 0x12, 0x5C, 0x20, 0x0F, 0xD8, 0x96, 0x35,
    0x6A, 0x77, 0x7A, 0x36, 0x0F, 0xAC, 0x04, 0x0C, 0xD2, 0xB5, 0x80, 0xA0, 0xE3, 0x1A, 0xBA, 0x28,
    0xED, 0x66, 0x80, 0x55, 0x28, 0xA8, 0x9D, 0x04, 0xB2, 0x9E, 0x75, 0x0F, 0xDD, 0x51, 0x83, 0x25,
    0x2F, 0x98, 0xCC, 0x0A, 0x9E, 0xC6, 0x40, 0x99, 0x17, 0x72, 0xD0, 0x15, 0xB1, 0xBE, 0x04, 0xB2,
    0x56, 0x6B, 0xD7, 0xB1, 0xCA, 0xB6, 0x0C, 0xEA, 0xCE, 0xD1, 0xB4, 0x1B, 0x38, 0x49, 0xDE, 0x7E,
    0xEE, 0x9B, 0x49, 0x80, 0x1E, 0xFF, 0xD8, 0x9D, 0x39, 0xDF, 0xEF, 0xFD, 0xDE, 0x7B, 0xDF, 0xBD,
    0xF7, 0x7B, 0xEF, 0xFD, 0xFE, 0xBC, 0x3C, 0xF9, 0x89, 0x27, 0x59, 0xE2, 0x39, 0x6B, 0xAC, 0x26,
    0xE1, 0x8F, 0xCD, 0x8A, 0xFB, 0x4D, 0xDE, 0x67, 0x59, 0x3C, 0x05, 0x89, 0x57, 0xB7, 0x52, 0xC5,
    0x59, 0x6B, 0x6C, 0x9B, 0xD7, 0xF4, 0xF3, 0x74, 0x7E, 0x3D, 0x4F, 0x97, 0xFB, 0x78, 0x62, 0x74,
    0xF6, 0xD0, 0x62, 0x00, 0x91, 0x4A, 0x9C, 0xE3, 0xF1, 0x46, 0xE2, 0x9C, 0x3D, 0x87, 0x89, 0xE3,
    0x42, 0x22, 0xCD, 0xDA, 0xC7, 0xD0, 0xBF, 0x00, 0x71, 0xBE, 0x9A, 0x71, 0xE2, 0x6A, 0x1C, 0x71,
    0xE2, 0xBE, 0xEF, 0x30, 0x68, 0xE6, 0xD9, 0xD6, 0x49, 0xDA, 0xC6, 0xF1, 0x19, 0x7C, 0x27, 0xE4,
    0x80, 0xA4, 0x43, 0x40, 0xB7, 0x3C, 0x05, 0xF4, 0xDC, 0x2E, 0x5A, 0xCC, 0xE1, 0x3B, 0x72, 0x60,
    0x3E, 0x9E, 0x0C, 0x93, 0xF8, 0xF2, 0x6C, 0x96, 0x78, 0xF7, 0xF9, 0xF3, 0x54, 0x13, 0x47, 0x75,
    0x56, 0x5C, 0x26, 0x02, 0x53, 0x93, 0xC4, 0x8B, 0x45, 0x1E, 0xE2, 0xEF, 0x16, 0x5D, 0x54, 0xF1,
    0x5E, 0x4F, 0x17, 0x6D, 0xF3, 0xA4, 0xBB, 0x30, 0x22, 0x1D, 0x27, 0xDE, 0x71, 0x06, 0xC3, 0x04,
    0xB1, 0x8E, 0xF8, 0x6A, 0xD1, 0x4B, 0x8B, 0x49, 0x24, 0xFC, 0x8A, 0x88, 0xDC, 0xAC, 0x74, 0x97,
    0xEB, 0x3A, 0xB9, 0x9D, 0x7A, 0x27, 0xD5, 0xEC, 0x92, 0x64, 0xA0, 0xDE, 0xE3, 0xE4, 0xE6, 0x41,
    0xD9, 0x6D, 0xEE, 0x7B, 0xD0, 0x5B, 0x81, 0xF5, 0x69, 0xB1, 0xD0, 0x7B, 0x98, 0xDC, 0x9E, 0x35,
    0x4D, 0x0C, 0x6D, 0x22, 0xB7, 0x80, 0x6D, 0xD9, 0x13, 0x2C, 0xAA, 0xB7, 0x2C, 0xB2, 0x7F, 0x3C,
    0xC5, 0xB1, 0x5A, 0x85, 0x35, 0x41, 0xBC, 0x6B, 0xE4, 0x1C, 0xCD, 0x6A, 0xD3, 0x13, 0x34, 0x6B,
    0xA7, 0x16, 0x23, 0x9E, 0xEB, 0x48, 0x81, 0x0D, 0x2D, 0x4A, 0x7C, 0xCF, 0x91, 0x97, 0xA8, 0xE6,
    0x50, 0x6D, 0x09, 0x3D, 0xE0, 0xD1, 0x0F, 0x11, 0x5F, 0xB6, 0x59, 0xC3, 0x8E, 0x2C, 0x1D, 0xBD,
    0xBF, 0x01, 0x93, 0x15, 0xE2, 0x22, 0x5A, 0x1C, 0x12, 0xDD, 0x79, 0xFE, 0x1C, 0x9A, 0x16, 0xE5,
    0x2C, 0x2B, 0xC7, 0x11, 0xC5, 0x38, 0x5D, 0xCF, 0x71, 0x9A, 0x96, 0xB2, 0x69, 0xB4, 0xE1, 0x40,
    0x88, 0x38, 0x15, 0xD0, 0x11, 0x25, 0x0E, 0x75, 0x9B, 0x56, 0xA9, 0x6C, 0x65, 0x87, 0x06, 0x86,
    0x26, 0x6D, 0x86, 0x0A, 0x6D, 0xC4, 0x65, 0x93, 0xF9, 0xEF, 0x18, 0x1D, 0xA7, 0xA9, 0x7E, 0xCC,
    0x93, 0x41, 0x53, 0x12, 0x73, 0x26, 0x6D, 0x9A, 0x95, 0x1D, 0x5A, 0x12, 0x6B, 0x65, 0xD8, 0xF4,
    0xE9, 0xBD, 0x56, 0xEE, 0xBF, 0x7E, 0xA9, 0xA5, 0x86, 0xDE, 0xA2, 0x98, 0x0D, 0xA0, 0xAD, 0xB7,
    0xAD, 0xDC, 0x6F, 0xA7, 0xEA, 0x0C, 0x50, 0xB7, 0x4E, 0x69, 0xD1, 0x0C, 0xBE, 0x57, 0xCB, 0x71,
    0x62, 0x55, 0xD8, 0x16, 0xDD, 0x40, 0xE9, 0xDD, 0xE1, 0xCA, 0x17, 0x9F, 0x0C, 0x2B, 0x6D, 0x0C,
    0x9E, 0x3E, 0x91, 0x6A, 0x7B, 0xFC, 0x47, 0xD1, 0x74, 0x3C, 0x4C, 0x6D, 0x7B, 0x4E, 0x24, 0xDB,
    0xF6, 0x68, 0xA9, 0xB6, 0x9D, 0x64, 0xB6, 0x6D, 0x3F, 0x19, 0x4F, 0xC7, 0x8F, 0x51, 0x82, 0x16,
    0x91, 0xEA, 0x7C, 0xC7, 0xA4, 0x39, 0xF4, 0x43, 0x9A, 0xFE, 0xC5, 0x28, 0x4D, 0x11, 0x7A, 0xE7,
    0x21, 0x6B, 0xF4, 0xEC, 0x16, 0x6D, 0xEB, 0xD9, 0x96, 0x54, 0xF8, 0x6C, 0xD4, 0x24, 0x4B, 0x1B,
    0x69, 0x3C, 0xDB, 0x6A, 0x8D, 0x9F, 0x5D, 0xE6, 0x30, 0xCE, 0x36, 0x70, 0xF1, 0xB3, 0x7F, 0xBD,
    0x9C, 0xAC, 0x25, 0x93, 0x64, 0x52, 0x2B, 0xA9, 0xEE, 0xE1, 0x0C, 0xAE, 0xB7, 0xA5, 0x70, 0x19,
    0xE4, 0x5A, 0xA9, 0xA9, 0xE5, 0xBD, 0x7A, 0xC2, 0xC1, 0x17, 0x91, 0x73, 0x87, 0x48, 0xDD, 0xD9,
    0x9E, 0xCE, 0x95, 0x23, 0x6B, 0x1A, 0x9D, 0x71, 0x91, 0xDC, 0xDA, 0x77, 0x55, 0xAF, 0xDE, 0x1D,
    0x97, 0xC8, 0x19, 0x87, 0x48, 0xDB, 0xA5, 0x57, 0x5B, 0x19, 0x67, 0x6D, 0x38, 0x7A, 0xFB, 0xEC,
    0x71, 0x66, 0x5A, 0xAA, 0x80, 0x34, 0x86, 0x70, 0x07, 0xE8, 0x82, 0xC0, 0xF9, 0xD4, 0x45, 0x20,
    0xB6, 0x0F, 0xC7, 0x29, 0xE4, 0xEB, 0x78, 0x95, 0x2A, 0xEA, 0xF4, 0x86, 0x02, 0xD7, 0x6F, 0x5A,
    0xA3, 0xC4, 0xFD, 0x18, 0x8C, 0x7B, 0x3C, 0x5A, 0x0B, 0xC9, 0x1E, 0xFD, 0x28, 0xBB, 0xCA, 0x52,
    0x2A, 0x8B, 0x12, 0xF5, 0x1C, 0x3C, 0xF1, 0x71, 0x38, 0xA9, 0x18, 0xFD, 0xA3, 0x97, 0x73, 0xD7,
    0x17, 0xDD, 0x53, 0xFA, 0xC0, 0xC7, 0xBD, 0x49, 0x4E, 0x15, 0x88, 0xDB, 0xBF, 0xAA, 0xF1, 0x72,
    0x87, 0xDE, 0xE9, 0xD1, 0x75, 0xF0, 0xB0, 0xC2, 0xB0, 0x41, 0xD7, 0x0D, 0x89, 0x1C, 0x86, 0x4F,
    0xEF, 0x36, 0xC0, 0x8F, 0xEA, 0xC2, 0xF8, 0xE0, 0x17, 0xD6, 0x84, 0xBF, 0xD6, 0x51, 0xE2, 0xAF,
    0x75, 0x97, 0x04, 0x8E, 0xB8, 0x4B, 0x82, 0x47, 0xD2, 0x97, 0xFC, 0xB5, 0x3E, 0xD4, 0x2B, 0x7E,
    0x1C, 0x38, 0x72, 0xEB, 0x3F, 0x07, 0xBF, 0xB8, 0x7F, 0x41, 0xA8, 0xF6, 0x89, 0xAF, 0x86, 0xD0,
    0xAF, 0xD4, 0xBA, 0x4A, 0x94, 0x47, 0xF4, 0x97, 0xD6, 0x7D, 0xA4, 0xBF, 0xC4, 0x64, 0x65, 0x5A,
    0x14, 0x96, 0x59, 0x13, 0x33, 0xDA, 0xB4, 0xC6, 0x59, 0x99, 0x7C, 0x9D, 0x37, 0xB0, 0x9B, 0x0F,
    0xF5, 0x43, 0xBE, 0x87, 0xF5, 0xCE, 0x9B, 0xB0, 0x46, 0x2D, 0xDA, 0x6E, 0x9C, 0xFA, 0xF6, 0x0E,
    0x6B, 0x92, 0xFB, 0xA6, 0xA6, 0x31, 0x59, 0x20, 0x85, 0x67, 0x77, 0x22, 0x50, 0x41, 0x7A, 0xEC,
    0xEA, 0xD7, 0x5E, 0x63, 0x27, 0x85, 0x19, 0xCA, 0x56, 0x8C, 0x34, 0xB2, 0x8E, 0x09, 0x4C, 0x36,
    0x8A, 0xB6, 0xD9, 0x67, 0x80, 0x1E, 0x7E, 0x1D, 0x9D, 0x43, 0x27, 0x4D, 0x12, 0x96, 0x18, 0x7D,
    0xB4, 0xD0, 0x61, 0x54, 0x50, 0x29, 0xFB, 0x98, 0x99, 0x06, 0xCC, 0xEF, 0x61, 0xC8, 0xC7, 0x50,
    0x95, 0x41, 0xF5, 0xB9, 0x58, 0x86, 0x66, 0xB4, 0x19, 0xD0, 0xD1, 0xBD, 0x7A, 0x2F, 0x09, 0xEF,
    0xEB, 0xED, 0xE4, 0x4B, 0xE1, 0xD3, 0x99, 0x6B, 0xB5, 0x46, 0x9A, 0xBF, 0x34, 0xDB, 0x47, 0x8F,
    0x2C, 0x85, 0xF8, 0x5C, 0xCF, 0x10, 0x97, 0x47, 0x68, 0xE3, 0x96, 0x8E, 0x6C, 0xB5, 0x35, 0x81,
    0x9C, 0x6A, 0x65, 0x14, 0x28, 0xA6, 0x00, 0x99, 0xD5, 0x54, 0xFF, 0xF9, 0xEB, 0x12, 0xCD, 0xD8,
    0x27, 0xB8, 0x20, 0xEF, 0x41, 0x28, 0xA5, 0x59, 0x67, 0x62, 0xBE, 0x54, 0x0B, 0x79, 0xEF, 0x33,
    0x02, 0xF4, 0x8D, 0xE5, 0x50, 0xD9, 0xBF, 0x53, 0xCD, 0x30, 0x5D, 0xA7, 0x1A, 0x61, 0x8C, 0xB0,
    0xD1, 0xF9, 0xAD, 0x40, 0x98, 0x34, 0xCF, 0x1F, 0xE1, 0x30, 0x38, 0xB1, 0x77, 0x02, 0xE8, 0x59,
    0x91, 0xEA, 0x3F, 0xD9, 0x27, 0xD3, 0x8C, 0xA6, 0x76, 0xA8, 0xF1, 0x93, 0x89, 0x0C, 0x09, 0x67,
    0xF6, 0x8D, 0x92, 0x6F, 0x6B, 0x8F, 0x8F, 0x66, 0x96, 0xE2, 0x76, 0xE6, 0x33, 0x93, 0xF2, 0x88,
    0x60, 0x8D, 0xD3, 0xF5, 0x8E, 0xD5, 0x30, 0x79, 0xAC, 0xCA, 0xB9, 0x56, 0x6B, 0xC4, 0x55, 0x60,
    0x21, 0x9B, 0x3F, 0xC8, 0x93, 0x4A, 0xCE, 0x0E, 0xCD, 0x24, 0x67, 0x56, 0x07, 0x8A, 0x43, 0x62,
    0x9D, 0xBA, 0x3E, 0x85, 0x58, 0x15, 0xE7, 0x87, 0x8F, 0xCD, 0xA5, 0x30, 0x88, 0x4B, 0x8C, 0x47,
    0x69, 0xBE, 0x65, 0xFD, 0x07, 0x8E, 0xF3, 0x63, 0x0C, 0x5E, 0xF0, 0x19, 0xEC, 0x14, 0x3B, 0x49,
    0xC9, 0x61, 0x34, 0xE7, 0xF9, 0xCB, 0xFF, 0xEC, 0xE3, 0x74, 0x60, 0x5D, 0x9B, 0xE2, 0x2D, 0x08,
    0x1F, 0xEF, 0x34, 0x23, 0xC4, 0x6F, 0x78, 0xB0, 0x85, 0x78, 0x9E, 0x51, 0x5B, 0xCB, 0x81, 0x74,
    0x88, 0xA1, 0x63, 0xC5, 0x48, 0x14, 0xDA, 0x99, 0xED, 0xA2, 0xB2, 0x7B, 0x2F, 0x69, 0x44, 0x8F,
    0xFE, 0x27, 0x46, 0x0C, 0x0D, 0x5C, 0xA2, 0x05, 0x0E, 0xA3, 0x3C, 0x3F, 0xA9, 0xDB, 0x51, 0x0A,
    0xC4, 0x47, 0x2C, 0x72, 0x97, 0x88, 0x83, 0x34, 0xB3, 0x69, 0xCF, 0x69, 0xAA, 0x69, 0x33, 0xCE,
    0x90, 0xC0, 0xE5, 0xCE, 0x90, 0x6F, 0x67, 0x18, 0xE8, 0x2D, 0xE9, 0x0D, 0xAA, 0x9A, 0x7D, 0xCF,
    0x20, 0xDD, 0x5A, 0x3F, 0x36, 0x48, 0xF7, 0x17, 0xFB, 0x07, 0x69, 0x45, 0xB1, 0xFF, 0xD7, 0xE4,
    0x2E, 0xF6, 0xFF, 0x0A, 0x56, 0x71, 0xCC, 0xC0, 0x58, 0xFF, 0xD4, 0x2D, 0x17, 0x78, 0x2C, 0xD7,
    0x2F, 0x77, 0x85, 0x8B, 0x8A, 0xA4, 0x1B, 0xB6, 0xDE, 0xF1, 0x97, 0xFC, 0xB2, 0x4C, 0x8C, 0x66,
    0x07, 0x88, 0xBF, 0xDC, 0x3B, 0x76, 0xB3, 0xE1, 0x7C, 0x97, 0xB2, 0xBA, 0x41, 0x2B, 0x46, 0x6C,
    0xCE, 0xCA, 0xEE, 0x9D, 0xD0, 0xE8, 0xD1, 0xB7, 0x49, 0x18, 0x1A, 0x18, 0xAD, 0x73, 0x18, 0x41,
    0xDB, 0x48, 0xB9, 0x20, 0x00, 0x9C, 0x97, 0x39, 0x11, 0x49, 0xC2, 0x45, 0x7C, 0x00, 0x33, 0x3C,
    0xF3, 0x4E, 0x51, 0x24, 0xC1, 0x87, 0x7D, 0xFB, 0x96, 0x89, 0x0A, 0xF9, 0x7E, 0xDD, 0xF3, 0x2A,
    0xCD, 0xFA, 0xFE, 0x81, 0x16, 0x9A, 0xCF, 0xDD, 0xA5, 0xD0, 0x3A, 0xD6, 0x91, 0xBF, 0x83, 0x1A,
    0x9C, 0x68, 0x9E, 0x62, 0xC8, 0xC1, 0x8C, 0x2A, 0x47, 0x09, 0x93, 0x73, 0x5F, 0xBE, 0xC0, 0xB9,
    0xCE, 0x9F, 0x9F, 0x91, 0xB8, 0x3B, 0x5E, 0xF3, 0xE1, 0x9A, 0x46, 0xDE, 0x9D, 0xBD, 0x20, 0xC4,
    0xCD, 0xA4, 0xCF, 0x34, 0xCC, 0x99, 0x8F, 0x7C, 0x3E, 0x7A, 0x53, 0xF9, 0x0C, 0xB1, 0x96, 0x24,
    0xBA, 0x1E, 0x96, 0x81, 0x23, 0x2F, 0xC6, 0x48, 0x36, 0xD8, 0x13, 0x18, 0x4C, 0x35, 0x18, 0xAA,
    0xBA, 0xD0, 0x7D, 0x81, 0xCA, 0xCE, 0xAD, 0xDC, 0x4F, 0xC5, 0xFF, 0x7E, 0x63, 0x23, 0x89, 0x67,
    0x6A, 0xD7, 0x53, 0xE0, 0xFD, 0xBF, 0xFF, 0x21, 0xCD, 0xFF, 0xE3, 0x07, 0xFD, 0x74, 0xDF, 0xD0,
    0xAE, 0x93, 0xC4, 0xE5, 0x7C, 0x26, 0x79, 0xDE, 0x9F, 0x15, 0x23, 0xF9, 0xD4, 0x23, 0x4D, 0x14,
    0x19, 0x18, 0xBC, 0x83, 0x2A, 0x4F, 0x2E, 0x5B, 0x5A, 0x98, 0x45, 0x65, 0x8A, 0x49, 0x46, 0x02,
    0x0E, 0x11, 0x3A, 0xC5, 0xD1, 0xB9, 0x04, 0xD5, 0x67, 0xC0, 0xE8, 0xCC, 0x7B, 0xA1, 0x49, 0x82,
    0x58, 0x7A, 0x3B, 0xF9, 0x4E, 0x99, 0xAF, 0x90, 0xEF, 0x99, 0x6F, 0xCB, 0x74, 0x13, 0xCD, 0x8F,
    0x53, 0xAD, 0xD3, 0x3C, 0x0A, 0xAE, 0xF4, 0x34, 0xDC, 0x6A, 0x47, 0x0B, 0x90, 0x1A, 0x99, 0xA2,
    0xB2, 0x47, 0xF3, 0x82, 0x56, 0x42, 0xCD, 0x24, 0xC4, 0x63, 0x44, 0x0C, 0xC8, 0x86, 0xB2, 0x45,
    0xAE, 0xF4, 0x84, 0xF0, 0xD0, 0xE8, 0x54, 0x1D, 0xAB, 0xC7, 0x70, 0x2D, 0xB1, 0x22, 0x4E, 0x8D,
    0x89, 0x02, 0xC5, 0x44, 0x89, 0x1E, 0x3B, 0xEE, 0xA7, 0xF2, 0x04, 0x1B, 0x5F, 0x4C, 0xDB, 0x55,
    0x21, 0x3E, 0x60, 0xD0, 0xC9, 0xB8, 0x01, 0xDD, 0x4C, 0xC2, 0x90, 0xC6, 0xEA, 0x24, 0xAA, 0x13,
    0xAA, 0x2B, 0x25, 0x87, 0x3D, 0x3E, 0x89, 0xF1, 0xA6, 0xE1, 0x1C, 0x30, 0x4C, 0x6E, 0x99, 0x1A,
    0x13, 0x78, 0x6A, 0x91, 0x71, 0xE2, 0xFE, 0x12, 0x55, 0xCC, 0x8F, 0x27, 0x12, 0x76, 0xE2, 0x06,
    0x76, 0xAA, 0xB2, 0x7D, 0xEC, 0x9C, 0x2A, 0xD7, 0x71, 0xD6, 0xB8, 0x00, 0xDA, 0x61, 0xD7, 0xB5,
    0x26, 0x7A, 0xDD, 0x1A, 0x77, 0xBE, 0x4E, 0x22, 0xE7, 0x21, 0xD1, 0x23, 0x91, 0x28, 0xCB, 0x24,
    0xFA, 0xEB, 0x9C, 0xE3, 0x4C, 0x68, 0xEC, 0xF1, 0xF7, 0x5A, 0xE3, 0x8E, 0x26, 0x59, 0x24, 0x19,
    0xF7, 0x1C, 0x58, 0xDD, 0x54, 0x57, 0x61, 0x8D, 0x7B, 0x19, 0xCD, 0x20, 0xD8, 0x73, 0xD8, 0xB9,
    0xA6, 0xE7, 0x30, 0x57, 0xC4, 0xFC, 0xBD, 0x68, 0xFF, 0xC3, 0x80, 0x4A, 0xDB, 0xAD, 0x17, 0x51,
    0xB1, 0xDB, 0x43, 0xC2, 0xB7, 0x3C, 0xE4, 0x40, 0x49, 0x33, 0x61, 0x96, 0x5B, 0xB3, 0x60, 0xDE,
    0x43, 0x1E, 0x1F, 0xE8, 0x8A, 0xD3, 0x44, 0x55, 0x1B, 0xC9, 0x79, 0x2B, 0xEA, 0x2F, 0x7A, 0x48,
    0x7A, 0xC2, 0xE3, 0x14, 0xDD, 0x1E, 0x2E, 0xEC, 0xF6, 0xF0, 0x11, 0x37, 0x3F, 0x91, 0x3F, 0x41,
    0xB6, 0x87, 0x18, 0x09, 0xAA, 0x19, 0x75, 0x0C, 0xAA, 0x31, 0xF2, 0x6D, 0x3C, 0x4E, 0x15, 0xFA,
    0x9A, 0x3A, 0xB4, 0xFB, 0x7C, 0xD6, 0x98, 0x43, 0xC2, 0x72, 0x5E, 0x6D, 0x3D, 0x3D, 0xAD, 0xF7,
    0x39, 0x9F, 0xA2, 0x30, 0xAE, 0x6E, 0x0C, 0x7B, 0x08, 0xCB, 0x00, 0xBF, 0xE4, 0x1C, 0x65, 0x22,
    0x52, 0xEC, 0x5C, 0xAA, 0x92, 0xB0, 0x0C, 0xC8, 0xB1, 0xDC, 0x89, 0x7B, 0xF6, 0x40, 0xBF, 0xC9,
    0x9B, 0x9E, 0xA4, 0xBA, 0x39, 0x9C, 0x41, 0xDE, 0xC7, 0x04, 0x93, 0xA8, 0xDC, 0x07, 0x0B, 0xEC,
    0xF1, 0xC4, 0xC8, 0xD9, 0xF0, 0x8D, 0xEF, 0x11, 0xE7, 0x99, 0x77, 0x27, 0x6A, 0xC3, 0x0D, 0x38,
    0x90, 0x1D, 0x4B, 0x28, 0xEC, 0xC1, 0xB0, 0x4A, 0x86, 0x68, 0xFA, 0x4C, 0xF7, 0x42, 0xB9, 0x99,
    0x63, 0x29, 0xC9, 0xC3, 0x22, 0xC1, 0x1A, 0x15, 0x70, 0xC4, 0xB6, 0x3F, 0xAA, 0x81, 0xBC, 0x18,
    0x69, 0x72, 0x6E, 0xFF, 0x8D, 0xC1, 0xF1, 0x4D, 0x29, 0xCF, 0x6C, 0x79, 0xA1, 0xAC, 0xC8, 0x25,
    0x7E, 0xD6, 0x37, 0xF5, 0x2B, 0xC6, 0x38, 0xF2, 0x69, 0x9B, 0x1B, 0xC9, 0xD1, 0x6A, 0xFB, 0x7F,
    0xC3, 0x8E, 0x10, 0x4C, 0xAA, 0x0B, 0x6E, 0x1C, 0x25, 0xEF, 0x9C, 0xAE, 0xA6, 0xFC, 0x5C, 0x44,
    0xD5, 0x30, 0xA7, 0x69, 0x5B, 0x73, 0x2C, 0x95, 0x3C, 0xDC, 0x01, 0x83, 0x44, 0xAF, 0xDC, 0x42,
    0xE1, 0x3E, 0x39, 0x48, 0x95, 0xAA, 0xEC, 0xC8, 0x47, 0x27, 0x45, 0x10, 0x34, 0xF2, 0xD1, 0x10,
    0xF4, 0x6A, 0x17, 0xAC, 0x17, 0x55, 0x20, 0x08, 0x21, 0x17, 0x42, 0xC6, 0x88, 0x84, 0xA9, 0x2B,
    0xE4, 0x93, 0x77, 0xC3, 0x70, 0xFD, 0x6E, 0x35, 0xD1, 0x63, 0x3F, 0x78, 0x86, 0x9C, 0xB6, 0x2A,
    0xFB, 0xF0, 0x89, 0x87, 0x51, 0xB6, 0xA4, 0x84, 0xCB, 0x34, 0x8D, 0x42, 0xAD, 0x85, 0x58, 0x85,
    0x8A, 0xA1, 0xE8, 0xC2, 0x6A, 0x6D, 0x8D, 0xA3, 0x09, 0xDF, 0xC8, 0xFA, 0xB3, 0xE0, 0xC5, 0x53,
    0x17, 0xB0, 0xDE, 0xF3, 0x16, 0x61, 0x56, 0xDE, 0x1A, 0x83, 0x20, 0x86, 0x9D, 0xCB, 0xF5, 0x3E,
    0x8E, 0xD7, 0xD6, 0x7B, 0x00, 0x22, 0x20, 0x0C, 0xA8, 0xE4, 0xF5, 0xBE, 0x2B, 0x17, 0xA7, 0xE0,
    0xE2, 0xEA, 0xD8, 0x0E, 0x27, 0x40, 0x4A, 0x74, 0xAB, 0x7E, 0xA0, 0x8E, 0xD7, 0x92, 0x5E, 0x1E,
    0xCC, 0xF2, 0x7A, 0x06, 0x66, 0x58, 0x65, 0x87, 0x0A, 0xBB, 0x3C, 0xEE, 0xC1, 0xE9, 0x88, 0x80,
    0x30, 0xE8, 0xCA, 0xAB, 0x4E, 0xCA, 0x9E, 0x43, 0xFB, 0x51, 0xA3, 0xA3, 0x1F, 0x9E, 0x53, 0xD9,
    0x71, 0x3B, 0x5D, 0x1F, 0xCF, 0xD4, 0xCD, 0xA6, 0x6A, 0x6F, 0x10, 0xD1, 0x8D, 0x84, 0x68, 0x4E,
    0xA2, 0x98, 0x13, 0x3B, 0xE1, 0x44, 0x52, 0x3C, 0x28, 0x21, 0x92, 0x4A, 0xD8, 0xAB, 0xA5, 0x2A,
    0xBD, 0x7A, 0xCA, 0x76, 0xF5, 0xF8, 0x95, 0xAA, 0x89, 0x66, 0x39, 0x96, 0x68, 0x2E, 0x29, 0x4D,
    0x34, 0x93, 0xE3, 0xC3, 0xA3, 0xE4, 0xFE, 0xE3, 0x44, 0xA5, 0x61, 0xE6, 0xAA, 0xE7, 0x66, 0x46,
    0x8B, 0x9C, 0x7F, 0x18, 0x23, 0xEE, 0xBD, 0x43, 0xAE, 0xEB, 0xF6, 0xAD, 0x97, 0x16, 0xFC, 0xD3,
    0xFD, 0xE2, 0xA6, 0x03, 0xEB, 0xFC, 0xC6, 0xFE, 0xE6, 0x88, 0x91, 0x68, 0xAE, 0xC4, 0x38, 0x9B,
    0x07, 0xE7, 0x8E, 0xB8, 0xF0, 0xC0, 0xC5, 0x0B, 0x8E, 0x95, 0xEF, 0x9C, 0x23, 0xC7, 0x5A, 0x95,
    0x5C, 0x9B, 0x1B, 0x17, 0xCE, 0xEA, 0xFE, 0xBD, 0xE0, 0x5C, 0x02, 0xA5, 0x5C, 0x16, 0x27, 0xEF,
    0xEB, 0x29, 0x67, 0xF8, 0xCE, 0x30, 0x8E, 0x84, 0x3C, 0xF5, 0xD6, 0x04, 0x53, 0x81, 0x6A, 0x40,
    0x08, 0x30, 0xBD, 0x87, 0x86, 0xFE, 0x27, 0x1D, 0xDF, 0xDC, 0x92, 0xA2, 0xB2, 0x2D, 0x1F, 0x53,
    0x55, 0xBA, 0x6B, 0x21, 0xF5, 0x91, 0x20, 0x64, 0x53, 0xB4, 0x0D, 0x9D, 0xBC, 0x95, 0x73, 0xF2,
    0xA4, 0x70, 0xBC, 0x9E, 0xC2, 0x85, 0x94, 0x4A, 0xE2, 0x8E, 0x70, 0x75, 0xF8, 0x85, 0xBB, 0x42,
    0xB1, 0xB5, 0xBB, 0xAE, 0x12, 0x18, 0x08, 0x82, 0xA0, 0xF6, 0xE3, 0x82, 0x97, 0x9E, 0x64, 0x17,
    0xDC, 0x01, 0xF7, 0xFE, 0x07, 0xFD, 0x09, 0x5A, 0xD8, 0xD0, 0xDE, 0x49, 0x42, 0xF1, 0x7D, 0x7E,
    0x22, 0xE9, 0x85, 0xF5, 0xB8, 0xF4, 0xEF, 0xC0, 0xF5, 0x56, 0x30, 0xA3, 0xEB, 0x87, 0x97, 0x14,
    0x02, 0xBF, 0xDB, 0x44, 0x12, 0x43, 0xD5, 0xAC, 0x1A, 0xF2, 0xEF, 0xDB, 0x64, 0x1F, 0x49, 0x5E,
    0x8A, 0x71, 0x60, 0x4E, 0xD1, 0x0F, 0x9B, 0x7D, 0x22, 0x45, 0x62, 0x58, 0x89, 0x48, 0x1B, 0x62,
    0x5E, 0x8F, 0x9E, 0xA4, 0xB2, 0x25, 0x8D, 0xB4, 0x4D, 0xFF, 0xD4, 0x71, 0xDF, 0x06, 0xCD, 0x73,
    0xBF, 0xDE, 0x25, 0x81, 0x96, 0x41, 0x47, 0xEE, 0xEF, 0xEA, 0x52, 0x1E, 0xC3, 0x45, 0xB0, 0x9F,
    0xC9, 0x6C, 0xA6, 0x99, 0xB7, 0xBC, 0x5D, 0x54, 0x7E, 0xE9, 0x81, 0x0B, 0xE4, 0x64, 0x06, 0x96,
    0xFF, 0xA4, 0x02, 0xB7, 0xF2, 0x1E, 0xCC, 0x6F, 0xB5, 0xF9, 0xC2, 0x5D, 0x14, 0x1B, 0x1E, 0x5C,
    0x4E, 0x34, 0x34, 0xF5, 0xB1, 0x83, 0x4A, 0x2B, 0xC9, 0x23, 0x86, 0xEB, 0x70, 0xDD, 0x50, 0xD2,
    0x88, 0x28, 0x09, 0x74, 0xD5, 0x6F, 0x08, 0x71, 0x9E, 0xE3, 0x6D, 0xF8, 0x47, 0xEE, 0x29, 0x28,
    0x08, 0xEF, 0x45, 0xD4, 0xE6, 0x73, 0x6D, 0x8E, 0x52, 0x7D, 0x19, 0x34, 0xE5, 0xC6, 0x8D, 0x56,
    0x17, 0xD2, 0x98, 0xFF, 0x46, 0xA2, 0x22, 0xC8, 0x08, 0xEC, 0xB6, 0x42, 0x03, 0x38, 0x88, 0x38,
    0x39, 0x8B, 0x30, 0xA9, 0xC0, 0x26, 0x95, 0x44, 0xD8, 0xA9, 0xB0, 0x58, 0x5C, 0x72, 0x65, 0xCA,
    0xFA, 0x9C, 0x95, 0x53, 0x14, 0x33, 0xC6, 0x80, 0xD1, 0x65, 0xD1, 0x32, 0x84, 0xC6, 0x7A, 0x7C,
    0x4E, 0xB7, 0x6E, 0x86, 0x90, 0x24, 0xDD, 0xBC, 0x4A, 0x33, 0xE1, 0x99, 0x6C, 0x9A, 0x01, 0xA3,
    0x6F, 0xD6, 0x10, 0x1A, 0x4C, 0xFF, 0x14, 0x4A, 0x0F, 0x0C, 0x19, 0x07, 0xCE, 0x5A, 0xB9, 0xDD,
    0xED, 0x6A, 0x62, 0xF7, 0xBE, 0x3F, 0x6F, 0xDE, 0xFD, 0xAF, 0x3F, 0x1F, 0x4B, 0x9F, 0x5B, 0x5C,
    0x74, 0x60, 0x78, 0xD8, 0xDC, 0xFD, 0x53, 0xB9, 0x7A, 0x77, 0x5B, 0x26, 0xBE, 0xBB, 0x9D, 0xA7,
    0x9E, 0xA1, 0xBE, 0xC8, 0xC1, 0xA5, 0x4B, 0x8D, 0x38, 0xCD, 0x86, 0x3B, 0xBF, 0x32, 0x45, 0xFD,
    0x44, 0x3E, 0x2B, 0xF1, 0x8D, 0xD7, 0x8F, 0x17, 0x8B, 0x8A, 0x08, 0x90, 0x7D, 0x63, 0xF5, 0xE3,
    0xF9, 0xBE, 0xF4, 0xA4, 0xF2, 0x46, 0xFB, 0xB7, 0xE6, 0xBE, 0xD1, 0xBE, 0x67, 0x8A, 0xBE, 0xE5,
    0xDD, 0x9F, 0x3D, 0x7B, 0xDB, 0x4B, 0xFD, 0x3D, 0xA5, 0x79, 0x9F, 0xAD, 0xA6, 0x33, 0xBC, 0x9A,
    0x4C, 0x56, 0x53, 0xF2, 0xB9, 0x1C, 0xF5, 0x7F, 0xA4, 0x52, 0x7F, 0xC6, 0x61, 0x26, 0x93, 0xAC,
    0x6D, 0x11, 0xA5, 0x7F, 0x9B, 0xA1, 0xE4, 0xF3, 0x14, 0x49, 0x26, 0x29, 0xD3, 0x9F, 0xE1, 0xE3,
    0xFD, 0x89, 0xD9, 0x94, 0x74, 0xE6, 0x98, 0xB0, 0x4C, 0xC5, 0x25, 0x09, 0xEB, 0x35, 0x2B, 0x31,
    0x74, 0xAA, 0x89, 0x4C, 0x43, 0xA6, 0x6C, 0x01, 0xCC, 0x53, 0x9B, 0x1B, 0xCD, 0xB7, 0xAD, 0x71,
    0x8B, 0xD1, 0x05, 0xB0, 0xFB, 0x90, 0xC3, 0x99, 0x54, 0x30, 0x65, 0xCC, 0xB4, 0xB0, 0xDC, 0xE3,
    0x4D, 0x2B, 0xF7, 0xDC, 0x69, 0x52, 0x12, 0x80, 0xFE, 0xD3, 0x14, 0xEB, 0x47, 0x9D, 0xD1, 0x49,
    0x40, 0xFA, 0x4D, 0x8A, 0x25, 0x0A, 0xF5, 0x7E, 0x06, 0x7B, 0x51, 0x17, 0x6C, 0xDB, 0xA2, 0xD8,
    0x92, 0x06, 0x2D, 0xB0, 0xE2, 0x0B, 0x69, 0x38, 0xDE, 0x4D, 0x03, 0x3B, 0x06, 0xE3, 0xD9, 0xBD,
    0x94, 0xB9, 0xD8, 0xA3, 0x1F, 0x1F, 0xF8, 0x5C, 0xFF, 0xAB, 0x21, 0x58, 0x62, 0xEB, 0x71, 0x2D,
    0x3A, 0xB0, 0x57, 0xCF, 0x0C, 0xEC, 0xA1, 0xE4, 0x45, 0x40, 0xB6, 0x81, 0x92, 0x86, 0x00, 0xEB,
    0x20, 0x68, 0x99, 0x3C, 0xFF, 0xDB, 0x55, 0x6B, 0xE9, 0x76, 0x63, 0x78, 0x39, 0xA5, 0x86, 0xEF,
    0x0A, 0x47, 0x2E, 0xDE, 0xBD, 0x90, 0x2E, 0x42, 0x0F, 0x86, 0x97, 0x0C, 0xAA, 0xC3, 0xCB, 0x96,
    0x98, 0xD6, 0x1A, 0x6A, 0x19, 0xDE, 0x66, 0x8D, 0xA3, 0xDF, 0xBC, 0x08, 0xC8, 0xE2, 0x0E, 0x4D,
    0x1E, 0xF7, 0xC7, 0x23, 0x94, 0x63, 0x96, 0xC8, 0xA5, 0x45, 0xD3, 0x4F, 0x9F, 0xE8, 0x7B, 0xFE,
    0xC9, 0x70, 0xB8, 0xFD, 0x27, 0xD6, 0xD8, 0x31, 0x94, 0xC7, 0x50, 0x6F, 0xC7, 0xBA, 0xCF, 0xEF,
    0xB2, 0x32, 0xE9, 0x3D, 0x14, 0x6B, 0xDF, 0xAB, 0xA7, 0xDA, 0xF7, 0x6A, 0xA9, 0x63, 0x80, 0xFE,
    0x3B, 0xF4, 0x5C, 0xC2, 0x03, 0x9F, 0xE3, 0x71, 0xE6, 0xD7, 0xC7, 0x78, 0xEB, 0x69, 0x2D, 0x35,
    0xCC, 0xE0, 0x29, 0x2D, 0x76, 0xF1, 0x69, 0x3D, 0x75, 0xF1, 0xF1, 0x2D, 0xD1, 0xE1, 0x67, 0xFB,
    0x3B, 0x87, 0xBB, 0xB4, 0xF5, 0x56, 0x32, 0xE9, 0x1F, 0x7E, 0xF6, 0x72, 0xE7, 0xF0, 0x33, 0xCF,
    0xEC, 0xBF, 0xB8, 0x6B, 0x39, 0x65, 0x97, 0x4E, 0x90, 0xE9, 0x38, 0x16, 0xA7, 0x1A, 0xF5, 0xE8,
    0xB4, 0x00, 0x40, 0xAD, 0x37, 0x76, 0xEB, 0xC9, 0x83, 0x07, 0xFF, 0xB6, 0xE5, 0xB9, 0xCC, 0x82,
    0x08, 0x32, 0x76, 0x73, 0x91, 0xA6, 0x65, 0x82, 0xBD, 0xBA, 0x81, 0x24, 0xDD, 0x60, 0x65, 0x60,
    0x95, 0x66, 0xD3, 0x08, 0x52, 0x59, 0x19, 0x67, 0x39, 0x93, 0x0D, 0x05, 0x6B, 0xCA, 0x68, 0xCC,
    0xD1, 0x79, 0x50, 0xD3, 0x5A, 0xDA, 0x32, 0x8B, 0x42, 0x73, 0xC8, 0x9D, 0xF9, 0xBA, 0xA6, 0x35,
    0x07, 0x91, 0x9B, 0x40, 0x07, 0x0C, 0xBF, 0x7E, 0xC8, 0xF0, 0x97, 0x45, 0x0D, 0x7F, 0xFF, 0x51,
    0xC3, 0x9F, 0x0C, 0xE5, 0xCB, 0x66, 0xB4, 0x93, 0x60, 0x5C, 0x91, 0x65, 0xE6, 0xFB, 0xCA, 0xF5,
    0xEC, 0x21, 0x9A, 0xAD, 0x69, 0xAB, 0x29, 0x1C, 0x96, 0x10, 0x47, 0xE5, 0x76, 0x20, 0x1C, 0x5F,
    0x66, 0xC2, 0xA7, 0x06, 0x16, 0x62, 0xB9, 0x51, 0x21, 0x41, 0x15, 0x69, 0xEB, 0x04, 0xEC, 0x17,
    0x6C, 0xBD, 0x03, 0xAA, 0x42, 0x8E, 0x11, 0xCD, 0x20, 0x24, 0xFE, 0x46, 0x81, 0x62, 0x51, 0x22,
    0x22, 0x4A, 0x75, 0x9A, 0x31, 0x38, 0xA8, 0xD1, 0x64, 0xEA, 0xD1, 0xC8, 0x1C, 0xD5, 0x6D, 0x56,
    0xBD, 0xAA, 0x67, 0x6E, 0x4E, 0xBE, 0x18, 0xAF, 0x4A, 0xF6, 0x9B, 0xB7, 0xBD, 0x92, 0x4D, 0xDE,
    0x1C, 0x7B, 0xD8, 0xAC, 0xC8, 0xD4, 0xA8, 0xD1, 0x5B, 0x12, 0x49, 0xF6, 0x1D, 0x67, 0x54, 0x93,
    0xFB, 0x44, 0x8E, 0x36, 0x5E, 0x5A, 0x95, 0x29, 0xA5, 0xBC, 0x89, 0x46, 0xB4, 0x0D, 0x25, 0x55,
    0x62, 0xD7, 0x40, 0x2C, 0x16, 0xB3, 0xDB, 0x11, 0x24, 0x7D, 0x39, 0xF0, 0x19, 0x7B, 0x70, 0xD1,
    0x0D, 0x90, 0x31, 0x39, 0x9F, 0x0F, 0x99, 0x5C, 0x9C, 0x57, 0x29, 0x57, 0xA3, 0x69, 0xBF, 0xB8,
    0x2E, 0xAB, 0x9F, 0x63, 0xA1, 0xBC, 0x13, 0x0A, 0xCD, 0x62, 0xFD, 0x69, 0x9A, 0x95, 0x36, 0xD4,
    0x18, 0x53, 0x02, 0xCE, 0xF6, 0x4A, 0x19, 0x58, 0x1C, 0xD5, 0x4B, 0xF5, 0x69, 0xCB, 0xF8, 0xBA,
    0x46, 0x49, 0x17, 0x92, 0x04, 0x96, 0xF0, 0x89, 0x2C, 0xF1, 0xC3, 0xA5, 0x48, 0x48, 0x04, 0x91,
    0x98, 0xDA, 0x34, 0x6B, 0xCB, 0x43, 0xBD, 0x9D, 0xA0, 0xBA, 0xA2, 0x48, 0x29, 0x7D, 0x47, 0xD3,
    0x63, 0x24, 0x46, 0x12, 0xE1, 0x3C, 0xF2, 0xB6, 0x30, 0x94, 0x6F, 0x4B, 0x5E, 0xDB, 0xD6, 0xDF,
    0x87, 0xEA, 0xC1, 0xAD, 0x24, 0xB3, 0x36, 0x3F, 0x43, 0xA1, 0x48, 0xA6, 0x8E, 0xE6, 0xFE, 0xCF,
    0xD4, 0xE3, 0x85, 0x2B, 0x0A, 0x89, 0x09, 0xE6, 0x90, 0x90, 0xC9, 0x0A, 0x12, 0x32, 0x59, 0x49,
    0x65, 0x28, 0xF0, 0x32, 0x12, 0xB2, 0xE0, 0x31, 0x24, 0x64, 0x72, 0x1D, 0x12, 0x32, 0x3F, 0xD3,
    0xAE, 0xC0, 0xBF, 0x21, 0x1E, 0x0F, 0xBE, 0x8C, 0x3C, 0x29, 0x3C, 0x0F, 0x69, 0x58, 0x88, 0xA1,
    0x08, 0x43, 0xCA, 0x3C, 0xB4, 0xAD, 0xFB, 0x1C, 0x09, 0xD9, 0xF4, 0xCF, 0x15, 0x6D, 0x36, 0x82,
    0xB9, 0xA4, 0xE1, 0x57, 0x4C, 0x80, 0x61, 0x06, 0x5E, 0xFE, 0x60, 0x32, 0x78, 0xE4, 0x64, 0xC6,
    0x7F, 0xDB, 0x60, 0xCE, 0x1F, 0x19, 0xCC, 0x05, 0x52, 0xAF, 0x7D, 0x1C, 0x4C, 0xBD, 0xF1, 0xAB,
    0xB0, 0x72, 0xE6, 0x4C, 0x48, 0xF9, 0xFD, 0xE9, 0x88, 0x92, 0x19, 0x50, 0x14, 0xC3, 0x58, 0x97,
    0x31, 0xD8, 0x6D, 0x23, 0xE9, 0x65, 0x6B, 0x7D, 0x9E, 0x3D, 0x4C, 0xF2, 0x3C, 0x44, 0x97, 0xF2,
    0x3C, 0xF8, 0x98, 0xC0, 0xCB, 0xA0, 0xB0, 0x3E, 0xDA, 0xE6, 0xA2, 0xD7, 0xCF, 0x50, 0xE0, 0xE5,
    0xDE, 0x2E, 0x0A, 0x32, 0x4F, 0x16, 0x9E, 0xBB, 0x0A, 0x31, 0xC5, 0xAD, 0xBD, 0x3A, 0x45, 0x14,
    0x54, 0x15, 0x86, 0xD6, 0xE5, 0x3C, 0xD3, 0xFC, 0x60, 0x68, 0x4E, 0x94, 0xFC, 0xF3, 0xAC, 0x4F,
    0xFC, 0x8A, 0xA4, 0x04, 0x52, 0x62, 0x26, 0x78, 0xC4, 0x9A, 0xF4, 0xCF, 0xBD, 0x57, 0xF3, 0x2B,
    0x0B, 0xB1, 0x37, 0x6B, 0x3C, 0xF8, 0xF3, 0x8C, 0x1C, 0x56, 0x92, 0x72, 0x48, 0x49, 0x8F, 0x47,
    0x50, 0x2A, 0xCA, 0x2B, 0x9B, 0xD6, 0x65, 0xFA, 0x0F, 0x4F, 0xEF, 0x89, 0x2D, 0xFF, 0xE1, 0x1A,
    0xCD, 0xFF, 0x80, 0x65, 0xF9, 0x9B, 0xB5, 0x68, 0xE0, 0xB9, 0xEC, 0xD1, 0xE0, 0x87, 0xF1, 0x90,
    0x7F, 0xAD, 0x35, 0x0A, 0xE1, 0xA7, 0x40, 0xB7, 0x35, 0x19, 0xCC, 0x92, 0x27, 0xBC, 0xA1, 0xF5,
    0x74, 0x68, 0x43, 0xF3, 0x9E, 0xC8, 0x86, 0x2D, 0xA7, 0x95, 0xAE, 0xB2, 0x86, 0x75, 0xEF, 0xD2,
    0x1C, 0x0C, 0xBF, 0x01, 0xCE, 0xB2, 0x31, 0xF8, 0x45, 0xD7, 0xA7, 0xFE, 0xDA, 0xAF, 0xDE, 0xEE,
    0xAF, 0x7D, 0xF5, 0xD3, 0x00, 0xB2, 0x5C, 0xF0, 0x30, 0xEE, 0xAF, 0x6D, 0x10, 0xFD, 0xB5, 0xBD,
    0x87, 0x03, 0x47, 0x56, 0x35, 0x05, 0x01, 0xE1, 0x79, 0xBD, 0x87, 0x42, 0x60, 0x3F, 0xF2, 0x17,
    0xD6, 0xA4, 0xA2, 0xB8, 0x69, 0x5D, 0xC6, 0x5D, 0xF0, 0x0D, 0x76, 0x22, 0xCE, 0x4F, 0x25, 0xE2,
    0x8C, 0xCA, 0xB7, 0xE5, 0xA5, 0x4A, 0x02, 0x8A, 0x08, 0x85, 0x4F, 0x28, 0xC3, 0x41, 0x95, 0x0C,
    0x87, 0xC9, 0x9E, 0x7D, 0x72, 0x84, 0xE6, 0x3A, 0xE6, 0x27, 0x82, 0x2C, 0x14, 0x74, 0x15, 0x46,
    0x20, 0xF7, 0x75, 0x20, 0x63, 0x46, 0xF2, 0x39, 0xC6, 0x68, 0xFA, 0x47, 0xC8, 0xB6, 0x97, 0xAE,
    0x80, 0xCF, 0x32, 0xAF, 0xA9, 0x03, 0xB4, 0x35, 0x5A, 0xA3, 0xAE, 0x23, 0x1C, 0xC2, 0xBA, 0x55,
    0xFD, 0xBD, 0x5D, 0x55, 0xFD, 0xF0, 0xC7, 0x95, 0x6E, 0x96, 0xCB, 0xB2, 0x07, 0xA4, 0x14, 0xBC,
    0x6E, 0x6C, 0x96, 0xAE, 0x5F, 0x9A, 0xD1, 0xA1, 0x1D, 0xB5, 0xE9, 0xAC, 0x7E, 0x19, 0xF4, 0x2B,
    0x8C, 0xCE, 0x83, 0x2F, 0x33, 0xFD, 0xA8, 0xD0, 0x22, 0xE4, 0x33, 0x5F, 0x46, 0x4F, 0xCD, 0x31,
    0xF5, 0xD0, 0x55, 0x78, 0xEC, 0x9A, 0xA6, 0xA7, 0xEA, 0x2A, 0xA5, 0xF2, 0xBC, 0xCB, 0xA4, 0x67,
    0x7B, 0x3A, 0xF5, 0xEC, 0x89, 0x4E, 0x3A, 0x29, 0xDB, 0x76, 0xC1, 0xDE, 0x47, 0xC1, 0x90, 0x61,
    0x5E, 0xDB, 0x23, 0x4E, 0x3D, 0xF0, 0x88, 0xEC, 0x91, 0x47, 0xEF, 0xB6, 0x1F, 0x7A, 0x8A, 0x0A,
    0xEB, 0x83, 0x7F, 0xBD, 0x6C, 0x0B, 0xA4, 0xA6, 0xD2, 0x45, 0xD3, 0x6B, 0x5D, 0x29, 0x6D, 0x83,
    0xEC, 0xEE, 0xCE, 0x76, 0xB2, 0x3C, 0xD6, 0x3E, 0x71, 0x96, 0x69, 0xDB, 0x79, 0xB7, 0x6A, 0x8F,
    0x67, 0x6D, 0x18, 0xDF, 0xC8, 0x78, 0x17, 0x60, 0x6B, 0x3C, 0x64, 0x84, 0x10, 0x92, 0x85, 0xEC,
    0x32, 0x6D, 0x7D, 0xAF, 0x84, 0xDD, 0x09, 0xEA, 0x92, 0xC2, 0x85, 0xC4, 0xDB, 0xBA, 0x43, 0xD5,
    0xB7, 0x68, 0x11, 0x85, 0xB8, 0x51, 0x7B, 0x82, 0xD8, 0xB5, 0xE3, 0xC1, 0xE7, 0xB8, 0x48, 0xAA,
    0x2C, 0x7E, 0x65, 0x44, 0x16, 0x37, 0x66, 0x65, 0xD1, 0x61, 0xC8, 0x62, 0xFD, 0x84, 0x2C, 0x2A,
    0x25, 0xB2, 0x18, 0x01, 0x54, 0x75, 0xC9, 0x92, 0xA6, 0x6D, 0xF2, 0xE9, 0xFA, 0x71, 0x9B, 0x7F,
    0x8C, 0xAF, 0xBA, 0x0C, 0xFE, 0x5F, 0xC1, 0xF8, 0x3F, 0x1B, 0x00, 0x5F, 0x30, 0xB3, 0xE0, 0x0D,
    0xFC, 0x26, 0x79, 0xD6, 0xAB, 0xEB, 0x29, 0x9E, 0x71, 0x69, 0x3F, 0x18, 0x1A, 0x54, 0xD5, 0x8D,
    0x1C, 0x9B, 0x3D, 0xD5, 0x5C, 0xC5, 0xFF, 0xF4, 0xFD, 0x41, 0xC6, 0x68, 0xA3, 0xAE, 0xD2, 0xF9,
    0x15, 0xB0, 0x54, 0xB0, 0xBC, 0xAC, 0x64, 0x96, 0x18, 0xBF, 0x8A, 0x49, 0x30, 0xE1, 0x89, 0x48,
    0x0C, 0x02, 0x6B, 0x16, 0xAC, 0x0E, 0xF6, 0x2C, 0x7E, 0x09, 0x91, 0x6E, 0x91, 0xA3, 0x70, 0xFE,
    0x2B, 0x46, 0x36, 0x37, 0x32, 0x1A, 0x76, 0x90, 0x1E, 0xEC, 0xB3, 0x46, 0xC3, 0x31, 0x37, 0xCD,
    0x34, 0xDD, 0xF4, 0xE0, 0x51, 0x81, 0xFE, 0x06, 0xB9, 0x5F, 0x7A, 0xCC, 0x8D, 0x38, 0xDB, 0x4D,
    0x8B, 0xD0, 0xCE, 0x43, 0x8E, 0x7F, 0x11, 0x2E, 0xC8, 0x32, 0xC6, 0xB0, 0xFB, 0x72, 0xBC, 0x21,
    0xD3, 0xC6, 0x5E, 0x38, 0x2B, 0x38, 0x9A, 0x17, 0x75, 0x3D, 0xB2, 0x44, 0xD3, 0x4A, 0x79, 0xBD,
    0x9B, 0x78, 0x6D, 0x25, 0x7B, 0x38, 0x21, 0xE6, 0xA0, 0x64, 0x8E, 0x4C, 0x94, 0xA6, 0xCC, 0xE7,
    0xCB, 0xA2, 0x82, 0xEC, 0xB2, 0xBB, 0xD7, 0xCE, 0x23, 0x56, 0x53, 0x6F, 0xA0, 0xD6, 0xB7, 0xAD,
    0xD1, 0xB5, 0xD8, 0x5A, 0xF3, 0xA0, 0x6E, 0x36, 0x0F, 0x52, 0xE2, 0xB1, 0x93, 0x7A, 0xE2, 0x07,
    0xA7, 0xB4, 0x68, 0xF3, 0x5B, 0x1B, 0x5A, 0x9A, 0xDF, 0x0A, 0x47, 0xD6, 0xFE, 0xF2, 0xC4, 0xD1,
    0xD6, 0x33, 0xE1, 0x48, 0xB3, 0xCF, 0x62, 0x79, 0x5A, 0x29, 0x7B, 0xEE, 0x40, 0x92, 0xB1, 0xB1,
    0x8B, 0x64, 0x09, 0xC1, 0x64, 0xE4, 0x09, 0x68, 0xC9, 0x75, 0x06, 0x10, 0x97, 0x02, 0x92, 0xAA,
    0x81, 0xAA, 0x3D, 0x40, 0x8F, 0x7E, 0x17, 0xC8, 0x7B, 0x1C, 0x48, 0x94, 0xAF, 0x41, 0xBE, 0x89,
    0x95, 0x23, 0x24, 0xC1, 0x61, 0x15, 0xC2, 0x9E, 0x52, 0x4E, 0xF5, 0x54, 0x23, 0xE1, 0x95, 0x38,
    0x35, 0x62, 0xAC, 0xDC, 0x7F, 0x5D, 0xE6, 0xD8, 0x67, 0x5C, 0x4B, 0x7B, 0x83, 0x47, 0x6E, 0x6F,
    0x90, 0xBD, 0xED, 0x0D, 0xFF, 0x70, 0xE8, 0xD8, 0x67, 0xC1, 0xC3, 0x3F, 0xFB, 0xA9, 0x84, 0xFA,
    0x14, 0xF8, 0xC6, 0x8F, 0x7D, 0x26, 0xD1, 0xC1, 0x35, 0xD3, 0xEF, 0x25, 0x4E, 0x42, 0x86, 0xC2,
    0x87, 0x5A, 0x27, 0x48, 0x96, 0xFD, 0x21, 0xAA, 0xD7, 0x57, 0x6F, 0x21, 0x57, 0x63, 0x77, 0x96,
    0x02, 0x4D, 0x33, 0xF6, 0x23, 0x86, 0x5D, 0x79, 0x8E, 0x2A, 0xC6, 0x99, 0x53, 0x35, 0xF0, 0xDD,
    0x57, 0x46, 0x56, 0x76, 0xD0, 0xAC, 0x0B, 0x0F, 0x5D, 0x20, 0x2E, 0x83, 0x84, 0x52, 0xFA, 0x74,
    0x7E, 0x0B, 0xD5, 0x9D, 0xFA, 0xE8, 0xDB, 0x54, 0x69, 0xEC, 0x5C, 0x92, 0x7F, 0x60, 0x60, 0xBF,
    0x56, 0xAB, 0x60, 0xE6, 0xFD, 0x85, 0x20, 0xEB, 0x0A, 0x94, 0x53, 0x20, 0x7D, 0x79, 0xA6, 0xD5,
    0x49, 0x0B, 0x9A, 0xAE, 0x69, 0x2F, 0x02, 0x48, 0x00, 0x91, 0xBC, 0x1D, 0xC7, 0xC9, 0x0D, 0x45,
    0xB0, 0x9F, 0xE1, 0x8D, 0xFF, 0x17, 0xD8, 0xC2, 0xAD, 0x69, 0x1A, 0x83, 0x6B, 0x94, 0xE7, 0xFF,
    0x0A, 0x38, 0x94, 0x2A, 0x5D, 0xBF, 0x22, 0xB4, 0x6C, 0xDF, 0xF6, 0xB3, 0x65, 0xC1, 0x18, 0x31,
    0x5E, 0x23, 0xCC, 0xCE, 0xA1, 0xD9, 0xC8, 0x37, 0xB1, 0x1F, 0xD6, 0x8B, 0xD6, 0x17, 0x94, 0xF7,
    0xEA, 0x1F, 0x14, 0x4C, 0x85, 0x93, 0xFD, 0xD3, 0xE6, 0xBC, 0xD1, 0xC8, 0x3F, 0x23, 0x5E, 0xF5,
    0x54, 0x3A, 0xFD, 0x7A, 0xDE, 0x99, 0x87, 0x2F, 0xEB, 0x53, 0x99, 0x52, 0xE9, 0x8C, 0x47, 0x5B,
    0x00, 0x20, 0x98, 0x60, 0xF3, 0x0A, 0x7C, 0x59, 0x7D, 0x44, 0x9B, 0xAE, 0xC3, 0x30, 0x5E, 0x60,
    0x63, 0xED, 0x73, 0x5A, 0x31, 0xA2, 0xB1, 0x3D, 0xBA, 0xB0, 0x57, 0xDB, 0x10, 0x30, 0xE5, 0xFF,
    0xCE, 0x49, 0x59, 0x5C, 0x3B, 0x78, 0x05, 0x5A, 0x2D, 0x59, 0x2C, 0xD3, 0x90, 0x71, 0x40, 0x10,
    0xC8, 0xC9, 0x8C, 0x40, 0xF4, 0x7F, 0x01, 0x8D, 0x58, 0x7F, 0x6C, 0x1C, 0xC7, 0x75, 0x7E, 0x7B,
    0x43, 0xEE, 0xF8, 0xF6, 0xC7, 0x2D, 0x01, 0x8B, 0x16, 0xAB, 0xEC, 0xF1, 0x88, 0x8A, 0x29, 0x4F,
    0x2C, 0x79, 0x77, 0x81, 0xAE, 0x30, 0x2D, 0x52, 0xD1, 0xCA, 0x8A, 0xE3, 0xC2, 0xA6, 0x13, 0xA1,
    0xE0, 0x92, 0x88, 0x2B, 0xCA, 0x2E, 0x84, 0x3A, 0xB1, 0x20, 0xBA, 0x97, 0x88, 0x86, 0x14, 0x5E,
    0x6D, 0x9E, 0x2C, 0xD8, 0x46, 0x6D, 0x0B, 0xA1, 0x53, 0x18, 0x4E, 0x7F, 0x9A, 0x85, 0xDD, 0x98,
    0x5C, 0x99, 0x27, 0x16, 0x62, 0x61, 0x41, 0x55, 0xA4, 0x65, 0x05, 0xD4, 0x68, 0x6D, 0xD7, 0x27,
    0x03, 0x4C, 0xFF, 0x49, 0xD2, 0x33, 0x12, 0x55, 0xA8, 0x90, 0xB4, 0x6C, 0xCD, 0x14, 0x8A, 0x41,
    0x72, 0xFB, 0xBD, 0xDD, 0xBB, 0x13, 0x65, 0xB3, 0x76, 0x8F, 0x7C, 0xEF, 0x66, 0x66, 0x6F, 0x67,
    0x67, 0xDE, 0xFB, 0xDE, 0xF7, 0xDE, 0x6C, 0xA1, 0x70, 0xCB, 0xA7, 0x85, 0xA2, 0x4F, 0x05, 0x12,
    0x63, 0xA5, 0x2F, 0x40, 0xF5, 0x24, 0xA1, 0x96, 0x65, 0x89, 0xE4, 0xE2, 0xE2, 0x0A, 0xED, 0x56,
    0xFC, 0x2C, 0xB5, 0x28, 0x7E, 0x33, 0x91, 0xE2, 0xD3, 0x67, 0x29, 0x72, 0x20, 0x92, 0x45, 0x81,
    0x5C, 0xA4, 0x3B, 0x82, 0x29, 0xCA, 0x8C, 0x70, 0xFF, 0x73, 0x0E, 0xE9, 0x37, 0x48, 0x0F, 0x1C,
    0xD2, 0xEE, 0xA5, 0x29, 0x92, 0x3A, 0xE6, 0xFF, 0x15, 0xA9, 0x97, 0x1C, 0xDA, 0xF3, 0x72, 0xFD,
    0x1E, 0x9E, 0x05, 0x92, 0x7B, 0x18, 0x52, 0xA0, 0x42, 0x6E, 0x93, 0xBF, 0x42, 0x21, 0x37, 0xB9,
    0x3C, 0xB9, 0xDC, 0x3A, 0xFF, 0xF8, 0x7E, 0x9A, 0x2E, 0x60, 0xE9, 0x05, 0x12, 0xA5, 0x02, 0x59,
    0x54, 0xA0, 0xE3, 0x10, 0xA2, 0xDA, 0x9E, 0xF2, 0x68, 0xE7, 0xE7, 0x29, 0x1B, 0x04, 0x95, 0x74,
    0xBE, 0x30, 0x05, 0xA9, 0x70, 0x9B, 0xC7, 0xBB, 0xCF, 0x9F, 0x9F, 0xDE, 0x75, 0xFE, 0xFC, 0x7C,
    0x0E, 0xF3, 0xFD, 0xD6, 0xE3, 0x7F, 0x3B, 0xBF, 0x27, 0x08, 0x96, 0x5B, 0x2A, 0x85, 0x0E, 0x9E,
    0x27, 0x13, 0xCE, 0x81, 0xCF, 0x16, 0xEA, 0x69, 0xFC, 0xA5, 0xF1, 0xD7, 0x47, 0x79, 0x5C, 0xAA,
    0x0A, 0x3F, 0x85, 0x26, 0x3E, 0x71, 0x36, 0x14, 0x64, 0x1C, 0x52, 0x6D, 0xC2, 0x1A, 0x7A, 0x28,
    0xC1, 0x6B, 0x50, 0x2A, 0x34, 0x2D, 0x4A, 0x44, 0x89, 0x26, 0xA2, 0x01, 0x93, 0xED, 0x48, 0xC2,
    0x8F, 0xF9, 0xA9, 0xD6, 0xD3, 0xD5, 0x3D, 0xC1, 0xEC, 0x3C, 0x56, 0xD7, 0x59, 0x33, 0x53, 0xE5,
    0xD3, 0xFE, 0xD5, 0x0A, 0x69, 0x55, 0x4A, 0x4C, 0x7A, 0xAB, 0xCD, 0xEE, 0x7E, 0x41, 0x3E, 0xD5,
    0xE5, 0xE4, 0x16, 0x9F, 0xFE, 0x38, 0xFD, 0x7F, 0xCB, 0xA5, 0x1B, 0xBE, 0x31, 0x95, 0xF6, 0xED,
    0x29, 0xBA, 0xFA, 0x0D, 0xA2, 0xC9, 0x6A, 0xCC, 0xE9, 0xC0, 0x7D, 0x39, 0xD2, 0x20, 0x46, 0x3E,
    0x47, 0x69, 0x3B, 0x47, 0x13, 0xE5, 0x1C, 0xAD, 0xBF, 0x8C, 0x8D, 0x2A, 0x39, 0xEA, 0x9E, 0xC9,
    0xD1, 0xAE, 0xB9, 0x1C, 0xE5, 0xCC, 0x5C, 0x13, 0xC4, 0x60, 0xD9, 0xB3, 0x96, 0x4F, 0xE7, 0xCC,
    0xEC, 0x4A, 0x84, 0x0D, 0x03, 0x1B, 0x34, 0x68, 0x4F, 0xF0, 0x42, 0xD8, 0x4E, 0x05, 0x83, 0x94,
    0x16, 0x83, 0xB4, 0x63, 0x64, 0x90, 0x32, 0xA7, 0x07, 0xA9, 0x33, 0x36, 0x08, 0x23, 0x0F, 0x86,
    0xD7, 0xBA, 0x3F, 0x7A, 0x41, 0xB4, 0x5E, 0x1D, 0x94, 0x54, 0x31, 0x35, 0xAA, 0xE8, 0x6B, 0xBC,
    0x4B, 0xD5, 0xF3, 0xA6, 0x59, 0xE8, 0x33, 0x3E, 0xDD, 0x9E, 0xE7, 0xB1, 0x68, 0x9E, 0xC7, 0xF7,
    0x34, 0xC6, 0xE1, 0x9C, 0x6A, 0xAB, 0xEB, 0x3A, 0xF5, 0xBE, 0x15, 0x04, 0xCE, 0xC6, 0xFB, 0x82,
    0x20, 0xB8, 0xD1, 0xE8, 0x00, 0x82, 0x86, 0xE2, 0xB7, 0x41, 0x7A, 0xEA, 0x82, 0xDF, 0xAF, 0xD6,
    0x2F, 0x37, 0xBB, 0xEE, 0xFE, 0x8F, 0xAF, 0x05, 0x73, 0xBB, 0x78, 0xC6, 0x3A, 0xC0, 0xB1, 0x56,
    0x1F, 0x8B, 0x01, 0x28, 0xB1, 0x12, 0x45, 0x72, 0xDD, 0xAB, 0xC4, 0x96, 0xDC, 0xA8, 0x8D, 0x6F,
    0x85, 0x41, 0x54, 0xBB, 0x8F, 0xD7, 0x1B, 0xDE, 0x67, 0x03, 0x09, 0x76, 0x1B, 0x35, 0x8F, 0x8D,
    0x0D, 0x25, 0x2E, 0x5E, 0x3C, 0x67, 0xD8, 0x6D, 0xE9, 0xBA, 0x24, 0xCA, 0x17, 0xCF, 0xB1, 0xF0,
    0x75, 0x96, 0xD6, 0xB1, 0xB1, 0xF0, 0xBE, 0x10, 0x40, 0x7D, 0x26, 0x29, 0x15, 0x51, 0xD2, 0x01,
    0x40, 0xD5, 0x69, 0xEE, 0x10, 0x64, 0xB6, 0x98, 0x76, 0x3A, 0xDF, 0x3B, 0x36, 0x71, 0x61, 0xD7,
    0x9F, 0x3D, 0x3A, 0xCA, 0xCF, 0x11, 0xB8, 0xF6, 0xF1, 0xB5, 0x52, 0x8C, 0x2F, 0x00, 0x64, 0x00,
    0x5B, 0xAB, 0xBB, 0x34, 0x84, 0xB1, 0x20, 0xFC, 0x81, 0xC6, 0xE3, 0xBC, 0x01, 0x87, 0x2E, 0xC1,
    0x2E, 0xC3, 0x4B, 0x63, 0x43, 0x8A, 0x6F, 0xD3, 0x46, 0x89, 0x95, 0x6C, 0x12, 0x8E, 0x8D, 0x58,
    0xB3, 0x01, 0x58, 0x9B, 0x06, 0x20, 0x05, 0x08, 0x51, 0x13, 0x35, 0xE6, 0x40, 0x20, 0x7A, 0xA7,
    0xAF, 0xBF, 0x86, 0xC7, 0x0D, 0xF1, 0x10, 0x07, 0xCE, 0x8E, 0xDF, 0x75, 0x2B, 0x9D, 0xF0, 0x2C,
    0xCB, 0xA6, 0x7D, 0xD7, 0xAD, 0xB4, 0x44, 0xE1, 0x8F, 0xE7, 0x97, 0xEA, 0xEB, 0x5A, 0xAF, 0xD9,
    0xD3, 0xC7, 0x90, 0x1F, 0xBB, 0x7E, 0x3A, 0xE4, 0x08, 0xF6, 0x81, 0xEE, 0x79, 0x0B, 0x78, 0x54,
    0x1E, 0x7B, 0x5F, 0x09, 0xBF, 0xD1, 0x67, 0x69, 0x44, 0x30, 0x6E, 0x60, 0x4E, 0x0A, 0xE7, 0x98,
    0x42, 0xFF, 0x72, 0xB0, 0x22, 0x4E, 0xBA, 0xE3, 0x52, 0x50, 0x3E, 0x25, 0xBC, 0x85, 0x7E, 0xC8,
    0x76, 0xB4, 0x85, 0x70, 0x20, 0xB8, 0xC6, 0x5B, 0xDF, 0xE6, 0x79, 0x02, 0x4E, 0x56, 0xE8, 0x93,
    0xC4, 0x14, 0x6B, 0x28, 0x51, 0x65, 0x35, 0xCF, 0x6C, 0x97, 0x83, 0x4A, 0x70, 0x38, 0xDB, 0x6C,
    0x80, 0x3E, 0x8B, 0x79, 0x0F, 0x76, 0x8D, 0xF9, 0x4A, 0x95, 0x2C, 0x87, 0xFE, 0x90, 0x43, 0x5D,
    0x6F, 0x40, 0x45, 0x23, 0x13, 0x44, 0x50, 0xC0, 0x4F, 0x96, 0xF5, 0xF9, 0x81, 0x02, 0x33, 0xD4,
    0x86, 0x3F, 0xA2, 0x87, 0xE1, 0xD2, 0x0A, 0x3C, 0xEA, 0x9B, 0x70, 0x8E, 0x49, 0xBA, 0x63, 0x52,
    0xCA, 0x49, 0x50, 0xFF, 0x1F, 0x04, 0xC1, 0x76, 0xB4, 0xC5, 0xA7, 0x88, 0xC2, 0xD6, 0xE7, 0x39,
    0xAA, 0xD1, 0x72, 0xC5, 0xF3, 0xC1, 0xAA, 0x84, 0x2D, 0xB1, 0x08, 0xEA, 0x87, 0x6C, 0x87, 0x88,
    0xCD, 0xE4, 0xA1, 0x20, 0xE0, 0xEF, 0x70, 0xC7, 0x0F, 0x53, 0x34, 0x01, 0x29, 0xEF, 0x01, 0xF3,
    0xE2, 0x24, 0xBC, 0xAA, 0xEF, 0x73, 0xD2, 0x94, 0xBA, 0xBB, 0x94, 0xA7, 0xFE, 0xBD, 0x7E, 0x01,
    0xD3, 0x54, 0xAA, 0xB8, 0xEF, 0x9B, 0xA0, 0x12, 0xA7, 0xBF, 0x04, 0x95, 0xE2, 0x69, 0xB2, 0xAC,
    0xFE, 0x1B, 0x63, 0xF7, 0xFA, 0xE7, 0x48, 0x3C, 0x41, 0xA9, 0x68, 0xBA, 0xDA, 0x27, 0x34, 0x19,
    0x43, 0xDE, 0x62, 0xAA, 0x1B, 0x68, 0xC7, 0xF4, 0x55, 0xF4, 0x53, 0x0E, 0xFD, 0x80, 0xFA, 0x5A,
    0x14, 0x98, 0xA7, 0xC0, 0xB6, 0xBF, 0xA9, 0xE6, 0x59, 0x55, 0x05, 0x5B, 0x1B, 0x4A, 0x3A, 0x50,
    0xBD, 0x21, 0x2A, 0xC3, 0x69, 0x3B, 0x18, 0x66, 0x55, 0x9B, 0xB7, 0xD9, 0xC3, 0x20, 0x66, 0x0B,
    0x3B, 0x79, 0xC2, 0x7C, 0xD8, 0xFE, 0x31, 0x67, 0x9E, 0xF7, 0x7A, 0x85, 0xD7, 0xE7, 0x63, 0xA5,
    0x77, 0x63, 0xCD, 0x62, 0x9F, 0xD3, 0x87, 0xA5, 0x61, 0x33, 0xE2, 0xFE, 0x07, 0xD7, 0x48, 0x7C,
    0xF5, 0xDF, 0xEF, 0x27, 0xF1, 0x25, 0x6A, 0xAE, 0xC7, 0x2A, 0xAF, 0x4F, 0x67, 0x6F, 0x26, 0x43,
    0x3A, 0xD6, 0x19, 0x35, 0xC0, 0x8D, 0xA5, 0xF8, 0x70, 0x9F, 0xE2, 0xEB, 0x91, 0x41, 0x9B, 0x87,
    0x97, 0x86, 0xC0, 0x5D, 0xCC, 0x05, 0x9F, 0x9E, 0xBB, 0x0A, 0xB7, 0xF1, 0xFA, 0x4C, 0x0A, 0xDD,
    0x18, 0xFA, 0x31, 0x74, 0x24, 0xA5, 0x0E, 0x9F, 0xF1, 0xA8, 0xE8, 0x1E, 0x74, 0x89, 0x7D, 0x19,
    0x3A, 0x6D, 0x73, 0x75, 0x5F, 0x79, 0x16, 0x0A, 0x01, 0x1E, 0x19, 0x71, 0xEA, 0x36, 0xCC, 0x64,
    0x00, 0xCD, 0x06, 0x6C, 0x60, 0x90, 0x65, 0x18, 0x66, 0x16, 0x52, 0x84, 0xDC, 0x0E, 0x11, 0x9B,
    0x89, 0x15, 0xAC, 0x01, 0xC6, 0xA3, 0x4A, 0x18, 0x93, 0x0D, 0xFB, 0x6B, 0x8C, 0x8F, 0x34, 0xE7,
    0xE6, 0x2A, 0xA0, 0x21, 0x4F, 0x20, 0x37, 0xF7, 0x2A, 0x7E, 0x86, 0x3A, 0x14, 0x5F, 0x25, 0x4D,
    0xF1, 0xF3, 0x9B, 0x2A, 0x7D, 0x78, 0x69, 0x9C, 0x03, 0x8E, 0x03, 0x8B, 0x23, 0x8B, 0x43, 0xE9,
    0x8A, 0x3B, 0x14, 0x7B, 0x0B, 0xCF, 0xC0, 0x7A, 0x75, 0x60, 0xDA, 0x82, 0xEC, 0x81, 0x1C, 0x85,
    0x88, 0xCD, 0x44, 0x3B, 0xE3, 0x09, 0xF0, 0xF2, 0x06, 0x54, 0xDC, 0x2C, 0x18, 0xC6, 0xEB, 0x05,
    0xC3, 0x3C, 0x02, 0x47, 0xFA, 0x84, 0x82, 0x81, 0x90, 0x45, 0x7F, 0x3D, 0x08, 0xDE, 0x27, 0x65,
    0x78, 0xC9, 0xD9, 0xD4, 0xD4, 0x1B, 0xBC, 0x31, 0x15, 0x0E, 0xDD, 0x71, 0x83, 0xC4, 0x77, 0xD6,
    0xB1, 0xAB, 0x26, 0x98, 0x90, 0xD7, 0x43, 0x59, 0x56, 0xC5, 0xE6, 0x51, 0x97, 0x46, 0x40, 0x01,
    0x60, 0x24, 0x93, 0x3E, 0x43, 0x85, 0x31, 0x14, 0x05, 0xC1, 0xBF, 0x79, 0x33, 0xA4, 0xFC, 0x43,
    0x79, 0x66, 0xA3, 0xFF, 0x58, 0x15, 0x11, 0x8E, 0x74, 0x08, 0xF1, 0xF8, 0x29, 0xFE, 0x6B, 0xA8,
    0x0D, 0xF3, 0xD5, 0x82, 0x0A, 0xE8, 0x3B, 0x01, 0x46, 0xD4, 0x19, 0x27, 0x29, 0x56, 0x45, 0x56,
    0x87, 0xBE, 0x8C, 0xA7, 0x89, 0xBB, 0xBD, 0xD7, 0xC2, 0x88, 0xFC, 0x84, 0x7A, 0x88, 0x9F, 0x76,
    0x8F, 0xEB, 0xD6, 0xF0, 0xF0, 0xB0, 0x1D, 0xC2, 0x9F, 0xA9, 0x58, 0x80, 0x8A, 0x25, 0xA8, 0xD8,
    0xA2, 0xE4, 0x50, 0x3F, 0xB5, 0xCF, 0x6C, 0x67, 0x8C, 0x6F, 0x26, 0xCD, 0x63, 0xAE, 0x48, 0x05,
    0xEB, 0xE1, 0x04, 0x1D, 0xF0, 0x61, 0xB5, 0x80, 0xFB, 0x11, 0x1E, 0x27, 0x7C, 0x92, 0xFB, 0x4E,
    0x96, 0xAC, 0x7B, 0x25, 0xF5, 0x7F, 0x45, 0xA3, 0x9D, 0xBF, 0x0D, 0x8C, 0x39, 0x69, 0x47, 0x38,
    0xB9, 0x69, 0xE1, 0x54, 0x73, 0x62, 0xAF, 0x9F, 0x16, 0xFB, 0xF6, 0x1E, 0x11, 0x5F, 0x0D, 0x7E,
    0x21, 0xEE, 0x71, 0xB4, 0xF0, 0x7E, 0xD8, 0x5B, 0xB9, 0x1C, 0xAC, 0xC6, 0x4E, 0x96, 0x7A, 0x10,
    0x59, 0xB6, 0x8E, 0xC2, 0xC5, 0x12, 0xC1, 0xEA, 0x1E, 0xE4, 0x84, 0x3B, 0x21, 0x42, 0xBC, 0x74,
    0x04, 0x74, 0xBA, 0x2A, 0xC2, 0x36, 0xD9, 0x02, 0x79, 0x42, 0x24, 0xA8, 0x47, 0xD8, 0xE2, 0x86,
    0x52, 0xA7, 0x77, 0x9A, 0x62, 0xBA, 0xF4, 0x77, 0x33, 0x49, 0xBF, 0x89, 0x2D, 0x2A, 0x7F, 0xEF,
    0x93, 0x2E, 0x11, 0xBB, 0xA9, 0x5E, 0x84, 0x7A, 0xFF, 0xE3, 0xCE, 0x97, 0x69, 0x7B, 0xAC, 0x54,
    0x21, 0x71, 0x53, 0x09, 0x87, 0x15, 0x70, 0x83, 0x09, 0xA1, 0x4C, 0x56, 0x7D, 0x50, 0xD1, 0x9C,
    0x95, 0x13, 0x8E, 0xE2, 0x2F, 0xFA, 0xE2, 0xA9, 0x92, 0x8F, 0x5F, 0x4E, 0x5B, 0x92, 0x0A, 0x29,
    0x93, 0xFA, 0xFA, 0x7B, 0x3A, 0xCC, 0x2E, 0xD0, 0xA2, 0xA4, 0x69, 0x48, 0xC5, 0x97, 0x8A, 0x5F,
    0x91, 0xC2, 0x29, 0x48, 0x49, 0xE3, 0xD2, 0x02, 0x43, 0xC6, 0x1D, 0x23, 0x62, 0x3E, 0x83, 0xC2,
    0x22, 0x25, 0x0C, 0x35, 0xD8, 0x15, 0x4A, 0x3F, 0x7C, 0xC9, 0xA3, 0x94, 0x3B, 0xE9, 0xC2, 0x49,
    0x93, 0x0E, 0x1D, 0x72, 0x7E, 0x01, 0x52, 0xD9, 0xFB, 0x0E, 0x1E, 0xBB, 0x6F, 0x10, 0xA4, 0x72,
    0xBF, 0x01, 0x52, 0x39, 0x62, 0x24, 0x48, 0x2C, 0x18, 0xA8, 0xD0, 0x1C, 0xBE, 0x8D, 0x55, 0xE4,
    0xF4, 0x8E, 0xB6, 0x90, 0x03, 0x98, 0x3D, 0xC4, 0x73, 0x67, 0x66, 0xF5, 0xAF, 0x78, 0xE5, 0xD4,
    0x20, 0x69, 0xFD, 0x90, 0x43, 0xFF, 0x1F, 0x26, 0x0E, 0xC9, 0xEE, 0x24, 0xC7, 0xC8, 0xB3, 0x1A,
    0xD8, 0x40, 0x6B, 0x7E, 0x90, 0xF4, 0xEC, 0xEB, 0x71, 0x4A, 0x64, 0xDE, 0x34, 0x29, 0x63, 0xEC,
    0x34, 0x68, 0xA2, 0x6D, 0xE7, 0x20, 0x0D, 0xA7, 0xBF, 0xF5, 0x3D, 0x52, 0xF3, 0x7F, 0xB5, 0x42,
    0xEA, 0xEE, 0xCA, 0x32, 0xA9, 0x77, 0xC2, 0xA9, 0x6A, 0xEC, 0x0A, 0x5A, 0xF2, 0xE8, 0x71, 0x52,
    0x93, 0xED, 0x26, 0xA9, 0xE3, 0x7D, 0xB2, 0x36, 0xE1, 0x14, 0x96, 0x57, 0x67, 0x12, 0x46, 0x0D,
    0x58, 0x82, 0x99, 0xE4, 0x58, 0x9D, 0x49, 0x12, 0xE5, 0xB9, 0x50, 0x3E, 0xCE, 0x24, 0x26, 0x98,
    0xA4, 0x29, 0xBA, 0x9F, 0xCD, 0x23, 0x9E, 0x1E, 0x1D, 0x92, 0xD9, 0x60, 0xDD, 0x4A, 0x1B, 0x5A,
    0x16, 0x52, 0x44, 0x7B, 0x24, 0x9D, 0xD4, 0x24, 0xDA, 0xB2, 0x77, 0xEC, 0xA0, 0xCC, 0x94, 0xCB,
    0x72, 0x8B, 0xA1, 0x48, 0xB0, 0x55, 0x5D, 0x42, 0xAB, 0x70, 0xA4, 0x72, 0x16, 0xA6, 0xD8, 0x49,
    0xD4, 0xC2, 0x62, 0x1F, 0x94, 0x85, 0x04, 0x4C, 0x59, 0x64, 0x5F, 0x3A, 0x26, 0xDC, 0x71, 0xBA,
    0x9D, 0xBB, 0x22, 0x52, 0x20, 0x1C, 0x60, 0x69, 0xBC, 0xDE, 0x65, 0xB5, 0xD5, 0xFD, 0x36, 0x09,
    0x0E, 0xE6, 0x5A, 0x24, 0xB0, 0x7A, 0x9F, 0x23, 0xF5, 0xB2, 0xF7, 0x06, 0xCF, 0xC7, 0xE9, 0x0A,
    0x2A, 0xC5, 0xAA, 0x9F, 0xD5, 0x51, 0x56, 0x62, 0x9F, 0x7B, 0x04, 0x8A, 0x33, 0x9A, 0x13, 0xDA,
    0xBA, 0x32, 0x8F, 0x6E, 0x69, 0x00, 0x3E, 0x64, 0x6E, 0x3A, 0x80, 0x05, 0x6E, 0x20, 0xA6, 0x29,
    0xAE, 0xAE, 0x91, 0x35, 0x60, 0xA6, 0xAA, 0x03, 0x64, 0xFA, 0xC8, 0x04, 0xC2, 0x19, 0xA7, 0x94,
    0xE5, 0x5E, 0xA0, 0xFE, 0xD4, 0x7A, 0x99, 0xBA, 0x40, 0x3F, 0x38, 0x9D, 0xB8, 0xFB, 0x71, 0x04,
    0x41, 0xE9, 0x28, 0x35, 0xE4, 0xF4, 0x0D, 0x4A, 0xF7, 0xCE, 0x45, 0xAA, 0x46, 0xDF, 0x51, 0xE0,
    0x8B, 0x53, 0x49, 0x53, 0xC2, 0xA0, 0x1B, 0xE9, 0x7B, 0x04, 0xC6, 0x95, 0xA6, 0x19, 0x8E, 0xDF,
    0x22, 0xE1, 0x78, 0xCD, 0xE8, 0x61, 0xAD, 0xF9, 0x2F, 0x78, 0x4E, 0xEC, 0x2D, 0xF7, 0x38, 0xA7,
    0xB1, 0x34, 0x22, 0x05, 0x2A, 0x25, 0xD1, 0x2D, 0x4A, 0x5C, 0xD8, 0xCE, 0x5D, 0xB1, 0x41, 0x61,
    0x4C, 0xF0, 0xF2, 0xC2, 0x94, 0xC9, 0x25, 0x0D, 0x89, 0xEE, 0x46, 0x3A, 0xF1, 0xC3, 0xF5, 0xDC,
    0x60, 0xA4, 0x31, 0x2E, 0xAC, 0x6E, 0x6F, 0x36, 0xD3, 0xFA, 0x6D, 0x77, 0x02, 0x51, 0x32, 0xDC,
    0xFA, 0x4B, 0x57, 0x9D, 0x0C, 0x02, 0x15, 0x26, 0x52, 0x75, 0x24, 0x05, 0xF5, 0x9A, 0xA3, 0xD2,
    0x1E, 0x47, 0x55, 0x7E, 0xB9, 0xA2, 0x3E, 0xE9, 0x24, 0x1B, 0x20, 0x22, 0xBF, 0x97, 0xED, 0x73,
    0x8C, 0x23, 0x77, 0xD1, 0x27, 0x4B, 0x3A, 0x0B, 0x88, 0xDC, 0xA6, 0x76, 0x2A, 0x76, 0xE0, 0x6A,
    0x57, 0x93, 0xD1, 0x44, 0xD8, 0x87, 0xB1, 0x89, 0x02, 0x5F, 0x21, 0xEC, 0x48, 0x36, 0xC3, 0x2F,
    0x4A, 0x63, 0x3E, 0x4E, 0x42, 0x08, 0xBA, 0x3B, 0x1D, 0x0E, 0x52, 0xB6, 0x77, 0x69, 0x9C, 0xB2,
    0x29, 0xAF, 0x4C, 0xC5, 0xCF, 0x7B, 0x2F, 0x12, 0x1F, 0xFE, 0x6A, 0xF6, 0x66, 0x50, 0x70, 0xFD,
    0x76, 0x8B, 0x0A, 0xC7, 0x00, 0x14, 0x45, 0x09, 0xD3, 0x53, 0x0D, 0xE4, 0xCF, 0x63, 0x8F, 0xF7,
    0x8C, 0x0E, 0xE9, 0x00, 0x5F, 0x8A, 0x92, 0xD4, 0x0F, 0x90, 0x6E, 0x07, 0x08, 0x39, 0x85, 0x8A,
    0xE6, 0xC7, 0x86, 0x90, 0x92, 0x66, 0xC2, 0x36, 0x4B, 0xEB, 0x63, 0x2E, 0x5B, 0x48, 0xA9, 0x31,
    0x53, 0x58, 0xE5, 0xFE, 0x69, 0x79, 0x56, 0x74, 0x5F, 0x9C, 0xB5, 0x18, 0x4F, 0x0C, 0xA7, 0x54,
    0xB0, 0xDA, 0xD5, 0xEC, 0x0E, 0x85, 0xA7, 0x4C, 0x2B, 0x58, 0x91, 0x60, 0x97, 0x86, 0x24, 0xBC,
    0x73, 0x2C, 0x51, 0x90, 0x3C, 0x85, 0xFD, 0x2C, 0x2E, 0xA2, 0x36, 0x3A, 0x09, 0xDA, 0x92, 0x3A,
    0xEC, 0x6A, 0x25, 0x51, 0x24, 0x67, 0x61, 0x58, 0x2A, 0x6E, 0xA3, 0x2F, 0xD0, 0x88, 0xEE, 0x16,
    0x18, 0x21, 0xF3, 0x0C, 0x98, 0x5C, 0xAD, 0xA5, 0xBB, 0xF5, 0x6E, 0xA4, 0xE4, 0x72, 0xCD, 0x3E,
    0xC8, 0x91, 0xCA, 0xBF, 0x06, 0xEB, 0xA2, 0x04, 0xD0, 0xC2, 0x38, 0xB0, 0x4D, 0x21, 0x6B, 0x79,
    0xAB, 0xC5, 0xF6, 0xBF, 0x1E, 0xED, 0xAA, 0x07, 0x98, 0x56, 0x9E, 0x09, 0xA5, 0xDE, 0x6F, 0x3D,
    0xE8, 0xCA, 0xFA, 0x7E, 0x1A, 0x29, 0xB3, 0xFB, 0xF4, 0xF5, 0x59, 0xDA, 0xE6, 0x41, 0xD1, 0xA2,
    0xEF, 0x63, 0x8D, 0xE0, 0x5C, 0xB1, 0x78, 0x19, 0xC4, 0xFB, 0x37, 0x6F, 0x8F, 0x53, 0xB2, 0xEB,
    0xE7, 0x49, 0xDA, 0x62, 0xAD, 0x60, 0x0B, 0x77, 0xBD, 0x8B, 0x3B, 0x3E, 0xB8, 0x5C, 0x8A, 0x2A,
    0x84, 0xDD, 0xEC, 0x1C, 0x9C, 0xDE, 0x9B, 0xA8, 0x41, 0xDE, 0xE4, 0xA7, 0x23, 0x22, 0x78, 0x08,
    0xB8, 0x4E, 0xBA, 0xA3, 0x7A, 0x5B, 0xDE, 0x4C, 0x35, 0x15, 0x9A, 0xF6, 0xB4, 0x5E, 0x75, 0x8F,
    0x21, 0x3C, 0xA5, 0x28, 0x4D, 0x83, 0x61, 0x2B, 0x52, 0x7F, 0xCA, 0x97, 0xF4, 0x77, 0x8E, 0xA4,
    0x6C, 0x49, 0x2A, 0xCB, 0x2B, 0x32, 0xEB, 0xF4, 0xF0, 0x9A, 0x94, 0xA7, 0x51, 0x3E, 0x9C, 0xC1,
    0xBD, 0x69, 0x32, 0xF5, 0xB4, 0x77, 0x2A, 0x01, 0xC9, 0xA0, 0x3D, 0x91, 0xBE, 0x74, 0x6A, 0x38,
    0xBD, 0x74, 0x4A, 0x4D, 0x2F, 0xD6, 0xE4, 0x3A, 0xE4, 0xEA, 0x03, 0x6A, 0xDA, 0x31, 0x55, 0x5C,
    0x87, 0xF0, 0x09, 0x6B, 0x7F, 0xB8, 0xAD, 0xE7, 0xB8, 0x52, 0x8A, 0xCD, 0x08, 0x53, 0xCE, 0x69,
    0x99, 0x97, 0x4D, 0x33, 0xF3, 0xBA, 0xD9, 0x6B, 0x7C, 0xDD, 0x7C, 0xA2, 0xED, 0x75, 0xF3, 0xD1,
    0xCE, 0x97, 0xCD, 0x78, 0xEE, 0x2D, 0x33, 0xDE, 0x07, 0xB1, 0x9E, 0x35, 0xE3, 0x02, 0xDF, 0xDA,
    0xB5, 0xD1, 0x78, 0x4F, 0xD7, 0x5A, 0xBC, 0x20, 0xE3, 0xE1, 0x1E, 0x16, 0xDD, 0xFD, 0xB1, 0xB7,
    0x51, 0xF5, 0xDF, 0x47, 0x79, 0x98, 0x3C, 0x6F, 0x41, 0x52, 0x7A, 0xB0, 0xD2, 0x0F, 0x9C, 0x75,
    0xB1, 0x8F, 0x35, 0x6F, 0x06, 0x31, 0x78, 0x44, 0x1A, 0x64, 0x37, 0x84, 0x33, 0x06, 0xC6, 0x94,
    0xBA, 0x2D, 0x14, 0x1F, 0x58, 0x46, 0x76, 0x02, 0xC7, 0xF8, 0x50, 0x72, 0x1E, 0xCA, 0xB0, 0x31,
    0x96, 0x6F, 0xAA, 0xF4, 0x50, 0x0B, 0x8F, 0xC5, 0x58, 0x89, 0xD2, 0x47, 0x17, 0x50, 0x82, 0x5D,
    0x3D, 0x42, 0x89, 0x71, 0x74, 0x6D, 0x03, 0x6A, 0xBC, 0xF9, 0xEA, 0x18, 0x1E, 0x53, 0x3B, 0x77,
    0xC1, 0xCF, 0x9D, 0x14, 0x02, 0x8F, 0x04, 0x2C, 0x43, 0x32, 0xCD, 0x65, 0x55, 0xDA, 0x36, 0x51,
    0xC6, 0xD8, 0x4D, 0x34, 0xD9, 0x3A, 0x36, 0x44, 0x5D, 0x59, 0xBE, 0x40, 0x4F, 0x72, 0xE0, 0xFE,
    0x27, 0x42, 0x25, 0xF6, 0xE7, 0xC8, 0xDE, 0xD2, 0x06, 0x96, 0x92, 0x38, 0x3E, 0xCA, 0x71, 0x5B,
    0x0F, 0xCF, 0x64, 0xB5, 0x83, 0x98, 0x7F, 0xC2, 0x21, 0xA4, 0x55, 0xA4, 0xAB, 0x67, 0x39, 0x4A,
    0x92, 0x76, 0x92, 0xAC, 0xCE, 0x81, 0x26, 0xCC, 0x87, 0x84, 0x5B, 0x8C, 0xC1, 0xF9, 0x5B, 0x75,
    0x02, 0xE6, 0x06, 0x50, 0x6B, 0x81, 0xCD, 0x3F, 0x62, 0xE0, 0x61, 0xAA, 0x38, 0xA3, 0x2F, 0x54,
    0x1A, 0x23, 0x92, 0xB1, 0x19, 0x6E, 0x37, 0x22, 0xEF, 0xB7, 0x79, 0xBF, 0xFF, 0xC4, 0x9C, 0x7A,
    0x1F, 0x14, 0x6C, 0x66, 0x53, 0x56, 0xC7, 0xD8, 0x31, 0x2E, 0x9F, 0x6E, 0x27, 0xCE, 0x81, 0x4C,
    0xCF, 0xA2, 0x15, 0x59, 0x53, 0x50, 0x19, 0x00, 0x8B, 0xBD, 0x33, 0x4D, 0x42, 0xE7, 0x5C, 0x39,
    0x60, 0x58, 0x24, 0x5A, 0x90, 0x6E, 0x95, 0xFA, 0x41, 0x91, 0xA6, 0x90, 0x25, 0x2B, 0x49, 0x02,
    0x16, 0x02, 0x60, 0x7B, 0x0A, 0x3C, 0x5B, 0x48, 0x21, 0xCE, 0xFA, 0x9B, 0xE9, 0xB6, 0x2E, 0x89,
    0x18, 0x83, 0x4F, 0xB0, 0x82, 0x05, 0x2C, 0x65, 0x1C, 0x01, 0x12, 0x09, 0x8F, 0x69, 0xB1, 0xE5,
    0x06, 0x63, 0x73, 0x25, 0x81, 0x42, 0x3B, 0xF6, 0x0A, 0x62, 0x84, 0x9C, 0xFD, 0xA8, 0xDA, 0xA7,
    0x53, 0xA2, 0x54, 0xE9, 0x97, 0xEF, 0x2F, 0x77, 0x99, 0xC7, 0x7A, 0x64, 0xDA, 0x6C, 0x0A, 0x63,
    0x02, 0x47, 0x4C, 0xD9, 0x3A, 0xEA, 0x7E, 0x22, 0x29, 0xB1, 0xC9, 0xF9, 0x48, 0x4B, 0xE2, 0xF0,
    0xC5, 0x59, 0x92, 0xDD, 0x28, 0xBE, 0x13, 0xC2, 0xCE, 0x51, 0x46, 0x83, 0x65, 0x27, 0x2C, 0x7B,
    0x99, 0xB6, 0x65, 0x7E, 0xF2, 0x23, 0xD2, 0xC6, 0x9F, 0x44, 0x8D, 0xDC, 0x32, 0x89, 0x2A, 0x5A,
    0xF9, 0x0F, 0x9F, 0x34, 0x79, 0x60, 0x9E, 0xB4, 0xA4, 0xDD, 0x8B, 0x0B, 0xB0, 0xBB, 0x76, 0xD3,
    0xEE, 0x7C, 0xE8, 0x7C, 0x05, 0xD8, 0xB6, 0x9B, 0x4C, 0xDD, 0x36, 0xE2, 0x96, 0x3D, 0xFA, 0xB5,
    0xAC, 0x5D, 0xFE, 0x93, 0x22, 0xDA, 0x23, 0xF6, 0x63, 0x7F, 0x24, 0xED, 0xA5, 0x7F, 0x94, 0xB6,
    0x0F, 0xA9, 0x40, 0x2E, 0x41, 0x28, 0x2E, 0x53, 0xE0, 0xFB, 0x64, 0x3D, 0xC9, 0x72, 0xBC, 0x7F,
    0xB8, 0x26, 0x5E, 0xD8, 0x19, 0x17, 0xC6, 0xCE, 0xB8, 0x65, 0x9E, 0xFD, 0x8B, 0x6C, 0xE2, 0xEC,
    0x5C, 0x11, 0xED, 0xAD, 0xF6, 0xCE, 0xB8, 0x6C, 0x3F, 0x3B, 0x17, 0x4A, 0x1B, 0xDA, 0x9D, 0x90,
    0xDC, 0x9D, 0x71, 0x59, 0xB8, 0x2B, 0x2E, 0xBF, 0xBB, 0x0A, 0x4E, 0x76, 0x5A, 0x6A, 0x7C, 0xB1,
    0x26, 0x0E, 0x20, 0x8F, 0xD8, 0xA3, 0x0F, 0x24, 0xEC, 0xF2, 0xA9, 0x8C, 0x6D, 0x98, 0x13, 0xC9,
    0xE0, 0xC7, 0x77, 0xD8, 0x88, 0xA1, 0x36, 0xEF, 0x94, 0xDA, 0xB6, 0xF4, 0xAE, 0x9A, 0xF6, 0xDF,
    0x55, 0x3B, 0xF1, 0x9D, 0x5B, 0x7A, 0x40, 0x2D, 0x20, 0xBE, 0x2A, 0x14, 0xBD, 0xE5, 0x78, 0xB1,
    0xC4, 0xDC, 0x00, 0x82, 0x88, 0x70, 0x18, 0xE6, 0x3F, 0x05, 0xDD, 0x6C, 0xF7, 0xF5, 0xEB, 0x54,
    0xE4, 0x3C, 0x12, 0xF1, 0x31, 0x67, 0x19, 0xA9, 0x72, 0xC2, 0x93, 0xA1, 0xBA, 0xD9, 0x75, 0xBF,
    0x01, 0xC5, 0xF9, 0x2F, 0xF4, 0xD1, 0x15, 0x77, 0xBF, 0xF2, 0x9E, 0xB7, 0x20, 0x4E, 0xC1, 0x6F,
    0x96, 0xB7, 0x60, 0x25, 0x28, 0x9F, 0x85, 0x14, 0x11, 0x6B, 0x61, 0x9C, 0x65, 0x11, 0x53, 0x69,
    0x32, 0x64, 0xAF, 0x7B, 0xE0, 0x96, 0x76, 0xC6, 0x7B, 0x63, 0x53, 0x1F, 0x1F, 0x20, 0xCD, 0x6A,
    0xFB, 0xBD, 0x67, 0xB2, 0x4A, 0x65, 0xFE, 0x98, 0xEE, 0xF4, 0xDC, 0x6E, 0x50, 0x5C, 0xA8, 0xDE,
    0x6B, 0x42, 0x39, 0x38, 0x74, 0xCB, 0x91, 0xA3, 0xF9, 0x20, 0x97, 0xBC, 0xC1, 0xCD, 0xCC, 0x1E,
    0x95, 0x9C, 0x49, 0x17, 0xDE, 0x6E, 0x9F, 0x0D, 0xCB, 0x62, 0xAE, 0x80, 0x56, 0x29, 0x8B, 0xC8,
    0xA6, 0x62, 0x02, 0x35, 0xC2, 0x56, 0x56, 0x1C, 0xE8, 0xB5, 0x24, 0xC5, 0x3F, 0x91, 0xAD, 0x63,
    0x2E, 0x50, 0x71, 0xD1, 0xAB, 0x75, 0x59, 0x45, 0x00, 0x7E, 0x09, 0x85, 0xBC, 0xF2, 0x5E, 0x19,
    0x81, 0x7D, 0x0A, 0x69, 0x0D, 0x85, 0xD3, 0x1B, 0x64, 0x25, 0x46, 0x8F, 0x50, 0xCA, 0x44, 0xB7,
    0x9F, 0x27, 0xE8, 0x42, 0xDE, 0x21, 0x06, 0x5D, 0x88, 0x3E, 0xDC, 0x8B, 0x32, 0x52, 0x2A, 0xEF,
    0x70, 0x56, 0x30, 0xC6, 0x11, 0x79, 0x08, 0x08, 0xD9, 0x08, 0x88, 0xD8, 0x33, 0xD4, 0x21, 0xEE,
    0x53, 0x73, 0x52, 0x8B, 0x77, 0x6A, 0x9F, 0x1B, 0x4C, 0x27, 0x2E, 0xFD, 0xC8, 0xF8, 0x62, 0xA2,
    0xCD, 0x9C, 0xB0, 0xBE, 0xF0, 0xCC, 0xB6, 0xEC, 0x53, 0x25, 0x6D, 0xD7, 0x49, 0x47, 0x3B, 0x2C,
    0x48, 0x7B, 0x4E, 0x76, 0x6A, 0x5A, 0xDC, 0xD0, 0x34, 0x03, 0x92, 0x5D, 0xD3, 0xB4, 0x56, 0x35,
    0xDA, 0x5F, 0xA1, 0x09, 0x04, 0x52, 0xC0, 0x52, 0x5E, 0x41, 0x39, 0x85, 0x02, 0x78, 0x1A, 0xE7,
    0x82, 0x6F, 0xC1, 0x71, 0x1C, 0x91, 0xC5, 0xD6, 0x27, 0x70, 0x0E, 0xC2, 0xD9, 0x8A, 0x3D, 0x85,
    0xAB, 0x93, 0xCC, 0x09, 0x87, 0x50, 0x71, 0x49, 0x71, 0x7D, 0x61, 0x93, 0x44, 0x1A, 0x11, 0x24,
    0xEA, 0xFC, 0x65, 0x94, 0x55, 0x05, 0x5C, 0x2F, 0xA0, 0x52, 0x2B, 0xA0, 0x50, 0x5B, 0x3E, 0x06,
    0x82, 0xDC, 0x1A, 0x3A, 0xEE, 0xC3, 0x75, 0xD9, 0x79, 0x54, 0xBB, 0x45, 0x32, 0x1F, 0x96, 0xE5,
    0x8E, 0xB3, 0x7F, 0xC9, 0x5B, 0xAA, 0x15, 0x3E, 0xEB, 0xFC, 0x96, 0x49, 0x8A, 0xE0, 0x06, 0xEE,
    0x4F, 0x67, 0x05, 0xB5, 0x15, 0xD1, 0x1E, 0x89, 0x08, 0x76, 0x56, 0x26, 0x0E, 0x8E, 0x86, 0x05,
    0x10, 0x17, 0x3C, 0x86, 0x19, 0x97, 0xA8, 0x3E, 0x65, 0xA2, 0x16, 0x08, 0xCC, 0xAF, 0xA5, 0x34,
    0xC5, 0x9E, 0x1E, 0x1B, 0x12, 0x48, 0xDE, 0x3A, 0x9E, 0x9B, 0x90, 0xDE, 0x7C, 0x46, 0xA5, 0xDC,
    0x84, 0x0C, 0x96, 0x87, 0xF9, 0x35, 0x10, 0x18, 0x51, 0xED, 0x04, 0xA8, 0x3B, 0x83, 0x53, 0x6A,
    0x67, 0x09, 0x80, 0xFE, 0x21, 0xC4, 0x7D, 0x00, 0x63, 0x9C, 0x68, 0x5A, 0xC2, 0x68, 0x24, 0xC9,
    0xC7, 0xCC, 0xDD, 0x4F, 0xA0, 0xF1, 0xC1, 0xF3, 0x3F, 0xA3, 0x2F, 0x5E, 0xB9, 0x7C, 0x89, 0x94,
    0x0F, 0xDE, 0x42, 0xF7, 0xD1, 0x1F, 0x57, 0xE9, 0xB6, 0x7B, 0x3E, 0xE8, 0x20, 0xE5, 0xCA, 0x65,
    0x74, 0x1F, 0xFF, 0xE7, 0x0A, 0x19, 0xF1, 0x9F, 0xE5, 0x69, 0xDB, 0xE9, 0xEB, 0x33, 0xD1, 0x09,
    0xF3, 0xE3, 0x67, 0xFB, 0x06, 0x6B, 0x45, 0x67, 0x7B, 0xE0, 0x91, 0x44, 0x1B, 0xA2, 0xDF, 0xFA,
    0xB5, 0xC5, 0x25, 0x54, 0x64, 0x5F, 0xCA, 0x53, 0x7F, 0xB2, 0xD7, 0x80, 0xE3, 0xDF, 0x64, 0x7E,
    0x46, 0x31, 0x2E, 0x53, 0x4C, 0xAF, 0xBF, 0x19, 0xFC, 0x0F, 0xDB, 0x38, 0x57, 0x57, 0x9C, 0xFF,
    0x05, 0x33, 0x2B, 0x57, 0x2C, 0x0A, 0x97, 0xE3, 0x33, 0x86, 0x21, 0xD2, 0xB6, 0xA1, 0x83, 0xFD,
    0x70, 0xC0, 0xA4, 0x4C, 0xF6, 0xA7, 0x6B, 0x13, 0x9D, 0x87, 0xCC, 0xE1, 0x1D, 0xAF, 0x8E, 0xAA,
    0x99, 0x9F, 0xCE, 0xA9, 0x9D, 0x87, 0xE2, 0x6A, 0xF7, 0xAB, 0x73, 0xEA, 0x5D, 0xAF, 0xCF, 0xA9,
    0xB9, 0x47, 0xE2, 0x6A, 0xE1, 0xD1, 0xB8, 0xFA, 0xDD, 0x9F, 0xF7, 0xDE, 0x7C, 0x5B, 0xCD, 0x2F,
    0xBB, 0x48, 0xE7, 0x9D, 0xF6, 0x1E, 0xC7, 0xF2, 0x96, 0x71, 0xBA, 0x4C, 0x7D, 0x74, 0x66, 0x85,
    0x8E, 0xB7, 0xBA, 0x59, 0x52, 0x67, 0xBB, 0x71, 0xFE, 0x39, 0x78, 0x57, 0x81, 0x54, 0x2D, 0x97,
    0x8B, 0x5A, 0xB1, 0x5F, 0xA5, 0x50, 0x5A, 0x56, 0xF0, 0xB4, 0xD8, 0x4A, 0xD6, 0x21, 0xAB, 0xFD,
    0xBF, 0x96, 0xA9, 0x4F, 0xF0, 0x2B, 0x95, 0xF0, 0xF3, 0xD2, 0x5E, 0xA0, 0xFB, 0x27, 0x67, 0xE7,
    0x48, 0x7C, 0xEF, 0x68, 0x9C, 0x98, 0x71, 0xC8, 0x6A, 0xC6, 0x58, 0x96, 0x81, 0x5D, 0xE4, 0x6A,
    0x6E, 0x84, 0x11, 0x2F, 0xCD, 0xD1, 0x03, 0x35, 0x85, 0x02, 0x04, 0xA8, 0x63, 0xC4, 0x47, 0xC7,
    0x6D, 0x83, 0x22, 0x15, 0xA2, 0x5B, 0x61, 0x5A, 0xF4, 0x3C, 0x7E, 0x0B, 0xF0, 0x9A, 0x44, 0x80,
    0x24, 0xAC, 0xF2, 0x85, 0x76, 0x33, 0xD9, 0xB3, 0x0B, 0xA1, 0xFB, 0x1B, 0xF0, 0x2E, 0x43, 0x58,
    0x4D, 0x94, 0x2F, 0xA8, 0xE6, 0xE8, 0x91, 0x50, 0x30, 0x79, 0x38, 0x36, 0x59, 0x0B, 0xE1, 0x17,
    0xBD, 0x29, 0x94, 0xF9, 0x2F, 0x55, 0xF9, 0xAD, 0xD4, 0x34, 0x03, 0xAA, 0x4A, 0x56, 0xF8, 0x66,
    0x11, 0x96, 0xA2, 0x22, 0xCC, 0x43, 0x23, 0x3B, 0x5E, 0xFD, 0x1A, 0xC9, 0x6D, 0xDF, 0x9F, 0xAD,
    0x45, 0x6A, 0xB4, 0x8A, 0x4B, 0x61, 0xA2, 0x84, 0x23, 0xDA, 0xED, 0xDD, 0x24, 0x73, 0xB6, 0xBA,
    0x21, 0xFD, 0x28, 0xA5, 0x1E, 0x36, 0xDC, 0x45, 0x78, 0x92, 0xF3, 0xA1, 0x9E, 0x75, 0x7E, 0x40,
    0x89, 0x6F, 0x06, 0xCF, 0xC3, 0x65, 0xF8, 0x4C, 0x64, 0xAF, 0xAD, 0xD2, 0x70, 0xE7, 0xD7, 0x0D,
    0x52, 0x43, 0xC5, 0x5D, 0x55, 0x01, 0x0C, 0x54, 0x89, 0x22, 0x5A, 0xB5, 0xEE, 0xAE, 0x90, 0x3A,
    0x70, 0x0D, 0xA7, 0xAC, 0xE5, 0x76, 0x2D, 0xAA, 0xD5, 0xC2, 0x4D, 0x7E, 0x07, 0x35, 0x85, 0xD1,
    0x96, 0xD7, 0x13, 0x17, 0x17, 0x12, 0x66, 0x4F, 0x3E, 0x03, 0x99, 0x40, 0xBD, 0x18, 0xC2, 0x75,
    0xF2, 0xDA, 0xBA, 0xFA, 0xC8, 0xE7, 0x7F, 0x47, 0x3D, 0xFC, 0x88, 0xA7, 0x16, 0xBF, 0x7F, 0x3E,
    0x6C, 0xF3, 0xF7, 0xEF, 0x3F, 0xF2, 0x60, 0xB8, 0xA0, 0x16, 0x7E, 0x75, 0x94, 0xE7, 0x02, 0x3B,
    0x17, 0x2A, 0x93, 0x5F, 0x27, 0xF1, 0xEB, 0xD4, 0x79, 0x3D, 0x7C, 0x69, 0xC3, 0x65, 0x02, 0x0A,
    0x77, 0x85, 0xDF, 0x85, 0x22, 0xAE, 0xF8, 0x7D, 0x3E, 0x55, 0x09, 0x2E, 0xCC, 0xA3, 0xC0, 0xC4,
    0xC1, 0x39, 0x77, 0xF3, 0x65, 0x63, 0x0B, 0x6F, 0x32, 0x1F, 0xDE, 0xCB, 0xA5, 0x7E, 0x05, 0x18,
    0xC6, 0x1D, 0xCB, 0xA4, 0x2B, 0xA5, 0x3E, 0xEA, 0x15, 0xA5, 0x04, 0x6D, 0xD1, 0xF9, 0x15, 0x18,
    0x3F, 0x82, 0x06, 0x64, 0xED, 0xF5, 0x8B, 0x52, 0x51, 0xC0, 0x4E, 0x3F, 0x3C, 0x8D, 0xDF, 0xAD,
    0xCF, 0x1E, 0xE7, 0x4B, 0x76, 0x34, 0xDD, 0xFF, 0x02, 0x8D, 0x58, 0x0F, 0x6C, 0x1B, 0x65, 0x96,
    0x7F, 0x63, 0xA7, 0x71, 0xEB, 0x3F, 0x49, 0xB4, 0xAA, 0x4F, 0xD9, 0xD6, 0x4D, 0xAA, 0x95, 0x41,
    0x6E, 0x68, 0x53, 0x6F, 0x34, 0xE5, 0x4C, 0x2F, 0xB4, 0x93, 0x86, 0x2E, 0x6A, 0x4B, 0x5B, 0x9F,
    0xE4, 0x69, 0x39, 0x4A, 0x21, 0xC7, 0xA2, 0x3B, 0x2E, 0x40, 0x3B, 0x65, 0x53, 0x2E, 0xED, 0xED,
    0x6E, 0x86, 0xE6, 0x58, 0x6E, 0x61, 0x0B, 0x4E, 0xBC, 0x15, 0x2C, 0x62, 0x59, 0xA3, 0x6D, 0x68,
    0x3B, 0x69, 0xA9, 0x0F, 0x99, 0xA3, 0x7F, 0x50, 0x3C, 0x5D, 0x8B, 0x56, 0x4B, 0xF7, 0xC4, 0x78,
    0xE6, 0xBA, 0xD5, 0xC1, 0x2D, 0x58, 0x68, 0x69, 0x17, 0x07, 0x1D, 0xD6, 0xCA, 0x77, 0x0A, 0x4D,
    0x9A, 0xEF, 0x7E, 0xDF, 0x8C, 0x9D, 0x04, 0x0A, 0xE2, 0x2C, 0xFD, 0xE6, 0xFB, 0x66, 0xBE, 0xFF,
    0xEF, 0xBD, 0xDF, 0x7B, 0xEF, 0x33, 0xB9, 0x24, 0x22, 0xB7, 0x4E, 0x24, 0x00, 0x64, 0x50, 0x9B,
    0xA6, 0x1D, 0x03, 0x34, 0xAA, 0xFD, 0xFA, 0x7C, 0x44, 0x45, 0xB7, 0x2A, 0xE8, 0x82, 0xE1, 0x56,
    0x29, 0x83, 0xB7, 0xD8, 0x0A, 0xA2, 0x25, 0x31, 0xA2, 0x06, 0xDE, 0xBC, 0x96, 0xB1, 0xF2, 0x2A,
    0x59, 0x56, 0xA2, 0x44, 0xD1, 0xFF, 0x3F, 0x1A, 0xCB, 0x4D, 0x34, 0x4F, 0x1A, 0xC0, 0xD8, 0xBD,
    0x18, 0xAB, 0xE0, 0x1B, 0xC7, 0x63, 0x6C, 0x2A, 0x5A, 0xAB, 0xEF, 0x91, 0x13, 0xD1, 0x1F, 0xB0,
    0xE9, 0x99, 0xF7, 0x59, 0xF8, 0x30, 0x56, 0x90, 0xF8, 0xDA, 0x2E, 0xC6, 0x8A, 0x2E, 0x95, 0xD2,
    0x35, 0x60, 0x2F, 0xD3, 0x28, 0x8B, 0x73, 0xDE, 0x99, 0x7B, 0xCE, 0xBB, 0x83, 0xB5, 0x06, 0x51,
    0x90, 0xEC, 0xB5, 0x77, 0xC8, 0x7D, 0x8A, 0x87, 0xC4, 0xB9, 0xD8, 0x7F, 0x52, 0xCB, 0xEE, 0xD7,
    0xB4, 0x2C, 0xD6, 0x12, 0x6F, 0x84, 0xB3, 0x76, 0x75, 0xDF, 0x19, 0x7C, 0x53, 0x6C, 0xB0, 0x8A,
    0xA2, 0x18, 0xE1, 0x59, 0x94, 0xB2, 0x8A, 0x72, 0xED, 0xB0, 0xA2, 0x24, 0xAB, 0xED, 0x36, 0xF8,
    0x99, 0x05, 0x5B, 0xA4, 0x39, 0xC6, 0x2A, 0x69, 0xCC, 0x97, 0x16, 0x0D, 0x31, 0x9D, 0x11, 0xC5,
    0x57, 0xF4, 0x80, 0xF8, 0x6B, 0xC9, 0x23, 0xA6, 0xD9, 0x84, 0x98, 0x36, 0x22, 0x62, 0x5A, 0x6F,
    0x76, 0x70, 0xED, 0x94, 0x98, 0xBE, 0x94, 0x10, 0xD3, 0x12, 0xFA, 0x92, 0xA7, 0x4C, 0xD5, 0xF1,
    0x38, 0x96, 0x6A, 0x90, 0x4B, 0xBD, 0xCC, 0xFE, 0x6C, 0x97, 0xEF, 0xB3, 0xFF, 0x55, 0x25, 0xEC,
    0x6B, 0x91, 0x76, 0x94, 0x96, 0xC9, 0x3B, 0x69, 0x45, 0x15, 0xBC, 0xDE, 0xAE, 0x9D, 0xA0, 0x08,
    0x05, 0x28, 0x22, 0xBC, 0x85, 0x91, 0x71, 0x47, 0xA7, 0xA1, 0xEA, 0x1C, 0x21, 0x97, 0x7A, 0x6D,
    0x6C, 0x54, 0xFD, 0xF8, 0xD1, 0xED, 0x36, 0x7A, 0x35, 0x4D, 0x0A, 0xCA, 0x09, 0x67, 0x8C, 0xBC,
    0x99, 0x96, 0x69, 0x07, 0x67, 0x4B, 0x7B, 0x8E, 0xA9, 0x99, 0x39, 0xD6, 0x68, 0x5A, 0x11, 0xBA,
    0x4C, 0x77, 0xB0, 0xEB, 0xE9, 0x5A, 0xD9, 0x84, 0x46, 0x1F, 0x63, 0x52, 0x80, 0xDC, 0x6A, 0xA3,
    0x36, 0xAA, 0x36, 0xA0, 0x6C, 0xE0, 0xA5, 0xBC, 0xDD, 0x01, 0xEA, 0x7C, 0x6C, 0x50, 0x96, 0xE3,
    0x90, 0xF1, 0xE1, 0x07, 0x8E, 0xF5, 0xAA, 0xDF, 0xDF, 0xD8, 0xA3, 0x7F, 0x7F, 0x7A, 0x40, 0xEF,
    0x91, 0x65, 0xFA, 0xDB, 0xCB, 0xBF, 0x57, 0x6D, 0xFC, 0x1E, 0x18, 0x1F, 0x57, 0x7B, 0xA0, 0xB0,
    0xBF, 0x87, 0xAC, 0x79, 0xB9, 0x77, 0xDB, 0xA1, 0x04, 0xF6, 0x77, 0xD4, 0xB6, 0xD3, 0xAF, 0x00,
    0xD7, 0x7D, 0x9B, 0x56, 0x3A, 0xF6, 0x75, 0xED, 0x8E, 0x7D, 0x73, 0xB3, 0x11, 0x92, 0xF4, 0x17,
    0x2C, 0xD9, 0x38, 0x69, 0x7C, 0xA1, 0x2D, 0xB8, 0xED, 0x92, 0xCC, 0xE7, 0xF8, 0xC6, 0xF1, 0x4B,
    0xEB, 0x61, 0x85, 0x9E, 0x1B, 0x60, 0x8F, 0xE5, 0x5C, 0xF9, 0x8A, 0xB6, 0x19, 0x34, 0x39, 0xFA,
    0x8B, 0x7A, 0x58, 0x39, 0xEA, 0x91, 0xE3, 0x5F, 0x6E, 0xE6, 0x5C, 0x22, 0x0F, 0x65, 0x00, 0x65,
    0x2E, 0x06, 0x18, 0x29, 0x41, 0x99, 0x7A, 0xEC, 0xC1, 0x2E, 0x2E, 0x42, 0x9D, 0x56, 0x32, 0x76,
    0x9D, 0x7A, 0xC0, 0x83, 0x8C, 0x5B, 0xA2, 0xA2, 0x8F, 0x5C, 0x13, 0xAD, 0xBA, 0xCF, 0x9B, 0xCD,
    0x2E, 0x27, 0x23, 0x54, 0x93, 0x07, 0xCE, 0x94, 0xB8, 0x61, 0xFF, 0x76, 0xBD, 0x04, 0x39, 0xA2,
    0xCD, 0xA5, 0x93, 0x07, 0x6B, 0xDA, 0xCB, 0x6B, 0x5A, 0xC6, 0x03, 0x2E, 0xDA, 0x75, 0xBE, 0x0F,
    0xF4, 0xE3, 0xF2, 0x6C, 0x1B, 0x9D, 0x23, 0x53, 0x3E, 0xBE, 0x07, 0xDA, 0x56, 0x6E, 0x84, 0x56,
    0x5E, 0x7D, 0xB8, 0x17, 0xF8, 0xAA, 0xB6, 0x19, 0x34, 0x35, 0x51, 0x23, 0x6C, 0x7F, 0xDE, 0xF6,
    0x43, 0xFD, 0xE4, 0x96, 0x62, 0x37, 0x62, 0x7D, 0x1F, 0xB9, 0x37, 0x15, 0x51, 0xA7, 0x1A, 0xDA,
    0x46, 0x1D, 0x7F, 0x14, 0x4C, 0x0C, 0x5C, 0x5F, 0x7B, 0x5D, 0x09, 0x08, 0xEA, 0xD7, 0xE0, 0x3F,
    0x95, 0xC0, 0xE2, 0xCF, 0x95, 0xC0, 0x3E, 0xDA, 0x03, 0x23, 0x55, 0x60, 0xA4, 0x60, 0x9D, 0x0D,
    0x58, 0xE5, 0x1D, 0x98, 0xEA, 0xCE, 0xC6, 0xEB, 0x3E, 0xD7, 0xBF, 0x07, 0x96, 0x2F, 0xFD, 0x43,
    0x20, 0x9A, 0x09, 0x04, 0xE8, 0xD3, 0x40, 0xC0, 0xFD, 0xD4, 0xE6, 0x40, 0xA3, 0xF0, 0x87, 0x40,
    0x27, 0xED, 0x0C, 0xDC, 0xC2, 0x36, 0x07, 0xBC, 0x2E, 0x1B, 0x53, 0x40, 0xC2, 0xC7, 0x36, 0x93,
    0xD7, 0xBD, 0x19, 0xE3, 0xEB, 0x1C, 0xCE, 0x70, 0x6F, 0x17, 0x00, 0x96, 0x03, 0x62, 0x75, 0xEA,
    0x22, 0x17, 0x8B, 0x17, 0x56, 0xEE, 0x21, 0x1F, 0x9E, 0x01, 0xBC, 0x75, 0x0A, 0xDB, 0x8C, 0x01,
    0x36, 0x5D, 0xBE, 0x09, 0x72, 0xE4, 0x8B, 0xBB, 0x68, 0x3E, 0xB9, 0xC9, 0x6F, 0xC3, 0x03, 0xE2,
    0x79, 0x31, 0x81, 0x97, 0xB3, 0x49, 0x12, 0xC9, 0x9F, 0xBE, 0x55, 0x0D, 0x29, 0x7B, 0xF4, 0xE5,
    0x4A, 0xC6, 0x88, 0x45, 0xD3, 0x69, 0x51, 0x34, 0x94, 0xC7, 0x3F, 0x7F, 0x3B, 0x33, 0xFD, 0xF0,
    0xF4, 0x29, 0x5A, 0x22, 0x45, 0xEC, 0x75, 0xEB, 0xAB, 0xEB, 0xC6, 0xF0, 0xC8, 0x78, 0x24, 0x17,
    0xFC, 0xB0, 0x6F, 0x94, 0x95, 0x1B, 0x46, 0x28, 0x26, 0x48, 0x6E, 0x7B, 0x6D, 0x37, 0x66, 0xF4,
    0x85, 0xFD, 0x4A, 0x20, 0x14, 0x8A, 0x85, 0x96, 0x88, 0xA1, 0xB5, 0xD3, 0x03, 0xD7, 0xC3, 0x9E,
    0x85, 0x9E, 0x9A, 0x0B, 0x17, 0x18, 0x33, 0x04, 0x95, 0x0C, 0xE1, 0x92, 0x6C, 0x08, 0x25, 0xCD,
    0xA9, 0xF3, 0xB2, 0x5A, 0xBF, 0xA5, 0xA4, 0x7D, 0x1E, 0xFC, 0xF1, 0x36, 0x99, 0xFA, 0x3C, 0x24,
    0x18, 0x82, 0xEE, 0x2B, 0x9D, 0x2C, 0x7B, 0x47, 0x12, 0xCB, 0xED, 0xC1, 0x98, 0x45, 0xDE, 0x21,
    0x27, 0xB4, 0x93, 0xDA, 0x61, 0x5E, 0x6F, 0x65, 0x4C, 0x0F, 0x79, 0x48, 0x6F, 0x19, 0xD5, 0xF4,
    0x25, 0x3B, 0x64, 0xD4, 0x05, 0x7D, 0xD1, 0x98, 0xA6, 0x92, 0x52, 0x87, 0xB1, 0x60, 0xBC, 0xE4,
    0x56, 0x5B, 0x7A, 0x73, 0x46, 0xFB, 0x48, 0x5C, 0x99, 0x89, 0x21, 0x14, 0x98, 0x8F, 0x47, 0x16,
    0xEC, 0x70, 0x63, 0x2B, 0xE4, 0x92, 0x84, 0x38, 0x79, 0xFE, 0xFA, 0xA9, 0xA5, 0xD4, 0xF2, 0xE6,
    0x67, 0x6F, 0xD1, 0x82, 0x5D, 0xB7, 0x6F, 0x40, 0xEB, 0x26, 0x89, 0x7C, 0x07, 0x9E, 0x98, 0xA0,
    0xDB, 0x4E, 0xCF, 0x5F, 0x0C, 0x4B, 0xCB, 0x62, 0xC4, 0xEE, 0x2E, 0x90, 0x34, 0xD9, 0xCA, 0xA5,
    0x50, 0x81, 0xE5, 0x5F, 0xA7, 0x2F, 0xFC, 0x02, 0x75, 0xD5, 0xF0, 0x84, 0x49, 0x75, 0x67, 0x52,
    0x77, 0x1C, 0x93, 0x36, 0xFC, 0xE3, 0x07, 0x6F, 0xD1, 0xA2, 0xD7, 0xD6, 0xFC, 0x0D, 0x5A, 0x1B,
    0x25, 0xF2, 0x5C, 0x1B, 0xAD, 0xD0, 0xED, 0xBD, 0xDA, 0xFD, 0x33, 0xC2, 0xD0, 0x9D, 0xDA, 0x3C,
    0x19, 0xBE, 0x6E, 0x11, 0xF7, 0x29, 0xAD, 0x36, 0xF1, 0x0E, 0xC9, 0x19, 0xCE, 0xAE, 0x34, 0xA7,
    0x17, 0xD6, 0x2D, 0x82, 0x1D, 0xA4, 0x70, 0x33, 0x8C, 0xD9, 0xBA, 0xE7, 0xE2, 0xF0, 0xF0, 0x5D,
    0xB9, 0xA1, 0x76, 0x6A, 0x3C, 0x85, 0xC7, 0xA9, 0x56, 0x89, 0x16, 0x1B, 0x2E, 0xEC, 0x19, 0x82,
    0x71, 0x26, 0x6D, 0x3B, 0x86, 0xF9, 0x82, 0x3B, 0xDF, 0x78, 0x84, 0xC8, 0x1F, 0x0D, 0xD1, 0x42,
    0x7F, 0x74, 0x39, 0x85, 0x42, 0x62, 0x8C, 0x7C, 0x91, 0x48, 0x94, 0xDC, 0x59, 0x7F, 0x86, 0xA8,
    0x1C, 0xC0, 0xF4, 0x65, 0x9F, 0x4E, 0xC2, 0x94, 0x47, 0x25, 0xF7, 0xC1, 0x46, 0x9D, 0x7C, 0x0B,
    0x3A, 0xCB, 0xB4, 0x42, 0x28, 0x77, 0x92, 0x08, 0xDF, 0x39, 0x7B, 0x46, 0x50, 0xB1, 0x28, 0x80,
    0xA7, 0xEE, 0x89, 0x16, 0xA2, 0xC5, 0x13, 0x24, 0xEC, 0xDA, 0x9D, 0x6C, 0x4C, 0x0A, 0x99, 0x79,
    0x89, 0x60, 0x62, 0xD1, 0x89, 0xFD, 0x6F, 0x35, 0x85, 0xA2, 0x91, 0x96, 0x58, 0x24, 0xEA, 0x2E,
    0x37, 0x14, 0x85, 0x8A, 0x47, 0xF7, 0xDD, 0xD7, 0x52, 0x89, 0x51, 0xA5, 0xDD, 0x3E, 0x1F, 0xFA,
    0xD0, 0xA2, 0x13, 0xBD, 0xA7, 0xA8, 0x2E, 0xB4, 0x54, 0xC4, 0xDE, 0x5B, 0x70, 0xB4, 0xB2, 0xDB,
    0x20, 0xF7, 0x2F, 0x1B, 0xFB, 0x69, 0x45, 0x5D, 0x76, 0x3E, 0x05, 0x13, 0x5C, 0x04, 0x98, 0x07,
    0x5D, 0x44, 0x91, 0x7C, 0xFD, 0xA1, 0x0C, 0x09, 0x65, 0x9F, 0xC1, 0x77, 0x86, 0x4D, 0x6D, 0x58,
    0x51, 0x81, 0x95, 0x15, 0xDB, 0x67, 0xF7, 0x53, 0x0B, 0x3D, 0xDF, 0x04, 0xDE, 0xEF, 0x63, 0xB8,
    0x7C, 0x5E, 0xCF, 0x7D, 0xC4, 0x2A, 0x23, 0xAF, 0x5F, 0xEA, 0x4B, 0x3E, 0xA6, 0x8A, 0x5F, 0x85,
    0x91, 0xD7, 0x55, 0x31, 0xF7, 0x11, 0xEA, 0xAE, 0x67, 0xCA, 0x92, 0xEB, 0x09, 0xC9, 0x76, 0x71,
    0xB6, 0x9B, 0x23, 0xC7, 0x3D, 0x21, 0xD4, 0xDE, 0xE0, 0x4C, 0xF9, 0x37, 0xAE, 0x35, 0xFE, 0x6B,
    0x82, 0x21, 0xF4, 0x79, 0x24, 0x98, 0x6E, 0xD1, 0x27, 0x51, 0xAC, 0xD3, 0x21, 0x8C, 0xF3, 0xE3,
    0x5A, 0xEB, 0xE3, 0x54, 0x8D, 0xF0, 0x60, 0x44, 0x9C, 0xAC, 0x6B, 0x4E, 0x32, 0x63, 0xF5, 0x21,
    0xDB, 0x3C, 0x9B, 0xBC, 0x08, 0x79, 0x3C, 0x34, 0xF9, 0xB1, 0x60, 0x0D, 0x70, 0x51, 0x76, 0xB8,
    0x72, 0x88, 0xBF, 0x10, 0x88, 0x50, 0x4E, 0x8F, 0x50, 0xB2, 0x86, 0x4B, 0xFB, 0x12, 0x49, 0xC6,
    0xA6, 0x92, 0x73, 0xBE, 0xD9, 0xED, 0xE8, 0x27, 0x51, 0xC4, 0xEE, 0xEF, 0x00, 0xBF, 0x45, 0x5A,
    0x92, 0xBD, 0xAC, 0x95, 0x3F, 0xFA, 0x29, 0xA5, 0x0B, 0x3F, 0x21, 0xA3, 0x30, 0x28, 0xE8, 0x85,
    0xC1, 0x75, 0x7A, 0xE1, 0xC0, 0xA0, 0x54, 0x50, 0x2F, 0x52, 0x41, 0x3D, 0x41, 0x57, 0xD4, 0x18,
    0x5D, 0x53, 0xA7, 0xC8, 0x70, 0x5F, 0x24, 0x6A, 0x77, 0x15, 0xA9, 0x42, 0xFD, 0x55, 0x03, 0x8D,
    0x6B, 0xCF, 0xB1, 0xF2, 0xC7, 0x98, 0xDB, 0xF8, 0x1A, 0xF0, 0x36, 0xC6, 0xEB, 0x7C, 0xED, 0xE0,
    0x8F, 0x12, 0xF0, 0xD9, 0x47, 0x79, 0x88, 0x93, 0xBF, 0xC7, 0x92, 0x67, 0xCF, 0xDD, 0x8B, 0xBD,
    0xF9, 0x67, 0xF1, 0xF6, 0xCE, 0x44, 0xF2, 0x5D, 0xBE, 0x6F, 0xE7, 0x3D, 0x07, 0xA4, 0xE1, 0x96,
    0x24, 0x80, 0x66, 0x50, 0x47, 0x41, 0x38, 0xCF, 0xDC, 0xFF, 0xB0, 0x72, 0x7A, 0x95, 0x1A, 0xFD,
    0x26, 0x9C, 0x79, 0xA3, 0x94, 0xE1, 0x48, 0xDF, 0xA4, 0x2E, 0xAD, 0x4A, 0xDC, 0xE0, 0x41, 0x8A,
    0x53, 0xC4, 0xC7, 0x4F, 0xD1, 0x09, 0x63, 0x16, 0xCA, 0xA0, 0x4C, 0x6B, 0x49, 0x1B, 0xA3, 0x98,
    0xA6, 0x6D, 0xAC, 0xD2, 0x50, 0x96, 0xA1, 0xE8, 0x92, 0x56, 0x74, 0x28, 0x37, 0xE7, 0x01, 0x8B,
    0x27, 0xD7, 0x21, 0xB9, 0x58, 0x63, 0x80, 0x03, 0xEE, 0x7F, 0x7A, 0x47, 0x1D, 0x1F, 0x44, 0x4E,
    0xAC, 0xAC, 0xF5, 0xE0, 0x31, 0x45, 0x0F, 0x80, 0x24, 0xDC, 0xFF, 0x72, 0x34, 0xC8, 0xDB, 0x74,
    0xE4, 0x1F, 0x7A, 0x9D, 0x13, 0xF0, 0x79, 0xBE, 0x55, 0x86, 0xE9, 0x47, 0x39, 0x7E, 0x8D, 0x9C,
    0xD2, 0xAE, 0x23, 0xBF, 0x4C, 0x97, 0x4E, 0x45, 0x91, 0x67, 0x55, 0x11, 0x89, 0x22, 0xFF, 0x42,
    0xE9, 0xF4, 0xE3, 0xF9, 0x96, 0x93, 0x67, 0x86, 0x49, 0x86, 0x2B, 0x9E, 0x54, 0x23, 0x50, 0x56,
    0x15, 0x2F, 0x8E, 0x1D, 0x2E, 0x3C, 0xF9, 0xA3, 0x78, 0x61, 0xCE, 0x37, 0x06, 0x14, 0x6B, 0x06,
    0xD0, 0x3B, 0x76, 0x94, 0x7A, 0xB9, 0x22, 0xF8, 0x3E, 0xA7, 0x11, 0x2E, 0x1A, 0x00, 0xAF, 0x8D,
    0x35, 0xDA, 0x6B, 0xC4, 0x73, 0x2C, 0xFE, 0x93, 0x91, 0xF3, 0x38, 0x84, 0x72, 0xCF, 0xA0, 0x84,
    0x1C, 0xE9, 0x1A, 0x20, 0xCD, 0x58, 0xB0, 0x48, 0x32, 0xFD, 0x90, 0x26, 0xA5, 0x0F, 0xC8, 0x5C,
    0x37, 0x28, 0x99, 0x9B, 0x04, 0xC3, 0xEC, 0xA7, 0x4E, 0xF3, 0x81, 0x75, 0x77, 0x98, 0xDD, 0xEB,
    0x24, 0x8E, 0xCB, 0x00, 0x03, 0x0C, 0xB7, 0x4B, 0x92, 0x7C, 0x48, 0xE8, 0x03, 0x40, 0xCC, 0x25,
    0x55, 0xE5, 0x1C, 0xE7, 0x0E, 0xB2, 0x8C, 0x28, 0x81, 0x98, 0xE5, 0x3C, 0x90, 0x35, 0x38, 0xDF,
    0x9C, 0xA8, 0xCE, 0x1F, 0x76, 0x9C, 0x0F, 0xDE, 0xFF, 0xB9, 0x4C, 0xD4, 0xF2, 0x29, 0xBE, 0xED,
    0xB9, 0x28, 0x91, 0xFB, 0xDC, 0xB9, 0x22, 0xB5, 0x0B, 0xFA, 0x1A, 0x5A, 0x2A, 0xE8, 0xF3, 0xAA,
    0xE9, 0x13, 0x57, 0x2C, 0x63, 0x13, 0x5E, 0x52, 0x23, 0x5E, 0x41, 0x8F, 0x78, 0x6F, 0x29, 0x45,
    0xBC, 0x84, 0xB2, 0xB7, 0xF4, 0x90, 0x57, 0x96, 0x51, 0xA7, 0x48, 0x60, 0xED, 0x74, 0x24, 0x20,
    0xD6, 0x47, 0xFC, 0x00, 0x82, 0x51, 0x24, 0x26, 0x52, 0x04, 0xAB, 0xC2, 0x85, 0x0B, 0x52, 0x70,
    0x13, 0x2B, 0xE7, 0xDE, 0x21, 0x25, 0xF9, 0x5B, 0x8A, 0xDE, 0x80, 0x8B, 0xAC, 0x3C, 0xF2, 0xB6,
    0x1C, 0xCF, 0xE9, 0xBF, 0x91, 0x92, 0xAE, 0x73, 0xBA, 0xC4, 0x73, 0x21, 0x2E, 0xBA, 0x18, 0x39,
    0xB1, 0x08, 0x51, 0x64, 0xA1, 0xBF, 0xED, 0x30, 0xF3, 0x2F, 0x79, 0x28, 0xBF, 0xEB, 0xA5, 0x70,
    0x7E, 0xD7, 0x7F, 0x89, 0xF9, 0xF0, 0xEF, 0xA2, 0x79, 0xF1, 0xB7, 0xD1, 0x7C, 0xF4, 0x7C, 0x4F,
    0x7E, 0xCF, 0x60, 0x72, 0xFC, 0xAF, 0xDC, 0x7A, 0xA9, 0xD1, 0xA5, 0xEB, 0x8D, 0x83, 0x3A, 0x45,
    0xDE, 0x31, 0x28, 0xB3, 0x5C, 0x24, 0x35, 0x13, 0xAA, 0x49, 0x53, 0x6E, 0x65, 0x95, 0xB3, 0xF7,
    0x46, 0xC4, 0xE1, 0x1A, 0xEE, 0x67, 0x95, 0xE1, 0x2F, 0xBD, 0xE7, 0x50, 0xA6, 0xBF, 0x8A, 0xCC,
    0x28, 0x65, 0xE0, 0xEC, 0x56, 0x8C, 0xD9, 0xF9, 0x68, 0x1F, 0xFA, 0x87, 0x6D, 0x38, 0x73, 0xD8,
    0xF5, 0x23, 0xF7, 0x8D, 0x65, 0x73, 0x40, 0xB2, 0x2E, 0xD2, 0x74, 0xE3, 0x78, 0xFB, 0xA7, 0xD7,
    0x62, 0x48, 0x0B, 0x3C, 0x15, 0x55, 0x7C, 0x2A, 0x2D, 0xD6, 0xB4, 0xCF, 0x29, 0xD6, 0x76, 0xAC,
    0xA5, 0x6A, 0xCF, 0x53, 0x6B, 0x27, 0x28, 0xE0, 0x8F, 0x46, 0xE6, 0x3C, 0x1A, 0xEE, 0xE5, 0x8F,
    0xA3, 0x1D, 0x15, 0xF8, 0xB6, 0xA8, 0x9D, 0x44, 0x92, 0x93, 0xDB, 0x90, 0x57, 0x4B, 0x6A, 0xCF,
    0xCA, 0xC5, 0x57, 0x7F, 0x46, 0xE9, 0x21, 0x8E, 0x83, 0xC0, 0x73, 0xAC, 0x38, 0x54, 0x7B, 0x07,
    0x72, 0x68, 0x4F, 0xA2, 0x9F, 0xEA, 0x58, 0x5D, 0x02, 0x8C, 0x98, 0xB0, 0xAB, 0x9B, 0x98, 0x71,
    0xF6, 0x69, 0x32, 0x86, 0x6A, 0x78, 0x86, 0xCD, 0xD6, 0xED, 0x77, 0xCD, 0xC8, 0x3D, 0x2D, 0x1B,
    0x69, 0x2F, 0x19, 0x12, 0x40, 0x2D, 0xF2, 0x1F, 0x71, 0x73, 0x9A, 0x72, 0xB6, 0x19, 0x05, 0x31,
    0xD2, 0x94, 0x53, 0xCF, 0xD1, 0xD0, 0xE0, 0x01, 0x7D, 0xE8, 0x29, 0x2A, 0x0E, 0x3D, 0x7B, 0x4F,
    0x79, 0xE8, 0x64, 0xE9, 0xF8, 0x90, 0x4A, 0x75, 0x43, 0x4F, 0xCA, 0x71, 0x8C, 0x2F, 0xE7, 0x9E,
    0x26, 0x65, 0xC4, 0x8B, 0x8C, 0x0C, 0x20, 0x9F, 0x96, 0x01, 0xCA, 0x73, 0x94, 0x31, 0x31, 0x29,
    0x65, 0xC8, 0x94, 0x4C, 0xD5, 0xEC, 0x56, 0x0D, 0x73, 0xAB, 0x56, 0x36, 0xB7, 0x8C, 0xF4, 0x9B,
    0x20, 0x1C, 0xC7, 0x95, 0x8D, 0x63, 0x69, 0x06, 0x18, 0x35, 0x65, 0x04, 0xFF, 0x21, 0x01, 0x46,
    0x4D, 0xD9, 0x8A, 0x40, 0xFB, 0x59, 0x10, 0x71, 0x88, 0x03, 0xE4, 0xB3, 0x01, 0x6F, 0x69, 0xAF,
    0x8B, 0x83, 0xE2, 0x2C, 0x7C, 0xED, 0x0C, 0xF6, 0xAE, 0x48, 0xF6, 0xDA, 0x72, 0x6D, 0xED, 0xA6,
    0x99, 0xFD, 0xC3, 0xB6, 0x26, 0x77, 0xB3, 0xB2, 0xB9, 0x57, 0x56, 0x4C, 0x25, 0x13, 0x35, 0xE3,
    0x46, 0x93, 0x29, 0x5F, 0x8A, 0x9B, 0x03, 0x6C, 0xC2, 0xEC, 0xC6, 0x05, 0x6B, 0x93, 0x5B, 0x62,
    0x5B, 0x37, 0x21, 0x5B, 0xBA, 0x8E, 0xF5, 0x7F, 0x8C, 0x34, 0xC4, 0x32, 0x68, 0x0D, 0x8C, 0xB2,
    0xF6, 0x5B, 0xC9, 0x26, 0x78, 0x36, 0x51, 0xE0, 0xB8, 0xC0, 0x8A, 0x85, 0xF3, 0xF0, 0xF2, 0x1C,
    0x17, 0xB4, 0x62, 0xE1, 0x82, 0x6C, 0xBF, 0x33, 0x94, 0x86, 0xA7, 0xEA, 0xAC, 0xB8, 0xEC, 0xB9,
    0x63, 0xF0, 0xD4, 0x93, 0xEC, 0xAD, 0xA7, 0xC9, 0x40, 0x3D, 0x59, 0x21, 0x2F, 0x59, 0xB7, 0xB3,
    0x29, 0xEB, 0xAD, 0x46, 0xB2, 0x3E, 0x6D, 0x95, 0xAC, 0x9F, 0xAD, 0xD4, 0x2D, 0xFF, 0xAD, 0xFA,
    0x55, 0xFF, 0xDF, 0xF5, 0x30, 0xFF, 0xF9, 0xA8, 0xD1, 0xF0, 0x93, 0x90, 0xD4, 0x50, 0x3F, 0x9F,
    0xFC, 0xC8, 0x04, 0x39, 0xEA, 0x6C, 0x52, 0x73, 0xFE, 0x82, 0xCD, 0x9E, 0x59, 0xE0, 0x9D, 0x7F,
    0xB7, 0x1D, 0x5E, 0x05, 0x17, 0x4C, 0x7E, 0xB9, 0x9C, 0x03, 0xFE, 0xED, 0x8D, 0xBE, 0x8F, 0xFB,
    0x6A, 0x2C, 0x0E, 0x82, 0x08, 0xEC, 0x05, 0x0A, 0x9B, 0x2F, 0xC8, 0x61, 0xF3, 0x17, 0xDA, 0x83,
    0xA6, 0x5D, 0x67, 0x40, 0xDE, 0xC6, 0x15, 0x80, 0xDD, 0x3D, 0x1E, 0x36, 0x9A, 0x2F, 0x85, 0xA9,
    0x59, 0x05, 0x20, 0xAC, 0x66, 0x57, 0x05, 0xEB, 0x3B, 0x4E, 0x91, 0xCB, 0x0E, 0xBA, 0x31, 0xD7,
    0xEF, 0x8B, 0x9B, 0x48, 0x66, 0x4D, 0xE4, 0xEF, 0xB6, 0xDC, 0xA4, 0x26, 0xE2, 0xEF, 0x57, 0xF0,
    0x9D, 0xDD, 0xCF, 0xCA, 0x06, 0xFA, 0x49, 0x3C, 0x63, 0x96, 0xF7, 0x25, 0x88, 0x27, 0x5B, 0xF6,
    0xD8, 0x4E, 0x38, 0xD4, 0x12, 0x99, 0x4F, 0xE4, 0x25, 0xF3, 0x29, 0xC9, 0x30, 0x7F, 0xA5, 0x4D,
    0x98, 0xFF, 0xA6, 0x25, 0x4C, 0xE8, 0xCD, 0x7C, 0x52, 0x96, 0xAE, 0xC0, 0xEE, 0x18, 0xEC, 0xCF,
    0xA8, 0xD9, 0x9D, 0x4F, 0x03, 0x64, 0xC3, 0x59, 0xDB, 0x82, 0xEE, 0x2D, 0x3A, 0xFB, 0x99, 0x35,
    0x35, 0xA4, 0x5B, 0x34, 0xA4, 0x0F, 0xD2, 0xD0, 0xBB, 0xAC, 0x32, 0xF4, 0xF6, 0xA3, 0xF1, 0x21,
    0x44, 0x42, 0x8E, 0x57, 0x3E, 0x63, 0x53, 0xB5, 0x88, 0x4C, 0x5F, 0x26, 0xE1, 0x3C, 0x04, 0x9E,
    0x06, 0xAD, 0x98, 0xBB, 0x8B, 0x7A, 0x86, 0xB7, 0xB2, 0xE2, 0x30, 0x2F, 0xB7, 0x68, 0xC5, 0x61,
    0xCC, 0x3C, 0xBC, 0x5E, 0x8E, 0x0F, 0xDF, 0x33, 0x96, 0x3E, 0x82, 0xFD, 0x9F, 0xC1, 0x7E, 0x93,
    0x6D, 0x70, 0xE4, 0x76, 0xB6, 0x5F, 0x03, 0x37, 0x9D, 0x27, 0x24, 0x79, 0x9D, 0x6E, 0x4C, 0x0E,
    0x4A, 0x4A, 0xE1, 0xD9, 0x50, 0xA4, 0xF0, 0x2F, 0x9D, 0x08, 0x00, 0xFB, 0x01, 0x4B, 0x2A, 0x0C,
    0xAA, 0x46, 0xE1, 0x65, 0xEA, 0x2F, 0x8C, 0xB2, 0x29, 0x36, 0x48, 0xE9, 0xA2, 0x9B, 0xD2, 0xC8,
    0xD1, 0xD3, 0xE4, 0x46, 0x38, 0x73, 0x23, 0xD6, 0xF1, 0xFB, 0x1F, 0x64, 0x94, 0xEB, 0xBA, 0x48,
    0xC3, 0x5D, 0xE7, 0x69, 0xF8, 0x9E, 0xF1, 0xF4, 0xF0, 0xFE, 0xF1, 0xEC, 0x70, 0xDF, 0xF9, 0x70,
    0x0D, 0x47, 0xF6, 0xBE, 0x23, 0x9E, 0x19, 0x60, 0x95, 0xA4, 0x70, 0x1E, 0x8A, 0x06, 0xB6, 0xBD,
    0x9F, 0x40, 0x94, 0x98, 0xE2, 0xFB, 0x96, 0xC1, 0x8F, 0xB3, 0x07, 0x49, 0x19, 0x7E, 0x4E, 0x2B,
    0x0F, 0x1F, 0xA4, 0x8C, 0x0D, 0x70, 0x7D, 0x18, 0x72, 0x1B, 0xFE, 0x15, 0xAB, 0xBC, 0xFA, 0x12,
    0x89, 0xB9, 0x5F, 0xCA, 0x7D, 0x49, 0xE8, 0x56, 0x0A, 0x61, 0xC3, 0x4B, 0xE4, 0x3E, 0x6A, 0xD1,
    0xB2, 0xB5, 0x3B, 0x8C, 0x6D, 0xF3, 0xC1, 0x7D, 0x09, 0xD8, 0xFC, 0x94, 0xD9, 0xF5, 0x1B, 0xD5,
    0xBC, 0x93, 0x8A, 0xE6, 0x6E, 0x56, 0x31, 0x13, 0xB4, 0xD0, 0x84, 0x2C, 0xCC, 0xCD, 0x94, 0xBE,
    0xBC, 0x55, 0x2B, 0xE2, 0xEE, 0x93, 0x36, 0x1A, 0xE4, 0x34, 0x52, 0xA3, 0x34, 0xFC, 0x0D, 0xE0,
    0x33, 0x9C, 0x39, 0x38, 0x67, 0xA2, 0xC4, 0x10, 0xE0, 0x2C, 0xC8, 0xC7, 0x5A, 0x1F, 0x4D, 0x5A,
    0x9B, 0xA3, 0xBA, 0xB5, 0xE5, 0xBB, 0x86, 0xF5, 0xF8, 0x9B, 0x59, 0x2B, 0x33, 0xD6, 0x7C, 0x55,
    0x9A, 0x22, 0xE6, 0x7A, 0x93, 0x0C, 0xDF, 0x77, 0x75, 0x5A, 0x1E, 0xCD, 0x52, 0x1A, 0x69, 0xB0,
    0x73, 0x17, 0x72, 0x28, 0xB0, 0x92, 0x55, 0x26, 0x23, 0x4D, 0xA2, 0x15, 0x11, 0x45, 0x6B, 0x19,
    0x43, 0x19, 0x46, 0x79, 0xA6, 0xCF, 0xBA, 0x49, 0x16, 0xAD, 0x30, 0x89, 0x57, 0x6F, 0x1E, 0x17,
    0x59, 0x47, 0xB7, 0x68, 0x74, 0x3C, 0x2F, 0x4A, 0x0F, 0x94, 0x44, 0x68, 0x5F, 0x74, 0xA9, 0xEE,
    0xAA, 0xCF, 0x08, 0x03, 0xCB, 0x12, 0x4C, 0x6D, 0x3F, 0x5A, 0x80, 0x49, 0x16, 0x70, 0xE6, 0x02,
    0xCE, 0x5C, 0xC0, 0x99, 0x0B, 0x2F, 0x6B, 0x59, 0x5E, 0xBF, 0x82, 0x6F, 0xD7, 0x90, 0x51, 0x19,
    0x38, 0xA7, 0xC4, 0x03, 0xF1, 0x8C, 0xEE, 0xB1, 0x7E, 0xBD, 0x4B, 0xCA, 0x01, 0xCF, 0x03, 0xA9,
    0xC5, 0x77, 0x26, 0x53, 0x03, 0x1F, 0x56, 0x52, 0x8D, 0x6E, 0x3D, 0xD5, 0x78, 0xA7, 0x91, 0x6A,
    0xB9, 0x58, 0x4C, 0xB5, 0x6D, 0xCD, 0xA4, 0x6E, 0x5D, 0xA4, 0xE4, 0x5E, 0xBD, 0xF9, 0xEE, 0xA1,
    0xF3, 0x8F, 0xDD, 0xA5, 0x7E, 0xEF, 0x5B, 0x77, 0xF0, 0x31, 0x36, 0x66, 0x7C, 0x06, 0x92, 0x81,
    0x95, 0xE0, 0x6B, 0x98, 0x42, 0x56, 0xF8, 0xC2, 0x7C, 0xCB, 0x7D, 0x40, 0xB7, 0x1A, 0x28, 0x63,
    0x35, 0x53, 0xD8, 0x42, 0xC6, 0x76, 0xD9, 0x0B, 0x9F, 0x45, 0xD5, 0x8C, 0xCC, 0xF6, 0x59, 0xFB,
    0xB8, 0xCF, 0x9A, 0x98, 0x1D, 0x1F, 0xA3, 0x49, 0xE8, 0xD7, 0xEC, 0xEA, 0x92, 0xB8, 0x8F, 0x31,
    0xE1, 0x63, 0xCC, 0xAD, 0xCF, 0xE8, 0x66, 0xFF, 0xA7, 0x8A, 0xD9, 0x13, 0x6E, 0xBA, 0x0A, 0xDB,
    0x63, 0x39, 0x36, 0x65, 0xEF, 0xFF, 0x06, 0xDB, 0x03, 0xB7, 0xD7, 0x7E, 0x58, 0x79, 0x9E, 0xF4,
    0x68, 0xAA, 0xED, 0x60, 0x3A, 0xE5, 0xEB, 0x36, 0x52, 0x0D, 0xF9, 0x72, 0xAA, 0x6F, 0x49, 0x38,
    0x85, 0x36, 0xFB, 0x3C, 0xC2, 0xEF, 0xC4, 0xDC, 0x77, 0x7E, 0xAA, 0x24, 0x57, 0xBA, 0x0D, 0xB5,
    0xB1, 0x5B, 0xA7, 0xD8, 0xBB, 0x45, 0xC1, 0xE8, 0xEF, 0x74, 0xD6, 0x57, 0xB0, 0xBE, 0x22, 0x4E,
    0x6E, 0x65, 0x19, 0x53, 0xDA, 0xA3, 0x9B, 0xD2, 0x0F, 0x24, 0xE8, 0x7F, 0xC2, 0x94, 0x4F, 0x27,
    0xCC, 0xAE, 0x22, 0x99, 0x08, 0xCE, 0x57, 0xCF, 0x4A, 0x0A, 0xEB, 0x96, 0x14, 0xC3, 0xCD, 0xCA,
    0x92, 0x5B, 0x42, 0xDC, 0x3E, 0x84, 0x64, 0x41, 0xB3, 0x7D, 0x9E, 0xA0, 0x23, 0x45, 0xB3, 0x1F,
    0x6D, 0xA5, 0x87, 0x4B, 0xD4, 0xF6, 0x09, 0x1E, 0xB3, 0xDF, 0x70, 0xED, 0x9C, 0xC6, 0x8D, 0x22,
    0x98, 0xA8, 0xFA, 0x46, 0xDC, 0xD7, 0x91, 0x0B, 0x88, 0x01, 0x8A, 0x2C, 0xA8, 0x3D, 0xDA, 0x4F,
    0xAC, 0x3E, 0xE1, 0x3C, 0x9C, 0xE3, 0x40, 0x5E, 0x72, 0xFB, 0x58, 0xF6, 0xEC, 0x83, 0xA2, 0x98,
    0x82, 0x1D, 0xA6, 0x78, 0xB9, 0x6B, 0x2C, 0x9B, 0x02, 0x0F, 0x53, 0x1B, 0xB5, 0x74, 0x6A, 0xB3,
    0x9C, 0x39, 0xB2, 0x45, 0xCB, 0xE4, 0xB6, 0xC8, 0x99, 0x64, 0x83, 0x9C, 0x91, 0x1A, 0xB0, 0x0F,
    0x3F, 0x0E, 0xE1, 0x47, 0x82, 0x59, 0x07, 0x32, 0xC1, 0x9D, 0x0A, 0xA5, 0x13, 0x24, 0xA8, 0xD5,
    0xD4, 0x0F, 0x34, 0x09, 0xC6, 0x83, 0xF1, 0x33, 0xE5, 0xD5, 0xD9, 0xE4, 0x9E, 0x68, 0x78, 0xE4,
    0xCD, 0x55, 0x7D, 0xBD, 0x47, 0xDA, 0x78, 0xD2, 0x28, 0x85, 0x3D, 0x64, 0x70, 0xB4, 0x9F, 0xD4,
    0x0C, 0x5C, 0xFA, 0x8C, 0xD9, 0x78, 0x5C, 0x8D, 0x03, 0xE0, 0xA5, 0xA5, 0x50, 0xB3, 0xD5, 0xAB,
    0x1D, 0xB6, 0xBA, 0xE0, 0x61, 0xD6, 0x03, 0x5B, 0x64, 0xC3, 0xBA, 0x8B, 0x8C, 0xAB, 0x5B, 0x99,
    0xC1, 0x50, 0x82, 0x13, 0xF0, 0x47, 0x9A, 0x73, 0x35, 0x41, 0x1C, 0xC4, 0x0D, 0x2B, 0xDE, 0x70,
    0xCF, 0x6D, 0xFD, 0x81, 0xFA, 0x68, 0xC4, 0x37, 0xBD, 0xD6, 0xD6, 0xB1, 0x67, 0xB4, 0x54, 0xC6,
    0x9D, 0xD8, 0xFE, 0x13, 0xC5, 0x2E, 0xB7, 0x5D, 0x52, 0x5C, 0xA3, 0xA5, 0x74, 0xED, 0x4F, 0x99,
    0x2F, 0xFE, 0x19, 0x55, 0x4B, 0xF0, 0x44, 0xCA, 0x61, 0xFD, 0x54, 0x17, 0xA3, 0x54, 0xF7, 0xE3,
    0x6A, 0xEA, 0x3E, 0x31, 0x9B, 0xCA, 0x2E, 0x0D, 0xA5, 0xB0, 0x6E, 0x6A, 0x33, 0x19, 0xA9, 0x2D,
    0x88, 0xC3, 0x9B, 0x65, 0x63, 0x24, 0x50, 0x5D, 0x3F, 0x88, 0xA4, 0x0E, 0xFD, 0xC9, 0xB5, 0x4E,
    0x92, 0x5D, 0x07, 0xD4, 0xC9, 0x87, 0xC7, 0xFF, 0x64, 0x6D, 0x7F, 0xFE, 0xE7, 0xD6, 0xBA, 0x03,
    0xAA, 0x05, 0xBB, 0xB2, 0xE0, 0x77, 0xAD, 0x9D, 0xFB, 0x14, 0xEB, 0xDE, 0x70, 0x94, 0x97, 0xB6,
    0x1F, 0x0E, 0x85, 0xA3, 0x12, 0x40, 0x2D, 0x63, 0x19, 0xF8, 0x05, 0xC5, 0xE6, 0x33, 0x4F, 0xC2,
    0xE9, 0xE3, 0xED, 0x38, 0x10, 0x57, 0x20, 0xDC, 0x8C, 0x73, 0x34, 0x6A, 0xBD, 0xBE, 0x76, 0x8A,
    0x6B, 0xCC, 0xCF, 0x15, 0xE8, 0xA7, 0x45, 0xC7, 0xDA, 0x8E, 0x3A, 0x9B, 0xB6, 0x4F, 0x40, 0x2D,
    0x7F, 0x42, 0x9F, 0x7F, 0x45, 0x86, 0xD8, 0xFA, 0x84, 0x7E, 0x9A, 0xC2, 0x82, 0xBE, 0x60, 0xCE,
    0x71, 0x1C, 0x1F, 0x13, 0xB7, 0xE5, 0xC9, 0xE5, 0xB8, 0x49, 0xD3, 0xAD, 0x0D, 0xA4, 0x5B, 0x9B,
    0x98, 0x6E, 0x71, 0xEF, 0x0D, 0xDB, 0xBF, 0xDA, 0x47, 0x61, 0xB6, 0x97, 0x85, 0x8D, 0x55, 0xDD,
    0x61, 0x69, 0xD5, 0xF3, 0x60, 0xBD, 0x0C, 0x50, 0x16, 0x36, 0x81, 0x64, 0xD5, 0x25, 0xC9, 0xEE,
    0x6E, 0x15, 0xE3, 0xA7, 0xAC, 0xEE, 0x6F, 0x49, 0x56, 0xD7, 0x69, 0xB2, 0xBA, 0x3E, 0x20, 0x6B,
    0x53, 0xB7, 0x6E, 0x0D, 0x68, 0x13, 0xD6, 0x2B, 0x72, 0xF3, 0x38, 0xE6, 0x29, 0x35, 0xB2, 0xA2,
    0xE1, 0x5C, 0x60, 0xE0, 0x9F, 0xE0, 0x5F, 0xF1, 0x6E, 0x9F, 0x09, 0x7E, 0xB2, 0xD7, 0xBB, 0x43,
    0x1D, 0xF7, 0xBC, 0x46, 0xF9, 0xFA, 0xFF, 0xA6, 0xFC, 0xB7, 0x05, 0x35, 0x0F, 0x5E, 0xE4, 0xBF,
    0xF3, 0xCF, 0x4A, 0xBE, 0xD5, 0x63, 0xE4, 0xF7, 0x3D, 0x97, 0x19, 0x6F, 0x12, 0xA9, 0x84, 0xFD,
    0xA9, 0x88, 0xEB, 0xE4, 0xF9, 0x4B, 0x89, 0x7E, 0x18, 0xAD, 0x90, 0x11, 0x6D, 0xB6, 0x8D, 0x12,
    0x97, 0xA0, 0x44, 0x0B, 0x9B, 0x98, 0xBE, 0x79, 0x7D, 0xF3, 0xF9, 0x8E, 0x0D, 0xCD, 0xE7, 0x5F,
    0xBF, 0xEF, 0xEE, 0x0B, 0x7F, 0x06, 0x5E, 0x47, 0xBD, 0x63, 0x23, 0xD0, 0xFB, 0x42, 0xA9, 0xA3,
    0xE7, 0x85, 0x4F, 0x00, 0xBD, 0x63, 0xF7, 0x0B, 0xD4, 0x21, 0x35, 0x53, 0x07, 0x74, 0xD1, 0x21,
    0x3F, 0x34, 0x6B, 0xD3, 0x67, 0x32, 0x93, 0x0F, 0x89, 0x51, 0x6B, 0xD7, 0x58, 0xC6, 0x7A, 0x10,
    0x25, 0x72, 0x0C, 0x6B, 0x83, 0xA8, 0x5B, 0xBB, 0xCF, 0xFC, 0xD1, 0xBA, 0x6F, 0xDF, 0x7F, 0x5C,
    0xDD, 0x28, 0x1A, 0x0C, 0xF6, 0x6E, 0xC7, 0x46, 0x3B, 0x9F, 0xFA, 0x22, 0xC7, 0xF9, 0x25, 0xAA,
    0xD7, 0xDD, 0x2D, 0x8D, 0xB7, 0x32, 0xC3, 0x9A, 0xEF, 0x6A, 0xB2, 0xBE, 0xBD, 0xA1, 0xC7, 0xFA,
    0xA7, 0x0F, 0xCB, 0x56, 0x7C, 0x82, 0x2C, 0x9F, 0x4F, 0xB2, 0x2A, 0xCA, 0x29, 0xCB, 0x73, 0x80,
    0xC6, 0x63, 0x4B, 0xE8, 0x93, 0xFA, 0x62, 0xC6, 0xB8, 0xCD, 0x03, 0x0E, 0x9E, 0x22, 0x3A, 0x5D,
    0xD3, 0x01, 0x62, 0x6C, 0x38, 0x1C, 0x99, 0x8C, 0x44, 0x22, 0x16, 0x72, 0x14, 0x0B, 0x5F, 0xAC,
    0x95, 0xEF, 0xC3, 0x67, 0xBD, 0x18, 0xB2, 0x96, 0xBD, 0xF7, 0x88, 0xD5, 0xFE, 0xFE, 0xF1, 0xAB,
    0xE2, 0x2F, 0x42, 0x6C, 0xF5, 0x7B, 0xC7, 0x8D, 0xDB, 0xDE, 0x3B, 0x2E, 0x45, 0x5F, 0x0A, 0x51,
    0xCF, 0xF1, 0x10, 0xE5, 0x27, 0xFA, 0x6B, 0x7F, 0x3A, 0xC9, 0x5E, 0x5F, 0x85, 0x0D, 0x7C, 0x12,
    0xCE, 0xD7, 0x2F, 0x08, 0xE7, 0x57, 0xBE, 0xF8, 0x60, 0x7E, 0xEF, 0x68, 0x36, 0xBF, 0xF7, 0x58,
    0x38, 0xBF, 0x1F, 0xDF, 0x14, 0x2D, 0x7B, 0x79, 0xED, 0x07, 0x7D, 0xAC, 0xDE, 0x1F, 0xD6, 0x4F,
    0x1E, 0x0F, 0xD3, 0x8E, 0x47, 0xC2, 0x54, 0x1F, 0x06, 0x94, 0x0A, 0xB7, 0x84, 0xFF, 0x03, 0x8D,
    0x59, 0x0F, 0x70, 0x1C, 0xD5, 0x79, 0xFF, 0x76, 0x9F, 0x6E, 0x1F, 0xB7, 0xB7, 0x7B, 0x77, 0x49,
    0x23, 0xE3, 0x5A, 0x77, 0x12, 0x74, 0x34, 0xE4, 0xD0, 0x9F, 0xBB, 0x95, 0xBD, 0x36, 0x87, 0xFF,
    0xDD, 0x92, 0x34, 0x65, 0x02, 0x65, 0xAA, 0xD2, 0x5B, 0x3C, 0xF1, 0x1F, 0xA1, 0x96, 0xCC, 0x84,
    0xA6, 0x4A, 0x39, 0x13, 0x37, 0x95, 0x19, 0x6A, 0x1D, 0x71, 0x9B, 0x4C, 0x99, 0xFE, 0x51, 0x6B,
    0x94, 0x69, 0x0C, 0x74, 0x4E, 0x58, 0x04, 0x7B, 0x25, 0x5B, 0x57, 0x2C, 0x8C, 0x4A, 0x8C, 0xBD,
    0x36, 0xD3, 0x76, 0x70, 0xE3, 0xE6, 0x84, 0x10, 0x34, 0xA1, 0x30, 0x22, 0x94, 0x01, 0xCE, 0x50,
    0xAB, 0xAE, 0x86, 0x0A, 0x47, 0xD2, 0xF6, 0xF7, 0x76, 0xEF, 0x64, 0xC3, 0x90, 0x4C, 0xE5, 0xF9,
    0xBE, 0x7D, 0x6F, 0x77, 0xDF, 0xDB, 0xEF, 0x7B, 0xDF, 0xEF, 0xFB, 0x77, 0x0E, 0xE5, 0x1B, 0xF3,
    0xC9, 0x9E, 0x9B, 0xFB, 0x92, 0x3D, 0xEB, 0x77, 0x86, 0xEC, 0xC6, 0xBC, 0xE2, 0x38, 0x25, 0x55,
    0x72, 0x8D, 0x88, 0xE7, 0xCD, 0x89, 0xAB, 0x98, 0x37, 0xDA, 0xB6, 0x2D, 0x88, 0x79, 0xDE, 0x2C,
    0x23, 0x2A, 0xF8, 0xE4, 0x38, 0x73, 0x12, 0x51, 0x9C, 0x1A, 0xBF, 0xD4, 0x6D, 0xB7, 0xFD, 0x74,
    0xE2, 0xE7, 0x5F, 0xFD, 0x49, 0xEB, 0xF4, 0x1F, 0xBE, 0x36, 0x31, 0x6D, 0x11, 0x4D, 0xDF, 0xED,
    0xCD, 0x4D, 0xEF, 0x34, 0x8D, 0xE9, 0x9E, 0x53, 0xE5, 0xE9, 0x5D, 0x7B, 0x0B, 0x3F, 0x07, 0xBD,
    0xBD, 0xE6, 0x54, 0x69, 0x90, 0xB2, 0x44, 0x03, 0xDE, 0x22, 0x91, 0x49, 0x01, 0xC5, 0x49, 0xCA,
    0x87, 0xBA, 0x63, 0xC7, 0xB6, 0x4E, 0x6A, 0xAA, 0x99, 0xD2, 0x41, 0x91, 0xA5, 0xCC, 0x7C, 0xC8,
    0xB6, 0xBB, 0xD5, 0xD1, 0xEA, 0x61, 0x92, 0x5C, 0xCA, 0x79, 0xDE, 0x32, 0x5E, 0x24, 0xF5, 0x48,
    0xDB, 0x88, 0xBE, 0xFD, 0xE6, 0x7B, 0x35, 0xD5, 0x58, 0xAD, 0x6F, 0x5F, 0x7F, 0x6F, 0x6C, 0x39,
    0xB7, 0xD0, 0x80, 0xF5, 0xC1, 0x5F, 0x01, 0xB4, 0x48, 0xDE, 0xAD, 0xB7, 0x16, 0xA7, 0xF7, 0x49,
    0x0B, 0xD3, 0x3F, 0xF3, 0x56, 0xFB, 0x72, 0xDC, 0xF7, 0xE3, 0xB9, 0xE9, 0xAF, 0xFE, 0xC8, 0x10,
    0xF4, 0x0E, 0xC6, 0x97, 0x25, 0xC9, 0xAA, 0x44, 0x99, 0x45, 0x2D, 0xB7, 0xBA, 0x64, 0xBE, 0x3E,
    0x41, 0xB3, 0xD9, 0x84, 0xBF, 0x5C, 0xB2, 0xC9, 0xE6, 0xA3, 0xEE, 0x0F, 0xB9, 0xE4, 0x1E, 0xE0,
    0x8E, 0x7B, 0x40, 0xB2, 0xAD, 0x03, 0xB9, 0x1F, 0xCF, 0x1F, 0x30, 0x7E, 0xD4, 0xEA, 0x53, 0xEE,
    0xB5, 0xF9, 0x03, 0x90, 0xF7, 0x34, 0x64, 0x1F, 0x92, 0x96, 0xC9, 0xE2, 0x7F, 0x5C, 0xA4, 0x07,
    0xCD, 0x09, 0xAA, 0x98, 0xAB, 0x85, 0x0E, 0xC4, 0xE4, 0xA2, 0x78, 0x76, 0x80, 0xDD, 0x59, 0x3C,
    0x20, 0x75, 0x61, 0x2D, 0xC6, 0x21, 0xEC, 0x11, 0xB5, 0x5D, 0x9F, 0xC4, 0xB8, 0xCD, 0x19, 0x39,
    0x6D, 0x52, 0x6A, 0x70, 0xAD, 0x97, 0xB2, 0xD6, 0x7E, 0x31, 0x45, 0xB8, 0x52, 0x17, 0x4D, 0xAC,
    0xA8, 0x00, 0x5D, 0x85, 0xCE, 0xD2, 0x5D, 0x33, 0xDD, 0x12, 0xF4, 0x97, 0x3C, 0xAF, 0x22, 0x17,
    0xA9, 0x22, 0xAE, 0x54, 0x94, 0xAC, 0xF6, 0xEA, 0x1F, 0x54, 0x25, 0x57, 0x2E, 0x66, 0x96, 0x72,
    0x4B, 0x21, 0xD8, 0x2C, 0x7D, 0x74, 0xE3, 0x58, 0x4A, 0x37, 0x34, 0xCC, 0x17, 0xA9, 0x21, 0xDE,
    0x80, 0x73, 0x9A, 0xC3, 0x89, 0x96, 0x0D, 0x1C, 0xC6, 0xFF, 0x87, 0xC4, 0xFB, 0xEB, 0x6D, 0xBB,
    0x5C, 0xFF, 0xFC, 0x69, 0xCF, 0x9B, 0x2F, 0xC9, 0x64, 0x96, 0x58, 0x8D, 0x38, 0x48, 0x05, 0xC5,
    0x2C, 0xB3, 0x94, 0xA8, 0x98, 0x25, 0xB3, 0x60, 0x96, 0x66, 0x3B, 0xCC, 0x43, 0x6E, 0xD4, 0x1C,
    0x86, 0xF1, 0x9E, 0x73, 0x9C, 0x09, 0x41, 0xBE, 0x11, 0xEB, 0xEB, 0xA9, 0xB6, 0x46, 0x07, 0x75,
    0x80, 0xCC, 0x5E, 0xB3, 0x54, 0x30, 0xCD, 0x52, 0x25, 0x61, 0x0E, 0xBB, 0x49, 0xF3, 0x90, 0xE7,
    0x99, 0xC3, 0x16, 0x33, 0xC5, 0x7B, 0xE2, 0xFD, 0x67, 0x6C, 0x7B, 0x0F, 0x5D, 0xFD, 0xFD, 0x50,
    0x6D, 0x6D, 0x92, 0xCC, 0x51, 0xBC, 0x1B, 0xAC, 0x35, 0xF0, 0xDD, 0x59, 0xB3, 0xD4, 0xE2, 0x42,
    0x96, 0x59, 0x73, 0x78, 0xBE, 0xD3, 0x7C, 0xC2, 0x0A, 0x7D, 0xFA, 0xF7, 0xA5, 0x9A, 0xDC, 0xA0,
    0xA7, 0xC4, 0xFA, 0x96, 0xA2, 0x59, 0xDA, 0x04, 0xD9, 0x9F, 0xCA, 0x9A, 0x4F, 0xFC, 0x4B, 0xD4,
    0x74, 0x38, 0x0B, 0x9E, 0xCB, 0xBF, 0x44, 0x7E, 0x7C, 0x53, 0xC8, 0x3A, 0x7A, 0x0B, 0xDF, 0x33,
    0xC2, 0x25, 0x73, 0xD8, 0x5B, 0x34, 0x4B, 0xDB, 0xF2, 0x2B, 0xFB, 0xFA, 0x72, 0x7D, 0xBA, 0xFE,
    0x73, 0xF8, 0xBE, 0x81, 0x77, 0x8C, 0xE1, 0x1D, 0xB6, 0xF1, 0xC4, 0xA8, 0xE3, 0x8F, 0x4B, 0x3B,
    0xF2, 0x46, 0xA9, 0x3A, 0x66, 0x94, 0x5C, 0x0D, 0x94, 0x30, 0x4A, 0xDE, 0xA2, 0x81, 0xF5, 0x06,
    0xD6, 0x96, 0x05, 0x61, 0x71, 0x1C, 0xBE, 0xD5, 0x3D, 0x80, 0xEF, 0xF7, 0x6A, 0x64, 0xF6, 0xA6,
    0xE2, 0x66, 0x2F, 0x64, 0xF8, 0xDD, 0x99, 0x3E, 0xF3, 0x9E, 0xCB, 0x07, 0xCD, 0x5E, 0x7C, 0xAB,
    0x17, 0x32, 0xF4, 0xBA, 0x5A, 0x40, 0x62, 0x8C, 0x7B, 0x0F, 0xE0, 0xDB, 0x0F, 0x04, 0xDF, 0xF7,
    0xB1, 0xF3, 0x49, 0x02, 0x96, 0x46, 0x54, 0xA7, 0x3A, 0xF2, 0x69, 0xCF, 0x04, 0xB5, 0x8D, 0x56,
    0x9D, 0x36, 0xC7, 0x39, 0x22, 0x5B, 0xDD, 0xC4, 0xAC, 0xD2, 0x0A, 0xB5, 0xBF, 0x5B, 0xA2, 0x6B,
    0x1F, 0x29, 0x7D, 0xEC, 0x9E, 0x4F, 0x8B, 0x25, 0x6A, 0xA9, 0x94, 0x78, 0x96, 0xA0, 0x15, 0x15,
    0x54, 0x22, 0xE0, 0xAE, 0xFE, 0xD7, 0x02, 0xE5, 0x49, 0xAE, 0x48, 0x15, 0x00, 0x90, 0xC3, 0xF1,
    0xD2, 0x9D, 0xB8, 0x19, 0x99, 0x27, 0x5A, 0xB5, 0x74, 0xDF, 0x23, 0xB4, 0xD5, 0xBA, 0xE5, 0x74,
    0xED, 0xBB, 0x00, 0x37, 0x89, 0x28, 0x12, 0x4C, 0x7D, 0xD6, 0x78, 0xD7, 0x8C, 0xBD, 0xE2, 0xE5,
    0x2B, 0xE2, 0x29, 0xA3, 0xD5, 0x92, 0xFF, 0x76, 0x6D, 0x9E, 0xF1, 0xBC, 0x25, 0x22, 0xCB, 0x1F,
    0x87, 0x70, 0x5F, 0xA8, 0x57, 0x7F, 0x26, 0x76, 0xF0, 0x37, 0x50, 0x10, 0x98, 0xA4, 0x53, 0x60,
    0xB9, 0x0A, 0x18, 0x5D, 0xC5, 0x46, 0x8F, 0x50, 0x5B, 0xD5, 0x67, 0x62, 0xEA, 0xD6, 0x99, 0x24,
    0x98, 0x2C, 0x18, 0xB3, 0xC0, 0xA2, 0xD2, 0x36, 0x9B, 0xB2, 0xDC, 0xF3, 0x02, 0x51, 0x64, 0xA2,
    0x56, 0x46, 0x4D, 0xF3, 0x8C, 0x79, 0xC4, 0x88, 0x53, 0x7B, 0x29, 0x20, 0x31, 0x66, 0x78, 0xCB,
    0xBF, 0x0A, 0x2A, 0x73, 0xCA, 0x14, 0x81, 0x0D, 0x8C, 0x69, 0x85, 0x24, 0x92, 0x2D, 0xED, 0x63,
    0xD4, 0xFE, 0xAE, 0x86, 0xA3, 0x8D, 0xE6, 0x65, 0x2B, 0x7A, 0x78, 0xE5, 0xFE, 0xAF, 0x83, 0x16,
    0x35, 0xCA, 0x0C, 0xC2, 0xF6, 0xA4, 0xE1, 0x38, 0xBE, 0x61, 0x0B, 0x65, 0x25, 0x0A, 0x61, 0x6F,
    0x35, 0x20, 0x49, 0x6D, 0x68, 0x7F, 0x4A, 0x0D, 0x0B, 0x62, 0xFC, 0x13, 0xF4, 0x43, 0x35, 0xDC,
    0xF2, 0xAA, 0x1A, 0xCE, 0xF2, 0xF1, 0xA3, 0xC4, 0x1D, 0x10, 0x85, 0xEB, 0x56, 0x41, 0x88, 0x16,
    0xE1, 0xBA, 0xD7, 0xBF, 0xDA, 0x76, 0xC9, 0x1F, 0x8B, 0xC3, 0x97, 0x8A, 0xBF, 0xEC, 0x1C, 0x03,
    0xED, 0x19, 0x45, 0x05, 0x6B, 0x11, 0x6C, 0x43, 0x11, 0xAC, 0x5C, 0xA1, 0xDC, 0x25, 0x37, 0x4B,
    0x3C, 0x42, 0x31, 0x62, 0xD7, 0x0C, 0x0E, 0xE3, 0xDE, 0x60, 0xA9, 0xC6, 0x7A, 0xC1, 0x22, 0xB3,
    0x95, 0x12, 0x6D, 0x21, 0xB7, 0x44, 0x71, 0x09, 0x8C, 0x58, 0x11, 0x2C, 0x42, 0xA5, 0x9A, 0x34,
    0xD7, 0x51, 0x5C, 0x5B, 0xEB, 0x2D, 0x68, 0x46, 0xC5, 0xD0, 0x8C, 0x42, 0x59, 0x33, 0x6E, 0x86,
    0x47, 0xC4, 0x2C, 0xCD, 0xC8, 0xB8, 0xDA, 0xDA, 0xD9, 0xE7, 0xE9, 0x7A, 0x08, 0x0E, 0x21, 0x70,
    0xAE, 0x73, 0x75, 0xC3, 0xD7, 0x0D, 0xCB, 0xF0, 0xC8, 0x27, 0xEE, 0x2D, 0x32, 0xDE, 0xB3, 0x73,
    0xE0, 0xC3, 0xB0, 0xC6, 0x95, 0xA8, 0xE6, 0xCF, 0x95, 0xB0, 0xE6, 0xD3, 0xD7, 0xC6, 0xC7, 0x22,
    0xEF, 0x8C, 0x8F, 0x6D, 0x09, 0x85, 0x1B, 0xE2, 0xFE, 0x19, 0xD4, 0xA9, 0x41, 0x18, 0x52, 0xC4,
    0x68, 0x6F, 0x41, 0x04, 0xEA, 0x54, 0xC0, 0x72, 0x97, 0xC0, 0xAE, 0xBD, 0xD3, 0xBF, 0x07, 0xAD,
    0xAE, 0x3C, 0x60, 0x72, 0x75, 0x92, 0xD8, 0x87, 0x33, 0xFD, 0x94, 0xFB, 0x02, 0xA6, 0xD7, 0x89,
    0x7B, 0xB4, 0x6A, 0x66, 0x2F, 0x09, 0x90, 0x12, 0xAB, 0x6D, 0xB5, 0x08, 0x66, 0x25, 0x02, 0x96,
    0xBB, 0x04, 0xC6, 0xBF, 0x50, 0x3D, 0x29, 0xD6, 0x9E, 0xBC, 0xEA, 0x01, 0xFB, 0xAC, 0x78, 0x70,
    0x09, 0x2F, 0xEF, 0x93, 0xEC, 0x7C, 0x2D, 0xD2, 0xC3, 0xD9, 0x89, 0xE0, 0x79, 0xD8, 0x2A, 0x21,
    0x0E, 0x37, 0x2B, 0x58, 0x41, 0x9C, 0x70, 0x65, 0x96, 0x72, 0x3F, 0x73, 0x81, 0x22, 0x6E, 0x63,
    0x97, 0xD8, 0xE5, 0x63, 0xE2, 0x6B, 0x12, 0xCC, 0x8F, 0xB5, 0xEC, 0x1E, 0x48, 0x1A, 0x79, 0x8B,
    0x56, 0xD3, 0x16, 0x06, 0x16, 0x17, 0x0C, 0x06, 0x9E, 0xAC, 0x31, 0xC9, 0xB7, 0x18, 0x28, 0xE2,
    0x2D, 0x31, 0x95, 0x74, 0x41, 0xB9, 0x6A, 0xDB, 0x1D, 0x5C, 0xDD, 0x78, 0x9E, 0xA9, 0xC6, 0x15,
    0x5A, 0xD3, 0x75, 0x9E, 0x57, 0x73, 0xE7, 0xB7, 0xAA, 0x86, 0x1E, 0xC7, 0x3B, 0x14, 0xD0, 0xF3,
    0x41, 0x2A, 0x0E, 0x60, 0x20, 0x2C, 0x50, 0x1F, 0xFB, 0x6E, 0xD5, 0xAA, 0x90, 0x34, 0x2B, 0x57,
    0x22, 0xB7, 0xB8, 0xFD, 0x09, 0xC9, 0x4D, 0x7C, 0x8A, 0x85, 0xE0, 0x0A, 0xD7, 0x08, 0x01, 0x74,
    0x30, 0xE9, 0x6E, 0x1B, 0x86, 0x72, 0xC6, 0x29, 0xF7, 0x21, 0xC0, 0xC8, 0x43, 0xF1, 0xEF, 0x08,
    0xFD, 0x5C, 0xB0, 0xDE, 0x0A, 0x18, 0x8A, 0x00, 0xD6, 0x0B, 0xA0, 0x44, 0xDE, 0x74, 0x0B, 0xB4,
    0x45, 0x2E, 0x9A, 0x42, 0x17, 0x9C, 0x70, 0x54, 0x2C, 0x4E, 0x90, 0x12, 0x80, 0x45, 0x5C, 0x78,
    0xC4, 0x5B, 0xE6, 0x61, 0x52, 0x79, 0xB8, 0xF1, 0xB6, 0x81, 0xF7, 0xBE, 0x7E, 0x30, 0xE2, 0x8F,
    0xDB, 0x1E, 0xE6, 0x61, 0xE3, 0x9C, 0x4F, 0xBF, 0x0A, 0x7A, 0x6F, 0xFD, 0xB9, 0x7D, 0xE1, 0x8D,
    0x0F, 0x5F, 0x17, 0x86, 0x36, 0x78, 0x0E, 0x0A, 0x74, 0x41, 0x7C, 0xA2, 0x6C, 0x04, 0x72, 0x2B,
    0x95, 0x88, 0xE7, 0x4C, 0xC8, 0x56, 0x28, 0xCE, 0x5B, 0xB5, 0x82, 0xA6, 0x99, 0xD9, 0xDC, 0xF2,
    0xE9, 0xC5, 0xCF, 0x49, 0x56, 0xC3, 0x27, 0xC3, 0x8C, 0xD0, 0x05, 0x76, 0x71, 0x3E, 0xED, 0x1C,
    0x44, 0xF8, 0x91, 0x06, 0x25, 0x0B, 0x51, 0xC3, 0xA7, 0xCC, 0xF2, 0xC0, 0xA2, 0x54, 0x61, 0x2B,
    0xF3, 0x35, 0xCB, 0xDB, 0x86, 0x6E, 0xB6, 0xC4, 0x39, 0xE0, 0x04, 0x62, 0x02, 0xB1, 0x81, 0x3D,
    0x72, 0x97, 0xBC, 0x85, 0x6B, 0xEF, 0xB4, 0x52, 0x80, 0x43, 0x4A, 0x00, 0x50, 0x20, 0x0C, 0xA8,
    0x48, 0xF1, 0x4B, 0x43, 0xFD, 0x5B, 0x65, 0x67, 0x24, 0x5E, 0x47, 0x04, 0x3E, 0xEC, 0xAB, 0xCE,
    0x11, 0x4A, 0x71, 0x6C, 0x59, 0x11, 0x43, 0xCA, 0x25, 0x1A, 0xF8, 0x6F, 0x1F, 0x0F, 0x40, 0x15,
    0x8F, 0x1C, 0xE9, 0x09, 0x9C, 0x9B, 0x8B, 0x93, 0xE2, 0xAB, 0xC6, 0x0F, 0xE3, 0x0C, 0x7B, 0xF2,
    0xB4, 0x55, 0x4C, 0xE3, 0x82, 0x51, 0x63, 0x4F, 0x0D, 0x5A, 0xB2, 0xFF, 0x0A, 0x35, 0x0B, 0x76,
    0x93, 0x05, 0x36, 0x0B, 0xE7, 0x7D, 0xAB, 0xB8, 0x07, 0xDB, 0x3B, 0xC7, 0x88, 0xB7, 0x3A, 0x7F,
    0xE3, 0x87, 0x28, 0xE2, 0x02, 0x5A, 0xFC, 0x1E, 0x20, 0x28, 0x32, 0x8D, 0x6F, 0xFE, 0x89, 0x40,
    0x63, 0x3C, 0x80, 0xA4, 0x0F, 0xAD, 0xA1, 0x7E, 0x01, 0xAD, 0x5A, 0x89, 0x50, 0xC3, 0xAB, 0x1E,
    0xA0, 0x8C, 0x58, 0xD4, 0xDE, 0x4E, 0xB9, 0xA5, 0x84, 0x4A, 0xDC, 0x12, 0x0B, 0x42, 0x7F, 0x64,
    0x0B, 0xD5, 0x85, 0x8B, 0xC0, 0xB2, 0x50, 0x14, 0x61, 0xE1, 0x78, 0xC5, 0xA5, 0x96, 0xC1, 0x81,
    0x22, 0x76, 0x8C, 0x21, 0x37, 0xD0, 0x24, 0x36, 0x8D, 0x15, 0x93, 0xB5, 0xFD, 0xF0, 0x71, 0xC6,
    0x9C, 0x31, 0x86, 0x8D, 0x11, 0x62, 0x17, 0x33, 0x87, 0x28, 0xD1, 0xF4, 0x3B, 0x98, 0x8B, 0xFB,
    0x82, 0x84, 0x77, 0xE3, 0x73, 0xEC, 0x99, 0x1E, 0x3B, 0xF3, 0xD7, 0x48, 0xBB, 0xBE, 0x8E, 0x75,
    0x12, 0xA2, 0xD8, 0xDD, 0x8C, 0x55, 0x27, 0x18, 0xB3, 0x4C, 0x41, 0x99, 0x43, 0xDE, 0x7C, 0x53,
    0x37, 0xEE, 0x63, 0xAF, 0x60, 0x4F, 0xBB, 0xCF, 0xA7, 0x67, 0x29, 0x91, 0xD9, 0x8F, 0xB4, 0x29,
    0x14, 0x08, 0x68, 0x51, 0x38, 0x8C, 0x5C, 0xF7, 0x97, 0x30, 0xFC, 0x25, 0x7C, 0xC3, 0x97, 0x73,
    0xEF, 0x19, 0x2F, 0xF2, 0xF0, 0xE0, 0xF7, 0x59, 0xD8, 0xBD, 0x91, 0x85, 0xDB, 0xFE, 0x9C, 0x85,
    0xD7, 0xBF, 0xC8, 0x7E, 0xDF, 0x78, 0x31, 0xF2, 0x13, 0xE3, 0xC5, 0x2D, 0xE1, 0x8D, 0x2F, 0xC6,
    0xC3, 0x46, 0x98, 0xC2, 0x71, 0x1D, 0x36, 0x38, 0xE9, 0x0B, 0x20, 0x6C, 0xEF, 0x33, 0x20, 0x6A,
    0x99, 0x56, 0xBD, 0xDC, 0xF4, 0x32, 0xB1, 0x39, 0xE8, 0xA9, 0xBE, 0xDE, 0x5E, 0xA0, 0x8E, 0x33,
    0xC7, 0x77, 0x51, 0xE1, 0xCC, 0x0B, 0xB7, 0xE2, 0x95, 0x6F, 0xD7, 0xF2, 0x9A, 0xE2, 0x54, 0x4B,
    0x01, 0xFB, 0x58, 0xE6, 0xF3, 0x6A, 0x90, 0xD7, 0x60, 0x14, 0x35, 0x80, 0x3D, 0x75, 0xC7, 0x73,
    0x95, 0x4A, 0x21, 0x42, 0xEE, 0x2C, 0x67, 0x6F, 0xCE, 0xF3, 0x48, 0xFB, 0x2E, 0x7E, 0x8D, 0xD2,
    0x20, 0xEC, 0xCF, 0xC7, 0x3D, 0xAF, 0xE5, 0xCF, 0x7A, 0xEC, 0xEC, 0xC7, 0x82, 0x9C, 0x38, 0x0E,
    0x2D, 0xC8, 0x16, 0xA8, 0xDC, 0xA1, 0x12, 0xCF, 0xBD, 0xD7, 0x75, 0x16, 0x86, 0x2F, 0x33, 0x56,
    0xEC, 0x60, 0x0A, 0x85, 0xFD, 0x23, 0x95, 0xC7, 0x0F, 0xB3, 0xB2, 0x0A, 0x9B, 0xA8, 0x30, 0x09,
    0x7C, 0x24, 0x04, 0xC4, 0xD4, 0xE0, 0xEA, 0x47, 0x57, 0x62, 0x8A, 0x8E, 0x6D, 0x10, 0x63, 0x29,
    0xF3, 0xD4, 0xB1, 0x31, 0x6A, 0xBA, 0x2B, 0x98, 0xF6, 0xC1, 0xA0, 0xC7, 0x46, 0x6A, 0xD6, 0x17,
    0x10, 0x65, 0xE5, 0x01, 0x8B, 0x32, 0x0F, 0x9D, 0xAF, 0x90, 0xC9, 0xEF, 0x40, 0x11, 0xD7, 0xA9,
    0x03, 0x6C, 0xD7, 0xE9, 0x92, 0x1F, 0x6F, 0x6B, 0xD9, 0x13, 0x27, 0x2D, 0xF5, 0xD8, 0x02, 0x13,
    0x08, 0x00, 0x25, 0x84, 0xB6, 0x2C, 0x17, 0xC7, 0x1D, 0xA2, 0x10, 0x4C, 0xB4, 0x00, 0x93, 0xA5,
    0x60, 0xBE, 0x49, 0x76, 0xDC, 0x4A, 0xB5, 0x1C, 0x18, 0xEA, 0xCF, 0x0A, 0xB4, 0x89, 0x50, 0xC0,
    0xA4, 0x79, 0x61, 0x1E, 0x25, 0xF4, 0xDB, 0x79, 0x25, 0xFA, 0x3F, 0x1F, 0x28, 0xDA, 0x3A, 0x5D,
    0xD0, 0xC0, 0x1B, 0xC7, 0x1F, 0x57, 0xA3, 0xC7, 0x8F, 0xD6, 0xE7, 0x8A, 0x18, 0x83, 0xF8, 0xE1,
    0x75, 0x7A, 0x0B, 0xC8, 0x34, 0x6F, 0xD2, 0xA9, 0x70, 0xB3, 0x4E, 0x2F, 0xBD, 0xFF, 0xE0, 0x4A,
    0x08, 0x81, 0x6E, 0x5C, 0x6B, 0x50, 0xB9, 0xA6, 0xA9, 0xB9, 0xFF, 0xD8, 0xB5, 0xBD, 0xE9, 0x8E,
    0x63, 0x07, 0xC5, 0x98, 0x6B, 0xC9, 0xDB, 0xB8, 0xF6, 0xC0, 0x39, 0xAE, 0x75, 0x9F, 0x8B, 0xBC,
    0xDF, 0x7D, 0x6E, 0xDF, 0x6F, 0x0E, 0x9C, 0x8B, 0x6B, 0x38, 0x90, 0x28, 0xDC, 0x23, 0x6A, 0xF7,
    0x08, 0x1D, 0x3E, 0xE6, 0xCA, 0x90, 0x37, 0xF7, 0x16, 0xDC, 0x16, 0x61, 0xD7, 0x97, 0x5D, 0xDC,
    0x53, 0x9C, 0x23, 0x6C, 0x4D, 0x4F, 0x0F, 0xFF, 0x48, 0x57, 0xB7, 0xDE, 0xEE, 0x2D, 0xC7, 0xC3,
    0x61, 0x95, 0xD4, 0x9E, 0x1E, 0x8A, 0x60, 0x8F, 0x86, 0x7A, 0x0E, 0xFE, 0x27, 0xBB, 0x9B, 0xE4,
    0x7F, 0x73, 0xCA, 0xC4, 0x74, 0x32, 0x28, 0x16, 0x43, 0x48, 0xC9, 0x09, 0x3F, 0xBA, 0xA9, 0xED,
    0xD4, 0x11, 0x68, 0x7A, 0x11, 0xD1, 0x90, 0x27, 0x66, 0x89, 0x6D, 0x4E, 0x74, 0x12, 0x8B, 0xFF,
    0x5D, 0x0D, 0x28, 0x30, 0xE1, 0xFC, 0x55, 0x25, 0xD2, 0x80, 0xC0, 0x88, 0x82, 0xAC, 0xCD, 0xE5,
    0xED, 0x87, 0x39, 0xBB, 0x71, 0x27, 0xE7, 0xAD, 0x89, 0xDC, 0x1B, 0xAD, 0x09, 0xDE, 0x9C, 0x3E,
    0xC9, 0xB7, 0x2A, 0x83, 0xFC, 0x06, 0xA9, 0xC8, 0x95, 0xD3, 0x1E, 0xBF, 0x8B, 0x57, 0x22, 0xAF,
    0xC4, 0xE6, 0xB6, 0x28, 0xCD, 0x23, 0x71, 0x65, 0xF7, 0x5F, 0x92, 0x32, 0xF5, 0x1D, 0x7F, 0xA1,
    0x6F, 0x0F, 0x43, 0x28, 0x65, 0xE8, 0x02, 0x21, 0xEF, 0x62, 0x64, 0x96, 0x29, 0x53, 0xEA, 0xAA,
    0x50, 0x93, 0x73, 0xBA, 0x0A, 0xF7, 0xDD, 0x07, 0xF7, 0xA5, 0x79, 0xDF, 0x25, 0x00, 0x83, 0xCE,
    0x0A, 0xAC, 0x57, 0x06, 0xCB, 0x14, 0x31, 0x35, 0xC9, 0x15, 0x8D, 0xD2, 0x4C, 0x1F, 0xD8, 0x65,
    0x01, 0x7E, 0x44, 0xCF, 0x20, 0x2D, 0x45, 0xC6, 0xC7, 0x88, 0x85, 0x01, 0x92, 0xF6, 0x83, 0x80,
    0x4B, 0xFB, 0x41, 0x00, 0xC7, 0x9F, 0x06, 0x0F, 0xA4, 0x13, 0x70, 0x89, 0xCF, 0xBA, 0xB3, 0x88,
    0xA5, 0xEE, 0x12, 0x65, 0xFA, 0xDD, 0x7F, 0xA5, 0x56, 0x72, 0x5D, 0x51, 0x73, 0x81, 0x71, 0x0B,
    0x0C, 0x05, 0x83, 0x90, 0xCE, 0xBA, 0x0A, 0xC3, 0xBE, 0x84, 0xCB, 0xC0, 0xB0, 0x9A, 0x7B, 0xDB,
    0x79, 0x92, 0x0B, 0x37, 0x97, 0x40, 0xF2, 0xD0, 0x1E, 0x84, 0xD1, 0x56, 0x76, 0xA7, 0x37, 0x1F,
    0x79, 0xC9, 0x6A, 0xDD, 0x22, 0x57, 0x27, 0xE2, 0xB8, 0x4F, 0xE8, 0x16, 0x29, 0x56, 0x73, 0x22,
    0x39, 0x08, 0x90, 0x08, 0x6E, 0x9C, 0x23, 0x73, 0x71, 0x05, 0x30, 0xC8, 0xBD, 0x5D, 0x78, 0x12,
    0x91, 0x6E, 0x0A, 0xA5, 0x0B, 0xFB, 0x2D, 0x1D, 0xCF, 0xD2, 0xAE, 0x88, 0x88, 0x13, 0xC4, 0xB7,
    0x55, 0xD2, 0x14, 0xF9, 0x29, 0xDE, 0x83, 0x10, 0x29, 0x84, 0x39, 0x30, 0x28, 0x79, 0x2F, 0x18,
    0x4A, 0x00, 0x5F, 0x26, 0xC4, 0x32, 0x58, 0x28, 0x34, 0xF3, 0xB6, 0x40, 0xFD, 0xB2, 0x98, 0x96,
    0x28, 0x37, 0xBB, 0x4B, 0x84, 0xD4, 0x67, 0x2D, 0x98, 0xCE, 0x9D, 0x27, 0x96, 0x1E, 0xBA, 0x0F,
    0xA6, 0x73, 0x1E, 0xAA, 0xD5, 0x06, 0x87, 0x90, 0xA8, 0x5B, 0x0E, 0x00, 0xC7, 0x59, 0x3F, 0xAF,
    0x31, 0xBB, 0xFF, 0xAA, 0x1C, 0xBD, 0xA2, 0x64, 0xA8, 0x27, 0x1F, 0x80, 0xCB, 0xEE, 0xCE, 0x5D,
    0xAA, 0x96, 0xB9, 0x6C, 0x19, 0xC8, 0x0F, 0x73, 0x35, 0xD0, 0x2D, 0x01, 0x2D, 0x3A, 0x7B, 0xEC,
    0xF4, 0xF9, 0x96, 0xC7, 0x06, 0xCF, 0x67, 0xB5, 0x27, 0xCF, 0x93, 0x66, 0xDF, 0x81, 0x65, 0x9D,
    0x00, 0x56, 0x5C, 0x11, 0x41, 0x40, 0x0F, 0xAB, 0x3E, 0x61, 0x8F, 0x1C, 0x22, 0x6B, 0x24, 0xF6,
    0xA1, 0xC7, 0xF5, 0x1B, 0xBE, 0xCB, 0xA3, 0xDF, 0x7A, 0x94, 0x47, 0x4F, 0x5C, 0xE0, 0xDA, 0x0D,
    0xFB, 0xF9, 0xB1, 0x13, 0x17, 0x5A, 0x1E, 0xFF, 0xD6, 0x68, 0x56, 0xFB, 0x3C, 0x24, 0x69, 0x87,
    0xE9, 0x2F, 0xB7, 0xAC, 0xB8, 0xA7, 0x42, 0x86, 0x05, 0x86, 0x44, 0xAC, 0x30, 0x60, 0x0D, 0x95,
    0x73, 0x91, 0x72, 0xFF, 0x7C, 0xFD, 0x5F, 0x90, 0xDA, 0xFC, 0xBF, 0x4B, 0xA4, 0x34, 0x64, 0x24,
    0x52, 0xE4, 0xA9, 0xFF, 0x24, 0xA5, 0x53, 0x6B, 0x01, 0x82, 0xCA, 0xC0, 0xDE, 0xF7, 0x6E, 0x45,
    0xE3, 0x5C, 0x9C, 0xCC, 0xA2, 0x42, 0xBE, 0x45, 0x04, 0xF3, 0xB4, 0x70, 0xB0, 0x59, 0xBA, 0xEA,
    0x4F, 0x84, 0x30, 0xB0, 0x4D, 0x60, 0xD2, 0x54, 0x85, 0x94, 0x58, 0xF5, 0x79, 0xCA, 0xFD, 0xBB,
    0xFD, 0x25, 0x52, 0x65, 0x47, 0x7C, 0x08, 0xC6, 0x57, 0x18, 0x5A, 0x3E, 0x45, 0x98, 0x4D, 0x51,
    0x9D, 0xC3, 0xC4, 0x1F, 0x07, 0x56, 0x5A, 0xFE, 0x0A, 0xD0, 0x31, 0xF5, 0x5D, 0x3B, 0x11, 0xD9,
    0x05, 0x8B, 0x3A, 0x63, 0x81, 0x98, 0x22, 0x04, 0x10, 0x8F, 0x3E, 0x8D, 0xAA, 0x56, 0x5B, 0xFB,
    0xE5, 0x60, 0x94, 0x7B, 0x5B, 0xDC, 0x53, 0xC4, 0x5A, 0x11, 0xA5, 0xB8, 0x88, 0x4D, 0x01, 0xFB,
    0x1A, 0xA6, 0x2D, 0xAF, 0x20, 0x2D, 0xF6, 0x8B, 0xD2, 0x55, 0xA4, 0xEC, 0x7A, 0xAA, 0xF0, 0x59,
    0x83, 0x10, 0xCD, 0x75, 0xF9, 0x9A, 0xEA, 0x7B, 0x1C, 0x06, 0xE5, 0x34, 0xF7, 0xA7, 0xB9, 0x99,
    0xBD, 0x7D, 0x11, 0xE5, 0xB9, 0x39, 0x4E, 0x5D, 0x2E, 0xC7, 0xFB, 0x9C, 0x1E, 0x44, 0x1D, 0x77,
    0x79, 0x84, 0x7B, 0x33, 0x7D, 0xE9, 0xEB, 0x67, 0xFA, 0x0C, 0x09, 0x89, 0x57, 0x72, 0x3B, 0x48,
    0x12, 0xBF, 0x59, 0x58, 0x0D, 0x8A, 0x80, 0x1A, 0x57, 0x9D, 0x23, 0x70, 0x44, 0x67, 0x04, 0x70,
    0xD2, 0x51, 0x47, 0xBE, 0x35, 0x3E, 0x49, 0x4D, 0x5F, 0xEC, 0xB9, 0xB7, 0x96, 0x4C, 0x63, 0x02,
    0x76, 0x7E, 0x6E, 0xBD, 0x76, 0xFC, 0x24, 0x45, 0xDE, 0x81, 0x64, 0xFB, 0x84, 0x78, 0x71, 0x0E,
    0x25, 0x83, 0x3F, 0x21, 0x19, 0x5A, 0x7C, 0x8B, 0x7D, 0x6F, 0xA6, 0xC2, 0x9C, 0x6A, 0x85, 0x0D,
    0xE1, 0x7A, 0xA1, 0x5A, 0xA1, 0x7C, 0xA3, 0x95, 0xBE, 0xB8, 0xE9, 0x83, 0x1B, 0x5F, 0xDD, 0xF0,
    0xFD, 0xB6, 0x0B, 0x1B, 0x3F, 0xB8, 0xF1, 0xB5, 0x0D, 0xAF, 0xE3, 0x8B, 0x79, 0x51, 0xA7, 0xFB,
    0x59, 0x23, 0x28, 0xC8, 0x7C, 0xA4, 0x37, 0x5F, 0xD8, 0x34, 0x96, 0xBC, 0xB0, 0xE1, 0xB1, 0xE4,
    0xAB, 0x1B, 0x1E, 0x6B, 0xBE, 0xB8, 0xE9, 0x7D, 0xFF, 0x1E, 0xAE, 0x62, 0x2E, 0xEE, 0x8B, 0xE7,
    0xA2, 0xCE, 0xC7, 0xBA, 0x11, 0xAC, 0xCF, 0xAF, 0x14, 0x73, 0xBF, 0xB0, 0x15, 0xAC, 0x1E, 0xF9,
    0x45, 0xAD, 0x22, 0x9C, 0x6B, 0x51, 0xC8, 0xE1, 0x0B, 0x5F, 0x6B, 0x6F, 0x44, 0xBB, 0x5C, 0x1F,
    0x23, 0x1F, 0xF8, 0x3E, 0x8C, 0xCA, 0x63, 0x10, 0xED, 0xCB, 0x2C, 0x75, 0xA0, 0xE8, 0x0F, 0x08,
    0xE3, 0x4C, 0x85, 0x3A, 0x42, 0x16, 0xC6, 0x81, 0x4D, 0x83, 0xBE, 0x23, 0xEF, 0xF7, 0x73, 0x57,
    0x0A, 0xAD, 0xF9, 0x20, 0xA1, 0x62, 0x02, 0x6A, 0xBF, 0xDC, 0x5E, 0x6D, 0x9C, 0x59, 0x35, 0x53,
    0x9F, 0x63, 0xFC, 0x72, 0x9B, 0xD3, 0x76, 0xA4, 0xE6, 0x3D, 0xA2, 0xA9, 0x20, 0xDF, 0xC4, 0x09,
    0xBF, 0x26, 0x5F, 0x6E, 0xDC, 0xBB, 0xED, 0x11, 0xF4, 0x9D, 0x44, 0xB3, 0x11, 0x04, 0x96, 0x28,
    0xC9, 0xF3, 0xF8, 0x58, 0x06, 0x9D, 0x31, 0x5B, 0x80, 0x70, 0x77, 0x17, 0x95, 0x05, 0x79, 0x3E,
    0x67, 0xD1, 0xE6, 0x15, 0x9C, 0x32, 0x11, 0x10, 0x99, 0x05, 0x0C, 0x31, 0x7A, 0x0E, 0x51, 0xEB,
    0x70, 0x01, 0x71, 0xEE, 0xA8, 0x91, 0x20, 0x5D, 0x37, 0x53, 0xA4, 0x69, 0x29, 0x93, 0x12, 0x89,
    0x04, 0x72, 0x78, 0x4A, 0x9F, 0xA5, 0x98, 0xC1, 0x5D, 0x92, 0xE7, 0xC4, 0x9A, 0xF9, 0x08, 0xCA,
    0xD8, 0xB1, 0x8E, 0x39, 0x6A, 0x69, 0x28, 0x6F, 0x86, 0x7F, 0x17, 0x63, 0x75, 0x8F, 0x46, 0x5A,
    0x90, 0xC6, 0x17, 0x38, 0x3D, 0x4A, 0x99, 0x11, 0x46, 0x99, 0x49, 0x04, 0xB1, 0x14, 0xFC, 0x7C,
    0xFD, 0x36, 0x3B, 0x71, 0x93, 0xE7, 0xA5, 0x0C, 0x46, 0xCD, 0x05, 0xB4, 0x8A, 0x68, 0x46, 0x25,
    0xF8, 0x38, 0x3B, 0xC9, 0x28, 0x76, 0x8D, 0xA8, 0xB3, 0x98, 0xDF, 0x28, 0x8A, 0x54, 0xA5, 0x4A,
    0xDE, 0x92, 0x4A, 0xDB, 0xF2, 0x62, 0x7D, 0x1A, 0xEB, 0x35, 0x51, 0xAE, 0xAC, 0xDF, 0x61, 0xA7,
    0xD6, 0xA1, 0xF2, 0xC1, 0xDA, 0x4E, 0xB4, 0x6F, 0x1C, 0x9D, 0xAA, 0x8C, 0x96, 0x8E, 0xF7, 0x33,
    0x4A, 0x26, 0x10, 0xC1, 0x6B, 0xEB, 0x99, 0x25, 0xD2, 0x32, 0xBA, 0x49, 0x3F, 0xB6, 0x50, 0x93,
    0x2D, 0x7A, 0xC8, 0xE7, 0x4F, 0x9D, 0x22, 0x3D, 0x61, 0xA2, 0xA9, 0x4C, 0x19, 0x06, 0x25, 0x5A,
    0x0B, 0x05, 0x4A, 0x19, 0xA5, 0x12, 0x75, 0x16, 0xE6, 0x2A, 0xF0, 0x5B, 0x04, 0x41, 0x69, 0x8E,
    0x0B, 0x7D, 0xA2, 0x73, 0x14, 0x6D, 0xE8, 0x17, 0xFA, 0x54, 0xF4, 0x2B, 0xBE, 0xCC, 0x2C, 0x19,
    0xBB, 0x05, 0xFF, 0xDA, 0x85, 0x4E, 0xCF, 0xEC, 0xD7, 0xC3, 0xEB, 0xF7, 0xEB, 0x7A, 0xD7, 0x7E,
    0x5D, 0x03, 0x25, 0x76, 0xEF, 0xD7, 0x93, 0xC3, 0xFB, 0x75, 0x7E, 0x66, 0xBF, 0x2E, 0xBF, 0xB9,
    0x5F, 0x67, 0x7B, 0xF7, 0xEB, 0xCD, 0xD0, 0xC1, 0x24, 0x7B, 0x97, 0x30, 0xB5, 0x48, 0x3A, 0x72,
    0x51, 0xEC, 0x93, 0x5B, 0x6A, 0x77, 0x0C, 0xBD, 0x7D, 0xD4, 0xD0, 0x79, 0xC4, 0xD0, 0x55, 0x74,
    0x1E, 0xBA, 0x6E, 0xE8, 0x9A, 0x66, 0xE8, 0xB1, 0x94, 0xA1, 0xCB, 0xF3, 0xC8, 0x48, 0x0B, 0xB8,
    0xBE, 0xB1, 0xF1, 0x68, 0x24, 0xB4, 0xF1, 0xE8, 0x66, 0x32, 0x56, 0x1A, 0xD8, 0x00, 0x5F, 0x76,
    0x5E, 0x9C, 0x8D, 0x7F, 0x2E, 0x38, 0x37, 0x0D, 0xE7, 0x9A, 0x00, 0xA5, 0x70, 0x3E, 0x59, 0x9C,
    0x6B, 0x67, 0xED, 0x5C, 0xE5, 0xDA, 0xB9, 0x36, 0xAB, 0xA3, 0x4E, 0x56, 0x42, 0x0D, 0xBC, 0xA2,
    0x88, 0x80, 0x0A, 0x47, 0xCF, 0x0A, 0xB6, 0xB1, 0x88, 0x94, 0x57, 0x9E, 0xA5, 0xCC, 0x09, 0xB4,
    0x7C, 0x5A, 0x0E, 0x40, 0xD2, 0xCC, 0xDE, 0x12, 0x25, 0xC4, 0xB9, 0xA4, 0x4A, 0xE2, 0x70, 0x2A,
    0x60, 0xDC, 0x05, 0x93, 0x45, 0x37, 0xCB, 0xF7, 0x20, 0xDE, 0x27, 0x7F, 0x05, 0xA5, 0xAC, 0xB9,
    0xD2, 0xC8, 0x22, 0x8A, 0x89, 0x66, 0xCD, 0xC4, 0x53, 0xC2, 0x99, 0x66, 0x46, 0x4A, 0x26, 0x0C,
    0x8E, 0x20, 0xA1, 0xDF, 0xE0, 0xEA, 0xA4, 0x6D, 0x0A, 0x73, 0x4A, 0x74, 0xE1, 0x20, 0x53, 0x00,
    0x15, 0x35, 0x97, 0xB2, 0x78, 0xB9, 0x62, 0x60, 0xBF, 0xB9, 0x92, 0x41, 0xFC, 0x41, 0xA4, 0x98,
    0x66, 0x7E, 0x71, 0x91, 0xB2, 0xF2, 0x23, 0x57, 0x1D, 0x76, 0x83, 0xE4, 0x36, 0x68, 0x68, 0xAD,
    0x04, 0x09, 0x6F, 0xAB, 0x79, 0xD3, 0x91, 0xB6, 0x71, 0xC4, 0x1A, 0xBC, 0xD7, 0x76, 0xCA, 0x71,
    0x1A, 0xFF, 0x71, 0xDB, 0x0C, 0xCD, 0xC2, 0x2C, 0x1F, 0x41, 0x95, 0x26, 0xBC, 0xD2, 0x74, 0x71,
    0x30, 0xF7, 0x11, 0x3D, 0x1F, 0x17, 0xCB, 0x11, 0x4D, 0x44, 0xBB, 0x22, 0x7E, 0x99, 0xE1, 0x8E,
    0x53, 0xE6, 0xB6, 0x5D, 0xF6, 0xC7, 0xA2, 0x85, 0x81, 0xFA, 0x8D, 0xBB, 0x6C, 0xBB, 0x6D, 0x79,
    0xB4, 0x2A, 0x7E, 0xBB, 0x91, 0x67, 0x71, 0xE3, 0xBE, 0xC9, 0xDA, 0x7A, 0xE9, 0x64, 0xC3, 0xCA,
    0x61, 0x2B, 0x3E, 0xA9, 0xA0, 0xCC, 0xF0, 0x8E, 0x7C, 0xFA, 0xF8, 0xC5, 0xA3, 0xDA, 0x3A, 0x94,
    0x83, 0xDF, 0x54, 0xF4, 0xC4, 0x3D, 0x8A, 0x9E, 0x3A, 0xE0, 0x2D, 0x6D, 0x7E, 0x61, 0xC7, 0xAE,
    0xC8, 0x0B, 0x8A, 0xCE, 0x40, 0xFC, 0xF8, 0xED, 0x7A, 0xF2, 0xF3, 0x30, 0x38, 0xB3, 0xAE, 0xFC,
    0xE2, 0x50, 0x6B, 0x8E, 0x15, 0x79, 0x68, 0x67, 0xE6, 0x07, 0x45, 0x2D, 0x7D, 0xA2, 0xA8, 0x69,
    0x1B, 0x86, 0x76, 0xA2, 0xF1, 0x5F, 0x5C, 0xBD, 0xB6, 0xA8, 0xA5, 0xEE, 0x2F, 0x6A, 0xCD, 0x7F,
    0x5B, 0xD4, 0xD8, 0x59, 0x6F, 0x51, 0x9E, 0xB3, 0xF3, 0xBC, 0x40, 0x94, 0x54, 0x1C, 0xC7, 0x54,
    0xAF, 0x18, 0x8C, 0xD5, 0xE4, 0x50, 0xA4, 0x1D, 0x79, 0x94, 0xF4, 0x4B, 0xE9, 0x67, 0xD1, 0xDD,
    0xAF, 0x13, 0xE4, 0x2D, 0xAD, 0xFE, 0xE6, 0xED, 0x7A, 0xEB, 0x21, 0x25, 0x9C, 0x9C, 0xDE, 0xB1,
    0x8B, 0xBF, 0x30, 0x7E, 0x94, 0xBD, 0x84, 0x9A, 0xB8, 0xA0, 0x50, 0x12, 0x49, 0xD1, 0xAC, 0xF7,
    0x8E, 0xC1, 0x26, 0x7E, 0x03, 0x94, 0x10, 0x31, 0x3F, 0x1B, 0x87, 0xD1, 0x61, 0xA9, 0xF4, 0x44,
    0x05, 0xCE, 0xBD, 0x61, 0xE6, 0x28, 0x69, 0xEB, 0x96, 0x47, 0x69, 0xB5, 0x01, 0xCF, 0x49, 0xF5,
    0x22, 0xAC, 0x25, 0xA7, 0xAA, 0x63, 0xC4, 0xCF, 0xB8, 0x1A, 0xC9, 0x6F, 0x82, 0xF1, 0xBD, 0x60,
    0x49, 0x09, 0xF7, 0x4C, 0xC1, 0xFC, 0x62, 0xA7, 0xAE, 0x1C, 0x97, 0xBC, 0x05, 0x2E, 0xB9, 0xD9,
    0xCC, 0xB0, 0x9B, 0x4A, 0xFF, 0x83, 0x9B, 0xD2, 0xBA, 0xBC, 0x05, 0xAD, 0xCB, 0xCD, 0x26, 0x76,
    0xBB, 0xA9, 0x14, 0xEE, 0x75, 0x4C, 0x55, 0x27, 0x23, 0x67, 0x66, 0xFA, 0xE5, 0x29, 0x37, 0xC5,
    0xF0, 0x3C, 0xBA, 0x6A, 0x66, 0x6F, 0xB6, 0xA5, 0xFE, 0x83, 0x52, 0x50, 0x94, 0xAA, 0xB2, 0xB7,
    0x1C, 0x96, 0x2D, 0x35, 0xFD, 0x84, 0x7D, 0x5B, 0xFA, 0xE9, 0xED, 0x07, 0xB5, 0xFB, 0x2D, 0x35,
    0xF1, 0x7B, 0xDB, 0x1F, 0x4E, 0x3D, 0xF1, 0x95, 0x73, 0xE6, 0x4B, 0xF9, 0x87, 0xB3, 0x67, 0xF3,
    0x0F, 0xC7, 0xCE, 0xF6, 0x9C, 0x63, 0x67, 0xBF, 0x72, 0x5B, 0xE4, 0x69, 0x3C, 0xFB, 0x35, 0x4B,
    0xDD, 0x23, 0x5B, 0xDF, 0x80, 0xB8, 0x9F, 0x53, 0xEA, 0x3F, 0x0A, 0xC9, 0xA3, 0x4E, 0xE6, 0x07,
    0xA3, 0x4E, 0x7A, 0xA2, 0x16, 0x29, 0xBA, 0xBC, 0xA5, 0x94, 0x61, 0xE7, 0xC5, 0x4F, 0x93, 0x1D,
    0x15, 0x6F, 0x91, 0xBB, 0x6E, 0x82, 0x55, 0x5C, 0x8D, 0x4F, 0xB8, 0x5A, 0x32, 0x3E, 0xD3, 0x67,
    0x92, 0xD0, 0x24, 0x50, 0x84, 0x93, 0xA8, 0x74, 0xB3, 0xDD, 0x2A, 0x95, 0xF7, 0x64, 0x86, 0x5F,
    0x39, 0x99, 0x7E, 0xBA, 0x7A, 0x50, 0x43, 0x6D, 0x98, 0xD8, 0xED, 0x2D, 0xA6, 0x76, 0x17, 0x35,
    0x73, 0x78, 0xA6, 0xAF, 0xF3, 0x4C, 0x75, 0x8C, 0x9F, 0x81, 0xA1, 0xA6, 0xBC, 0xC5, 0xC8, 0x6E,
    0x37, 0x91, 0xFC, 0x0C, 0xEE, 0x4B, 0x0F, 0x2D, 0xD6, 0x0B, 0x35, 0xE1, 0x9A, 0xE8, 0x1D, 0xF2,
    0x6B, 0x96, 0xC7, 0xDF, 0xF5, 0x43, 0xEF, 0x32, 0x9C, 0x9E, 0x2F, 0x91, 0xBA, 0xFC, 0x1B, 0xF3,
    0x8A, 0xCB, 0xE2, 0xAB, 0x1E, 0xD9, 0x6E, 0xE7, 0x96, 0x3C, 0x4F, 0x4F, 0xA4, 0xCC, 0x64, 0xD6,
    0x2C, 0x28, 0x73, 0x2D, 0x15, 0xF9, 0x83, 0xC8, 0x7C, 0x5A, 0x5A, 0x48, 0xFA, 0x7B, 0x88, 0x84,
    0xB1, 0x6A, 0x66, 0x60, 0x99, 0xDA, 0x8F, 0x21, 0x4A, 0xA8, 0x3A, 0x58, 0x6C, 0x27, 0x98, 0x34,
    0x0F, 0xD6, 0xF4, 0xF7, 0x60, 0x37, 0xBA, 0x38, 0xB6, 0x55, 0x33, 0x18, 0x65, 0xC6, 0xC5, 0x2B,
    0x2A, 0x58, 0x34, 0x01, 0x26, 0x8B, 0x57, 0xE4, 0xFF, 0x02, 0xDB, 0xCA, 0xE4, 0xE2, 0x95, 0x48,
    0x81, 0x42, 0x66, 0x59, 0x85, 0xC9, 0x33, 0x25, 0xB3, 0x3B, 0x3D, 0x51, 0x36, 0xB4, 0xAE, 0x99,
    0x07, 0x13, 0xEB, 0xBC, 0xA3, 0xA9, 0x42, 0x28, 0x24, 0x7E, 0x96, 0xEE, 0x98, 0xDA, 0x91, 0x8F,
    0x9C, 0x45, 0x03, 0x54, 0x41, 0x93, 0x85, 0x26, 0x28, 0xD9, 0xB8, 0xC3, 0x36, 0x23, 0x57, 0x6C,
    0x53, 0x4B, 0xDB, 0xA2, 0x6E, 0x54, 0xFD, 0x34, 0x3D, 0x22, 0x8A, 0x9C, 0x13, 0xF0, 0x46, 0x6D,
    0x43, 0x31, 0x41, 0x89, 0xB5, 0x60, 0xA9, 0xB5, 0xA8, 0x08, 0xCC, 0xFB, 0x87, 0xFA, 0xA8, 0xF3,
    0x25, 0x4C, 0xF9, 0x59, 0x8C, 0xE4, 0x29, 0x54, 0x7C, 0x5C, 0xFC, 0x10, 0x9B, 0x14, 0x9D, 0xBC,
    0xA9, 0x5C, 0x15, 0x7C, 0xFC, 0x92, 0x08, 0x6D, 0x05, 0x85, 0x39, 0x90, 0x7C, 0xD0, 0xDE, 0x9E,
    0x7E, 0x2E, 0xA1, 0x6A, 0xBD, 0x29, 0x5A, 0x3D, 0xBC, 0xD7, 0x4E, 0x3D, 0x8A, 0xD0, 0xEE, 0x56,
    0x0A, 0xD9, 0x33, 0x6E, 0x29, 0xF2, 0xED, 0xD9, 0x0A, 0x73, 0x73, 0xC5, 0x48, 0x39, 0x56, 0x49,
    0xC4, 0x27, 0x27, 0x0B, 0x91, 0xC1, 0xE4, 0x55, 0x82, 0x01, 0x37, 0x2A, 0xC5, 0x2C, 0xB0, 0x4E,
    0x57, 0xA0, 0xB9, 0x4C, 0xE9, 0x67, 0x2A, 0x9B, 0x11, 0x6D, 0xAA, 0xE3, 0xC8, 0x12, 0x5F, 0x1F,
    0x46, 0xB4, 0x11, 0xFF, 0xA3, 0x52, 0x02, 0x9A, 0x3B, 0x02, 0x34, 0x17, 0x51, 0x64, 0x4E, 0x81,
    0x71, 0x58, 0x94, 0x92, 0x9F, 0xF1, 0xD1, 0xEC, 0xD7, 0xEF, 0x00, 0xC1, 0xFF, 0x01, 0x7D, 0x59,
    0x0F, 0x74, 0x1B, 0xF5, 0x7D, 0xFF, 0x9E, 0x7E, 0xB6, 0x2E, 0x3A, 0x9D, 0x6C, 0x97, 0xC6, 0xC3,
    0x44, 0xE7, 0xD8, 0x0C, 0xD3, 0x8A, 0xD8, 0x96, 0x04, 0xB9, 0x3E, 0x44, 0x92, 0xE1, 0x4B, 0xDC,
    0x95, 0x26, 0x6D, 0x57, 0xD1, 0xEA, 0xEC, 0x37, 0x12, 0x3B, 0x4E, 0x02, 0x09, 0x05, 0x77, 0x55,
    0x89, 0x33, 0x68, 0x32, 0x9A, 0xA3, 0xAC, 0x59, 0xDB, 0xB1, 0x3D, 0x2F, 0xD4, 0x61, 0xAC, 0x74,
    0x4F, 0x89, 0xD3, 0xC4, 0x39, 0x27, 0xB6, 0xDA, 0x24, 0x2C, 0x85, 0x2C, 0x3E, 0x3B, 0x5D, 0x78,
    0x17, 0x4C, 0x51, 0xE0, 0xB9, 0x6C, 0xE9, 0xF6, 0x9E, 0x20, 0x40, 0xA9, 0x06, 0xAB, 0xF7, 0xE6,
    0xD7, 0x99, 0x54, 0xD6, 0xED, 0xF3, 0x3B, 0x49, 0xB6, 0x43, 0x19, 0xD2, 0xFB, 0x7C, 0xF5, 0xFB,
    0xDD, 0xFD, 0xEE, 0x7B, 0xDF, 0xEF, 0xF7, 0xF7, 0xFD, 0x77, 0x27, 0x22, 0x7C, 0x98, 0x4B, 0xD8,
    0x9C, 0x43, 0x22, 0xA5, 0xA2, 0x14, 0x49, 0x71, 0x92, 0x06, 0x09, 0x44, 0x41, 0xE4, 0x68, 0xAA,
    0x8F, 0x94, 0x87, 0x0B, 0x0E, 0x85, 0xF8, 0x89, 0xD6, 0x4C, 0x7F, 0x94, 0x44, 0x2B, 0x13, 0x25,
    0xCF, 0xB4, 0x85, 0xD1, 0x9F, 0x1B, 0x51, 0xAA, 0x67, 0x5A, 0x94, 0x62, 0x12, 0x45, 0x39, 0xA3,
    0x1A, 0xF2, 0x92, 0xE4, 0x7E, 0x7D, 0x9E, 0xD1, 0xA1, 0xF0, 0xC1, 0xCD, 0x89, 0x70, 0x5A, 0x22,
    0xB9, 0x47, 0xA2, 0xBA, 0x61, 0xA7, 0xD0, 0xD4, 0x5F, 0x49, 0xAA, 0x25, 0x51, 0x78, 0x7C, 0x73,
    0x42, 0x9C, 0x18, 0x3D, 0xC6, 0xB2, 0x58, 0xA9, 0x4A, 0xD4, 0x72, 0xC3, 0x66, 0x3D, 0xB9, 0xCC,
    0x34, 0x8B, 0xF2, 0xE8, 0x09, 0x91, 0x72, 0xC7, 0xBD, 0x64, 0x29, 0x91, 0xC3, 0x96, 0x12, 0x3E,
    0xE5, 0xE4, 0x65, 0x95, 0x48, 0xBE, 0xCD, 0x99, 0xAB, 0xBB, 0xCD, 0x08, 0x34, 0x3D, 0x34, 0xD0,
    0xD5, 0xBA, 0x3F, 0x77, 0x42, 0x9C, 0xD0, 0x02, 0x9E, 0x37, 0xF0, 0xBB, 0x7B, 0xA0, 0x6B, 0xB9,
    0x57, 0x0B, 0xC4, 0x3C, 0x5A, 0x9E, 0x04, 0x2A, 0x7E, 0xBC, 0x9C, 0x48, 0x2C, 0x77, 0x96, 0x7C,
    0x4C, 0x93, 0x29, 0x3C, 0xE8, 0xE4, 0x29, 0x7C, 0x12, 0x23, 0x79, 0xE7, 0xC0, 0x26, 0x52, 0x0E,
    0x9A, 0x43, 0xD0, 0x07, 0x4B, 0xD4, 0x57, 0x9D, 0x39, 0x8A, 0x59, 0x58, 0x5E, 0xFD, 0xED, 0x8D,
    0x3A, 0xB1, 0x97, 0x1D, 0x87, 0xFC, 0x69, 0x4C, 0x5B, 0x1A, 0x41, 0xFA, 0x8A, 0x7C, 0x84, 0x32,
    0xBF, 0xEA, 0xFF, 0x9D, 0x23, 0x1F, 0x45, 0x65, 0x5A, 0xFE, 0xD4, 0xA1, 0x67, 0x28, 0xFC, 0x7A,
    0xF6, 0x14, 0xC9, 0x83, 0xA7, 0xDE, 0x23, 0xE5, 0x1F, 0xC5, 0x7D, 0x14, 0xCA, 0x60, 0x9D, 0xFA,
    0x32, 0x96, 0xB4, 0x5A, 0x0F, 0x05, 0x48, 0xFC, 0xCE, 0xCE, 0x4D, 0xC4, 0x5E, 0xB8, 0x34, 0x43,
    0xD2, 0xD6, 0xEC, 0x34, 0x29, 0xFE, 0x3F, 0x9C, 0x25, 0x35, 0x56, 0x55, 0x4D, 0xF3, 0x1F, 0xB1,
    0xA8, 0xE8, 0x59, 0x89, 0x2B, 0x9A, 0xCA, 0x9D, 0x0D, 0xA7, 0x2D, 0x45, 0x8E, 0x72, 0x38, 0xF9,
    0xBA, 0x24, 0x51, 0xD3, 0xA0, 0x53, 0x58, 0xF3, 0xAA, 0x26, 0xF9, 0xCF, 0xEB, 0xF7, 0xB0, 0x57,
    0x9D, 0x82, 0x78, 0x52, 0x93, 0xEA, 0x6F, 0x1A, 0xE8, 0x56, 0x59, 0x6E, 0x64, 0x41, 0x51, 0x41,
    0x4F, 0x40, 0xD1, 0x51, 0xAE, 0x68, 0x80, 0x2B, 0x3A, 0x72, 0x1C, 0x8A, 0x76, 0xF7, 0x42, 0x51,
    0x4C, 0x15, 0xAE, 0x77, 0x28, 0x55, 0x05, 0xC1, 0xA6, 0xBA, 0x75, 0x8A, 0xBD, 0xEC, 0x14, 0xA8,
    0xDA, 0x68, 0x33, 0x88, 0x59, 0xFF, 0x91, 0x22, 0xFF, 0x4F, 0xFE, 0x26, 0x46, 0x2D, 0xE1, 0x40,
    0x35, 0xF5, 0x55, 0x04, 0x38, 0xC3, 0x8A, 0x05, 0xE3, 0x49, 0xA2, 0x33, 0xE7, 0xF3, 0x56, 0xF8,
    0xC2, 0x07, 0x7C, 0xBE, 0xF0, 0xB3, 0xDD, 0x7F, 0x2A, 0x6F, 0x1F, 0x7D, 0xBA, 0xEE, 0x88, 0xCF,
    0xD7, 0x74, 0x60, 0xD9, 0xFA, 0xE8, 0x85, 0x55, 0x76, 0xEC, 0x42, 0xA3, 0x5D, 0xBD, 0xAF, 0xD1,
    0x66, 0x17, 0xDA, 0x6C, 0xFF, 0xDB, 0xE4, 0x6B, 0xF9, 0xA4, 0x79, 0xA2, 0x4F, 0xD4, 0xBB, 0xE6,
    0xB5, 0xE3, 0x6E, 0xE0, 0xFA, 0x01, 0xF9, 0xBC, 0xA3, 0x26, 0x85, 0x0F, 0xC2, 0xBC, 0xE1, 0xF4,
    0xF7, 0x96, 0x92, 0x9C, 0xBC, 0xA8, 0x92, 0x72, 0x08, 0x24, 0x34, 0xF8, 0xDC, 0x09, 0x52, 0x2F,
    0x37, 0x7C, 0x0B, 0x3B, 0xD0, 0x60, 0x40, 0xB0, 0x55, 0x19, 0x08, 0x76, 0x39, 0x49, 0xFE, 0xFF,
    0xF9, 0x5E, 0x3D, 0x04, 0x93, 0x44, 0xEC, 0x80, 0x44, 0x8B, 0x2D, 0x06, 0xBE, 0xCC, 0xC9, 0x4B,
    0xAC, 0x52, 0x0E, 0x0F, 0x4A, 0x72, 0xF8, 0x64, 0xE4, 0x09, 0x79, 0xA7, 0x4F, 0x56, 0xB6, 0x7D,
    0xED, 0x99, 0xBA, 0xA3, 0xB5, 0x9F, 0x6F, 0x7A, 0x8D, 0xE4, 0xD8, 0x85, 0xDD, 0x93, 0xFE, 0x8B,
    0x3D, 0x93, 0xEC, 0xA5, 0x5D, 0x93, 0xFE, 0xE3, 0xBB, 0x9F, 0x50, 0x42, 0x35, 0xB2, 0x1A, 0xA5,
    0x7C, 0x99, 0x07, 0x03, 0x47, 0x91, 0xFC, 0xC7, 0x38, 0x22, 0x29, 0x89, 0x22, 0x27, 0x9D, 0x7C,
    0x60, 0xA5, 0x26, 0xCB, 0x2B, 0x07, 0x36, 0x29, 0x70, 0x8E, 0xD0, 0xA0, 0x26, 0xB7, 0xBC, 0xEA,
    0xE4, 0xFD, 0x70, 0x53, 0xF6, 0x8B, 0x51, 0x53, 0x7C, 0x6E, 0xD4, 0xAC, 0x6F, 0x92, 0x28, 0x56,
    0x96, 0xC4, 0x62, 0x5A, 0x91, 0xB4, 0x39, 0x63, 0x05, 0x62, 0xD9, 0x6A, 0x8B, 0xC4, 0x77, 0x9B,
    0xD3, 0x54, 0x6F, 0xEF, 0xEC, 0x25, 0x75, 0xFC, 0xFC, 0xE7, 0x88, 0xFE, 0x85, 0x2F, 0x09, 0x60,
    0x6D, 0x9B, 0x03, 0x83, 0x53, 0x5A, 0xD4, 0x48, 0xC8, 0x62, 0x13, 0x04, 0x6C, 0x13, 0x51, 0xF0,
    0x37, 0xFD, 0x14, 0x79, 0x5F, 0x38, 0x5B, 0x36, 0x37, 0x97, 0x29, 0xC0, 0x65, 0x22, 0xAF, 0xE8,
    0x38, 0x0D, 0x1D, 0x95, 0x62, 0xE4, 0xB4, 0xE4, 0x85, 0xBB, 0xE7, 0xE5, 0xAD, 0x1B, 0xE4, 0xBA,
    0x43, 0x1B, 0xE4, 0xA6, 0x57, 0x9C, 0x7C, 0xFD, 0xC4, 0x06, 0x59, 0x04, 0x18, 0xC6, 0xD2, 0x43,
    0x1B, 0x96, 0xB4, 0xD4, 0xF0, 0x88, 0x93, 0x16, 0xD9, 0x26, 0xDA, 0x88, 0x23, 0x49, 0xC9, 0x5B,
    0xB8, 0x1A, 0x3E, 0xB8, 0xEB, 0x74, 0x38, 0x1D, 0x4D, 0xCA, 0xD1, 0xC6, 0x46, 0xE5, 0x21, 0x67,
    0x2E, 0xB4, 0xF5, 0xA9, 0x6E, 0x75, 0x7F, 0xBB, 0x14, 0x9B, 0x78, 0xEA, 0x1E, 0xFF, 0x84, 0x53,
    0x60, 0x13, 0xED, 0x92, 0xF8, 0x93, 0x76, 0xA9, 0xFE, 0xBA, 0xFF, 0x1C, 0x51, 0x3D, 0x03, 0xDD,
    0x65, 0x6F, 0xF2, 0x92, 0x0C, 0x8E, 0x72, 0xC0, 0xC7, 0x9C, 0x77, 0xC3, 0xFD, 0x72, 0x34, 0x9C,
    0x96, 0xB3, 0xF2, 0x0E, 0xA7, 0x50, 0x77, 0x70, 0xB3, 0x1E, 0xEA, 0x5F, 0x43, 0xEA, 0x84, 0x93,
    0x8F, 0xBD, 0x98, 0x55, 0xAA, 0x8D, 0x94, 0xC2, 0xAC, 0xB1, 0xBC, 0x3F, 0x9D, 0x52, 0x5A, 0x1A,
    0x4F, 0xF7, 0xF6, 0xD1, 0x73, 0xC7, 0x17, 0xE4, 0x90, 0xC0, 0x47, 0xE4, 0x0E, 0x54, 0x88, 0x1C,
    0x25, 0x6F, 0xF8, 0xC7, 0xE6, 0x31, 0x39, 0x59, 0x1B, 0x57, 0x7A, 0xF4, 0x44, 0x5D, 0x6A, 0xAA,
    0x57, 0xCD, 0x58, 0x4A, 0xCC, 0xE2, 0xF6, 0xB5, 0xC0, 0x23, 0x77, 0xD6, 0x9F, 0xD6, 0x13, 0xCA,
    0xCD, 0x7A, 0x42, 0x85, 0xEE, 0xAE, 0x2D, 0xE0, 0xD0, 0xA2, 0x27, 0x37, 0xE2, 0xF5, 0x68, 0x52,
    0xE4, 0xD0, 0xDE, 0x5C, 0xF8, 0x59, 0x4D, 0x92, 0x6F, 0xDB, 0x9B, 0x93, 0x6F, 0x25, 0xAA, 0x8B,
    0x9A, 0x43, 0xEA, 0x96, 0xA9, 0x4D, 0xAD, 0x97, 0x72, 0xC7, 0xC5, 0xF1, 0xA9, 0x4D, 0x9E, 0xD7,
    0xA7, 0x7A, 0xC5, 0x6F, 0x4C, 0xF5, 0xD6, 0xDF, 0x00, 0x9E, 0x02, 0x5C, 0x9D, 0xB4, 0x8A, 0x72,
    0x50, 0x20, 0x26, 0x4E, 0xF8, 0x98, 0x37, 0x80, 0xD0, 0x9F, 0x0B, 0x9F, 0xF4, 0x06, 0xE4, 0x9D,
    0xBF, 0x39, 0xA1, 0x6C, 0xD1, 0x13, 0xA1, 0x94, 0x33, 0xAB, 0x5E, 0xB2, 0x5A, 0x62, 0xE3, 0xB9,
    0xE3, 0xD5, 0xE3, 0x53, 0xBD, 0x0C, 0xF0, 0xFF, 0x38, 0x77, 0x56, 0xB9, 0xD1, 0x52, 0xFA, 0x04,
    0xEB, 0x0C, 0x78, 0x68, 0xAE, 0x22, 0x3E, 0xFA, 0x76, 0x82, 0x7C, 0xC2, 0xC8, 0x09, 0x92, 0xD9,
    0xFD, 0x01, 0x0A, 0x3F, 0x19, 0x0A, 0x50, 0xEB, 0x2F, 0x6F, 0xE9, 0xA2, 0xBA, 0xD1, 0xE0, 0xAF,
    0xA9, 0xEE, 0x79, 0xB2, 0xA8, 0xE9, 0xCA, 0x1F, 0x4C, 0x51, 0xF4, 0x7C, 0xF3, 0x55, 0xBA, 0xE3,
    0x3C, 0x9B, 0xA6, 0xEA, 0xC7, 0xA5, 0x37, 0x89, 0x3D, 0xAE, 0x4C, 0x92, 0xF4, 0x6A, 0xF4, 0x22,
    0x29, 0x37, 0xC5, 0x27, 0x48, 0x65, 0x58, 0x87, 0x8F, 0x56, 0xB6, 0x8E, 0x8F, 0x13, 0xD1, 0x0D,
    0x30, 0x87, 0x22, 0x47, 0x30, 0x0C, 0x3F, 0x9B, 0x3C, 0x82, 0x3C, 0x7B, 0x29, 0x84, 0x98, 0xFD,
    0xA2, 0x4C, 0x75, 0x3D, 0x77, 0x64, 0xA8, 0xA9, 0x3F, 0xFB, 0x08, 0xC5, 0x5E, 0x98, 0xDA, 0x4C,
    0xD8, 0xAF, 0xF7, 0x11, 0x15, 0x56, 0x1D, 0x89, 0x69, 0x90, 0xFA, 0xC6, 0xA9, 0xFB, 0x49, 0xA5,
    0xDC, 0x99, 0x22, 0x4F, 0x51, 0x88, 0x27, 0x48, 0x64, 0xC7, 0xDE, 0x43, 0x0E, 0xB8, 0x61, 0x3D,
    0x45, 0x8E, 0xFE, 0xF4, 0x3D, 0x44, 0x19, 0xCE, 0xC9, 0x2B, 0x61, 0x0E, 0x79, 0xA7, 0x04, 0x7E,
    0xDB, 0x46, 0x8F, 0x93, 0xFA, 0xE4, 0xC6, 0x4D, 0xD4, 0x7A, 0x1E, 0x04, 0x69, 0x77, 0x88, 0x78,
    0xDE, 0x25, 0x71, 0x2F, 0x24, 0xA8, 0x87, 0x1B, 0x81, 0xDF, 0xE2, 0x28, 0xC3, 0xF6, 0x05, 0x78,
    0xE8, 0x46, 0x34, 0x08, 0x9B, 0xCE, 0x42, 0xF3, 0xCC, 0xA3, 0x14, 0x3E, 0x37, 0x86, 0xE0, 0xEA,
    0xC1, 0xD9, 0xBA, 0xA3, 0xBF, 0x45, 0x4E, 0x39, 0xF0, 0x89, 0xCF, 0x93, 0x7A, 0xE1, 0x13, 0x32,
    0xB5, 0xBE, 0xF0, 0xEC, 0xBB, 0x24, 0x3E, 0xD6, 0x9F, 0x22, 0x76, 0xC9, 0xCA, 0x92, 0x7F, 0xE7,
    0x34, 0x4F, 0x76, 0xD7, 0xFF, 0x90, 0x54, 0xA5, 0x4A, 0xBC, 0x86, 0xA9, 0x1E, 0x07, 0xD3, 0xA9,
    0x3E, 0x30, 0xB5, 0x54, 0x5A, 0x1E, 0x77, 0x66, 0x4A, 0x92, 0x3E, 0x7C, 0x75, 0x8E, 0x94, 0xED,
    0xCB, 0xD6, 0x53, 0xE8, 0xC8, 0x03, 0x4F, 0x93, 0x7A, 0x09, 0x09, 0xAD, 0x75, 0x7C, 0x63, 0x82,
    0xFC, 0x17, 0xC7, 0x72, 0xD0, 0xBC, 0xCD, 0x22, 0xEC, 0x0F, 0x8A, 0x50, 0x70, 0xC3, 0x72, 0x52,
    0x2B, 0xA4, 0x72, 0xE6, 0xE3, 0xF1, 0xE5, 0x27, 0xAA, 0xED, 0xD4, 0xE3, 0x63, 0x8E, 0x33, 0x0D,
    0x56, 0x51, 0x8E, 0x1A, 0x5E, 0x83, 0x16, 0x9D, 0x87, 0x92, 0xD3, 0x48, 0xA6, 0xC9, 0xA4, 0x82,
    0x70, 0x89, 0x51, 0x8D, 0xFE, 0x53, 0x3D, 0x61, 0x5E, 0x1D, 0x3D, 0xEC, 0xB1, 0x14, 0x12, 0x35,
    0x95, 0xC4, 0x99, 0x69, 0xA2, 0x48, 0x86, 0x28, 0x3C, 0x47, 0xDE, 0x19, 0x7F, 0xE6, 0x9B, 0x1A,
    0x4D, 0x2F, 0x48, 0xED, 0x31, 0x78, 0xFE, 0xC7, 0xD9, 0x88, 0x83, 0x42, 0x11, 0xE2, 0x5C, 0x43,
    0x82, 0x15, 0xA0, 0xA5, 0x82, 0x55, 0x41, 0xB5, 0x1D, 0x53, 0x89, 0xE2, 0x09, 0xAA, 0x9E, 0xC1,
    0xBA, 0xD6, 0x7F, 0x07, 0xF9, 0xFA, 0x8B, 0xB8, 0xE0, 0xD2, 0x44, 0x86, 0xFC, 0x6B, 0xE1, 0x4C,
    0x6B, 0x04, 0xAB, 0x81, 0x6A, 0x84, 0xC5, 0x2E, 0x40, 0x3C, 0x39, 0xE0, 0x08, 0xBF, 0x90, 0x33,
    0x0C, 0x21, 0xFA, 0x97, 0x7A, 0xC0, 0x8E, 0x8C, 0x52, 0xBE, 0xC0, 0xA7, 0x11, 0xD3, 0xB4, 0x1F,
    0x77, 0xF6, 0x58, 0xCC, 0xA0, 0x74, 0x03, 0xD1, 0x9A, 0x58, 0x51, 0xA5, 0xE2, 0x87, 0xEF, 0x17,
    0xB2, 0x0A, 0x57, 0x3C, 0x25, 0x50, 0x34, 0x85, 0xE8, 0xAF, 0x11, 0xA9, 0x46, 0x1A, 0x35, 0x8D,
    0xFA, 0x8D, 0x1D, 0x96, 0x22, 0xA2, 0xA6, 0x88, 0xB8, 0xB7, 0xE3, 0x94, 0xC6, 0x64, 0x2D, 0x1F,
    0x35, 0xAD, 0xE5, 0xA6, 0xC9, 0x6F, 0xA4, 0x2D, 0xE8, 0xB6, 0x48, 0x0E, 0x60, 0xA9, 0xE3, 0x7C,
    0x9A, 0x32, 0x10, 0x90, 0xC3, 0x71, 0x8A, 0xBF, 0x6F, 0x75, 0x6A, 0x74, 0x75, 0xD8, 0x1D, 0xD7,
    0x4E, 0x75, 0x7E, 0x7F, 0x5E, 0xC6, 0x05, 0x19, 0x66, 0x20, 0x83, 0x1A, 0x17, 0xA9, 0x11, 0xBC,
    0xAC, 0x90, 0x9F, 0xAC, 0x10, 0xEE, 0xE7, 0x8E, 0xC5, 0x6B, 0xC7, 0x6E, 0x06, 0x17, 0x8B, 0x25,
    0xB5, 0xCC, 0x43, 0xDF, 0xA8, 0xC7, 0x9F, 0x33, 0xCD, 0x53, 0x28, 0xC7, 0xEA, 0x0F, 0x1C, 0xA7,
    0xC9, 0x15, 0x0D, 0xAD, 0x80, 0xA8, 0x6F, 0x74, 0x23, 0x85, 0xC7, 0x89, 0xFB, 0x8B, 0xB9, 0xA7,
    0xD8, 0x22, 0x40, 0x34, 0x67, 0xB6, 0xA8, 0x83, 0x45, 0xCB, 0xCC, 0xDC, 0xB1, 0x3B, 0x4D, 0x73,
    0x04, 0x2D, 0x82, 0x74, 0x3D, 0x64, 0xA1, 0xE5, 0x95, 0xA8, 0xDC, 0xA2, 0xE6, 0x79, 0x7B, 0x34,
    0xC3, 0xCC, 0xFE, 0x24, 0xB7, 0xB5, 0xD7, 0xCC, 0xA5, 0x2A, 0x3B, 0xA6, 0xE2, 0x7C, 0x5C, 0xAB,
    0x4F, 0x25, 0xAE, 0xD5, 0x81, 0x8A, 0x3A, 0xE0, 0xFE, 0x07, 0x75, 0x5D, 0xED, 0x34, 0x87, 0x61,
    0x4A, 0x76, 0xCD, 0xFD, 0x5C, 0x3B, 0xC2, 0x58, 0x1C, 0xF5, 0xBA, 0x7E, 0xAD, 0x1D, 0xDD, 0x0D,
    0x25, 0x4F, 0xA6, 0x94, 0xEE, 0xB9, 0x1C, 0xD4, 0x64, 0x9A, 0xDF, 0x25, 0x61, 0x4A, 0xB7, 0x70,
    0x47, 0xDC, 0x53, 0xC8, 0x0D, 0xC3, 0x05, 0xF4, 0x29, 0xAD, 0xE8, 0x33, 0x2B, 0x46, 0x0B, 0xC7,
    0x88, 0x96, 0xBF, 0x8B, 0xCB, 0x4E, 0xBF, 0x60, 0x50, 0xC3, 0x63, 0xD6, 0xFB, 0x14, 0x13, 0x2C,
    0x69, 0x91, 0x93, 0x40, 0xB1, 0x15, 0xC3, 0x57, 0x8F, 0xDD, 0xA1, 0xEB, 0x5D, 0xAA, 0xAE, 0xAF,
    0xFF, 0xD8, 0x54, 0xC7, 0xCF, 0x84, 0xA9, 0x0E, 0xAB, 0x08, 0xB0, 0xC5, 0x46, 0xD7, 0x76, 0xEB,
    0x89, 0x15, 0x85, 0xE1, 0x1C, 0x65, 0xE1, 0x28, 0x63, 0xA8, 0x2C, 0x41, 0x47, 0x8B, 0xCC, 0x0A,
    0x33, 0x0B, 0xCE, 0x0B, 0x65, 0x3B, 0xDE, 0x4A, 0x84, 0x4D, 0xF3, 0x44, 0xA8, 0xA6, 0x22, 0xB0,
    0x34, 0xED, 0xFF, 0xAC, 0xC7, 0x1A, 0xCF, 0x56, 0xB3, 0x6C, 0xAC, 0xA2, 0x0A, 0xEE, 0xF4, 0x88,
    0x5F, 0x63, 0x59, 0xEF, 0x0C, 0xA4, 0xFE, 0xAF, 0x8F, 0x59, 0xC4, 0xE5, 0x74, 0x79, 0x0B, 0x50,
    0x16, 0x72, 0x68, 0x8B, 0x0C, 0x3C, 0xE4, 0xF2, 0x80, 0x83, 0xD4, 0x3A, 0xCE, 0xCF, 0xB8, 0x11,
    0x3D, 0x66, 0xAE, 0x9F, 0x75, 0x4C, 0xA5, 0xD9, 0x5A, 0x2B, 0xCD, 0xE0, 0x84, 0x4C, 0xB0, 0x92,
    0x6C, 0x38, 0x37, 0x2D, 0xDC, 0x77, 0x4F, 0x5C, 0x40, 0x14, 0xDD, 0xA9, 0xD1, 0xA3, 0xF3, 0x72,
    0x20, 0x0A, 0x1F, 0x18, 0x35, 0x53, 0xA7, 0x75, 0xBD, 0xEF, 0x90, 0x69, 0xAA, 0x77, 0xEB, 0x7A,
    0x8D, 0x97, 0x6F, 0x30, 0xFF, 0x9A, 0xC3, 0x24, 0xE8, 0x3A, 0xEE, 0x61, 0x1A, 0xB7, 0x6C, 0xD4,
    0x33, 0xAD, 0x25, 0xC0, 0x59, 0x32, 0x70, 0x9A, 0x8C, 0x6B, 0x11, 0x58, 0x9D, 0xA3, 0x5F, 0xF1,
    0x68, 0x19, 0x85, 0x19, 0x1F, 0x44, 0x6E, 0x64, 0xD8, 0x18, 0xE3, 0xCE, 0x5A, 0x5A, 0x77, 0x0D,
    0x2A, 0x4A, 0x0E, 0x57, 0x42, 0x23, 0x82, 0x24, 0x2A, 0x52, 0xF2, 0xA3, 0xA0, 0x8A, 0x94, 0x86,
    0x4D, 0x78, 0x16, 0x48, 0x52, 0x31, 0x9B, 0xA0, 0x7E, 0x8F, 0xC2, 0x89, 0x0F, 0x53, 0x2D, 0x2D,
    0xF0, 0x5A, 0x2A, 0x92, 0xC1, 0xE5, 0xFC, 0x30, 0x94, 0x64, 0x77, 0xE5, 0xAF, 0xE4, 0xC5, 0x44,
    0xD0, 0xE3, 0x3E, 0xD1, 0x99, 0xB1, 0x1B, 0x65, 0xFA, 0x28, 0x5C, 0xEE, 0x91, 0xC9, 0xC9, 0xCA,
    0x44, 0xCB, 0x46, 0x86, 0xE0, 0xB5, 0x43, 0x95, 0xC5, 0x8E, 0x67, 0x86, 0xA7, 0xE4, 0x7D, 0x8D,
    0x01, 0xBA, 0x10, 0x2D, 0xE1, 0xD6, 0xEE, 0xC4, 0x85, 0xDB, 0x9D, 0xFC, 0xFC, 0x1C, 0x70, 0xA6,
    0x03, 0x14, 0x6F, 0x0C, 0x94, 0x52, 0x5F, 0xC0, 0x55, 0xDE, 0x4B, 0x4B, 0xDC, 0xAA, 0xCE, 0x71,
    0x00, 0x8D, 0xEB, 0x81, 0x95, 0x72, 0xD3, 0xFF, 0x87, 0x1F, 0xEC, 0x94, 0x9B, 0xCE, 0x9D, 0x94,
    0x9B, 0xE8, 0xE3, 0x08, 0x22, 0x41, 0xEF, 0x2B, 0xB7, 0x5C, 0x1F, 0xA6, 0x5B, 0xA5, 0xAE, 0x6B,
    0xFC, 0x5C, 0x94, 0x3F, 0x33, 0x7C, 0x00, 0xB0, 0x5D, 0xB6, 0x56, 0xD7, 0x79, 0x7B, 0x4D, 0x5C,
    0x7E, 0xC9, 0xE3, 0xCC, 0x48, 0x1E, 0x43, 0xBD, 0x78, 0x1B, 0x87, 0x05, 0x38, 0x33, 0xC5, 0x71,
    0x19, 0x98, 0xAF, 0xD4, 0xD4, 0xCB, 0x27, 0x49, 0x2D, 0xFC, 0x13, 0xE2, 0x07, 0x69, 0x9E, 0x14,
    0xB6, 0x28, 0x0B, 0xF3, 0xFC, 0x19, 0x10, 0xAC, 0x50, 0x91, 0x54, 0xBB, 0xC1, 0xCF, 0x78, 0x4E,
    0xF5, 0x67, 0x41, 0xD6, 0xFC, 0x11, 0x56, 0x64, 0xFD, 0x06, 0x0A, 0x96, 0x50, 0xA0, 0x58, 0x34,
    0xB0, 0x0C, 0x72, 0x71, 0xF5, 0x5D, 0x92, 0x0A, 0x70, 0x27, 0x06, 0xA9, 0x9E, 0x4F, 0x9F, 0x3E,
    0x5A, 0x0A, 0xD4, 0x61, 0x53, 0xBE, 0x1A, 0xB7, 0x1F, 0x34, 0x4F, 0xD9, 0x5F, 0xA1, 0x26, 0xFB,
    0xBE, 0xEB, 0x96, 0xDA, 0x3D, 0x83, 0x64, 0xF7, 0xEC, 0xD7, 0xEC, 0x9E, 0x57, 0x80, 0x71, 0xC3,
    0xDE, 0x62, 0x58, 0x97, 0x07, 0xB5, 0x4C, 0x61, 0x90, 0x52, 0x54, 0xC5, 0x85, 0xC2, 0x45, 0xAE,
    0x52, 0xBA, 0xE6, 0xF5, 0x38, 0x59, 0xB4, 0x28, 0xA9, 0xED, 0x5B, 0xCB, 0x70, 0xB2, 0xDB, 0xB7,
    0x1A, 0x8B, 0xE6, 0x39, 0xCC, 0x07, 0xB2, 0xDB, 0x0F, 0x69, 0xA9, 0xBD, 0x6F, 0x68, 0x29, 0xFA,
    0xB8, 0x91, 0x45, 0x1A, 0xC9, 0x57, 0x62, 0x23, 0x7C, 0x25, 0xD8, 0x37, 0x76, 0xC7, 0xED, 0x9B,
    0x46, 0x4F, 0xD9, 0x37, 0xC9, 0x4D, 0x0B, 0xE0, 0xF3, 0xEE, 0x3E, 0x3E, 0xBE, 0x3C, 0x28, 0x37,
    0x15, 0x00, 0x62, 0xA3, 0xA7, 0x88, 0x61, 0x43, 0x90, 0x35, 0x2B, 0x4B, 0x8E, 0xE4, 0x13, 0x65,
    0xF5, 0xE9, 0x1D, 0x1C, 0x5D, 0x7D, 0x4F, 0xEF, 0x70, 0x66, 0x8A, 0x63, 0x8E, 0x80, 0xEA, 0xCE,
    0xB7, 0xCB, 0x4D, 0x4F, 0xA7, 0x64, 0x1A, 0xE3, 0xCE, 0x54, 0x23, 0xF3, 0x3A, 0x3B, 0xDF, 0xE0,
    0x6B, 0x08, 0x8C, 0x8C, 0xE2, 0x31, 0x38, 0x90, 0x49, 0x0D, 0xF8, 0x88, 0x1B, 0x2C, 0x2B, 0xCE,
    0x99, 0xB4, 0xEB, 0xAB, 0x1B, 0x29, 0xA9, 0x30, 0x40, 0xE4, 0xA5, 0xB3, 0x34, 0x66, 0xB4, 0xFB,
    0xDC, 0x30, 0xED, 0x46, 0xB0, 0xD6, 0x40, 0x08, 0xD7, 0xA1, 0x45, 0x67, 0x7A, 0xBD, 0x60, 0x65,
    0xED, 0x9E, 0x93, 0x86, 0xDD, 0x13, 0x21, 0x7B, 0xCB, 0xF3, 0x19, 0xFB, 0x6B, 0x7F, 0xF9, 0x17,
    0x36, 0x1C, 0xD8, 0xDE, 0x3A, 0x72, 0xD8, 0xDE, 0x02, 0xDD, 0x30, 0xBE, 0x6C, 0x8E, 0x0D, 0x15,
    0x7E, 0xD4, 0x95, 0x28, 0xDE, 0xBF, 0x28, 0x83, 0x6B, 0x7B, 0x5A, 0x03, 0x3C, 0x4C, 0xF6, 0xDD,
    0x13, 0x86, 0xDD, 0xA9, 0x65, 0xED, 0xBD, 0xE6, 0x59, 0x7B, 0x97, 0xF9, 0x1D, 0x3B, 0x4E, 0x38,
    0xA6, 0xC7, 0xED, 0x4E, 0x33, 0x6B, 0x77, 0x52, 0xCF, 0xC5, 0xA7, 0xA8, 0xC7, 0x79, 0x8D, 0x7A,
    0x90, 0x29, 0xB2, 0x48, 0xC9, 0x29, 0xDC, 0xBE, 0x58, 0xDE, 0x2B, 0x78, 0x05, 0xFE, 0xA0, 0x53,
    0x78, 0xAC, 0xA5, 0xD8, 0xE8, 0x53, 0x38, 0x7D, 0xA6, 0x5A, 0x23, 0xFF, 0xD5, 0xE1, 0xF7, 0xE9,
    0xD1, 0x5A, 0x3D, 0x58, 0x4A, 0xD3, 0xF0, 0x4B, 0x9E, 0xAB, 0x53, 0x25, 0x32, 0x00, 0x6E, 0xCC,
    0x04, 0x5B, 0xB7, 0x18, 0x2D, 0x29, 0x2A, 0x35, 0xEB, 0x43, 0x93, 0x60, 0xF7, 0xA4, 0x2D, 0xBB,
    0xC7, 0x4A, 0xD9, 0x3B, 0x7E, 0x91, 0xB6, 0x77, 0xE4, 0x1E, 0xB1, 0x7B, 0x96, 0x90, 0xAB, 0xD8,
    0x96, 0xAE, 0xB8, 0xBD, 0x75, 0xEC, 0xF0, 0xE5, 0x54, 0x29, 0x4A, 0x6B, 0xEA, 0x71, 0x3B, 0x27,
    0xCF, 0xAF, 0x95, 0xB1, 0x29, 0xB2, 0x97, 0x9A, 0x26, 0xF7, 0xE9, 0xF7, 0x4E, 0xEE, 0x7B, 0x00,
    0xE0, 0xE3, 0x15, 0xC0, 0x76, 0x8C, 0xB7, 0x96, 0xB0, 0xE7, 0xDE, 0x97, 0x2E, 0xDC, 0xD7, 0xE4,
    0x5C, 0xA0, 0x26, 0xFA, 0x0C, 0xE0, 0x15, 0x4E, 0xE1, 0xEE, 0x71, 0xE8, 0x52, 0x03, 0x2D, 0x62,
    0x1C, 0x5C, 0x11, 0xA1, 0x63, 0x20, 0xCE, 0x33, 0x2F, 0xAF, 0x27, 0x88, 0xA4, 0x04, 0xCA, 0x50,
    0x3F, 0xC4, 0xCD, 0xE2, 0x51, 0x3D, 0xC5, 0xB5, 0xE0, 0xF2, 0x33, 0x44, 0x18, 0x1F, 0x97, 0x2B,
    0xE9, 0x12, 0xF8, 0xA7, 0x4C, 0x2D, 0x24, 0x57, 0x3B, 0xB3, 0x4F, 0xFC, 0x50, 0xBF, 0x7F, 0xF2,
    0x19, 0xB5, 0x6E, 0xF2, 0xFB, 0x49, 0x9A, 0x1C, 0x78, 0x2B, 0x31, 0x39, 0xEA, 0xE4, 0x27, 0xF7,
    0x1B, 0xD6, 0xE4, 0x93, 0x02, 0xF0, 0xB8, 0xF6, 0x52, 0x66, 0x8C, 0x9C, 0x0C, 0xFA, 0xBB, 0xB5,
    0xFF, 0x0D, 0xA7, 0x44, 0x13, 0xE4, 0x06, 0x05, 0xE0, 0x87, 0xFE, 0x70, 0xB0, 0xEF, 0xC2, 0xC4,
    0xF6, 0x36, 0x67, 0xDA, 0xDE, 0x46, 0xC9, 0x22, 0x72, 0x18, 0xEB, 0xE9, 0xE2, 0x58, 0x4F, 0x3B,
    0x57, 0x9C, 0x6C, 0x9C, 0xF7, 0x82, 0x95, 0xE8, 0xD5, 0xA0, 0x7F, 0x4D, 0x29, 0xAB, 0x7E, 0x6A,
    0xA3, 0x9E, 0x5E, 0x61, 0x9A, 0x6E, 0xE4, 0xF3, 0x0C, 0x1A, 0x45, 0x06, 0xC5, 0x63, 0x4C, 0x92,
    0xFF, 0x46, 0x9D, 0x99, 0x64, 0x34, 0xD3, 0x54, 0x04, 0x1F, 0x1B, 0x38, 0x46, 0x62, 0x16, 0x0E,
    0x85, 0x0C, 0x19, 0xD7, 0xD0, 0x15, 0x66, 0x7C, 0x1E, 0x23, 0x6A, 0xEF, 0x90, 0x43, 0xF6, 0x57,
    0xC2, 0x4B, 0xEC, 0x9E, 0xDB, 0x61, 0xF3, 0x57, 0x0C, 0x7B, 0x2B, 0x9C, 0xEC, 0x41, 0x8A, 0xD9,
    0xBB, 0x9D, 0x59, 0x7B, 0xAB, 0x91, 0xBC, 0x7C, 0x48, 0x4B, 0x16, 0x00, 0xBA, 0x6E, 0x20, 0x4D,
    0x9E, 0xDC, 0x7C, 0x96, 0x58, 0xE2, 0x06, 0x55, 0x80, 0xD6, 0x43, 0x1E, 0xBB, 0x8B, 0x64, 0x7B,
    0xD3, 0x8D, 0x9F, 0xB5, 0xE3, 0x99, 0x8C, 0xFD, 0x65, 0x43, 0xB5, 0x3B, 0xA8, 0xC2, 0xFE, 0x92,
    0x99, 0xB2, 0xEF, 0x86, 0x53, 0xC6, 0x65, 0xFA, 0x79, 0xBF, 0x4C, 0x85, 0x0C, 0xF6, 0xAF, 0xB2,
    0xCB, 0x95, 0xBF, 0x54, 0xE2, 0xF3, 0xDC, 0xE6, 0x6E, 0xB2, 0xF9, 0x28, 0x14, 0xF7, 0xC5, 0x29,
    0x5D, 0x33, 0xE7, 0x16, 0xF4, 0xB5, 0x96, 0x46, 0xE3, 0xE3, 0x96, 0x30, 0x3E, 0x61, 0x79, 0x1E,
    0x3B, 0x6F, 0xB0, 0xF1, 0xF3, 0x96, 0xF8, 0xF5, 0x17, 0x93, 0x81, 0xD6, 0x97, 0x5A, 0xD6, 0xF8,
    0x66, 0xAB, 0x1A, 0x79, 0x07, 0x29, 0xCC, 0xEF, 0xA7, 0x8E, 0x3D, 0xCE, 0x57, 0xF2, 0xEB, 0x3E,
    0x8C, 0xEF, 0x47, 0xDD, 0xBB, 0xDC, 0x1E, 0xB4, 0x15, 0xDA, 0xD0, 0xBF, 0xF0, 0x8A, 0xFD, 0x01,
    0xC2, 0x1B, 0x46, 0xDA, 0x5B, 0x18, 0x73, 0x4A, 0x7D, 0x07, 0x27, 0x1E, 0x4E, 0x98, 0x21, 0xF0,
    0xEE, 0x0B, 0xA4, 0x8A, 0x93, 0x16, 0xBA, 0xB6, 0x27, 0xE5, 0x5D, 0x26, 0x59, 0x22, 0xEF, 0x40,
    0xAB, 0x20, 0xAB, 0x15, 0x8A, 0xD2, 0xB2, 0x5F, 0xA7, 0xEB, 0xE9, 0x96, 0xCD, 0x96, 0x48, 0xB7,
    0x74, 0xB5, 0xE5, 0x29, 0x7C, 0x02, 0x4B, 0x42, 0x3E, 0x8F, 0x46, 0x91, 0x39, 0x77, 0x31, 0x5A,
    0x9D, 0xBD, 0x0E, 0xA6, 0xB5, 0x53, 0x1E, 0xFE, 0x40, 0x3C, 0x4F, 0x34, 0xA1, 0x68, 0x98, 0xCA,
    0x5D, 0x9D, 0x09, 0x8A, 0xC2, 0x65, 0x17, 0xC1, 0x55, 0x10, 0xBD, 0x19, 0x25, 0x31, 0xE7, 0xEE,
    0x9C, 0x61, 0x90, 0x8C, 0x21, 0x37, 0x33, 0xE4, 0x03, 0x56, 0x6A, 0x0C, 0x91, 0x02, 0x3C, 0x48,
    0xEC, 0x7F, 0x86, 0x8E, 0x06, 0x3F, 0xAD, 0xAE, 0x80, 0x8F, 0xA0, 0x14, 0x41, 0xB0, 0x6F, 0x16,
    0x73, 0x7E, 0x80, 0xF7, 0x14, 0xFC, 0x0C, 0xEF, 0x76, 0x1A, 0x0C, 0xF2, 0x22, 0xF6, 0xEF, 0x2C,
    0xE9, 0x52, 0xA9, 0xC7, 0x2B, 0x20, 0xC0, 0xF4, 0x1A, 0xAA, 0x6B, 0x8C, 0x4E, 0x53, 0xDD, 0xAE,
    0xDB, 0x0D, 0xBA, 0xE1, 0x5C, 0x92, 0x3F, 0x3D, 0xA2, 0x20, 0x2C, 0x3B, 0x97, 0x8C, 0x21, 0xFD,
    0xDC, 0x9A, 0xA5, 0x3A, 0x73, 0xA5, 0x46, 0xB7, 0x3C, 0x1E, 0xF5, 0xD0, 0xCD, 0x8F, 0x47, 0xAB,
    0xE8, 0xE6, 0xA7, 0xA2, 0x2D, 0x74, 0xEB, 0x40, 0xB4, 0x0F, 0x8F, 0x09, 0xB7, 0x65, 0xA8, 0xC7,
    0xFF, 0x3B, 0xDE, 0xA6, 0x6B, 0xFC, 0xE1, 0xDC, 0xAA, 0x00, 0x5A, 0x80, 0xE4, 0xF5, 0x9F, 0xB9,
    0x94, 0x69, 0xFB, 0xE5, 0xEF, 0x34, 0x11, 0x15, 0xC5, 0x7F, 0x3E, 0xDB, 0x52, 0xFD, 0xE4, 0x4C,
    0x32, 0xB8, 0xEC, 0xE7, 0x99, 0x4F, 0x06, 0x5E, 0x10, 0x56, 0x86, 0xAC, 0xAA, 0x2F, 0x37, 0x16,
    0xD7, 0x31, 0x9A, 0x80, 0x66, 0x2F, 0x43, 0x9B, 0xB2, 0x81, 0x53, 0x70, 0xD0, 0xDA, 0xD3, 0xF1,
    0x18, 0xAD, 0x32, 0x0F, 0x66, 0xE9, 0x53, 0x9F, 0xDE, 0xA1, 0x11, 0xBB, 0x8B, 0x97, 0xE9, 0x1B,
    0xF9, 0xD3, 0xC4, 0x19, 0x2D, 0x46, 0x9E, 0xBF, 0x86, 0xD2, 0x7E, 0xCF, 0x8B, 0x1A, 0xDD, 0x89,
    0x9C, 0x44, 0xC1, 0x0E, 0xC3, 0x8F, 0xD2, 0x69, 0xB4, 0x70, 0x72, 0x8A, 0xFC, 0xCE, 0x5F, 0x59,
    0x24, 0x75, 0xFC, 0xED, 0x7C, 0x4D, 0x64, 0x1A, 0xFF, 0x3E, 0xF8, 0xCE, 0x83, 0xEF, 0xB8, 0xA3,
    0xBF, 0x0F, 0xCE, 0x3E, 0x6F, 0x14, 0x8F, 0x31, 0xAD, 0xCD, 0xAD, 0x99, 0xD1, 0x79, 0xAC, 0x78,
    0x07, 0xDB, 0xF9, 0xCE, 0xC2, 0x5C, 0xF8, 0xB7, 0x28, 0x05, 0x67, 0xA3, 0xB4, 0x6A, 0x61, 0x0D,
    0x1A, 0xB8, 0x28, 0x1E, 0x18, 0x62, 0x52, 0xB5, 0xD5, 0x90, 0xAF, 0x74, 0xAF, 0xAF, 0x20, 0xFE,
    0xA4, 0x23, 0x58, 0x32, 0x35, 0xBF, 0xA3, 0xD0, 0xB2, 0x37, 0x43, 0x18, 0xAB, 0xC5, 0xF5, 0xFF,
    0x9A, 0x34, 0x82, 0xB3, 0xA9, 0xEC, 0x2A, 0x2B, 0x93, 0x14, 0xC6, 0x2D, 0x55, 0x98, 0x30, 0x5A,
    0x84, 0xF3, 0x7F, 0xFC, 0xCF, 0xC2, 0x8B, 0x85, 0xEE, 0x86, 0xC7, 0xDC, 0xFA, 0x00, 0xB3, 0xC9,
    0xEE, 0x7B, 0x0D, 0x8E, 0x66, 0x14, 0xE1, 0xE6, 0x7E, 0x8C, 0xA5, 0x91, 0x21, 0xE6, 0x05, 0xE2,
    0x01, 0x6C, 0x6D, 0x80, 0xF6, 0x94, 0xCE, 0xCF, 0x63, 0xD9, 0x88, 0x19, 0x41, 0x2B, 0x58, 0x51,
    0x6A, 0xAA, 0xD9, 0x5A, 0x3D, 0xC1, 0xDA, 0x9D, 0xB9, 0xE6, 0x37, 0xFD, 0xE0, 0xE1, 0xC7, 0xB1,
    0x12, 0x0E, 0xFB, 0x29, 0x38, 0xE3, 0xA7, 0xD5, 0xDA, 0xA2, 0x63, 0x1C, 0x5F, 0x74, 0x9C, 0x36,
    0xDE, 0x4E, 0x2E, 0x6E, 0x1C, 0x48, 0x18, 0x87, 0xAB, 0x0A, 0x56, 0xE7, 0x00, 0xF4, 0x00, 0x57,
    0x97, 0x08, 0x96, 0x4B, 0x3A, 0x75, 0x12, 0x5E, 0x83, 0x4B, 0x06, 0x67, 0x31, 0xDD, 0x63, 0x2D,
    0x9C, 0x28, 0x13, 0x0F, 0x27, 0x11, 0x18, 0x16, 0x65, 0x4B, 0x28, 0x0B, 0x65, 0x0E, 0xB1, 0x75,
    0xB9, 0xE3, 0x7B, 0x7F, 0x6B, 0x28, 0xEC, 0x5B, 0xC0, 0xBA, 0x12, 0xBE, 0x64, 0x28, 0x22, 0x8E,
    0xED, 0x5D, 0xB7, 0xE8, 0xD8, 0x3A, 0x27, 0xCF, 0xD6, 0x0D, 0xF4, 0x46, 0x3C, 0x5A, 0x5D, 0x45,
    0xF1, 0x5D, 0xEB, 0xFD, 0x4C, 0x18, 0x7B, 0x93, 0x09, 0x9D, 0x50, 0x88, 0xB9, 0x70, 0xBF, 0x42,
    0xA7, 0xCE, 0xB6, 0x39, 0x4E, 0x10, 0x31, 0xB1, 0x9A, 0xD8, 0xEF, 0x7D, 0xDB, 0xE6, 0x63, 0xA3,
    0xF4, 0xB6, 0x08, 0xA4, 0x81, 0x13, 0xF8, 0x76, 0x73, 0x7F, 0x2A, 0x43, 0xCD, 0xFB, 0xAD, 0x3E,
    0x62, 0x55, 0x3C, 0x90, 0x96, 0xF4, 0xFF, 0x1D, 0xB1, 0x78, 0xA6, 0x9F, 0x1A, 0x32, 0x20, 0x7B,
    0x08, 0x84, 0x15, 0x89, 0x05, 0xE2, 0xE1, 0x84, 0x69, 0xFD, 0x74, 0x67, 0x15, 0xF5, 0x2F, 0x3C,
    0xBE, 0xB0, 0x75, 0x5C, 0xA9, 0x81, 0xDE, 0xE6, 0x23, 0x9A, 0xCC, 0xC1, 0xD6, 0x95, 0x70, 0xC4,
    0xC9, 0x07, 0xDF, 0x36, 0x94, 0x3D, 0xEB, 0x16, 0x1D, 0x73, 0xE1, 0xE4, 0x23, 0x1E, 0x43, 0x99,
    0xDF, 0x29, 0x57, 0x51, 0xA3, 0xA5, 0xF9, 0x90, 0xA1, 0x00, 0x2D, 0xA5, 0xB9, 0xC2, 0x8E, 0x18,
    0x4A, 0xF0, 0x8D, 0x81, 0xDE, 0x3D, 0xED, 0x98, 0xB7, 0x6B, 0x0A, 0x6B, 0x47, 0x67, 0x77, 0x17,
    0xF0, 0x05, 0x52, 0x22, 0x2D, 0x6C, 0x96, 0x3F, 0x44, 0xF1, 0x5D, 0x26, 0xD6, 0x9E, 0x3B, 0x4B,
    0x7C, 0x05, 0x35, 0x5F, 0xD1, 0x42, 0xD4, 0x3C, 0xF8, 0xB9, 0x19, 0x3E, 0x25, 0x7E, 0x62, 0x88,
    0xD8, 0xE0, 0xE9, 0x5E, 0x0A, 0x5E, 0xB9, 0x57, 0xA1, 0x3D, 0xED, 0x9B, 0x54, 0x1C, 0xDB, 0x90,
    0x04, 0x69, 0xCF, 0x94, 0xC9, 0x9F, 0x3C, 0x42, 0x6D, 0xEC, 0x4C, 0x35, 0x1E, 0xCB, 0xE7, 0x5F,
    0x68, 0x7B, 0x4C, 0x5C, 0xC6, 0xCC, 0xE3, 0x60, 0x85, 0xDE, 0xC6, 0x25, 0x8C, 0xCD, 0x93, 0x6D,
    0x20, 0xC1, 0x2B, 0x7A, 0x2F, 0xED, 0x61, 0x48, 0xFB, 0x8C, 0xDC, 0x38, 0xCF, 0xA4, 0xB9, 0x7D,
    0x62, 0xC4, 0xFC, 0xB0, 0x70, 0x44, 0x46, 0x8E, 0xA9, 0x58, 0x08, 0x37, 0xDE, 0x20, 0x31, 0xFE,
    0x70, 0x87, 0x7E, 0x08, 0x4E, 0x94, 0xC2, 0xE2, 0xE6, 0xFD, 0x06, 0x16, 0x8B, 0x1D, 0x10, 0xBC,
    0xFA, 0xEA, 0x3F, 0x10, 0xEB, 0xC1, 0x0E, 0x05, 0x5F, 0x87, 0x32, 0x7B, 0x58, 0xEE, 0x0C, 0xB7,
    0x72, 0x68, 0x11, 0x11, 0x99, 0x79, 0x06, 0x42, 0x82, 0xCC, 0x0B, 0xC9, 0xD0, 0xD8, 0xE3, 0x9C,
    0xDA, 0x3C, 0x58, 0x44, 0x71, 0xAE, 0xF7, 0xB1, 0x6D, 0x9A, 0x1A, 0xBC, 0xA2, 0xA9, 0x7B, 0x98,
    0x79, 0x8A, 0xB1, 0x81, 0x3E, 0xBE, 0xC6, 0xC5, 0xF5, 0x03, 0xDF, 0x88, 0x20, 0x85, 0x56, 0x94,
    0x5E, 0x63, 0xBA, 0x10, 0xEE, 0x49, 0x34, 0x1F, 0x45, 0x88, 0x1C, 0x95, 0x02, 0x8C, 0x71, 0x38,
    0x73, 0x6C, 0x9B, 0x14, 0x08, 0xFE, 0x4A, 0x0A, 0xAC, 0x66, 0x9B, 0xBB, 0x18, 0x1B, 0x3D, 0xC1,
    0x04, 0xA9, 0xA2, 0xBC, 0xBE, 0x0D, 0xA8, 0x28, 0xDF, 0x5F, 0xC4, 0x5A, 0x51, 0x0A, 0xE0, 0x5A,
    0x5F, 0xF3, 0xD1, 0x8D, 0x5D, 0xA5, 0xB9, 0x8F, 0x75, 0x4A, 0xBE, 0xE0, 0xAF, 0x46, 0x4F, 0xAC,
    0x16, 0xAF, 0xBD, 0x96, 0x23, 0x52, 0x7A, 0x55, 0xC4, 0xF0, 0x48, 0x51, 0x46, 0x73, 0x4A, 0x22,
    0xC8, 0x50, 0xC0, 0xB5, 0x12, 0x13, 0xBD, 0x12, 0xDB, 0xE1, 0x95, 0x70, 0xFD, 0xC8, 0x1E, 0x71,
    0x63, 0xB7, 0x3B, 0x77, 0xC1, 0xCF, 0x39, 0x85, 0x88, 0x48, 0x52, 0x45, 0x39, 0x92, 0xDA, 0x9D,
    0x59, 0xD6, 0x3E, 0x70, 0x7F, 0xF3, 0x15, 0x0A, 0x61, 0x83, 0x42, 0x7C, 0xEC, 0x1E, 0xC3, 0x38,
    0x88, 0x63, 0xAB, 0xDB, 0xF9, 0x31, 0xCC, 0xD7, 0xEA, 0x71, 0x77, 0xFD, 0x06, 0xF3, 0x58, 0x44,
    0x2A, 0xFF, 0x4B, 0x50, 0x54, 0x80, 0x6F, 0x5E, 0x46, 0x85, 0x08, 0x7D, 0x59, 0x10, 0x94, 0x02,
    0x46, 0x7B, 0xE1, 0x11, 0xFE, 0xCC, 0x39, 0x62, 0x3F, 0xF2, 0x55, 0x52, 0xE4, 0x52, 0x77, 0x82,
    0x56, 0x7B, 0xF8, 0x3B, 0x2F, 0x2E, 0x39, 0xE3, 0xEF, 0xA2, 0x99, 0xC4, 0x09, 0x9F, 0x96, 0xB4,
    0xA9, 0x58, 0x64, 0x4F, 0xEF, 0xE8, 0xB1, 0xE6, 0x03, 0x40, 0x7F, 0x69, 0x0E, 0xFF, 0x60, 0x77,
    0xEB, 0x09, 0x5E, 0x89, 0x56, 0x7B, 0x30, 0x46, 0x46, 0x06, 0x94, 0x22, 0x72, 0xC7, 0x23, 0x00,
    0xE7, 0xC0, 0xD0, 0xC0, 0x40, 0xA9, 0x6A, 0x4E, 0x56, 0x21, 0x28, 0x53, 0x49, 0x04, 0xE5, 0x41,
    0x48, 0xC6, 0xEE, 0xCA, 0x41, 0x94, 0x2F, 0x98, 0x03, 0x08, 0x4A, 0xFE, 0xF2, 0xF7, 0x75, 0x3D,
    0x4E, 0xAB, 0xD7, 0xE5, 0xD0, 0xD0, 0xAF, 0x33, 0xD4, 0x6B, 0x08, 0x8E, 0x45, 0x3C, 0x53, 0x7D,
    0xE4, 0xB6, 0xB8, 0xF3, 0xF2, 0x40, 0xF4, 0xE6, 0x83, 0x9B, 0x13, 0xDC, 0xC6, 0xEE, 0xDC, 0xEF,
    0x38, 0x0C, 0x05, 0x2E, 0x98, 0x95, 0x68, 0xB5, 0xB0, 0x39, 0xC1, 0x4D, 0x30, 0xBF, 0xB6, 0x72,
    0xB3, 0xDE, 0xD6, 0x50, 0x6C, 0x4D, 0xFE, 0x0F, 0x7D, 0x58, 0x0D, 0x70, 0x13, 0x57, 0x7E, 0xFF,
    0xAF, 0x9E, 0xAD, 0x45, 0x1F, 0x2B, 0xF9, 0x2E, 0x71, 0xE0, 0x40, 0x60, 0xEE, 0xC6, 0x9D, 0x13,
    0x16, 0x20, 0xE5, 0x10, 0x89, 0x81, 0x60, 0x2D, 0xD0, 0x36, 0x93, 0x99, 0xA6, 0x55, 0x7B, 0xDE,
    0xB8, 0x73, 0xD8, 0xC4, 0x99, 0x5E, 0x8B, 0xB9, 0x40, 0xA3, 0x24, 0xD0, 0x9A, 0x73, 0x83, 0x17,
    0x68, 0x2E, 0xBD, 0x7C, 0x34, 0x92, 0x1D, 0x27, 0x4D, 0x9A, 0x0F, 0x41, 0x8C, 0x31, 0x6B, 0xC0,
    0x4A, 0x43, 0x1A, 0xCA, 0xE5, 0xD8, 0x35, 0x5C, 0x42, 0xF9, 0x48, 0x6E, 0x89, 0xF1, 0xD0, 0xA6,
    0xC9, 0x44, 0xCC, 0xC5, 0x77, 0xA9, 0x42, 0xE6, 0x74, 0x17, 0xA7, 0x71, 0x3C, 0x92, 0xB7, 0xBF,
    0xB7, 0x92, 0x0C, 0xCE, 0x75, 0xEA, 0xE1, 0xF7, 0xDF, 0xF7, 0x9E, 0xDE, 0xC7, 0xFF, 0xFB, 0xFD,
    0x1F, 0x8C, 0x88, 0x98, 0xDF, 0x9A, 0x66, 0xB4, 0x9D, 0x42, 0x49, 0xD3, 0x0C, 0xF5, 0x18, 0x11,
    0xE6, 0xD1, 0x0A, 0xCC, 0x77, 0xA0, 0x8D, 0xC5, 0xBD, 0x54, 0x67, 0x7A, 0xA9, 0xCB, 0x79, 0x74,
    0x90, 0x71, 0x90, 0x97, 0x38, 0xC4, 0xDA, 0x4D, 0x4A, 0x53, 0x83, 0xA6, 0x51, 0xF9, 0x8F, 0x91,
    0x04, 0xB8, 0x89, 0x79, 0xAC, 0xE9, 0x90, 0x76, 0xA3, 0x3B, 0xA4, 0x05, 0x9C, 0x8C, 0x1A, 0x05,
    0x56, 0xBD, 0x53, 0x61, 0xEE, 0xA9, 0x13, 0x2C, 0x6F, 0x26, 0xBA, 0xF7, 0x18, 0xE9, 0x1B, 0x1C,
    0xA6, 0xC9, 0xA8, 0x5B, 0x65, 0xE4, 0x37, 0x18, 0x1D, 0x3F, 0x1E, 0xF6, 0x27, 0x17, 0x55, 0xD9,
    0xEB, 0x01, 0x66, 0x15, 0x19, 0x23, 0x57, 0xE8, 0xE5, 0xDA, 0x3B, 0x42, 0x2F, 0x37, 0x3C, 0xCB,
    0xDB, 0x8C, 0x85, 0xCF, 0xB2, 0xCD, 0x2B, 0xCF, 0x2E, 0xF8, 0x55, 0xE4, 0x6C, 0x17, 0x8B, 0x9C,
    0x65, 0x6C, 0x35, 0xC7, 0x8F, 0x19, 0xAB, 0x71, 0xF1, 0xDF, 0xC3, 0x8C, 0x7E, 0x5A, 0x25, 0x50,
    0x0D, 0x23, 0xA1, 0x03, 0x67, 0xF7, 0x63, 0x88, 0x42, 0xDA, 0xB0, 0x16, 0xEA, 0xDB, 0xA4, 0x30,
    0x61, 0x53, 0x33, 0x13, 0x87, 0x8F, 0xB0, 0xBB, 0x5C, 0xD2, 0x82, 0x5F, 0x0D, 0x1F, 0xE9, 0x12,
    0x37, 0xB5, 0x31, 0xA7, 0x4B, 0x62, 0x22, 0xCE, 0x71, 0xBA, 0xE7, 0xF0, 0xB9, 0x61, 0xA0, 0x6A,
    0x46, 0x06, 0x5B, 0x0F, 0x45, 0xE6, 0xAD, 0x72, 0xC5, 0xAE, 0xBA, 0x5C, 0x0B, 0xDA, 0x5C, 0x2E,
    0x26, 0x59, 0xFF, 0xCD, 0xBC, 0x3E, 0x17, 0x6B, 0x8D, 0xDD, 0xB1, 0xE0, 0xFD, 0x9D, 0xFF, 0xD9,
    0x2D, 0x9D, 0x5D, 0xCB, 0x7C, 0x77, 0xB8, 0x98, 0xD7, 0x55, 0x82, 0x4F, 0x3B, 0x12, 0x03, 0x6E,
    0xAC, 0xA2, 0x2A, 0x26, 0x63, 0xFD, 0xFA, 0xDC, 0x1B, 0x6C, 0xBD, 0xEA, 0x0D, 0xED, 0xB7, 0x0A,
    0xA1, 0xFD, 0xAA, 0x97, 0xAD, 0x1F, 0x6B, 0x65, 0xEB, 0xB4, 0x41, 0x16, 0x27, 0x5A, 0xF0, 0x0B,
    0xAB, 0xB8, 0x46, 0x16, 0x89, 0xAD, 0xDB, 0xD8, 0xCC, 0xFE, 0xC4, 0xB2, 0x18, 0x6F, 0x03, 0x61,
    0x12, 0x71, 0xB2, 0x80, 0xF3, 0x95, 0x66, 0x28, 0x21, 0x77, 0x18, 0x44, 0xF6, 0x52, 0xE8, 0x65,
    0xED, 0x30, 0x48, 0x5F, 0x6B, 0xA9, 0x0B, 0xED, 0x14, 0x88, 0xB5, 0x57, 0x63, 0x9F, 0xAC, 0x9B,
    0xA8, 0x4B, 0xB8, 0x1B, 0x93, 0x1D, 0xC3, 0x87, 0x6C, 0xB5, 0x97, 0x49, 0xF5, 0xDD, 0x0A, 0x85,
    0xE7, 0xC3, 0x2A, 0xB6, 0x48, 0x4C, 0x56, 0x9A, 0xD9, 0xBA, 0xDC, 0x61, 0xB6, 0x4E, 0x0D, 0x84,
    0xC6, 0x8D, 0x40, 0xE8, 0x80, 0x55, 0xB0, 0x79, 0xDC, 0x00, 0x19, 0x0F, 0xCA, 0xD0, 0x49, 0x5F,
    0xDB, 0x9A, 0x0D, 0xDA, 0x11, 0xB6, 0x41, 0x96, 0xEC, 0x31, 0xFB, 0x2B, 0x4B, 0x61, 0x26, 0x17,
    0x6D, 0x9D, 0xF2, 0xF5, 0xEB, 0xB1, 0x66, 0x3D, 0xD6, 0xFF, 0x12, 0xD8, 0xAF, 0x06, 0xEC, 0x3E,
    0x1F, 0xEF, 0x07, 0x1F, 0xBF, 0xD4, 0x0E, 0xAD, 0xD9, 0xD0, 0xD7, 0xC6, 0x36, 0x90, 0x74, 0x0D,
    0x56, 0x31, 0xCC, 0x94, 0x36, 0x88, 0x43, 0x5C, 0xBF, 0x9C, 0xC5, 0x41, 0x62, 0xD0, 0x3C, 0x85,
    0x0E, 0xBA, 0x25, 0x10, 0xAB, 0x88, 0xAE, 0x4B, 0x2A, 0x8D, 0xB1, 0x7F, 0xC5, 0xAF, 0xE1, 0x24,
    0x78, 0xDF, 0xEC, 0xE1, 0xE2, 0x09, 0x46, 0x10, 0xCB, 0xB2, 0x19, 0x90, 0xB0, 0x01, 0xD2, 0x6D,
    0x52, 0xB8, 0x2E, 0xD9, 0x5D, 0x96, 0x47, 0xE0, 0xFA, 0xB1, 0xE7, 0xB9, 0x24, 0xE8, 0xE7, 0xB9,
    0x4D, 0xAD, 0x25, 0x62, 0x77, 0x4B, 0x3F, 0xEC, 0xDB, 0xD4, 0x4C, 0x61, 0xD8, 0x9E, 0x36, 0xCF,
    0xD7, 0x73, 0x7C, 0x03, 0x15, 0xCB, 0xDE, 0xCE, 0xE2, 0xB4, 0x3B, 0x1B, 0x89, 0xDD, 0x26, 0x79,
    0x28, 0x56, 0x23, 0x11, 0xDD, 0x58, 0x31, 0x7A, 0xC9, 0x9F, 0xCB, 0x7E, 0x9B, 0x8C, 0xD7, 0xC0,
    0xFF, 0x13, 0xE0, 0x22, 0xCB, 0xD8, 0x95, 0x09, 0xB6, 0xF1, 0xDB, 0x6D, 0x75, 0xFF, 0xE1, 0xAC,
    0xEA, 0x82, 0x1C, 0xF0, 0x0B, 0x8B, 0x55, 0xC3, 0xA7, 0x78, 0x1B, 0x68, 0xE2, 0xB2, 0x61, 0x13,
    0x27, 0xDF, 0xC4, 0x59, 0xF7, 0x45, 0x11, 0xAD, 0x84, 0x97, 0xC2, 0x4F, 0xF4, 0x76, 0x50, 0x68,
    0xAF, 0x91, 0x27, 0x27, 0xCB, 0x14, 0xC8, 0xB9, 0x50, 0xBC, 0x83, 0xC4, 0x24, 0xA6, 0xD4, 0xBD,
    0x84, 0x29, 0xAB, 0xE9, 0x41, 0x89, 0x9C, 0x73, 0xF6, 0xB7, 0x92, 0xD3, 0x33, 0x32, 0x81, 0x29,
    0x26, 0xE6, 0xF9, 0x56, 0x4C, 0x52, 0xD3, 0xF6, 0x45, 0xFE, 0xEB, 0xF9, 0xF1, 0x1D, 0x02, 0x94,
    0x50, 0x1A, 0x42, 0xFE, 0x33, 0xF4, 0xED, 0xA6, 0x00, 0xF3, 0x28, 0x5B, 0xD9, 0xBD, 0xCA, 0xD6,
    0xBA, 0xF7, 0x28, 0xB0, 0x06, 0x92, 0xDA, 0xF1, 0x36, 0xFF, 0xA8, 0xC6, 0x21, 0xA2, 0x1D, 0x03,
    0x2A, 0xFC, 0x38, 0xFD, 0x9F, 0x15, 0x9D, 0xDE, 0x15, 0xAE, 0xF0, 0xF3, 0xC0, 0x13, 0xAF, 0xBE,
    0xE0, 0xF4, 0xBD, 0x7A, 0x84, 0xF7, 0x9D, 0xE8, 0xD7, 0xBD, 0xF8, 0xEA, 0x91, 0x5D, 0x8B, 0xD0,
    0x9F, 0x87, 0x7E, 0x3D, 0x10, 0xB9, 0xD5, 0xE5, 0x4E, 0xAC, 0x72, 0xAD, 0xED, 0x29, 0x2C, 0x23,
    0x92, 0x6B, 0x6C, 0x26, 0x44, 0x30, 0x01, 0x02, 0xAB, 0x88, 0x10, 0x9B, 0x62, 0x1F, 0xA0, 0xB3,
    0xA0, 0x75, 0xF1, 0x1E, 0x7C, 0x60, 0x1A, 0x91, 0xA9, 0x4B, 0x49, 0xBC, 0x89, 0xE6, 0x90, 0xE7,
    0x5D, 0x6D, 0x90, 0xBA, 0x11, 0x65, 0xC4, 0x59, 0xB8, 0x9E, 0x40, 0x53, 0xD4, 0x54, 0x87, 0xB5,
    0x65, 0xA1, 0x12, 0x69, 0x1B, 0x22, 0x94, 0x9C, 0x7A, 0xAD, 0x3F, 0x94, 0x44, 0xBB, 0xFA, 0xB5,
    0xCF, 0x99, 0x5B, 0xD3, 0xEC, 0xC0, 0xB8, 0x62, 0x15, 0xD6, 0x08, 0x70, 0x2E, 0xC1, 0x00, 0x20,
    0x9C, 0xDD, 0x1E, 0xDB, 0x1A, 0x13, 0x10, 0x0B, 0x90, 0x4A, 0xA4, 0x85, 0x7C, 0xE3, 0x5B, 0x65,
    0x90, 0x8B, 0x26, 0x85, 0x9E, 0x51, 0x3B, 0x29, 0x74, 0x52, 0x1B, 0x26, 0xB1, 0x46, 0x59, 0x67,
    0x07, 0x0F, 0x89, 0xC3, 0x9F, 0x15, 0x29, 0xFC, 0xF8, 0x0A, 0x17, 0x6D, 0x86, 0xA4, 0x24, 0xDA,
    0xC4, 0xF7, 0x2A, 0x88, 0xF4, 0xDD, 0xBF, 0x23, 0x11, 0xB1, 0x0E, 0x93, 0x31, 0x6E, 0x78, 0x61,
    0x26, 0xD0, 0xA7, 0xF9, 0x37, 0xF4, 0xB2, 0x35, 0x19, 0x7A, 0x59, 0x0E, 0x20, 0xC6, 0x02, 0x3C,
    0xC4, 0x58, 0x1A, 0xFC, 0x7C, 0x62, 0x4D, 0x77, 0xB9, 0xDD, 0x6E, 0xE6, 0xF6, 0xB9, 0xB9, 0x63,
    0x30, 0x97, 0x0B, 0xED, 0x4D, 0x9B, 0xC2, 0x6E, 0xED, 0x68, 0xD5, 0x2C, 0xC7, 0xF1, 0xD9, 0xFB,
    0x84, 0x9E, 0x27, 0x77, 0xE8, 0x39, 0x0D, 0x46, 0x53, 0xE2, 0xDC, 0x49, 0xD9, 0x77, 0xFB, 0x3A,
    0x17, 0x8C, 0x52, 0xB0, 0x8B, 0x59, 0x93, 0x48, 0x52, 0x41, 0xC6, 0x94, 0x4E, 0xE6, 0xD0, 0xFA,
    0xF9, 0x79, 0xB1, 0xB2, 0x56, 0x44, 0x4A, 0xA6, 0x6D, 0xB8, 0xA7, 0xA6, 0x42, 0xCF, 0x4D, 0x7D,
    0x19, 0x4A, 0xDA, 0xFD, 0xB8, 0xE8, 0xD0, 0x06, 0xC5, 0x96, 0xE1, 0x23, 0x75, 0x97, 0x5D, 0x52,
    0x97, 0xE8, 0x96, 0x44, 0x24, 0x2B, 0x11, 0xF1, 0x52, 0xC2, 0xF0, 0x91, 0x26, 0xB1, 0x14, 0x5C,
    0x33, 0x59, 0xB7, 0x4C, 0xC0, 0x06, 0x92, 0x77, 0xB7, 0x01, 0xF2, 0x41, 0x1A, 0xEE, 0xFE, 0xC4,
    0x32, 0x62, 0x0B, 0xE7, 0x20, 0xC1, 0xDC, 0x60, 0x4D, 0x20, 0xF3, 0xC8, 0x51, 0x5A, 0xC3, 0xB4,
    0x63, 0xC8, 0x22, 0xCA, 0xF6, 0x32, 0x71, 0x68, 0x98, 0x57, 0x8D, 0x90, 0x0A, 0xD7, 0x61, 0xED,
    0xB5, 0xBF, 0xF2, 0xA6, 0x1E, 0xB2, 0x83, 0x82, 0x42, 0xCF, 0xC2, 0x11, 0x42, 0x7D, 0xE9, 0x31,
    0x04, 0xD2, 0xCF, 0xA2, 0xD8, 0xD9, 0x07, 0xC1, 0xE3, 0x6B, 0x54, 0x5C, 0x0B, 0x70, 0x86, 0x2E,
    0xD1, 0x80, 0x5E, 0x7D, 0xD6, 0x14, 0x8F, 0xDD, 0x68, 0x85, 0x8C, 0x6D, 0xA7, 0x26, 0x21, 0x77,
    0x0C, 0x9B, 0xC9, 0x95, 0x3D, 0x03, 0x38, 0xAB, 0xAD, 0xD9, 0xD6, 0x56, 0x52, 0x89, 0x87, 0x7A,
    0xB5, 0x63, 0xD0, 0x4C, 0x14, 0x1A, 0x9F, 0xE0, 0x1E, 0x50, 0xF7, 0xA1, 0x55, 0xEC, 0x92, 0x90,
    0x3E, 0x24, 0xFD, 0x6D, 0x26, 0x25, 0x81, 0x03, 0x80, 0x72, 0x67, 0x4C, 0xA2, 0xA5, 0xF0, 0xEA,
    0x1A, 0x68, 0x35, 0x0E, 0x8E, 0x9F, 0x46, 0x20, 0x0B, 0x9F, 0xA8, 0x14, 0xDA, 0xF7, 0x93, 0x24,
    0x85, 0x9E, 0x96, 0xDB, 0x89, 0xF1, 0xD0, 0x63, 0x55, 0xF7, 0x60, 0xFB, 0xD7, 0x11, 0x52, 0xDD,
    0x2F, 0xFE, 0xC5, 0xA7, 0x74, 0x43, 0x15, 0x17, 0x80, 0x0B, 0x85, 0xF8, 0x97, 0x79, 0xFC, 0x9B,
    0xE8, 0x7A, 0xD7, 0x52, 0x2C, 0xEA, 0x75, 0x96, 0x42, 0x9F, 0x91, 0x91, 0x04, 0x43, 0x63, 0xE3,
    0xA5, 0x79, 0xA1, 0x24, 0xBA, 0xA1, 0x64, 0x1B, 0x26, 0x53, 0x17, 0x88, 0xE3, 0x22, 0x0E, 0xFA,
    0x75, 0xDF, 0x4F, 0x29, 0xFC, 0x4F, 0xDA, 0x8F, 0x68, 0x0D, 0x95, 0x2E, 0xA7, 0x09, 0x10, 0xAA,
    0xAF, 0x10, 0xA8, 0x30, 0xC6, 0xB8, 0x8C, 0xC8, 0x94, 0x33, 0x6E, 0xCE, 0x4F, 0x33, 0x70, 0x9A,
    0x88, 0xC9, 0x73, 0x9F, 0x26, 0x70, 0x7A, 0xB8, 0xE7, 0x8F, 0x88, 0x85, 0x39, 0x93, 0x35, 0xBB,
    0x30, 0xE5, 0xF2, 0xC8, 0x47, 0x54, 0xF7, 0x6F, 0x81, 0x3A, 0xFA, 0x5B, 0x21, 0x8B, 0xD4, 0xE4,
    0xE6, 0x5A, 0x16, 0x8E, 0x21, 0x35, 0xB9, 0xD7, 0x63, 0x19, 0xFD, 0x35, 0x1C, 0xC4, 0x63, 0x72,
    0x37, 0xE5, 0xFB, 0x39, 0xF7, 0x21, 0x75, 0x22, 0x78, 0x89, 0x79, 0x57, 0xDC, 0x41, 0xA1, 0x17,
    0x5F, 0xFD, 0x14, 0x86, 0xF8, 0xD3, 0x4A, 0x0E, 0x74, 0xF3, 0xA4, 0x37, 0x74, 0xF4, 0x30, 0x85,
    0x79, 0x0E, 0xDC, 0xEC, 0xE6, 0x89, 0x10, 0x37, 0x34, 0xF1, 0x34, 0x85, 0x23, 0xE1, 0x66, 0xB6,
    0x25, 0xED, 0xCC, 0x30, 0x93, 0xEF, 0xE0, 0x77, 0x01, 0x4E, 0x62, 0x20, 0x02, 0xA4, 0x0C, 0xBD,
    0xA4, 0xEE, 0xA2, 0xD0, 0xA0, 0xFE, 0x56, 0x39, 0x8C, 0x3C, 0x9F, 0x15, 0x48, 0xFC, 0xF1, 0x0A,
    0x5C, 0xFA, 0x9C, 0xAC, 0xB1, 0xBB, 0x24, 0xC7, 0x79, 0xD0, 0x9B, 0x24, 0x8A, 0x17, 0xF3, 0x24,
    0x2E, 0xBC, 0x75, 0x1B, 0x35, 0x45, 0x7D, 0xE2, 0x75, 0x2E, 0xE3, 0x82, 0xE8, 0x20, 0x72, 0x86,
    0x5C, 0xB1, 0x89, 0x8F, 0x28, 0xBC, 0xD7, 0xF1, 0x38, 0x85, 0x37, 0x1E, 0x74, 0x93, 0xEB, 0xF7,
    0x76, 0xB5, 0x90, 0x6B, 0xC9, 0x83, 0x05, 0x72, 0x6F, 0xC9, 0xB4, 0x53, 0xDD, 0x47, 0x91, 0x76,
    0xDA, 0x15, 0xFE, 0x64, 0x9A, 0xAF, 0x48, 0x93, 0xEB, 0xDE, 0x8F, 0xDA, 0xC9, 0x35, 0x37, 0xDE,
    0xCE, 0xBB, 0xED, 0xB4, 0x96, 0x13, 0xDB, 0xB7, 0x45, 0x32, 0x4D, 0xD1, 0x9D, 0x9B, 0x12, 0xAB,
    0xC7, 0xC7, 0x43, 0xEA, 0xB1, 0xA7, 0x42, 0xBB, 0x77, 0xB6, 0x8A, 0x8E, 0x13, 0x19, 0x91, 0xEA,
    0x4D, 0xF1, 0x3E, 0xCB, 0xAA, 0x33, 0x96, 0x51, 0x97, 0x63, 0xAA, 0x5F, 0x0C, 0x8F, 0x6D, 0x15,
    0x6B, 0xC6, 0x5A, 0x45, 0xCA, 0x1D, 0x16, 0xC9, 0x08, 0x34, 0x11, 0x14, 0x43, 0x32, 0x12, 0x86,
    0x82, 0x5C, 0x21, 0xE4, 0xC0, 0xAD, 0x60, 0x24, 0x28, 0xBC, 0x3B, 0x97, 0xA1, 0x90, 0x0A, 0x17,
    0x12, 0x91, 0x1A, 0xCB, 0xC9, 0xA1, 0x15, 0xA4, 0xEE, 0xC9, 0xFF, 0x29, 0xC2, 0xBC, 0x3C, 0x63,
    0xF1, 0xB0, 0x14, 0xF9, 0x75, 0x21, 0x0A, 0x1F, 0x64, 0xD1, 0x95, 0x96, 0xD1, 0xF2, 0xA8, 0xE4,
    0xB4, 0x93, 0xAA, 0x7D, 0xF3, 0x30, 0x76, 0xF4, 0x38, 0x63, 0xD2, 0xBC, 0x50, 0x2F, 0x12, 0x46,
    0xAF, 0x84, 0xA0, 0xE6, 0x40, 0x80, 0x23, 0xBD, 0x87, 0x5F, 0xFA, 0x62, 0xFA, 0xDB, 0xAE, 0xCD,
    0xDF, 0x62, 0xAE, 0x83, 0xB7, 0x30, 0xFF, 0x17, 0x27, 0x59, 0xB9, 0x1D, 0xF6, 0xBD, 0x7E, 0xF4,
    0xC6, 0x4A, 0xB4, 0x0A, 0x2A, 0x4F, 0xD1, 0x06, 0x52, 0x6B, 0x6D, 0x1F, 0x6C, 0x10, 0xB3, 0xC2,
    0xFC, 0xC4, 0x55, 0xDB, 0x40, 0x3A, 0x83, 0x24, 0x16, 0x0B, 0x51, 0x64, 0xAC, 0x0B, 0x11, 0x64,
    0x2C, 0x29, 0x0D, 0x22, 0x9A, 0xE4, 0x96, 0x98, 0x41, 0x92, 0x57, 0x34, 0x28, 0xE0, 0xF5, 0xE5,
    0xA9, 0x31, 0x70, 0xFC, 0x36, 0xBA, 0x7F, 0xCA, 0xF4, 0x94, 0xF6, 0x8B, 0x59, 0xD6, 0x2A, 0x65,
    0x23, 0xE6, 0x97, 0xFE, 0x45, 0xC9, 0x83, 0x11, 0xD0, 0xDF, 0x1D, 0x29, 0x5B, 0xC9, 0x63, 0x59,
    0x32, 0x6E, 0xBA, 0x19, 0x78, 0xB4, 0x21, 0x1B, 0xB3, 0xC6, 0x30, 0xA7, 0x62, 0x55, 0x4D, 0xD3,
    0xFA, 0x39, 0xB8, 0x7B, 0x47, 0x62, 0x56, 0x36, 0xB2, 0x52, 0xC9, 0x44, 0x22, 0x34, 0x1B, 0x31,
    0x2B, 0xFF, 0x3B, 0x63, 0xD7, 0x8D, 0xD7, 0x94, 0x63, 0x43, 0xB4, 0xAC, 0x3C, 0x3C, 0x26, 0x22,
    0x2A, 0x4A, 0x42, 0xD4, 0xB4, 0x4A, 0x3B, 0xE3, 0x1C, 0xCA, 0xA5, 0x49, 0x30, 0x88, 0x03, 0xCC,
    0x5A, 0xB5, 0x77, 0x8D, 0x29, 0x95, 0xBE, 0x0D, 0x3B, 0x83, 0x04, 0x49, 0x47, 0x61, 0x70, 0x00,
    0x48, 0x56, 0xF0, 0xDE, 0xC9, 0x7E, 0xFD, 0xBD, 0x93, 0x83, 0xFB, 0xAE, 0x1F, 0x33, 0x4A, 0xF3,
    0xD2, 0x98, 0x2F, 0x03, 0x64, 0xA3, 0xF4, 0xA7, 0x9F, 0xB7, 0x26, 0x0E, 0x18, 0x01, 0xCC, 0xB9,
    0x06, 0xFD, 0xCD, 0x6D, 0xCD, 0xE9, 0x0F, 0xAD, 0xC2, 0xAC, 0x31, 0x20, 0x8D, 0x10, 0x91, 0x79,
    0x98, 0xD8, 0xA8, 0x22, 0x41, 0x41, 0x5A, 0x07, 0xCF, 0x48, 0xDF, 0x09, 0x06, 0x39, 0xEC, 0x2F,
    0x78, 0x77, 0x68, 0x1A, 0xBF, 0xDA, 0x09, 0x77, 0x64, 0xE1, 0x7A, 0x19, 0xBE, 0xCA, 0x7F, 0xB5,
    0xA2, 0x50, 0x45, 0xCF, 0x33, 0x36, 0x50, 0x5A, 0x64, 0xA7, 0xA6, 0xC9, 0x65, 0x43, 0x66, 0xA3,
    0x44, 0xE9, 0x95, 0x8A, 0x92, 0xAE, 0xB4, 0x57, 0x6B, 0x5A, 0x96, 0x03, 0xEA, 0xAB, 0xE9, 0x9E,
    0xB0, 0xF2, 0x3B, 0x76, 0x8C, 0x25, 0xDA, 0x57, 0x1A, 0x91, 0xEB, 0xD1, 0xFD, 0xF9, 0xFF, 0x3F,
    0x5E, 0xD2, 0x9D, 0x12, 0xD7, 0x7F, 0x6B, 0x4D, 0xA4, 0x1F, 0x50, 0xA3, 0x15, 0x9C, 0x40, 0xFF,
    0xB5, 0x7F, 0xB9, 0xD6, 0x4F, 0x3F, 0x68, 0x4D, 0xE8, 0x9F, 0x51, 0x14, 0xF7, 0x4F, 0x34, 0x2E,
    0x51, 0x14, 0x29, 0x37, 0x4A, 0x19, 0x71, 0x02, 0x02, 0x60, 0x83, 0x3D, 0xA4, 0xAB, 0xA7, 0xD4,
    0x81, 0x53, 0x23, 0x46, 0xEA, 0xB4, 0x6C, 0xA6, 0xCE, 0x50, 0x26, 0xF5, 0x0E, 0x45, 0xF5, 0xAB,
    0x8B, 0x03, 0xFB, 0x10, 0x5A, 0x29, 0x23, 0x03, 0xBC, 0x4B, 0xA9, 0x91, 0x53, 0xAA, 0x7E, 0x5A,
    0x35, 0xB0, 0x47, 0x5A, 0xF6, 0xEB, 0x79, 0x72, 0xE3, 0xC6, 0xE1, 0x4E, 0x0F, 0xDD, 0xC1, 0xDE,
    0x88, 0x5C, 0xAA, 0xD8, 0x3D, 0x61, 0x03, 0x7A, 0x44, 0x44, 0x60, 0x86, 0x59, 0xD2, 0x19, 0xF7,
    0x93, 0x8C, 0x87, 0x04, 0xD3, 0x61, 0x7A, 0x64, 0xEA, 0x5C, 0x58, 0x52, 0x7E, 0x45, 0xF7, 0x99,
    0x59, 0xBA, 0xE7, 0x6B, 0xB9, 0xDE, 0x8A, 0xB1, 0xC2, 0x4D, 0x97, 0x76, 0xB4, 0x0A, 0x6A, 0xC2,
    0x5B, 0x81, 0x38, 0x9D, 0xD8, 0xDA, 0x24, 0x27, 0x50, 0x9D, 0x42, 0xFC, 0x72, 0x62, 0xD6, 0x87,
    0xAD, 0xC9, 0x1E, 0x1C, 0x95, 0xE2, 0x78, 0xCC, 0x32, 0x07, 0x1E, 0x25, 0x53, 0x07, 0x52, 0x8F,
    0x69, 0x66, 0xEA, 0x51, 0x05, 0x20, 0x8C, 0x29, 0xE6, 0x89, 0x47, 0x2C, 0xD3, 0x36, 0xA8, 0x82,
    0x4B, 0xF1, 0x07, 0x28, 0x6D, 0xB8, 0xDF, 0xA9, 0x41, 0x1A, 0x38, 0x77, 0x32, 0x9D, 0x7A, 0xF3,
    0xA1, 0x78, 0x0A, 0xBE, 0xC5, 0xA1, 0xFF, 0xDA, 0x2A, 0xEC, 0x37, 0x6E, 0xB4, 0xDB, 0xF6, 0xF8,
    0x39, 0xF8, 0x62, 0xC5, 0xEF, 0x6A, 0x1F, 0x6A, 0xA6, 0x6E, 0x9E, 0x85, 0x70, 0xA9, 0x71, 0xBF,
    0x50, 0x1D, 0xE4, 0xF8, 0x07, 0x29, 0xEE, 0x69, 0x5B, 0x95, 0xF1, 0x0D, 0xFD, 0xF0, 0x70, 0xAD,
    0xA2, 0xFC, 0x39, 0xE4, 0xB5, 0xEF, 0x5B, 0xC8, 0x91, 0x45, 0x3D, 0x9E, 0x66, 0x39, 0x2D, 0xCB,
    0x54, 0x7C, 0xFB, 0x14, 0xBB, 0x5D, 0xB9, 0xDD, 0xF5, 0x97, 0xAC, 0xC9, 0x81, 0x92, 0x7E, 0xD5,
    0xD4, 0x69, 0xD5, 0x4C, 0xFD, 0x5C, 0xCB, 0xEB, 0xEF, 0x1C, 0xE8, 0xDC, 0x57, 0xE6, 0x23, 0xC5,
    0xF9, 0x02, 0xAE, 0x9D, 0xBD, 0xA5, 0x19, 0xCA, 0xB4, 0xCF, 0xD6, 0x9F, 0xC4, 0xDA, 0x0B, 0x14,
    0x4C, 0x5E, 0x50, 0x00, 0xAD, 0x23, 0x89, 0xB6, 0x7E, 0x41, 0x0B, 0xEE, 0xBB, 0xD0, 0x83, 0xFE,
    0x9E, 0x32, 0x9E, 0xB1, 0xC7, 0xD2, 0x5E, 0x39, 0x88, 0x07, 0x46, 0x90, 0xBC, 0x8E, 0x09, 0xB8,
    0xBB, 0x3C, 0x63, 0xB3, 0x52, 0xAC, 0xDA, 0xB6, 0xAB, 0xC4, 0x29, 0xAE, 0x95, 0x62, 0xD0, 0x49,
    0x12, 0x9E, 0x7F, 0x4A, 0xC3, 0xF4, 0x50, 0x8E, 0x60, 0x70, 0x61, 0x6A, 0x1B, 0x92, 0xCB, 0xB4,
    0x1C, 0xFA, 0x52, 0x38, 0x5E, 0x55, 0x32, 0x5A, 0x5C, 0x7F, 0x4C, 0xCB, 0xEC, 0x3B, 0x4B, 0x91,
    0xD4, 0x79, 0x2B, 0x9F, 0xC2, 0x77, 0xE0, 0xBC, 0x96, 0xD1, 0xDF, 0x54, 0xE2, 0x29, 0x0E, 0xE8,
    0x8B, 0xF3, 0x3F, 0x30, 0xB6, 0xAD, 0xF9, 0x84, 0x76, 0x72, 0x30, 0x39, 0x13, 0xAB, 0x95, 0x78,
    0xAD, 0x27, 0x5D, 0x5E, 0xDE, 0x3F, 0xA0, 0x2E, 0xEF, 0xEF, 0x51, 0xEB, 0xA9, 0xE7, 0x49, 0x2B,
    0xDF, 0xF3, 0x38, 0x45, 0xF4, 0x7F, 0x54, 0x32, 0x3D, 0x1C, 0x68, 0xDB, 0x63, 0xB0, 0x8D, 0xCE,
    0xD7, 0x37, 0x9C, 0x1C, 0x94, 0xB1, 0x86, 0x6C, 0x94, 0x13, 0x0E, 0x45, 0x48, 0xC7, 0x7E, 0x97,
    0xC3, 0xD6, 0xE4, 0xA8, 0x20, 0xCB, 0xA3, 0x6C, 0x9D, 0x31, 0x8A, 0x4B, 0xCC, 0xF2, 0x3F, 0x62,
    0x8E, 0x2E, 0x7D, 0x61, 0xFB, 0xE8, 0xE2, 0x79, 0x35, 0xA3, 0x98, 0x3F, 0x0A, 0x7D, 0x59, 0xB5,
    0x3B, 0x9B, 0x4D, 0xB4, 0xBF, 0xBA, 0x87, 0x7E, 0x9F, 0x95, 0x3F, 0xD8, 0x51, 0x13, 0xE9, 0xE9,
    0x88, 0x46, 0x7A, 0xB6, 0x9C, 0x8C, 0xF4, 0x76, 0xD4, 0x47, 0xF4, 0x2D, 0x27, 0x12, 0xBD, 0x5B,
    0x14, 0x8C, 0x81, 0x87, 0xBF, 0xFA, 0x24, 0xD2, 0xFB, 0x37, 0x1B, 0x22, 0xFA, 0x03, 0xCF, 0x44,
    0x92, 0x0F, 0xE4, 0x22, 0xB2, 0x49, 0x11, 0x87, 0xCA, 0xF2, 0x65, 0xBF, 0x25, 0x86, 0x0A, 0x95,
    0x21, 0xBB, 0x33, 0xFB, 0x2A, 0x16, 0x67, 0xDA, 0xFC, 0xAF, 0x7B, 0xD2, 0xCA, 0xB7, 0x07, 0xCD,
    0x48, 0x02, 0xF8, 0xE1, 0xF1, 0x29, 0xBB, 0xBD, 0xA3, 0x73, 0x3C, 0x81, 0x76, 0xC6, 0x8E, 0x5B,
    0xA7, 0x43, 0xD6, 0x80, 0x83, 0x40, 0xEF, 0xC6, 0xDB, 0x9F, 0xEA, 0xD5, 0x3F, 0x9C, 0xEC, 0xF5,
    0x31, 0x43, 0xF7, 0x8B, 0x46, 0x6F, 0xDD, 0x63, 0x66, 0x6F, 0xC3, 0x8B, 0xE9, 0xDE, 0x5B, 0xE6,
    0x27, 0x7A, 0x07, 0x6E, 0xF9, 0xBE, 0xFE, 0xD6, 0x03, 0xAD, 0xC9, 0x3F, 0x74, 0xFC, 0x3E, 0x5F,
    0x63, 0xA3, 0xFC, 0xF7, 0x83, 0xC7, 0xAC, 0xFC, 0xC0, 0x39, 0x4A, 0xA4, 0xCE, 0x6B, 0xF9, 0xD4,
    0x39, 0xC4, 0x2D, 0xA0, 0x9F, 0xB1, 0xB2, 0x07, 0x90, 0x96, 0x52, 0x3F, 0xB7, 0x26, 0x52, 0x17,
    0x28, 0xCA, 0xA1, 0xA3, 0x8D, 0xA7, 0x46, 0xBD, 0x2C, 0xA1, 0xA6, 0xF1, 0x5B, 0x13, 0x33, 0xB5,
    0x02, 0xD7, 0xA1, 0xDC, 0x48, 0x03, 0x3C, 0x7E, 0xFA, 0x69, 0x5E, 0xCF, 0x73, 0xDA, 0x60, 0xCF,
    0x6E, 0x45, 0xD6, 0x1F, 0x56, 0xE2, 0xB0, 0x43, 0xB6, 0xE7, 0x09, 0x4A, 0xC3, 0x0E, 0xF6, 0x17,
    0xB6, 0xC9, 0x26, 0x9D, 0x5A, 0xB2, 0x9C, 0xD0, 0x0A, 0xF6, 0x5A, 0x35, 0x12, 0x1D, 0x78, 0xD2,
    0xCA, 0xA4, 0xD4, 0xFB, 0x8D, 0x94, 0xBA, 0x42, 0x4E, 0xC1, 0x9F, 0xF5, 0x87, 0x1F, 0x6A, 0xDE,
    0xBF, 0x3B, 0xCB, 0xE3, 0x30, 0x9F, 0xD2, 0xE5, 0x44, 0x6A, 0xAF, 0x9A, 0xD0, 0xF7, 0x5A, 0xF9,
    0x34, 0x93, 0x13, 0x32, 0xEB, 0xC3, 0xC3, 0x0F, 0x57, 0x75, 0x49, 0x7F, 0xB2, 0x9D, 0x2F, 0x90,
    0x67, 0x6D, 0xA0, 0x8D, 0xC7, 0x4D, 0x07, 0xF2, 0x27, 0x5E, 0x20, 0x1E, 0xB5, 0x61, 0x58, 0x3F,
    0x44, 0xF7, 0x25, 0x69, 0x01, 0x72, 0xC1, 0x6A, 0x03, 0xC1, 0xCE, 0x73, 0x82, 0x81, 0x43, 0xF9,
    0x57, 0x2E, 0x1B, 0xD0, 0xE5, 0x50, 0x75, 0x91, 0xD1, 0xE5, 0x7B, 0x87, 0xD3, 0xA3, 0xCA, 0x6B,
    0xF1, 0x51, 0x44, 0xC9, 0x68, 0xB7, 0x95, 0xB5, 0x30, 0x71, 0x74, 0x28, 0x37, 0x38, 0xDA, 0xD2,
    0xD7, 0x3C, 0x0A, 0xE7, 0x1E, 0xF5, 0x5B, 0x79, 0xAB, 0xD1, 0x4B, 0x66, 0xDE, 0x4B, 0x1B, 0xFA,
    0xB6, 0x35, 0xD3, 0x7C, 0x6D, 0x10, 0x2F, 0x13, 0x79, 0xA1, 0x72, 0x97, 0x81, 0x18, 0xC6, 0x8D,
    0x20, 0x18, 0xEE, 0x61, 0x4D, 0x55, 0xEE, 0x56, 0xE2, 0xB5, 0x76, 0x3E, 0x2A, 0xD9, 0x95, 0xDB,
    0xD8, 0xCE, 0xD7, 0x4A, 0x3C, 0x1D, 0x19, 0xDF, 0xDE, 0x1E, 0xC9, 0x1D, 0x6B, 0x8F, 0x24, 0xDD,
    0xC8, 0xD9, 0x02, 0x4F, 0xFA, 0x71, 0xFD, 0x8F, 0x95, 0xCC, 0x00, 0xD0, 0x73, 0x27, 0xC0, 0xBF,
    0x7F, 0xB0, 0x23, 0xAE, 0x7F, 0xEF, 0x44, 0x7F, 0xCF, 0x16, 0xA5, 0xA3, 0xA7, 0x3D, 0x31, 0xAF,
    0xE7, 0x7B, 0x53, 0xFD, 0x3D, 0x2D, 0xCF, 0x5C, 0xD2, 0x6F, 0xDF, 0x20, 0x27, 0x1D, 0xD3, 0x08,
    0xBC, 0x9F, 0xA8, 0x14, 0x96, 0x8F, 0xD9, 0xBC, 0xCF, 0x7F, 0xBA, 0x5F, 0x3F, 0xF4, 0x5E, 0xC7,
    0xFE, 0xFE, 0x67, 0xE7, 0xA5, 0x8E, 0xFE, 0xD7, 0xF1, 0xD4, 0xC3, 0xEB, 0xE2, 0xA9, 0x27, 0x91,
    0xA7, 0x9F, 0x0F, 0x46, 0x53, 0x2F, 0x9E, 0x3C, 0x96, 0x7A, 0x61, 0xE7, 0x76, 0x8E, 0xFD, 0x8F,
    0x22, 0xFE, 0x11, 0x07, 0x49, 0x5B, 0xE7, 0xD7, 0x62, 0xA8, 0x36, 0xAE, 0xA5, 0x57, 0xBE, 0x32,
    0x96, 0x89, 0xDC, 0x9C, 0xCB, 0xAF, 0x7E, 0xC5, 0x48, 0x44, 0xBE, 0x63, 0xE5, 0x63, 0x5F, 0x40,
    0x4F, 0x1E, 0x96, 0x6D, 0x18, 0xD2, 0x92, 0x2B, 0xFF, 0x52, 0xC9, 0x7C, 0x33, 0xBF, 0x73, 0x71,
    0x58, 0x76, 0x64, 0xE7, 0xF2, 0x74, 0x24, 0xDA, 0x65, 0x17, 0xD4, 0x67, 0x4D, 0x28, 0x90, 0x0B,
    0x5F, 0x14, 0x7C, 0x8E, 0x59, 0xB0, 0xAC, 0xDF, 0xAA, 0xE3, 0xCA, 0x9F, 0xCD, 0x1A, 0xCB, 0x69,
    0x43, 0xEA, 0x14, 0x50, 0xFA, 0xDD, 0x92, 0xC7, 0x95, 0x96, 0xEB, 0xE6, 0x5B, 0xEA, 0xF8, 0x36,
    0xF4, 0x03, 0xE8, 0x07, 0x98, 0xDD, 0x37, 0x97, 0x22, 0xD3, 0x55, 0xAE, 0xD6, 0x6B, 0x57, 0xEC,
    0xCC, 0xD9, 0xFC, 0x8B, 0x1C, 0x63, 0x36, 0xA2, 0x04, 0x6C, 0x1A, 0xD6, 0xEC, 0xEF, 0xEA, 0x21,
    0xCD, 0x84, 0xDE, 0x65, 0x6E, 0x13, 0x1F, 0xEE, 0xCD, 0x19, 0xE0, 0x1E, 0xF5, 0xE3, 0x5E, 0xAD,
    0xB8, 0xAB, 0x03, 0xB6, 0x70, 0x20, 0x8F, 0xCE, 0xE0, 0x2B, 0xFD, 0x4A, 0xBE, 0x45, 0x3D, 0x94,
    0x46, 0x29, 0x96, 0x5E, 0x0A, 0xA0, 0x88, 0x37, 0xA9, 0xEC, 0xF0, 0xFE, 0x62, 0xB8, 0x20, 0xB9,
    0x82, 0x5E, 0xAF, 0xAB, 0xDE, 0x2B, 0xB5, 0x2D, 0x69, 0xE5, 0x7D, 0xDE, 0xF6, 0xBA, 0xA2, 0x5E,
    0xDF, 0x91, 0xD5, 0x87, 0x39, 0xBC, 0xAE, 0x88, 0x37, 0x00, 0x04, 0x5D, 0x09, 0x6F, 0x54, 0x32,
    0xBD, 0x89, 0x93, 0x23, 0x76, 0xBE, 0xAD, 0x6E, 0xC6, 0x9D, 0xE1, 0x9F, 0x84, 0x11, 0xBC, 0x41,
    0xD3, 0x5B, 0x22, 0x52, 0xE7, 0xC5, 0x02, 0xF9, 0x8E, 0x63, 0x7F, 0x6F, 0x70, 0xEA, 0x10, 0xC8,
    0xA7, 0x6D, 0xB4, 0xB0, 0xF3, 0x7D, 0x2F, 0x2D, 0x3A, 0xFE, 0x5E, 0x80, 0xE6, 0x05, 0x47, 0xB7,
    0x53, 0x30, 0x88, 0x8A, 0xBA, 0x3E, 0x88, 0x42, 0x3C, 0x12, 0xBC, 0xDC, 0x49, 0xF7, 0x4F, 0x5C,
    0xF5, 0x23, 0xFA, 0x2B, 0x11, 0xCC, 0xCB, 0x07, 0x33, 0x5C, 0x8C, 0x59, 0x1D, 0x12, 0x19, 0x41,
    0x69, 0x7E, 0x2E, 0x28, 0x2D, 0x69, 0x09, 0x17, 0x97, 0xB4, 0x04, 0xA5, 0xE5, 0x43, 0x41, 0xA9,
    0x9E, 0x05, 0xA5, 0xB0, 0x15, 0x2B, 0x92, 0x11, 0x91, 0x1A, 0x72, 0x19, 0xA9, 0x76, 0x3C, 0x8B,
    0x79, 0xA6, 0x44, 0xA7, 0xD5, 0x02, 0x62, 0x20, 0xEE, 0x99, 0x0E, 0x4F, 0xBA, 0xC4, 0x68, 0xC0,
    0x63, 0xC5, 0x0A, 0x12, 0xBE, 0x7E, 0x7C, 0x03, 0x62, 0x22, 0x10, 0x6D, 0x32, 0x27, 0xF1, 0x22,
    0x88, 0x7B, 0x86, 0x9B, 0xDE, 0x70, 0x63, 0xDC, 0x37, 0x04, 0xD9, 0x36, 0xAE, 0xDA, 0x2A, 0x6D,
    0x5C, 0xB9, 0xD5, 0xFE, 0x3D, 0x6C, 0xBE, 0xC1, 0x7F, 0x2F, 0xD5, 0x2F, 0xB3, 0x89, 0x7D, 0x77,
    0xD5, 0xB6, 0x7C, 0xDE, 0x8C, 0x8C, 0xCF, 0x13, 0xDD, 0xC2, 0xF7, 0x41, 0x56, 0x9E, 0x03, 0xB9,
    0x72, 0x1A, 0xEF, 0x99, 0x11, 0x23, 0x4B, 0x7E, 0xC1, 0xE8, 0xA4, 0x4E, 0xC1, 0xF0, 0x53, 0xCD,
    0xB5, 0xB5, 0x76, 0x29, 0x62, 0x44, 0x66, 0x50, 0x3B, 0x16, 0xC1, 0x5E, 0x11, 0x72, 0x98, 0x11,
    0x62, 0x79, 0x14, 0xAB, 0x57, 0x23, 0x24, 0x9D, 0x8F, 0x50, 0x00, 0xBF, 0x45, 0x81, 0x76, 0x23,
    0x82, 0x37, 0x5A, 0x04, 0x45, 0x7D, 0xA3, 0x9B, 0x8C, 0x3A, 0x2E, 0x4F, 0x99, 0x89, 0x11, 0x28,
    0x5A, 0x38, 0x9D, 0x3B, 0x42, 0x37, 0x5D, 0x42, 0x2D, 0x1D, 0xFA, 0x18, 0xE1, 0xC9, 0x0C, 0x13,
    0x05, 0x74, 0xB6, 0x3D, 0x4A, 0xFE, 0x8F, 0x23, 0x09, 0x92, 0xDE, 0x0E, 0x66, 0x69, 0xC9, 0xCF,
    0x7C, 0x06, 0xDD, 0x6F, 0xA0, 0x96, 0xB8, 0xC7, 0xF0, 0xAB, 0x58, 0xBB, 0x2A, 0x8B, 0xB5, 0xD9,
    0x4E, 0x12, 0xCE, 0xCB, 0xFE, 0x12, 0x3B, 0xF0, 0x89, 0xEF, 0x23, 0x43, 0x7C, 0xE4, 0x50, 0x9F,
    0xA1, 0xEE, 0x02, 0xA3, 0xB9, 0x4F, 0x31, 0x6C, 0x85, 0xC8, 0xBE, 0xD2, 0xA2, 0xF8, 0x5F, 0xB7,
    0x2C, 0xDF, 0xF3, 0x8C, 0x1A, 0x54, 0x46, 0x0F, 0x00, 0x5F, 0x07, 0x1C, 0xD7, 0x81, 0xBF, 0x53,
    0x4A, 0xFC, 0x9C, 0x82, 0x42, 0x04, 0xA3, 0xA5, 0x19, 0xFC, 0x60, 0x38, 0x86, 0x7D, 0xEC, 0x4D,
    0x40, 0xE0, 0xCA, 0x9E, 0x2F, 0x90, 0xEF, 0x7D, 0x1F, 0xA3, 0xF5, 0x8D, 0x7F, 0xC7, 0xD8, 0xCD,
    0xFC, 0x87, 0x7B, 0x38, 0x11, 0x66, 0x13, 0xC4, 0xBE, 0x6D, 0xEF, 0xC5, 0x40, 0x96, 0x0C, 0x51,
    0xBD, 0x69, 0x6C, 0x19, 0xC5, 0xA6, 0xB3, 0xE4, 0x30, 0xE8, 0x36, 0xDC, 0x28, 0x79, 0xF1, 0x7D,
    0x51, 0x95, 0xCE, 0x3E, 0x04, 0xFD, 0xB4, 0xBB, 0xA2, 0x06, 0x2D, 0x6C, 0x37, 0xE8, 0x18, 0x19,
    0x0E, 0x93, 0x8C, 0xE5, 0x44, 0x78, 0xF8, 0xDA, 0x02, 0xCD, 0xA8, 0xBB, 0x41, 0xCB, 0x1D, 0xA2,
    0x86, 0x61, 0x38, 0x5D, 0xC9, 0x40, 0x3B, 0xCE, 0x43, 0xDA, 0x8B, 0xA7, 0xB2, 0x54, 0x27, 0x18,
    0x0F, 0xA1, 0xB8, 0x53, 0xAB, 0x79, 0xB0, 0x20, 0x46, 0xFB, 0x14, 0x10, 0x99, 0x2A, 0xC4, 0xEE,
    0xE6, 0x34, 0x93, 0x3F, 0x59, 0x64, 0xEC, 0xE4, 0x04, 0x44, 0x1B, 0xB1, 0x82, 0x48, 0x73, 0x2F,
    0xE1, 0xFE, 0x3A, 0x35, 0x7C, 0x48, 0xBC, 0xB2, 0xB1, 0xD9, 0x33, 0x21, 0x92, 0x84, 0xFE, 0x12,
    0xFC, 0x76, 0x3F, 0xF0, 0xB5, 0xF2, 0x3C, 0xE1, 0xAD, 0x61, 0x4D, 0x78, 0x4B, 0xD3, 0x2A, 0xF6,
    0xE2, 0xE6, 0x82, 0x8A, 0x8A, 0x33, 0xEB, 0x4D, 0x00, 0x55, 0xA0, 0xE7, 0xAA, 0x48, 0xBE, 0x0B,
    0x22, 0x2D, 0xC4, 0x9A, 0x95, 0xC0, 0x37, 0x2B, 0xEB, 0xCF, 0x5B, 0x16, 0xD6, 0x28, 0xB3, 0xE5,
    0xB1, 0x5F, 0x05, 0x0D, 0xC3, 0xD3, 0x1A, 0xD1, 0xA2, 0xAB, 0xD7, 0xE4, 0x31, 0x4B, 0xF2, 0x34,
    0x92, 0xEA, 0xB6, 0x8B, 0x29, 0x12, 0xEE, 0x1A, 0x8B, 0xFF, 0x9F, 0x1E, 0x5B, 0x29, 0xC7, 0xB1,
    0x51, 0x33, 0x2F, 0x61, 0x60, 0x13, 0xA2, 0x65, 0x6F, 0x13, 0xBD, 0x72, 0x46, 0x76, 0x8C, 0x8C,
    0x98, 0xDC, 0x67, 0x1B, 0x05, 0xC3, 0xC7, 0xC5, 0x76, 0x10, 0x2D, 0xF6, 0x78, 0x83, 0x51, 0x49,
    0xF2, 0x06, 0x1A, 0xDD, 0x2E, 0x77, 0xE5, 0x3A, 0x22, 0xBB, 0xEE, 0xE4, 0x05, 0x28, 0xF1, 0xD7,
    0x00, 0xF1, 0x27, 0x40, 0xB9, 0x6B, 0x17, 0xA4, 0x5F, 0x39, 0x71, 0xD1, 0x24, 0x67, 0xF4, 0x9D,
    0x32, 0xA3, 0x61, 0xC1, 0xD8, 0x45, 0xF5, 0x82, 0x51, 0x4D, 0x5F, 0x31, 0x55, 0x29, 0xA0, 0xEE,
    0xFE, 0x52, 0x21, 0x5A, 0x8B, 0xC9, 0xF4, 0x9B, 0x33, 0x78, 0x82, 0xEE, 0x36, 0x26, 0x68, 0xAD,
    0x00, 0xD3, 0x7E, 0x9D, 0x3F, 0x31, 0x50, 0x17, 0x66, 0x89, 0x27, 0xAE, 0x92, 0x90, 0xA5, 0x16,
    0x6A, 0x45, 0xE2, 0xC5, 0x62, 0xE9, 0x75, 0xE9, 0x50, 0x6B, 0x54, 0x87, 0x9A, 0x30, 0x1D, 0x6A,
    0x26, 0x31, 0xF7, 0x92, 0x19, 0x09, 0x8D, 0x1B, 0x8D, 0x6C, 0xEF, 0xDF, 0x4B, 0xE2, 0x65, 0xC9,
    0xED, 0xF9, 0x4D, 0x80, 0x7C, 0x83, 0x41, 0xB8, 0x72, 0x94, 0xBE, 0xA3, 0x26, 0x12, 0xDF, 0x52,
    0xCD, 0xA8, 0x63, 0xB7, 0xB1, 0xD4, 0xB1, 0xD7, 0x2A, 0x38, 0xF6, 0x24, 0x5D, 0xA5, 0x8A, 0x6B,
    0x0E, 0xAF, 0xBF, 0xE1, 0xA7, 0x8E, 0x11, 0x70, 0xE5, 0xF7, 0xD0, 0x76, 0x6A, 0x5C, 0x2A, 0xF9,
    0xF8, 0x98, 0x2D, 0xB8, 0x81, 0x3B, 0x4D, 0x8E, 0x5F, 0x2F, 0x5F, 0x1D, 0x97, 0x6F, 0xD5, 0x3B,
    0x65, 0xC7, 0x6A, 0xE2, 0xF2, 0x21, 0xDE, 0xAB, 0x4A, 0xF2, 0xF1, 0xCA, 0x5E, 0xD8, 0x6D, 0x15,
    0x85, 0xDD, 0x86, 0x14, 0xFB, 0xD2, 0x90, 0xE6, 0x8E, 0x19, 0x12, 0x1B, 0xB1, 0x8A, 0xE2, 0x15,
    0x43, 0xF2, 0x7C, 0x6E, 0x48, 0xBE, 0x67, 0xC7, 0xDA, 0x96, 0xE0, 0xF7, 0x9B, 0xF7, 0x18, 0xD2,
    0xD7, 0xF6, 0xA8, 0x92, 0xB0, 0x57, 0x96, 0x84, 0x47, 0x48, 0x12, 0x9E, 0x70, 0x14, 0xEC, 0x68,
    0xB0, 0xCD, 0xA5, 0x4F, 0x0A, 0x46, 0x36, 0x78, 0xD3, 0x25, 0x33, 0x18, 0x9B, 0x34, 0x83, 0xEC,
    0xB4, 0x65, 0xB1, 0x8B, 0xE3, 0x5B, 0x3C, 0x13, 0x66, 0xD0, 0xF7, 0xBE, 0x19, 0xFC, 0xC6, 0x19,
    0xCB, 0xBA, 0x79, 0x64, 0x7C, 0xE7, 0x3D, 0x88, 0x7E, 0x61, 0x06, 0xEF, 0x4E, 0xE0, 0xFC, 0x72,
    0x02, 0x35, 0xF8, 0xFF, 0x76, 0xCF, 0x90, 0xDA, 0x4B, 0x2D, 0x7D, 0x78, 0x33, 0xE8, 0xD3, 0x48,
    0x3A, 0x78, 0x52, 0xB3, 0x09, 0xBF, 0x49, 0xE2, 0x07, 0xFE, 0x3C, 0x49, 0xE7, 0x42, 0x19, 0x04,
    0xD6, 0x8A, 0x0E, 0x64, 0x9E, 0x5F, 0xDC, 0x49, 0xED, 0xA7, 0x4E, 0xDF, 0x8E, 0x98, 0x9A, 0xB5,
    0x96, 0x66, 0x8A, 0x2A, 0xFB, 0xE1, 0x22, 0x0A, 0x48, 0x51, 0xE2, 0x5D, 0x63, 0x28, 0x45, 0x34,
    0xD4, 0x2B, 0xA5, 0xEE, 0x10, 0x5A, 0xD7, 0x1C, 0xB0, 0xA4, 0x24, 0xBF, 0xAD, 0xA4, 0x4A, 0xF4,
    0x2D, 0xE7, 0x4A, 0x5A, 0x3C, 0xDB, 0x09, 0x4A, 0x6F, 0xC6, 0x69, 0x5A, 0x54, 0x24, 0x7A, 0xED,
    0x8C, 0x2A, 0x8E, 0x18, 0x79, 0x58, 0x7E, 0x59, 0x4D, 0xCD, 0x9C, 0x2A, 0xAE, 0x7B, 0x36, 0x42,
    0xF9, 0xE5, 0x22, 0x2D, 0xAF, 0x09, 0xB8, 0xF8, 0xAB, 0x49, 0x16, 0x72, 0xBA, 0xE9, 0x38, 0x14,
    0xDF, 0xCE, 0x59, 0xF9, 0x5F, 0x95, 0x59, 0x7D, 0x74, 0x14, 0x55, 0x96, 0xBF, 0x55, 0x2F, 0x49,
    0xD1, 0xF5, 0xD1, 0x95, 0x43, 0x84, 0x8E, 0x74, 0x63, 0x18, 0xE5, 0x90, 0x90, 0x04, 0x92, 0x49,
    0xB7, 0x24, 0x3A, 0xCB, 0x74, 0x25, 0xBD, 0xC2, 0x00, 0xA2, 0x99, 0xA1, 0x0B, 0x77, 0x80, 0x04,
    0x84, 0xF5, 0x03, 0x8D, 0x43, 0x0F, 0x91, 0x11, 0xDD, 0x19, 0xD3, 0x21, 0xC7, 0x9D, 0xCD, 0x0A,
    0x3B, 0x51, 0x27, 0xEC, 0x19, 0xC1, 0x33, 0xD9, 0x1D, 0x3F, 0x48, 0x43, 0x48, 0x8E, 0xA0, 0x46,
    0x45, 0x2D, 0x92, 0x71, 0x1C, 0x40, 0xD6, 0x46, 0xC8, 0x9E, 0x3D, 0xB2, 0xCC, 0xB6, 0xA3, 0x28,
    0xB6, 0x5F, 0x71, 0x44, 0x89, 0x6C, 0x92, 0xDA, 0xDF, 0xAB, 0xEA, 0x0E, 0x61, 0xE6, 0x8F, 0x39,
    0xDB, 0x9C, 0x7B, 0x53, 0xEF, 0xD5, 0x7B, 0xAF, 0xEF, 0xBB, 0x1F, 0xBF, 0x7B, 0x6F, 0x43, 0x84,
    0x8F, 0x68, 0xA8, 0x9C, 0x95, 0x73, 0x16, 0x32, 0x28, 0x3C, 0xD2, 0xD5, 0x47, 0xBE, 0x4E, 0xAB,
    0x86, 0x58, 0xDB, 0xCE, 0x57, 0x48, 0x3A, 0x3D, 0xBE, 0x97, 0x94, 0x3E, 0x12, 0xC8, 0x7B, 0xA7,
    0x19, 0xA5, 0xD2, 0xDA, 0xF4, 0x21, 0xAA, 0xAA, 0xB5, 0x02, 0x74, 0x35, 0x67, 0xA2, 0xCB, 0x30,
    0xE7, 0x30, 0x22, 0x83, 0x32, 0x1F, 0x99, 0xB3, 0x1A, 0x85, 0x48, 0x48, 0x8A, 0x49, 0x52, 0x6C,
    0x7B, 0x84, 0x4F, 0x4C, 0x21, 0x66, 0xDB, 0x29, 0x62, 0x06, 0x75, 0xB9, 0x4C, 0xDC, 0x9B, 0xEE,
    0xC0, 0x1A, 0x8B, 0x28, 0x6C, 0xDB, 0xE3, 0x44, 0x45, 0x7C, 0xD9, 0x8B, 0x6F, 0x19, 0xA4, 0x9C,
    0x38, 0x3C, 0x42, 0xD7, 0x09, 0xD6, 0x55, 0xEE, 0xA1, 0x62, 0x9C, 0x4B, 0xDA, 0x6A, 0x8F, 0x81,
    0x0D, 0x35, 0x90, 0x6F, 0xC8, 0xD2, 0x28, 0xFC, 0x0D, 0x18, 0x6B, 0x05, 0x93, 0x0E, 0x83, 0x29,
    0xEF, 0x82, 0x79, 0x9F, 0xC3, 0x92, 0xD2, 0x7F, 0x82, 0xA4, 0x55, 0xF1, 0xCA, 0x59, 0xB4, 0x3E,
    0xDE, 0x17, 0xC2, 0xDE, 0x24, 0x84, 0x6C, 0xB3, 0xBC, 0x24, 0xFE, 0x9C, 0x24, 0x9A, 0xF8, 0x88,
    0x86, 0xE4, 0x52, 0xED, 0x6A, 0xD3, 0xB7, 0xCB, 0xB6, 0xCB, 0xDE, 0x97, 0x88, 0xD5, 0x2D, 0x9E,
    0x22, 0x6D, 0x5B, 0xAC, 0xE9, 0x6F, 0x2F, 0xD6, 0xBC, 0x07, 0x3E, 0xEF, 0x29, 0xBD, 0x63, 0x57,
    0x43, 0x55, 0x44, 0xD2, 0xD6, 0x2F, 0x96, 0x34, 0xF1, 0x26, 0xD0, 0xF7, 0xA4, 0x1C, 0xBE, 0xC7,
    0xBD, 0xE2, 0x3A, 0x1C, 0x62, 0x81, 0xCD, 0xA6, 0x97, 0xC7, 0xE8, 0xAA, 0x8A, 0xAF, 0xB8, 0xAC,
    0xCE, 0x5C, 0x4C, 0x26, 0x9D, 0x1E, 0xE8, 0xA1, 0x12, 0x5A, 0xF5, 0xA4, 0x7B, 0xBD, 0xD2, 0xBD,
    0xE9, 0x6E, 0x9A, 0xB6, 0xF6, 0x1B, 0x93, 0x68, 0xDE, 0x19, 0x4C, 0xBD, 0xFB, 0x46, 0x07, 0x55,
    0xD4, 0x5A, 0xAF, 0xD0, 0x6C, 0xC1, 0xCA, 0xCD, 0xDE, 0x31, 0xDF, 0x00, 0xAB, 0x4C, 0x82, 0xC5,
    0x62, 0xE4, 0x3B, 0xD5, 0x11, 0xA2, 0xB2, 0x73, 0x56, 0x39, 0xB1, 0xC1, 0x38, 0xEE, 0xF8, 0x21,
    0x64, 0x57, 0x0E, 0x62, 0xA9, 0xB7, 0xD3, 0x1E, 0xA5, 0x19, 0xAD, 0xD0, 0x7C, 0x15, 0x67, 0xEB,
    0x39, 0x13, 0x5D, 0x86, 0x17, 0xD0, 0xCF, 0x1A, 0x7E, 0x5E, 0x0E, 0x57, 0x30, 0xB1, 0x88, 0x3D,
    0xC6, 0x22, 0x8A, 0x16, 0xFE, 0x52, 0xD2, 0x7C, 0x8F, 0xAD, 0x6E, 0x90, 0xDA, 0xEC, 0x31, 0xE5,
    0xA4, 0xA4, 0xE9, 0x07, 0x24, 0xAD, 0x68, 0x43, 0x6F, 0x4F, 0x75, 0xA4, 0xB7, 0xA7, 0xB9, 0x56,
    0xCA, 0x29, 0xC0, 0x9D, 0xD8, 0x24, 0x12, 0xF0, 0x8F, 0x19, 0x79, 0x20, 0xD9, 0xA1, 0xF0, 0x57,
    0xAB, 0xA3, 0xBE, 0xC7, 0x3E, 0xEF, 0x91, 0xDA, 0x64, 0x4D, 0x39, 0x29, 0x63, 0xBF, 0xAC, 0xF9,
    0x57, 0xD8, 0x63, 0xD5, 0x91, 0xD5, 0x0D, 0xCD, 0x11, 0x59, 0x2B, 0x00, 0x31, 0x87, 0xF8, 0xF7,
    0x91, 0x26, 0x08, 0x97, 0xE9, 0x37, 0xEA, 0xFB, 0x57, 0x7B, 0xBC, 0xEC, 0x43, 0x49, 0x66, 0x11,
    0x49, 0x86, 0x0C, 0xE3, 0xFA, 0xC9, 0x65, 0xB2, 0xF7, 0x80, 0x24, 0x43, 0xBF, 0x8D, 0x55, 0x91,
    0xDE, 0xFD, 0xEB, 0x6B, 0xA5, 0x4B, 0xEB, 0x1D, 0xFD, 0x0A, 0x8E, 0xDA, 0xC0, 0x70, 0x27, 0xC1,
    0x82, 0x05, 0xA7, 0x9F, 0xC2, 0x15, 0xC3, 0xA3, 0x60, 0x8C, 0xCF, 0x31, 0x3E, 0xA7, 0x0C, 0x63,
    0xE8, 0x3D, 0x07, 0x76, 0xE5, 0xEF, 0xE1, 0x7F, 0xDF, 0xB6, 0xCE, 0x36, 0xD1, 0xAD, 0x16, 0x86,
    0x82, 0xC3, 0x5E, 0x3F, 0x7B, 0x0F, 0x09, 0xC7, 0x6C, 0x3B, 0xE3, 0x97, 0x99, 0x03, 0x27, 0x7C,
    0x6D, 0x14, 0xC3, 0xFB, 0xDF, 0x82, 0xA0, 0x27, 0x06, 0x92, 0x54, 0x41, 0xF1, 0x9F, 0xD1, 0xB5,
    0xB6, 0xFD, 0x10, 0x56, 0x60, 0x8D, 0x30, 0xB4, 0x32, 0xCB, 0xF8, 0x90, 0x12, 0x89, 0x38, 0x4D,
    0x33, 0xE1, 0x57, 0x15, 0x36, 0x77, 0x42, 0x6E, 0xAE, 0x5A, 0x7B, 0x54, 0xAC, 0xEB, 0x6C, 0x0A,
    0x5F, 0x8C, 0xAB, 0xBE, 0x9D, 0x71, 0x95, 0x6D, 0xEB, 0x6C, 0x92, 0xFE, 0x68, 0x8F, 0xEA, 0xCF,
    0xC7, 0x55, 0xEF, 0xCA, 0xB8, 0x3A, 0xA7, 0x2E, 0xAE, 0x6E, 0xAE, 0xB3, 0x47, 0xA7, 0x1A, 0x66,
    0xD4, 0x59, 0xBF, 0x28, 0xD1, 0x2D, 0x2E, 0x4D, 0x24, 0xE8, 0xAF, 0x8A, 0x52, 0x24, 0x40, 0x94,
    0xD9, 0x89, 0xC4, 0x43, 0x93, 0xA5, 0xB8, 0xC4, 0xD2, 0x89, 0x8C, 0x50, 0xD8, 0x6B, 0x67, 0x5C,
    0x39, 0xCE, 0x63, 0x18, 0x5E, 0x02, 0xF3, 0xAF, 0x8A, 0x12, 0xD7, 0x36, 0x95, 0x7D, 0x0C, 0x0F,
    0x65, 0xDB, 0xC0, 0xA4, 0x64, 0x65, 0x07, 0x54, 0x55, 0xD9, 0x45, 0xDE, 0x3D, 0x70, 0xAC, 0x19,
    0xF1, 0xAE, 0x18, 0xC2, 0x23, 0x19, 0xA2, 0xAB, 0x5B, 0xAD, 0x12, 0x44, 0x86, 0x01, 0xD7, 0x79,
    0x98, 0x10, 0x1E, 0xDB, 0xB3, 0xE1, 0xC1, 0x5D, 0x87, 0xD8, 0x62, 0xAE, 0xE6, 0x5A, 0x2B, 0x44,
    0xBE, 0x5F, 0x02, 0x13, 0x5A, 0xCE, 0x5F, 0x67, 0x91, 0x64, 0xE8, 0x88, 0x4D, 0x2B, 0x9C, 0x24,
    0xFD, 0x42, 0xEA, 0x41, 0xF2, 0xDF, 0xEF, 0xC9, 0xA5, 0x6A, 0xC3, 0x43, 0xD4, 0xCC, 0x17, 0xAF,
    0x30, 0xBC, 0x7C, 0x2F, 0x86, 0xEC, 0x86, 0x46, 0x93, 0xD8, 0x5A, 0xC8, 0x27, 0x38, 0xE7, 0x51,
    0x47, 0x07, 0xA3, 0x54, 0x17, 0x03, 0x10, 0xF8, 0x3A, 0x52, 0x5D, 0x15, 0xA9, 0x8E, 0x0E, 0xA9,
    0xD6, 0x8C, 0x2A, 0x6F, 0x40, 0x5F, 0x5D, 0x21, 0xD5, 0x5F, 0x19, 0x52, 0xAB, 0x29, 0xA4, 0x36,
    0x83, 0x0A, 0x28, 0x14, 0x60, 0x14, 0x1A, 0x01, 0x11, 0x27, 0x21, 0x1B, 0xAF, 0x15, 0xE3, 0x2D,
    0x63, 0x44, 0x49, 0x0E, 0x05, 0x16, 0x58, 0xD8, 0x7E, 0x6D, 0x1C, 0xA1, 0x86, 0x27, 0xC9, 0x00,
    0x9B, 0x49, 0xDB, 0xE2, 0x7F, 0x81, 0x24, 0xD7, 0x39, 0xA1, 0x36, 0x18, 0xA7, 0x22, 0x1E, 0x6A,
    0x35, 0x82, 0x25, 0xBB, 0xA1, 0x96, 0x75, 0x6B, 0x56, 0xD7, 0xBB, 0x27, 0xFC, 0xD5, 0xDA, 0xA8,
    0xAF, 0x03, 0x5A, 0x8A, 0xCB, 0xA4, 0x9C, 0xB6, 0x6D, 0xBD, 0x2F, 0x87, 0xFC, 0xEB, 0x64, 0xAA,
    0xAE, 0x5D, 0x1B, 0xE5, 0xB7, 0x2A, 0xC8, 0xAE, 0xBD, 0x61, 0xAD, 0xC9, 0x56, 0x25, 0x12, 0x8E,
    0x3C, 0xDC, 0x7C, 0xA2, 0x55, 0xBA, 0x07, 0x5F, 0x76, 0xFD, 0x3E, 0x92, 0xA4, 0x4A, 0x95, 0x34,
    0x0D, 0x4C, 0xDF, 0x07, 0x26, 0x8C, 0x7C, 0xF7, 0x10, 0x49, 0xBB, 0xA6, 0x45, 0x01, 0x60, 0x90,
    0x69, 0xDA, 0xCA, 0xA1, 0x68, 0x46, 0xA8, 0xF9, 0x9F, 0x60, 0xDF, 0x17, 0xC7, 0x20, 0x4F, 0xAB,
    0xF5, 0xCD, 0x24, 0x79, 0xB2, 0x56, 0xE4, 0x38, 0x71, 0xB1, 0x9B, 0xE6, 0xAE, 0x34, 0x1B, 0xE8,
    0x0A, 0x99, 0x3C, 0x99, 0x6D, 0x7D, 0x30, 0x8B, 0x70, 0x76, 0x1E, 0x96, 0x14, 0x41, 0x03, 0x15,
    0xDF, 0x2C, 0x1A, 0xA1, 0x9C, 0x3F, 0xBB, 0xE9, 0xFD, 0xFF, 0x41, 0x1C, 0x33, 0xCF, 0xF3, 0x43,
    0x8B, 0x26, 0x1D, 0xCA, 0x48, 0xE5, 0x0C, 0x9E, 0x01, 0xDD, 0x8F, 0x53, 0x38, 0x0D, 0x7F, 0xF0,
    0xFD, 0x30, 0x80, 0xEB, 0x1A, 0x25, 0xD8, 0xF1, 0xFA, 0xFD, 0x26, 0xE9, 0xBD, 0x30, 0x93, 0x3F,
    0x96, 0x8C, 0x51, 0xB5, 0x60, 0x75, 0x51, 0xB3, 0x98, 0xB2, 0xA8, 0x80, 0x5A, 0xE2, 0xD8, 0xA6,
    0x27, 0xC1, 0xFA, 0xFB, 0x89, 0xE9, 0xF0, 0x2D, 0x61, 0x92, 0xE7, 0xC2, 0xD8, 0xCE, 0x13, 0xF0,
    0xBB, 0x8B, 0x24, 0xD3, 0xEC, 0x9B, 0xCC, 0x88, 0x62, 0xEE, 0x8B, 0xAC, 0x39, 0xE0, 0xA5, 0xDE,
    0x73, 0xD8, 0xF6, 0xDC, 0x31, 0x38, 0x4F, 0x2B, 0x80, 0xBD, 0x66, 0x02, 0xD8, 0xB3, 0x9E, 0x36,
    0x8E, 0x27, 0xA4, 0xA0, 0xF0, 0xF9, 0x50, 0x17, 0xC1, 0x43, 0x42, 0x24, 0x6D, 0x43, 0x40, 0x2B,
    0x27, 0xBB, 0x1B, 0x49, 0xEF, 0x83, 0x96, 0xB8, 0x45, 0xA8, 0x1A, 0xE6, 0xA2, 0x66, 0xCE, 0xB8,
    0x51, 0x1C, 0xAB, 0xC0, 0x2C, 0xAB, 0xE0, 0x69, 0x37, 0x4F, 0x78, 0xDA, 0x04, 0xE8, 0x91, 0x27,
    0x7C, 0x61, 0xDA, 0x12, 0xDF, 0x63, 0xA5, 0xBF, 0x92, 0xDA, 0xC8, 0xA3, 0x0C, 0x96, 0xB6, 0xEB,
    0x07, 0x42, 0x47, 0xFC, 0xF7, 0x55, 0xB6, 0x57, 0x47, 0x2A, 0xDB, 0x9B, 0x23, 0xD7, 0x1E, 0x29,
    0x88, 0x5C, 0xDF, 0xCE, 0x22, 0xF9, 0x1E, 0xBE, 0x16, 0xF4, 0x0A, 0x40, 0x2B, 0x5F, 0x30, 0x4D,
    0x83, 0x84, 0xA7, 0x56, 0xC3, 0x14, 0xAF, 0xDE, 0x83, 0xF3, 0x36, 0xBD, 0x8A, 0xF3, 0x3A, 0x60,
    0xC6, 0x8A, 0xB1, 0x96, 0x51, 0xF2, 0x94, 0xE7, 0xDF, 0x4B, 0xD2, 0x70, 0x11, 0x62, 0xB4, 0xE9,
    0xC5, 0x9F, 0x62, 0xB5, 0x95, 0x33, 0x39, 0x82, 0x9D, 0xFB, 0x1D, 0xBE, 0xEC, 0x7E, 0x34, 0xA1,
    0xB4, 0xDC, 0x95, 0x43, 0xF5, 0x24, 0xEF, 0x4D, 0x23, 0x21, 0xD4, 0x5A, 0x78, 0x63, 0xB5, 0x5A,
    0x54, 0x9A, 0xDE, 0x9B, 0xA6, 0xE9, 0x67, 0x57, 0x0E, 0xB9, 0x43, 0xE7, 0x05, 0x32, 0x45, 0x22,
    0x93, 0x29, 0x16, 0xFE, 0xC1, 0x71, 0xDF, 0xA4, 0xEB, 0xBE, 0xA1, 0x09, 0x77, 0x71, 0xE0, 0x24,
    0x62, 0x8F, 0xF3, 0xBF, 0xE1, 0x61, 0xB3, 0xDE, 0xF7, 0xA8, 0x3D, 0xCA, 0xB6, 0xC5, 0x03, 0xCA,
    0xDB, 0xF1, 0x80, 0xFE, 0xAC, 0x3D, 0x3A, 0x63, 0x7D, 0x3C, 0xB0, 0xA0, 0x2E, 0x1E, 0xD8, 0x5C,
    0x37, 0xD4, 0x34, 0xB5, 0x36, 0xB1, 0xC7, 0x59, 0x0F, 0xE8, 0x11, 0x6F, 0x30, 0x4D, 0xD7, 0x29,
    0x64, 0x97, 0xF2, 0x7A, 0xBB, 0xC3, 0x1F, 0xF4, 0x26, 0x26, 0xDC, 0xFF, 0x24, 0xC2, 0xF1, 0xC7,
    0x66, 0xD4, 0x3F, 0x8B, 0xA8, 0x58, 0xB4, 0x47, 0x9B, 0x59, 0xBC, 0xBC, 0x80, 0x19, 0x01, 0xE6,
    0x50, 0x7A, 0x1F, 0x27, 0x28, 0x29, 0x47, 0x44, 0xE8, 0x42, 0x80, 0xF4, 0x3E, 0x30, 0x54, 0x0F,
    0xBE, 0xC7, 0xE0, 0x0E, 0x65, 0x1F, 0xE2, 0x89, 0x45, 0x3A, 0xD7, 0x90, 0x34, 0x90, 0xD8, 0x43,
    0x4A, 0x8A, 0x67, 0xAA, 0x97, 0xA1, 0x9A, 0xD2, 0x28, 0x1C, 0xA2, 0xCA, 0x40, 0x29, 0x70, 0x35,
    0xB7, 0x92, 0x83, 0xEE, 0x97, 0x18, 0x07, 0x7A, 0x38, 0x3E, 0x20, 0xB2, 0x35, 0x7D, 0x48, 0x6C,
    0x8D, 0x07, 0x50, 0x7A, 0x04, 0xCA, 0x3E, 0xC2, 0x7D, 0x60, 0x01, 0x69, 0x10, 0xD9, 0xEA, 0x3D,
    0x43, 0xF3, 0xBE, 0x60, 0x36, 0x94, 0xEE, 0x4A, 0xF7, 0x54, 0xB5, 0x19, 0xDA, 0xFA, 0xB6, 0x74,
    0x8F, 0xD8, 0x66, 0x36, 0x00, 0xB6, 0x34, 0xD0, 0x21, 0xEC, 0xCF, 0x77, 0xF6, 0x6F, 0x03, 0x1C,
    0x43, 0x07, 0xE1, 0xAF, 0x71, 0xC6, 0xA3, 0xF1, 0x00, 0xC3, 0x58, 0x4A, 0x9A, 0x51, 0xBD, 0x0F,
    0x72, 0x3C, 0x9D, 0xE8, 0x2E, 0xC5, 0x9E, 0xAA, 0x36, 0xD2, 0xA6, 0x82, 0x44, 0x87, 0xEC, 0x31,
    0x7E, 0xCE, 0x25, 0x7C, 0xE1, 0x46, 0x9A, 0x91, 0x40, 0x9A, 0x9E, 0x6B, 0x62, 0xBA, 0xA4, 0x7C,
    0x26, 0x5C, 0xFE, 0x5D, 0x29, 0x4E, 0xFA, 0xB2, 0x9C, 0x7B, 0x29, 0xA7, 0x1C, 0xD0, 0x26, 0x5C,
    0xEC, 0x8D, 0x93, 0x98, 0xE8, 0x4C, 0x4E, 0x06, 0x9A, 0x4D, 0x63, 0x8E, 0xE5, 0x9D, 0x98, 0x9E,
    0x9C, 0xCE, 0x19, 0x57, 0xB4, 0x0E, 0x4F, 0x54, 0x73, 0x3C, 0xE1, 0xFF, 0xF6, 0x78, 0xFC, 0xCB,
    0x3D, 0x1E, 0x45, 0xB3, 0x3F, 0xD2, 0xB7, 0x7B, 0x3D, 0xFA, 0x9B, 0x15, 0x4B, 0xFC, 0x6B, 0x36,
    0x1E, 0xA9, 0xD6, 0x8E, 0x2C, 0x6C, 0xF6, 0x2E, 0xF1, 0x14, 0xA8, 0x1E, 0x0F, 0x53, 0x73, 0x3D,
    0xCC, 0x9B, 0xE8, 0xE1, 0x24, 0xE4, 0x50, 0x0E, 0x57, 0x8E, 0xA4, 0x7F, 0x39, 0x26, 0xA9, 0x41,
    0xEC, 0x0F, 0x7A, 0xFC, 0x37, 0x35, 0x3F, 0xA1, 0x78, 0x0F, 0xF4, 0xE8, 0xDB, 0x83, 0xD8, 0x8F,
    0x71, 0xE3, 0x81, 0x9E, 0x6A, 0x8C, 0xEF, 0xC3, 0x7B, 0x5F, 0x61, 0xD0, 0x23, 0xCD, 0xAE, 0xF6,
    0x48, 0x95, 0xD7, 0x7B, 0xA4, 0x5B, 0x47, 0xE7, 0x09, 0x64, 0xE4, 0x67, 0xA3, 0x9F, 0x09, 0x8D,
    0x26, 0xC7, 0xDD, 0x70, 0x2A, 0xD6, 0xE5, 0xFB, 0xBE, 0x55, 0x23, 0x2D, 0x83, 0x52, 0x5F, 0xA7,
    0x5C, 0xFD, 0x37, 0xF6, 0x88, 0xFF, 0x1A, 0xA3, 0xA4, 0x9A, 0xA5, 0xFB, 0x9B, 0x99, 0x51, 0x52,
    0xC0, 0x3A, 0xEF, 0x64, 0xAC, 0x73, 0x2B, 0x8C, 0x5D, 0xC2, 0x58, 0xED, 0x79, 0x9E, 0xC2, 0x33,
    0x77, 0x18, 0x67, 0x5A, 0x8E, 0xEC, 0x6B, 0xF0, 0xC8, 0xE1, 0x4F, 0x1B, 0x57, 0x49, 0x5A, 0x6F,
    0x42, 0xD9, 0xE1, 0x91, 0xF5, 0x33, 0x57, 0x2D, 0xF5, 0xFF, 0xEC, 0x81, 0xA3, 0xC5, 0x33, 0xEB,
    0x8F, 0x06, 0xB5, 0xFA, 0xA3, 0x2B, 0xB4, 0x96, 0xA3, 0x4C, 0x23, 0xD9, 0x5D, 0x4F, 0xF2, 0x84,
    0x5E, 0x2F, 0x25, 0x3B, 0xDD, 0xE6, 0xB8, 0x71, 0x15, 0xC7, 0xAB, 0x2D, 0x08, 0x15, 0xE9, 0x30,
    0xF0, 0x6A, 0x9E, 0x60, 0xCD, 0x84, 0xF7, 0x47, 0x10, 0x75, 0x49, 0x04, 0x6F, 0x78, 0xEC, 0x35,
    0x9B, 0x58, 0x12, 0xC0, 0x23, 0x8F, 0x94, 0xC5, 0xA8, 0xFC, 0xF7, 0x07, 0xD6, 0x50, 0x6C, 0x60,
    0x70, 0x19, 0xD1, 0x61, 0x56, 0x0B, 0xBD, 0x72, 0xA1, 0x72, 0xBF, 0x1F, 0x25, 0x26, 0xBF, 0xD4,
    0x03, 0xF1, 0x80, 0xB6, 0xBE, 0x5B, 0x9E, 0x3D, 0x47, 0xE1, 0xD4, 0x70, 0x3F, 0x49, 0xE2, 0x27,
    0x9F, 0x91, 0xB2, 0x4C, 0x6A, 0x25, 0xFD, 0xB7, 0xF8, 0x0A, 0x65, 0xD3, 0xFF, 0x8E, 0x53, 0x71,
    0x7E, 0x50, 0xA3, 0xA0, 0x67, 0xF3, 0x6E, 0x2A, 0x60, 0xA9, 0x73, 0x50, 0xC6, 0xF0, 0x30, 0x31,
    0xE9, 0xF6, 0x11, 0x62, 0x33, 0x75, 0xC5, 0xB5, 0x7D, 0x5E, 0x6E, 0x6D, 0x94, 0xF2, 0xBC, 0x1F,
    0xF7, 0x50, 0x9E, 0xBA, 0xD1, 0x43, 0xFE, 0x1B, 0xC1, 0x2A, 0x76, 0x74, 0xCF, 0x23, 0xD9, 0xDB,
    0x7D, 0x05, 0xE9, 0xEA, 0xDD, 0x09, 0xD2, 0xB7, 0xDF, 0xFD, 0x0E, 0x95, 0x9E, 0x49, 0x1C, 0xA5,
    0x05, 0x57, 0x75, 0x9F, 0xA1, 0xDB, 0x0B, 0x37, 0x36, 0xD1, 0xCA, 0xC2, 0x8D, 0x35, 0x94, 0x37,
    0x9B, 0xB3, 0xCA, 0x8D, 0xD8, 0x1B, 0x3C, 0xDD, 0x96, 0x81, 0x71, 0x37, 0x3A, 0x3E, 0x47, 0x51,
    0x1C, 0x91, 0x55, 0x0A, 0x7F, 0xD9, 0xBB, 0x0F, 0x21, 0xF2, 0xEB, 0x26, 0x14, 0xD4, 0x18, 0xF2,
    0x18, 0x73, 0x21, 0x6D, 0xC6, 0x6D, 0x40, 0xAE, 0x05, 0xCB, 0xE0, 0x43, 0x9B, 0x8D, 0xB0, 0x45,
    0x53, 0x8D, 0x04, 0xEA, 0xE1, 0xBA, 0xA3, 0x35, 0x24, 0xDE, 0x2C, 0xEB, 0x24, 0xFE, 0xAD, 0x4C,
    0x93, 0x3E, 0x2E, 0x84, 0x3B, 0x4C, 0xEE, 0x4D, 0xA0, 0x40, 0x47, 0x7E, 0x2D, 0xFB, 0xB7, 0xE5,
    0xB3, 0x48, 0x8A, 0x2C, 0xAF, 0x24, 0x65, 0x70, 0xC7, 0xBD, 0xA4, 0xDF, 0x75, 0xE6, 0x53, 0xF2,
    0x97, 0x17, 0xFD, 0x9C, 0x82, 0x14, 0x36, 0x68, 0x03, 0xBD, 0x6A, 0xE1, 0xBE, 0xC7, 0x63, 0x40,
    0x7E, 0x6D, 0x1E, 0xB1, 0x80, 0xA6, 0xB8, 0x07, 0x20, 0x80, 0xDD, 0x2C, 0xCD, 0x0C, 0xA5, 0x9B,
    0x53, 0xF8, 0xBC, 0x87, 0x97, 0x0C, 0xA3, 0x6C, 0x90, 0x54, 0xE5, 0x64, 0x67, 0x93, 0xFE, 0x42,
    0x67, 0x53, 0xD1, 0x2D, 0xA4, 0x56, 0x47, 0x00, 0x01, 0xC0, 0xD8, 0x82, 0xA5, 0xBD, 0x09, 0xC6,
    0xC9, 0xD9, 0xE3, 0x71, 0x0E, 0x70, 0x3C, 0x43, 0xC2, 0x9E, 0xBC, 0x1C, 0x35, 0xFC, 0xB5, 0x47,
    0xF5, 0xAD, 0xDC, 0xB4, 0x5D, 0x5A, 0xE4, 0x51, 0x95, 0xDF, 0xFD, 0x68, 0xB7, 0xFE, 0xB4, 0x79,
    0xA3, 0x7F, 0x0E, 0xA9, 0x41, 0xF9, 0x81, 0x37, 0x37, 0x78, 0xD6, 0xBD, 0x19, 0x51, 0x6F, 0x7B,
    0x93, 0x05, 0x1E, 0xD8, 0xCE, 0x6A, 0x48, 0x65, 0x7D, 0x34, 0x2A, 0x4C, 0xBA, 0x93, 0x03, 0x43,
    0x92, 0x3D, 0x1E, 0x1E, 0xAE, 0xCF, 0xF7, 0x75, 0x74, 0xC5, 0x24, 0xC3, 0xEA, 0x52, 0x06, 0xBE,
    0x38, 0xAF, 0x3F, 0x53, 0xB6, 0xDC, 0x7F, 0x5B, 0x1E, 0x55, 0xE3, 0x7D, 0x33, 0xBC, 0xB7, 0x40,
    0x58, 0x65, 0x4E, 0xC0, 0x16, 0x48, 0x98, 0xBC, 0x9F, 0x7B, 0x77, 0x9A, 0x24, 0x9F, 0x19, 0x1A,
    0x90, 0x8C, 0xAE, 0x3E, 0x65, 0xC0, 0x2A, 0xD7, 0x9F, 0x21, 0x8F, 0xFF, 0x5B, 0x66, 0xB4, 0x5A,
    0xEC, 0xDD, 0xD3, 0x8C, 0x35, 0x05, 0xD9, 0xBD, 0xB9, 0xAB, 0x79, 0x34, 0x8C, 0x0B, 0x4E, 0x03,
    0x00, 0xD8, 0xA8, 0x4B, 0xEF, 0x13, 0x51, 0xA9, 0x71, 0x08, 0x2D, 0xFB, 0x00, 0xB0, 0x01, 0xD8,
    0x94, 0x06, 0xEC, 0x51, 0x8E, 0x5F, 0xDE, 0x17, 0xEC, 0xF1, 0xD2, 0xD5, 0x24, 0x57, 0x45, 0x48,
    0xBE, 0x9A, 0xC3, 0x2D, 0xFE, 0x8A, 0x11, 0xB3, 0x51, 0x8C, 0x24, 0xF6, 0x93, 0x70, 0xB9, 0x61,
    0x2A, 0x38, 0x7B, 0x16, 0x35, 0xD9, 0xDB, 0xD6, 0x41, 0xF2, 0xAF, 0xC5, 0x02, 0x25, 0x07, 0x99,
    0x44, 0x6F, 0xAD, 0x8F, 0x92, 0xBE, 0xEB, 0xC0, 0x27, 0x54, 0x36, 0x37, 0x38, 0x05, 0x8E, 0x08,
    0xB6, 0x81, 0x33, 0x26, 0x37, 0x83, 0x29, 0x07, 0x7E, 0x0A, 0x89, 0x0A, 0xF8, 0x5E, 0xE6, 0x94,
    0xBC, 0x13, 0xAD, 0x49, 0x80, 0x33, 0x5E, 0xCF, 0xF1, 0xD4, 0x18, 0xBE, 0xC8, 0xB3, 0xF6, 0x4E,
    0xF3, 0x87, 0xC4, 0xE2, 0xF6, 0x30, 0xEA, 0x39, 0xAB, 0x12, 0x2E, 0x34, 0x14, 0x23, 0xEF, 0xBA,
    0x74, 0x1F, 0xCD, 0x31, 0x30, 0xDC, 0x6C, 0x60, 0x38, 0xD5, 0xC0, 0x50, 0xE4, 0x43, 0xF1, 0x86,
    0xA1, 0x2D, 0xF0, 0xA3, 0x6C, 0x7D, 0x88, 0xFA, 0x8B, 0xB3, 0xFF, 0x41, 0x3D, 0x27, 0xEE, 0x46,
    0xC8, 0xAC, 0x58, 0x03, 0xBF, 0xFC, 0x30, 0xA0, 0x02, 0x60, 0x90, 0xB8, 0x94, 0xBB, 0x11, 0x9C,
    0xFA, 0x20, 0x8A, 0x1A, 0x65, 0x43, 0x8B, 0x4D, 0xC5, 0x88, 0x14, 0x0A, 0x32, 0x69, 0x18, 0x21,
    0xA3, 0xFD, 0x17, 0x31, 0x56, 0x7E, 0x1C, 0x2C, 0x36, 0x08, 0x86, 0x25, 0x80, 0x05, 0x23, 0x53,
    0xE3, 0x39, 0x8C, 0xFB, 0xAF, 0xAF, 0xA3, 0xC5, 0xA2, 0xB2, 0xD4, 0x3B, 0x28, 0x05, 0x16, 0xB7,
    0x97, 0x93, 0x72, 0xDC, 0xA3, 0x90, 0xFE, 0x47, 0xB4, 0x7C, 0xFA, 0x66, 0x54, 0x19, 0xC5, 0x75,
    0xE9, 0x7E, 0x0A, 0xD6, 0x75, 0xDE, 0x49, 0x1B, 0xEA, 0x3A, 0xB7, 0xA2, 0xA2, 0x44, 0x78, 0x30,
    0x9E, 0x89, 0x2E, 0x65, 0x6D, 0x1E, 0x32, 0xFC, 0xA6, 0x3C, 0x51, 0xF9, 0x7E, 0x69, 0x8F, 0x94,
    0xBD, 0x6F, 0x95, 0x30, 0xC3, 0x2A, 0x91, 0x2C, 0x7B, 0x44, 0x1F, 0x86, 0x25, 0xFE, 0xC1, 0x1E,
    0x9B, 0xB3, 0x58, 0xD6, 0xAA, 0xD0, 0x62, 0x4C, 0x45, 0x76, 0x47, 0x60, 0x69, 0x22, 0x5A, 0x0F,
    0x58, 0xA2, 0xC7, 0x39, 0x81, 0xA3, 0x8B, 0x5B, 0x11, 0x8F, 0x39, 0xF5, 0xD0, 0x96, 0xB7, 0x28,
    0xEF, 0xC4, 0x40, 0xEA, 0xBB, 0x82, 0x35, 0x3F, 0x9F, 0x00, 0xE1, 0x1F, 0x7F, 0x39, 0xA2, 0x6E,
    0x0C, 0x06, 0x40, 0x6A, 0x96, 0xBC, 0x89, 0x03, 0xFB, 0xB4, 0x44, 0x73, 0x53, 0x0E, 0x6F, 0x75,
    0x1C, 0x99, 0x16, 0xF7, 0x02, 0x52, 0x16, 0x79, 0x34, 0x04, 0x03, 0x9E, 0xCA, 0x3E, 0x6C, 0x6C,
    0x20, 0x89, 0x0F, 0x15, 0xFE, 0x42, 0x3F, 0xF1, 0xDC, 0x29, 0x28, 0x3D, 0xD9, 0x47, 0xC5, 0xB7,
    0x24, 0xC7, 0x28, 0xD8, 0xD0, 0x71, 0x1A, 0xF5, 0x6E, 0x12, 0x05, 0x92, 0x61, 0x81, 0x45, 0xE2,
    0x60, 0xF7, 0x50, 0x92, 0x4B, 0x03, 0x28, 0xB3, 0x62, 0x95, 0x82, 0xD5, 0x17, 0x13, 0xDE, 0xB0,
    0xED, 0xE9, 0xA7, 0x62, 0x95, 0x65, 0xE7, 0x7C, 0xB3, 0x98, 0x85, 0xD6, 0x0A, 0x63, 0x65, 0x58,
    0x42, 0x35, 0x24, 0xD1, 0x95, 0x47, 0xF6, 0xEE, 0xB9, 0x76, 0x60, 0xA8, 0xE9, 0xD6, 0x81, 0xB8,
    0x2A, 0x38, 0x84, 0xE4, 0x0A, 0xC2, 0xF6, 0x9C, 0x09, 0xEC, 0x46, 0x55, 0xCE, 0xBD, 0x35, 0xFC,
    0x11, 0xC9, 0xBE, 0x9D, 0x89, 0xA7, 0x24, 0xC3, 0xAC, 0x57, 0x0E, 0x27, 0x9E, 0xD4, 0x7F, 0xD3,
    0xB9, 0xD5, 0x1F, 0xE4, 0xD8, 0x6D, 0x8F, 0xB8, 0xD8, 0x9D, 0xE8, 0x67, 0x82, 0x59, 0xCF, 0x72,
    0x4D, 0x13, 0xF8, 0x6B, 0xBB, 0xD1, 0x11, 0xE0, 0xA4, 0x32, 0x66, 0x9F, 0x0B, 0xA7, 0x02, 0x31,
    0x7F, 0x7D, 0x20, 0x09, 0xEC, 0x1F, 0xD7, 0x0F, 0xFF, 0xC8, 0xD4, 0xBB, 0xB6, 0x92, 0x9F, 0xD9,
    0xA3, 0xD5, 0xDE, 0x64, 0xA0, 0x99, 0xCE, 0x36, 0x15, 0xD0, 0xC5, 0x43, 0x8C, 0x92, 0xA8, 0xBB,
    0xCF, 0x36, 0x31, 0x82, 0x1C, 0xD9, 0x4A, 0xAA, 0xD6, 0x3E, 0xCF, 0x6A, 0xE3, 0x21, 0xDF, 0x23,
    0xF1, 0x50, 0xD9, 0xD9, 0x78, 0x88, 0xB5, 0xDA, 0xE7, 0x25, 0x64, 0x3F, 0x9E, 0x54, 0xF5, 0xBB,
    0xBF, 0x1E, 0x2F, 0x5B, 0x32, 0x67, 0x51, 0x10, 0x74, 0x0D, 0x88, 0x71, 0x5A, 0xF6, 0xF5, 0x38,
    0x5B, 0xB2, 0xE0, 0x71, 0x61, 0x52, 0xF5, 0xE9, 0xDC, 0x01, 0x39, 0xA1, 0xEC, 0x09, 0x92, 0xCB,
    0x9E, 0x49, 0x74, 0x4B, 0xC2, 0x96, 0x7A, 0x25, 0x9E, 0xEC, 0xD2, 0xDF, 0x1E, 0xEA, 0xF7, 0x37,
    0xA7, 0x77, 0x17, 0x23, 0x80, 0x82, 0x42, 0x63, 0xF4, 0x1A, 0x44, 0xAA, 0x1B, 0xD1, 0x58, 0x5F,
    0xE4, 0xDE, 0x81, 0x2C, 0x2E, 0x05, 0x67, 0x4E, 0xB5, 0xCF, 0x52, 0x0A, 0xF2, 0xC2, 0x27, 0x45,
    0x07, 0xA9, 0xFC, 0xF5, 0xE6, 0x06, 0xAA, 0xB4, 0x06, 0x17, 0x11, 0xC5, 0x45, 0xE2, 0xBF, 0x2A,
    0x0C, 0xF3, 0x56, 0x25, 0x96, 0x61, 0xCE, 0x50, 0xE0, 0x4F, 0x09, 0x44, 0x04, 0x4B, 0x24, 0xFA,
    0x2E, 0xA5, 0xF9, 0x6C, 0xC4, 0x2A, 0x4E, 0x49, 0x6C, 0xF3, 0xE0, 0x92, 0xC8, 0x6F, 0xC6, 0xFE,
    0x9D, 0xA4, 0xD6, 0xC3, 0x35, 0xC0, 0xE7, 0x9B, 0x35, 0xD2, 0x63, 0xD7, 0x5B, 0xE4, 0xCF, 0x4F,
    0x1D, 0xA4, 0x6A, 0xC9, 0x9A, 0x4F, 0xCD, 0x5E, 0xFB, 0x22, 0x15, 0x08, 0xD6, 0x6C, 0x7E, 0x28,
    0x67, 0x43, 0xF7, 0x82, 0xA5, 0x0F, 0x92, 0xE0, 0x26, 0xFA, 0x8E, 0x75, 0x88, 0xE2, 0xB3, 0xCF,
    0x65, 0xCE, 0x4B, 0x61, 0xE8, 0xAF, 0x6F, 0xCC, 0x47, 0x89, 0xBD, 0x00, 0xAE, 0x77, 0x38, 0x79,
    0x10, 0x25, 0xF6, 0x5D, 0xBD, 0x54, 0xFC, 0x77, 0xA5, 0x8F, 0x00, 0x9A, 0xF1, 0x59, 0x21, 0x20,
    0x36, 0x98, 0x10, 0x2F, 0xCC, 0xB2, 0xA1, 0x3B, 0xF9, 0x79, 0xFD, 0x93, 0x84, 0x74, 0x2E, 0x2D,
    0x58, 0x12, 0xF7, 0x69, 0x0D, 0x95, 0xB4, 0x55, 0x53, 0x43, 0xFE, 0x8F, 0xDE, 0xF5, 0xD2, 0xDC,
    0xC6, 0xB6, 0x3A, 0x9A, 0xDB, 0x80, 0xB7, 0xF3, 0x7B, 0x10, 0x7A, 0x25, 0x1A, 0x54, 0x52, 0x34,
    0xC6, 0x83, 0xC4, 0x2A, 0xDB, 0x4A, 0x2D, 0x76, 0xF3, 0x8D, 0x34, 0xFD, 0x3F, 0x4F, 0x22, 0x5F,
    0x0E, 0x44, 0x32, 0xAA, 0x73, 0x92, 0xE6, 0xA5, 0x4C, 0xEC, 0x34, 0xB0, 0xC4, 0xCB, 0x5C, 0xB7,
    0x97, 0x4A, 0xEF, 0x8D, 0x93, 0x9C, 0x40, 0xC9, 0xA6, 0x9A, 0x66, 0x80, 0xD4, 0x07, 0xF6, 0x3A,
    0xAC, 0x89, 0xA6, 0x50, 0xFC, 0xEF, 0x79, 0xEF, 0x62, 0x66, 0x8A, 0x51, 0xDE, 0x61, 0x48, 0x27,
    0x06, 0xDE, 0x9F, 0xF4, 0xAB, 0xCC, 0xA4, 0x12, 0x23, 0xEA, 0xB8, 0x29, 0x6A, 0x51, 0xFF, 0x0F,
    0xD2, 0x07, 0xA5, 0xBA, 0xF8, 0x6C, 0x7D, 0xC0, 0x3E, 0xAF, 0x43, 0x70, 0x7F, 0x99, 0x3D, 0x16,
    0x44, 0x2B, 0xD3, 0xEC, 0x69, 0x39, 0xC2, 0x3C, 0xEB, 0x40, 0x5B, 0x40, 0xD3, 0x96, 0x30, 0x0F,
    0x52, 0x3F, 0xD1, 0x15, 0xCE, 0x21, 0xFA, 0x58, 0x78, 0x94, 0x54, 0x4F, 0x48, 0x75, 0x99, 0x33,
    0xA4, 0xE4, 0x84, 0xED, 0xC7, 0x61, 0xFB, 0xE9, 0xA7, 0xFC, 0xA7, 0xE0, 0x00, 0x7A, 0x8A, 0xA4,
    0x4F, 0x50, 0x18, 0xA8, 0x47, 0x9A, 0x9B, 0xA8, 0xE6, 0xF0, 0xE0, 0x4D, 0x34, 0x6B, 0x20, 0x52,
    0x3B, 0xE9, 0xA2, 0x1C, 0x35, 0x45, 0xC3, 0xDB, 0x0D, 0x42, 0x5B, 0xA7, 0x21, 0x8C, 0x11, 0x1A,
    0x11, 0xA3, 0x44, 0x1A, 0x4C, 0xF4, 0xEB, 0xEF, 0x19, 0x25, 0xDE, 0x9F, 0xF4, 0x3E, 0x39, 0xA7,
    0x5E, 0xA3, 0xAA, 0x9B, 0xED, 0xF1, 0xF5, 0xC6, 0x83, 0x96, 0x58, 0x7B, 0xBC, 0x4B, 0x5C, 0xB6,
    0x7C, 0x9E, 0xF8, 0x3D, 0x2D, 0xD7, 0xB9, 0x0F, 0xC2, 0x08, 0x6C, 0x27, 0x1C, 0x88, 0x5E, 0x46,
    0x97, 0x99, 0x7A, 0x29, 0x49, 0xFE, 0x1F, 0x18, 0xB3, 0x48, 0xD1, 0x2F, 0x8C, 0x91, 0xFE, 0xD0,
    0xB7, 0xD7, 0x90, 0x7E, 0x32, 0x35, 0x42, 0xC5, 0x77, 0xFF, 0xE4, 0x0F, 0x14, 0xCC, 0x81, 0x2B,
    0x6D, 0x40, 0xC0, 0x61, 0x31, 0x6F, 0x98, 0x84, 0x33, 0x29, 0x38, 0xC1, 0x72, 0x64, 0xDB, 0x42,
    0x2D, 0xCF, 0x4D, 0xB4, 0x19, 0x25, 0x85, 0x00, 0x9A, 0x94, 0xEC, 0x02, 0x86, 0xDA, 0xE7, 0x91,
    0x24, 0x80, 0x49, 0xFE, 0x45, 0xDF, 0xDA, 0x9E, 0x39, 0xF4, 0xB7, 0x15, 0x02, 0xE9, 0x8F, 0x26,
    0xDF, 0x27, 0xFF, 0x7C, 0xB5, 0x08, 0x5D, 0x58, 0x5F, 0x9C, 0x36, 0xB0, 0xC5, 0x7C, 0x47, 0x7F,
    0x09, 0x76, 0xB4, 0xF2, 0x2E, 0x6C, 0x3E, 0x4E, 0x01, 0x2E, 0x67, 0xF1, 0x12, 0x69, 0x45, 0x5C,
    0xF6, 0xE2, 0x67, 0x28, 0xEB, 0xAF, 0xFC, 0x47, 0xF2, 0xED, 0xDA, 0xF8, 0x0E, 0x95, 0x7D, 0xF0,
    0x54, 0x37, 0x1A, 0x5A, 0x18, 0x52, 0x6A, 0x5B, 0xD5, 0x00, 0x21, 0xD7, 0x36, 0x20, 0x83, 0x01,
    0xC3, 0x4A, 0x37, 0x80, 0x55, 0xF1, 0xAE, 0x69, 0x3D, 0x6F, 0x98, 0xC4, 0xB5, 0x4E, 0x15, 0xCE,
    0x9F, 0x0C, 0x79, 0x42, 0xBE, 0x64, 0x17, 0x93, 0xCF, 0x5E, 0x04, 0x7D, 0xE3, 0xAB, 0xEF, 0x58,
    0x17, 0x4E, 0x09, 0x26, 0x6A, 0xCF, 0xFD, 0xCA, 0x8D, 0xC1, 0x3C, 0xFD, 0x78, 0x70, 0xBF, 0xB2,
    0xE9, 0xCB, 0xC7, 0x8B, 0x03, 0xC1, 0xBC, 0xA0, 0x56, 0xBD, 0xBF, 0x40, 0xBF, 0xB0, 0x8A, 0xA9,
    0x9E, 0x3C, 0x60, 0x0B, 0x28, 0x34, 0x9F, 0x1B, 0xD1, 0xA9, 0x06, 0x44, 0x60, 0x85, 0x68, 0x84,
    0x7C, 0x8F, 0xA6, 0x0F, 0x86, 0xFF, 0xD4, 0x79, 0x2F, 0x13, 0xE3, 0x21, 0x65, 0x1B, 0x9C, 0x80,
    0x17, 0x7E, 0x2D, 0x17, 0xC6, 0x8B, 0x03, 0xC5, 0xD8, 0x5F, 0xBC, 0xB4, 0x40, 0x7F, 0xE1, 0x33,
    0xA6, 0x16, 0xE7, 0x31, 0xED, 0xBE, 0xC7, 0x99, 0xF7, 0x85, 0xFD, 0x42, 0x0E, 0xF0, 0x97, 0xB8,
    0xD2, 0xE9, 0x2C, 0x62, 0x95, 0x10, 0xB5, 0xBE, 0x0E, 0xC4, 0x6F, 0x45, 0xAA, 0xBE, 0x9E, 0x24,
    0xE5, 0x79, 0x94, 0x74, 0xED, 0x73, 0x96, 0x92, 0xFE, 0xCE, 0xF3, 0xC8, 0xA9, 0x5B, 0x56, 0x45,
    0xA9, 0x38, 0x17, 0xB5, 0x4F, 0x50, 0x7E, 0x2D, 0x8D, 0x12, 0xE7, 0x41, 0xA8, 0x46, 0x3C, 0x82,
    0x68, 0x2C, 0xF2, 0x14, 0x11, 0xCB, 0xF1, 0x64, 0x52, 0xA8, 0x8B, 0xE7, 0x8B, 0x12, 0x09, 0x3C,
    0x41, 0x21, 0xBE, 0x47, 0x97, 0x06, 0x28, 0xFC, 0x27, 0x54, 0x64, 0xAC, 0x0E, 0x4F, 0x52, 0x6B,
    0xE2, 0x49, 0xD2, 0x4F, 0x23, 0x7A, 0x78, 0xB3, 0x43, 0xC5, 0x2B, 0x50, 0xA0, 0x05, 0x23, 0x8F,
    0xAF, 0xA1, 0x82, 0xC8, 0xAA, 0x35, 0x80, 0x72, 0x0C, 0xDD, 0x03, 0x26, 0xF2, 0x93, 0xF3, 0x91,
    0x44, 0x03, 0x09, 0x8E, 0x19, 0x48, 0xC0, 0x15, 0x5F, 0x9D, 0x27, 0x7F, 0x5D, 0x64, 0x0D, 0x55,
    0xEC, 0xFA, 0x18, 0x6D, 0xD3, 0x95, 0x5B, 0x45, 0xD2, 0x7F, 0xD5, 0x0C, 0x4B, 0x7E, 0x1A, 0xEB,
    0xA2, 0xA2, 0xC2, 0xCA, 0x2E, 0xFA, 0x4E, 0xD1, 0x85, 0x71, 0xAA, 0x16, 0x6B, 0x9F, 0x22, 0x5F,
    0xD9, 0xFB, 0xD8, 0x86, 0xDA, 0x26, 0x73, 0x00, 0x67, 0x93, 0xC1, 0x28, 0xC0, 0x59, 0x98, 0x3B,
    0xDE, 0x89, 0x24, 0x85, 0x4F, 0xC7, 0x1F, 0x24, 0xFF, 0x9A, 0xD7, 0x7E, 0xC7, 0xE1, 0x09, 0x7A,
    0x7B, 0xF8, 0x4B, 0x14, 0x8B, 0xED, 0x41, 0x95, 0xFC, 0x73, 0xC1, 0x82, 0x0A, 0x86, 0x41, 0x32,
    0xE0, 0x19, 0x8C, 0xE7, 0x1B, 0xE9, 0x04, 0xDC, 0x6D, 0x66, 0x35, 0x2A, 0xCB, 0x90, 0x37, 0xCF,
    0x3D, 0xD4, 0xE9, 0x5F, 0xC5, 0xCE, 0xA1, 0x24, 0x89, 0xB6, 0x0D, 0xB6, 0x13, 0x4F, 0x4E, 0xB0,
    0xCF, 0xFF, 0xEC, 0x3B, 0x9F, 0xD2, 0xDC, 0x77, 0x16, 0x3C, 0xE1, 0x32, 0x67, 0x98, 0xFD, 0x65,
    0xD2, 0xE9, 0x37, 0xA3, 0x99, 0x1F, 0x11, 0x32, 0xFD, 0xEB, 0x8C, 0x4C, 0x17, 0x23, 0x98, 0x51,
    0xC6, 0xF6, 0xF7, 0x33, 0xA6, 0x15, 0xFA, 0x56, 0xD8, 0x23, 0xE1, 0xF7, 0xB4, 0x12, 0x89, 0x69,
    0x25, 0x4A, 0x04, 0x99, 0xD9, 0xE2, 0x45, 0x36, 0x2C, 0x3B, 0xEF, 0x8E, 0x39, 0x41, 0xED, 0x99,
    0xDB, 0xE1, 0x19, 0xAF, 0x32, 0xED, 0x8E, 0x39, 0x0C, 0xCF, 0x59, 0xCB, 0xE6, 0x12, 0x20, 0xAC,
    0xCF, 0xF9, 0x31, 0x98, 0x94, 0xB8, 0x03, 0x1A, 0x25, 0x14, 0xA3, 0x94, 0x88, 0x6C, 0xA8, 0x39,
    0xBF, 0x08, 0x83, 0x2B, 0xFC, 0x97, 0x2B, 0x72, 0x18, 0x65, 0xD9, 0x42, 0xCE, 0xA4, 0x4D, 0x4E,
    0x05, 0x33, 0xF1, 0xC2, 0xE2, 0xE5, 0x2B, 0x67, 0x8C, 0xD7, 0x46, 0x0A, 0x9F, 0xD3, 0x38, 0x2B,
    0x74, 0x97, 0xE4, 0xF0, 0xF3, 0x78, 0xE5, 0xBF, 0x14, 0x46, 0x17, 0x8E, 0x99, 0x4D, 0x5C, 0xB5,
    0x25, 0xBC, 0xBF, 0xAC, 0xE1, 0x57, 0x42, 0x9D, 0xCC, 0xBD, 0x4B, 0xA0, 0x2E, 0xE8, 0x84, 0xAA,
    0x20, 0xBD, 0x55, 0x01, 0x65, 0x59, 0xBA, 0x63, 0x01, 0x03, 0x35, 0xD6, 0x17, 0x49, 0x0A, 0x28,
    0xF1, 0xAD, 0x74, 0xC5, 0xDF, 0x90, 0xEE, 0xDA, 0xC7, 0x3D, 0xEF, 0x66, 0x40, 0xA6, 0x90, 0xBC,
    0x4C, 0xBE, 0x1A, 0x47, 0x70, 0xEE, 0x8A, 0x42, 0xC5, 0x84, 0x90, 0x7F, 0x5D, 0x3E, 0x8F, 0x73,
    0x5E, 0x3C, 0x0F, 0xF8, 0xF6, 0xF0, 0x38, 0xB4, 0x91, 0x7B, 0xF9, 0x7D, 0x4D, 0x9C, 0xC7, 0xAB,
    0x98, 0xFF, 0xC7, 0x7D, 0x43, 0xFC, 0xBC, 0x4A, 0xAE, 0xBF, 0x18, 0x9F, 0x03, 0xE4, 0x3A, 0x07,
    0xD4, 0x4C, 0x1F, 0x7A, 0x8E, 0x14, 0x31, 0xDE, 0xC7, 0x2F, 0x07, 0xDC, 0x90, 0x50, 0x9B, 0xD0,
    0x2F, 0xEA, 0x2C, 0x12, 0x5B, 0x2F, 0x18, 0x6E, 0xC1, 0xEA, 0xA5, 0x16, 0xDC, 0x57, 0x4A, 0xF5,
    0xD3, 0xEC, 0xEF, 0xD2, 0xCC, 0x4B, 0xF7, 0x55, 0x6E, 0x30, 0xA3, 0xC2, 0x31, 0xDE, 0xAA, 0xA9,
    0xC4, 0x09, 0x65, 0x3B, 0xBE, 0x5B, 0x85, 0xE2, 0xDC, 0x31, 0x59, 0x78, 0x06, 0x31, 0xC3, 0x9D,
    0xD7, 0xA0, 0x80, 0xC2, 0x5C, 0xF7, 0xA7, 0x05, 0x0F, 0x7F, 0xAF, 0xF0, 0x9F, 0x23, 0xC9, 0x61,
    0x94, 0x65, 0x0B, 0xE5, 0xFD, 0xDD, 0x24, 0x2D, 0xDD, 0xBF, 0x67, 0xD2, 0x1C, 0x3F, 0xC8, 0x39,
    0xC9, 0x39, 0xCA, 0x39, 0x8B, 0xB4, 0xD2, 0xFD, 0x09, 0x2A, 0x2C, 0xCD, 0xFC, 0x4E, 0xEA, 0xCA,
    0xF3, 0xB0, 0x3D, 0x2A, 0x1C, 0xC5, 0x4B, 0x8F, 0x4B, 0x35, 0x20, 0x45, 0x26, 0x55, 0x50, 0x20,
    0x23, 0x9F, 0x3B, 0x42, 0xAA, 0xD8, 0x8E, 0xDE, 0x02, 0xCF, 0x32, 0x28, 0x80, 0xF9, 0x42, 0xD9,
    0xFD, 0x96, 0x29, 0x19, 0xF3, 0x09, 0x3B, 0x1C, 0xCD, 0x39, 0xFF, 0x6A, 0x40, 0x8A, 0xD7, 0x5C,
    0x2E, 0xE8, 0xF6, 0x71, 0x67, 0x06, 0x5C, 0xC4, 0x7B, 0x74, 0xAD, 0x9A, 0x0C, 0x0A, 0xA0, 0x6B,
    0x2F, 0xD4, 0x5C, 0x15, 0xFF, 0xC5, 0x7D, 0x02, 0x19, 0xFD, 0x2E, 0xE4, 0x31, 0x2B, 0x19, 0x2D,
    0xDC, 0xA3, 0x3F, 0xE5, 0xD5, 0xE7, 0x9B, 0xD0, 0x6F, 0xDB, 0x8D, 0x28, 0x39, 0xFE, 0x45, 0xAD,
    0x21, 0xA9, 0x5C, 0xF5, 0x92, 0xB7, 0x52, 0xCD, 0xA3, 0x72, 0x7E, 0xC0, 0x6C, 0x57, 0x98, 0x09,
    0xFB, 0xB7, 0x21, 0x09, 0x50, 0x1B, 0x37, 0x1D, 0xCB, 0xB2, 0x85, 0x3C, 0x31, 0x48, 0x91, 0xCB,
    0xE6, 0x68, 0x30, 0x71, 0x90, 0xC4, 0x41, 0x13, 0xF8, 0xC6, 0x5F, 0xC8, 0x7C, 0x2E, 0xE0, 0x33,
    0xEF, 0xA7, 0x92, 0x70, 0xB6, 0xB2, 0xE7, 0xF1, 0xE3, 0x84, 0x0F, 0xF7, 0x92, 0x3C, 0x68, 0x57,
    0xEF, 0xED, 0xA9, 0xD1, 0x34, 0x4D, 0x59, 0xAE, 0x69, 0x02, 0xFE, 0xA2, 0xE7, 0x1E, 0x23, 0x6F,
    0x63, 0x83, 0x78, 0x5C, 0xD3, 0x18, 0xE6, 0x14, 0xCC, 0xCD, 0xE4, 0xF7, 0xF3, 0x9A, 0x0D, 0xD9,
    0x78, 0x51, 0x7E, 0x81, 0x35, 0x3B, 0xB0, 0x56, 0x53, 0x1D, 0x5A, 0x08, 0x52, 0xB2, 0x7B, 0xF9,
    0xDF, 0x1D, 0x2A, 0xF4, 0xA3, 0x6A, 0x12, 0xE6, 0xBD, 0x20, 0xAE, 0x9F, 0x92, 0xCC, 0x7E, 0x57,
    0x86, 0x10, 0x64, 0x80, 0xA3, 0xC5, 0x4F, 0xF0, 0xFF, 0xC0, 0x48, 0xC2, 0xD7, 0x62, 0x35, 0x5E,
    0xF3, 0x90, 0x52, 0x31, 0xBE, 0x5F, 0xE0, 0xB7, 0xCE, 0x05, 0xBA, 0xBF, 0x65, 0x8F, 0x88, 0xC7,
    0xA9, 0x04, 0x3A, 0x2E, 0xF1, 0x82, 0x02, 0xDE, 0x44, 0x7F, 0x89, 0x9E, 0xE8, 0x9F, 0x90, 0xE1,
    0xD7, 0xB0, 0xD1, 0x6E, 0x5C, 0x26, 0x00, 0x15, 0x05, 0xEE, 0x5A, 0xB2, 0x30, 0xF0, 0x74, 0xBB,
    0x12, 0x78, 0xA4, 0x9D, 0x32, 0x24, 0xEC, 0x7E, 0xBA, 0x9D, 0xAD, 0x79, 0xA9, 0x5D, 0x0A, 0x74,
    0x78, 0xBC, 0x58, 0x13, 0x08, 0x90, 0x36, 0x3B, 0x40, 0x63, 0xD8, 0x9F, 0x9F, 0xBD, 0x83, 0xB0,
    0x1D, 0xE9, 0x58, 0x55, 0x1D, 0xAA, 0x01, 0x29, 0x6A, 0x00, 0xCF, 0xF3, 0x41, 0x41, 0x8D, 0xB6,
    0xFF, 0xF8, 0xB8, 0xB8, 0x3D, 0x79, 0x5C, 0xF2, 0xC6, 0xEF, 0xF1, 0xAA, 0xAE, 0x8D, 0x4B, 0x34,
    0xF7, 0x0E, 0x9E, 0x8C, 0x8F, 0xD1, 0x3F, 0xC3, 0x4C, 0xB2, 0x43, 0x81, 0x85, 0xF0, 0x21, 0x69,
    0xE9, 0xC4, 0x58, 0xA5, 0x63, 0x8E, 0x0F, 0x06, 0xD8, 0x52, 0xD7, 0xF7, 0x34, 0xEE, 0x63, 0x0A,
    0x47, 0x18, 0xBE, 0xFF, 0x0A, 0xEE, 0x23, 0xDC, 0x33, 0x1E, 0x6A, 0x04, 0x8C, 0x7A, 0xD1, 0x94,
    0x38, 0x9E, 0x5A, 0x33, 0xA5, 0x76, 0x09, 0xBC, 0xFA, 0x04, 0xBA, 0x26, 0xB2, 0xF8, 0x8F, 0x20,
    0x9C, 0x0D, 0x40, 0x41, 0xC2, 0x20, 0x92, 0x00, 0x6C, 0x0A, 0x44, 0x92, 0x01, 0x50, 0x5A, 0x00,
    0xE1, 0x57, 0x18, 0xA2, 0x3C, 0x57, 0x9F, 0xFF, 0x07, 0x8D, 0x58, 0x7F, 0x70, 0x14, 0xD7, 0x7D,
    0xFF, 0xEE, 0xAE, 0xA4, 0xD5, 0xED, 0x8F, 0x3B, 0xDA, 0x91, 0xEC, 0x0B, 0xEC, 0x49, 0x4A, 0x73,
    0x8E, 0xD7, 0x58, 0x46, 0xAA, 0x59, 0xCC, 0x05, 0x4B, 0x68, 0x81, 0xC4, 0xD4, 0x18, 0x1A, 0x35,
    0xD5, 0xE2, 0x24, 0x20, 0x9B, 0xC4, 0xE9, 0xD8, 0x75, 0x11, 0x9C, 0x6D, 0x31, 0x85, 0x8C, 0x6D,
    0x0E, 0x6B, 0xB0, 0xB1, 0x83, 0x1A, 0xB9, 0x49, 0xC8, 0xD4, 0x85, 0x58, 0x53, 0xC0, 0x48, 0x2B,
    0xF4, 0x23, 0x83, 0x3A, 0xA5, 0x86, 0xE8, 0x56, 0x66, 0xF8, 0x65, 0x43, 0x72, 0x22, 0xA6, 0x9E,
    0xBA, 0xB4, 0xB9, 0xB1, 0x4D, 0xED, 0x1C, 0x6D, 0x51, 0x5A, 0x4D, 0xAD, 0x10, 0xC4, 0xF6, 0xF3,
    0xDD, 0xBD, 0xC3, 0x4A, 0xC7, 0x7F, 0xE4, 0xA4, 0xEF, 0xDB, 0xF7, 0xDE, 0xBE, 0x7B, 0xEF, 0xFB,
    0xF3, 0xF3, 0xFD, 0xBE, 0x8B, 0x10, 0x91, 0xDA, 0xE5, 0x4F, 0x53, 0x97, 0xF3, 0x18, 0x49, 0x64,
    0x32, 0xA5, 0x24, 0xE7, 0x31, 0x55, 0xF2, 0xA7, 0x85, 0xE2, 0x98, 0x4E, 0x90, 0x29, 0x9C, 0xF0,
    0xA7, 0xA5, 0x65, 0x4E, 0xAB, 0x8A, 0xF5, 0xBA, 0xE2, 0xF6, 0xC7, 0x15, 0xD7, 0x45, 0x97, 0xCA,
    0x40, 0xB1, 0x5A, 0x7F, 0x4A, 0x3C, 0x61, 0xF7, 0x12, 0x5D, 0xF0, 0x88, 0x96, 0x52, 0x8A, 0xB2,
    0x76, 0xAC, 0x61, 0xC7, 0xAF, 0x85, 0x64, 0xFC, 0x33, 0x54, 0xDE, 0xD1, 0x2A, 0xBE, 0x34, 0x76,
    0x40, 0xB2, 0x0D, 0x52, 0xE7, 0x0F, 0xF5, 0xEB, 0xA0, 0x7A, 0x32, 0x28, 0x09, 0xE2, 0x6F, 0x97,
    0x91, 0x46, 0x31, 0x90, 0xF8, 0xCA, 0x50, 0x3F, 0xCD, 0x05, 0xA1, 0x9F, 0xE2, 0xB9, 0x98, 0x7F,
    0x5D, 0x28, 0x77, 0xDA, 0xF8, 0x0C, 0x7A, 0xC0, 0x9F, 0x16, 0x5F, 0xA2, 0x94, 0xA4, 0x90, 0x19,
    0x05, 0x19, 0xAA, 0x7B, 0xD4, 0x04, 0xF1, 0xAB, 0x4A, 0xEA, 0x82, 0x00, 0xCB, 0xDF, 0xB0, 0x49,
    0xE8, 0x5A, 0x86, 0xD3, 0x15, 0x1A, 0x21, 0x4A, 0x60, 0x8B, 0xA6, 0xED, 0xBE, 0x4F, 0xEA, 0xD7,
    0xA8, 0x11, 0x73, 0x0E, 0xE6, 0x54, 0x77, 0x92, 0x84, 0xFB, 0x31, 0x94, 0x1E, 0x70, 0x47, 0x48,
    0xE6, 0xB9, 0x68, 0x04, 0x43, 0x23, 0x42, 0x69, 0x32, 0x23, 0xD2, 0x24, 0x36, 0x13, 0x6C, 0x08,
    0x6B, 0x42, 0x20, 0x66, 0x4E, 0x6C, 0xF0, 0x67, 0x88, 0x52, 0x73, 0x74, 0x22, 0xCB, 0xD2, 0xB1,
    0x23, 0x36, 0x89, 0x55, 0x5F, 0x76, 0x88, 0x5A, 0xB0, 0x33, 0x49, 0x90, 0x57, 0x90, 0x29, 0x47,
    0x92, 0xFA, 0x9C, 0x87, 0x63, 0x8F, 0x41, 0x2F, 0xD4, 0x90, 0x21, 0x43, 0x98, 0x9C, 0xA2, 0xD4,
    0x52, 0xDB, 0x08, 0x38, 0xA7, 0x4A, 0xC8, 0x10, 0xDB, 0xEC, 0xCF, 0x08, 0x7D, 0x78, 0x6D, 0xBA,
    0xDD, 0x4C, 0x29, 0x93, 0x74, 0xD5, 0xCC, 0xA2, 0x7F, 0x11, 0x34, 0xDE, 0x2D, 0xF4, 0x8D, 0x77,
    0x4B, 0x7D, 0x85, 0x6E, 0xD9, 0xBC, 0xBC, 0x26, 0x6A, 0xDA, 0x7A, 0x3D, 0xDE, 0x57, 0x99, 0x84,
    0xD3, 0xA9, 0x95, 0xF7, 0x88, 0x2B, 0x38, 0x59, 0x17, 0xFB, 0xC4, 0x35, 0xF2, 0x20, 0x6D, 0xFA,
    0xA1, 0x4E, 0x9B, 0x0E, 0xE9, 0x29, 0xE3, 0x10, 0xF6, 0x38, 0xA4, 0x93, 0xF5, 0x8E, 0x4E, 0x8D,
    0xA7, 0x75, 0xF1, 0x0B, 0xA7, 0x75, 0x25, 0xF6, 0x82, 0xAE, 0x4B, 0xA7, 0x75, 0x4D, 0xF9, 0xB0,
    0xDD, 0xAC, 0xBF, 0x7D, 0x26, 0x99, 0x96, 0x23, 0xA1, 0x8E, 0x20, 0xFE, 0xAB, 0xFE, 0x0D, 0xCA,
    0x40, 0x04, 0xCA, 0x81, 0xE5, 0x4C, 0x3A, 0x15, 0x73, 0xAF, 0xAB, 0x35, 0x07, 0xDB, 0x05, 0xE8,
    0x9A, 0x75, 0x4E, 0x6F, 0x0E, 0xF5, 0x89, 0xA7, 0x86, 0xFA, 0x24, 0xF4, 0x15, 0x90, 0x51, 0xBD,
    0xC9, 0x31, 0xE7, 0x87, 0x36, 0xE6, 0xEF, 0x87, 0x1B, 0x50, 0x86, 0x4A, 0x1F, 0xC9, 0x9F, 0xA2,
    0x26, 0x89, 0x2C, 0x52, 0xB9, 0x21, 0xC9, 0x1D, 0x45, 0xE3, 0x74, 0x12, 0x9C, 0xC5, 0x22, 0xB1,
    0x0B, 0x3D, 0x89, 0x97, 0x28, 0xBC, 0xD6, 0xA8, 0x76, 0x1C, 0x8A, 0x07, 0x6A, 0x0B, 0xF7, 0xD3,
    0x48, 0xB5, 0x35, 0x12, 0xDE, 0x82, 0xDF, 0x95, 0xB7, 0xB7, 0x85, 0x36, 0xD7, 0x49, 0x6D, 0xF0,
    0x6F, 0x08, 0xC1, 0x69, 0xE0, 0xE7, 0xE4, 0xA6, 0x36, 0x01, 0x3C, 0x49, 0x58, 0xA7, 0x62, 0xCC,
    0x7E, 0x13, 0x2F, 0xF2, 0x13, 0xC1, 0x5A, 0x52, 0x33, 0x35, 0xE8, 0x7A, 0x8B, 0x6D, 0xB4, 0xF9,
    0x1C, 0xCE, 0xF6, 0x3A, 0x09, 0x42, 0x0D, 0x91, 0x6A, 0xBA, 0x7B, 0x48, 0x08, 0x0E, 0x12, 0x1C,
    0xE8, 0xEF, 0x04, 0x38, 0x13, 0x98, 0x29, 0x69, 0x45, 0x89, 0x5B, 0x9D, 0xB9, 0x8D, 0x4B, 0x3F,
    0x00, 0xB7, 0x02, 0xCD, 0x29, 0x31, 0x95, 0xC4, 0xA6, 0x6C, 0x36, 0x61, 0x33, 0x1B, 0xDE, 0xE4,
    0x43, 0x4C, 0x83, 0x0D, 0x6F, 0x94, 0x51, 0xB4, 0xBA, 0x03, 0x6C, 0x06, 0x1E, 0x41, 0xCF, 0xC2,
    0x37, 0xEC, 0xAB, 0x36, 0x49, 0xE2, 0x5E, 0x18, 0x5E, 0x36, 0xD2, 0xA4, 0x25, 0x8C, 0x7A, 0x32,
    0x3B, 0x0D, 0x95, 0xEA, 0x02, 0xB7, 0xE6, 0xA8, 0xA8, 0xA4, 0x1D, 0x36, 0x1C, 0xD3, 0xCB, 0x91,
    0x70, 0x9A, 0x15, 0x94, 0x88, 0x27, 0x88, 0x92, 0x4D, 0x65, 0xD8, 0xEF, 0x10, 0x0E, 0x12, 0xDF,
    0x80, 0xB3, 0xAA, 0x04, 0xA5, 0x3D, 0x4D, 0x0B, 0x88, 0x36, 0xFB, 0xD7, 0x48, 0x5A, 0x05, 0x77,
    0x94, 0xD9, 0x27, 0x43, 0xC7, 0x54, 0x9C, 0x34, 0xC5, 0x55, 0x38, 0x6B, 0x10, 0x64, 0x81, 0x11,
    0x1F, 0x46, 0x50, 0xAC, 0x67, 0xEB, 0x3C, 0x02, 0xBA, 0xB0, 0x3A, 0x95, 0xF0, 0xCE, 0x45, 0x6B,
    0xEC, 0xBD, 0x64, 0x3C, 0xBE, 0x9A, 0x8C, 0xD7, 0x76, 0x8B, 0xEB, 0x5F, 0xDE, 0x2D, 0x19, 0x2F,
    0xEF, 0x56, 0x8D, 0x63, 0xBB, 0x75, 0xA3, 0x47, 0xAB, 0x37, 0x48, 0x4B, 0x1A, 0x74, 0x3D, 0x90,
    0x4F, 0xA2, 0x32, 0x75, 0x05, 0xD5, 0x0B, 0x2B, 0xE0, 0xEF, 0xEB, 0x5E, 0xCE, 0xD1, 0xE6, 0x01,
    0xBB, 0x49, 0x85, 0x23, 0xC6, 0xBC, 0x7A, 0xAA, 0xED, 0x1D, 0xA1, 0xDB, 0xEF, 0xF6, 0x84, 0xA7,
    0x7E, 0x5F, 0x90, 0x7F, 0x4E, 0x8A, 0x2E, 0x91, 0xA1, 0x49, 0xD4, 0x69, 0x4A, 0x62, 0xCE, 0x92,
    0xA2, 0xAC, 0xA5, 0xF0, 0xFC, 0xEF, 0x42, 0x01, 0xBB, 0xCB, 0x22, 0xA4, 0x45, 0x60, 0x83, 0x48,
    0x24, 0xA5, 0xFB, 0xBF, 0x54, 0xB5, 0x68, 0x44, 0xD0, 0x1A, 0xEE, 0x27, 0xED, 0xCF, 0xCF, 0xD2,
    0xF9, 0xB3, 0xCD, 0xC2, 0x4F, 0xEF, 0x8F, 0x48, 0xAB, 0x23, 0x11, 0x55, 0x2B, 0x8F, 0x18, 0x51,
    0x77, 0x30, 0x0E, 0xE2, 0x38, 0x2F, 0x7E, 0xFF, 0x3A, 0x75, 0x83, 0xFF, 0xA8, 0xB3, 0x9E, 0x62,
    0xEE, 0xE1, 0x66, 0x9D, 0x34, 0x35, 0xEA, 0x1E, 0xA6, 0xF2, 0x4D, 0x6D, 0xA1, 0xD1, 0xDB, 0xDB,
    0x44, 0x9C, 0xF1, 0x89, 0x13, 0xB6, 0x3B, 0x25, 0xB7, 0x09, 0x9C, 0x30, 0xD6, 0xF2, 0x8B, 0x1B,
    0x24, 0x2E, 0xCA, 0x01, 0x6A, 0x1A, 0x7B, 0x7A, 0xC2, 0xA6, 0x89, 0x1B, 0xB5, 0x85, 0xE7, 0x16,
    0x5D, 0xF5, 0xC3, 0x39, 0x91, 0x1B, 0x99, 0x1B, 0x65, 0x49, 0xAE, 0x87, 0xB4, 0x25, 0x99, 0x1E,
    0xAA, 0xAF, 0xA3, 0x1E, 0xB6, 0x71, 0x4F, 0xD1, 0xDE, 0x70, 0x0E, 0xB5, 0x0B, 0x7E, 0xD0, 0x85,
    0x49, 0x76, 0x0A, 0x78, 0x6B, 0x33, 0xF3, 0xA8, 0x82, 0x47, 0x05, 0x66, 0x54, 0xC0, 0xE3, 0x5B,
    0xEE, 0x61, 0xF1, 0x45, 0xD2, 0x24, 0xCC, 0x29, 0x98, 0x03, 0x56, 0x68, 0xF1, 0x88, 0x70, 0x1D,
    0xF2, 0xB4, 0x86, 0x41, 0xF1, 0xF0, 0xC7, 0x37, 0x48, 0xC8, 0xA4, 0xE1, 0x2A, 0xFA, 0x85, 0xBD,
    0xEC, 0x84, 0xA3, 0xD4, 0x2C, 0x8F, 0xFC, 0x27, 0xA9, 0xF5, 0xB7, 0x3E, 0x4F, 0x34, 0x87, 0xDD,
    0xB0, 0x96, 0x97, 0xD8, 0x4F, 0xEA, 0x24, 0xFD, 0xD1, 0xFE, 0xF5, 0x24, 0xAB, 0xE3, 0xD3, 0x14,
    0x95, 0x72, 0x93, 0x64, 0x44, 0xFF, 0x60, 0x1A, 0x4E, 0x53, 0xA3, 0x96, 0xFC, 0x0F, 0x00, 0x69,
    0xEB, 0x24, 0x3C, 0x8C, 0x38, 0x33, 0xA8, 0x82, 0xE2, 0xDF, 0x7C, 0x3E, 0x25, 0x78, 0xF9, 0xA8,
    0x6C, 0x33, 0x1E, 0x6A, 0x04, 0x20, 0x11, 0xEF, 0x1B, 0xBE, 0x19, 0xA0, 0xFC, 0x67, 0x22, 0x78,
    0xEA, 0x1A, 0x38, 0x2E, 0x8B, 0xF6, 0x61, 0xA0, 0xF9, 0xA0, 0x4C, 0xA7, 0x24, 0xFC, 0xF6, 0xB6,
    0x8E, 0x35, 0xA9, 0xCF, 0x0F, 0x75, 0xC7, 0xB8, 0x9F, 0xEC, 0x58, 0x43, 0xB7, 0x15, 0xCE, 0x0B,
    0x7F, 0x96, 0x39, 0x2F, 0x1D, 0xDC, 0x71, 0x5E, 0xBE, 0xCD, 0x3F, 0x1F, 0x4D, 0x92, 0x6E, 0x2C,
    0x70, 0x07, 0x93, 0x77, 0x38, 0xED, 0x45, 0xA0, 0x6A, 0x25, 0xF5, 0xCB, 0x10, 0x5E, 0xD8, 0xAD,
    0xC1, 0x89, 0xA3, 0x1D, 0x1B, 0xC3, 0xA6, 0x59, 0xC3, 0x50, 0x05, 0x1C, 0x53, 0x18, 0xAB, 0xD5,
    0x1D, 0x0E, 0x09, 0x8F, 0x67, 0x5D, 0x20, 0x60, 0xD6, 0x26, 0x59, 0xBC, 0x94, 0xA3, 0xA8, 0xAA,
    0x6D, 0x25, 0x23, 0xA5, 0xC5, 0xC8, 0x9C, 0xA3, 0x95, 0xB2, 0x42, 0xF0, 0x94, 0xC9, 0x23, 0x9D,
    0x1B, 0x69, 0x25, 0x1A, 0x9A, 0xF7, 0xA5, 0xCB, 0x44, 0xD9, 0xAB, 0x37, 0xC8, 0x52, 0x85, 0x3C,
    0x25, 0x62, 0xCF, 0x4D, 0x52, 0x59, 0xED, 0x7E, 0x40, 0xEF, 0x9D, 0x9F, 0xFF, 0x88, 0xCA, 0x17,
    0xEB, 0x97, 0x48, 0x39, 0x64, 0x9C, 0x27, 0xFD, 0x74, 0xE3, 0x69, 0x32, 0x56, 0xCE, 0xF1, 0xC8,
    0xE4, 0xEF, 0xD6, 0x71, 0x03, 0x1F, 0xB4, 0x43, 0x21, 0xBF, 0x0C, 0x21, 0x77, 0x57, 0xC2, 0x14,
    0xED, 0x70, 0xBA, 0x4D, 0x2F, 0xA6, 0x34, 0x2D, 0x12, 0xD3, 0xFC, 0x7F, 0x86, 0x3E, 0x22, 0x64,
    0xB8, 0x2F, 0x0A, 0x7B, 0x2F, 0x9E, 0x95, 0xD6, 0x7B, 0x67, 0x81, 0xA6, 0x67, 0xA3, 0xD6, 0xE5,
    0xFB, 0x8D, 0x74, 0x46, 0x4F, 0xE6, 0x8A, 0x41, 0xC0, 0xDF, 0x7F, 0x01, 0xA8, 0xF3, 0x02, 0xE2,
    0x5B, 0x46, 0x06, 0x91, 0x9D, 0xAD, 0xCD, 0x32, 0x99, 0xAA, 0x0C, 0xA8, 0x0A, 0x1C, 0x0C, 0x0E,
    0x7E, 0x8E, 0x74, 0x71, 0x37, 0x30, 0x02, 0x7D, 0x05, 0xC0, 0x63, 0xE8, 0x4E, 0xFB, 0x27, 0x4E,
    0x0C, 0x55, 0xEC, 0x84, 0x16, 0xD8, 0x91, 0x39, 0xD4, 0xA1, 0x8C, 0x66, 0xA0, 0x92, 0x2A, 0x8C,
    0x67, 0x60, 0xBD, 0x51, 0xAA, 0x87, 0xB2, 0x33, 0x06, 0x21, 0xE3, 0xF5, 0xC9, 0xE5, 0x1D, 0x6D,
    0x51, 0xAC, 0xE1, 0x3F, 0x73, 0x7B, 0xC9, 0x89, 0x0D, 0x06, 0xAE, 0x7E, 0x01, 0x14, 0x7C, 0x1F,
    0x6A, 0x4D, 0xE9, 0x64, 0xC4, 0xA2, 0xCE, 0x46, 0x01, 0x04, 0xCC, 0x31, 0x78, 0x6F, 0x29, 0xA3,
    0x91, 0x8C, 0xBD, 0xA3, 0xF3, 0xC7, 0xDC, 0x7A, 0x08, 0x66, 0x05, 0x28, 0x5D, 0x56, 0x04, 0x81,
    0xFF, 0x99, 0x11, 0xBE, 0xBA, 0x30, 0x42, 0x71, 0x50, 0xE2, 0xC8, 0xBE, 0x54, 0xCD, 0x91, 0xC1,
    0x68, 0xBC, 0x38, 0x46, 0x5F, 0xDC, 0x74, 0x64, 0x50, 0x4A, 0x2E, 0x8C, 0x28, 0x8D, 0x0B, 0x23,
    0x5A, 0xE3, 0x3D, 0x11, 0x73, 0xC3, 0xB6, 0x48, 0xDD, 0x1B, 0xFF, 0x71, 0x17, 0x91, 0x3D, 0xA7,
    0x4A, 0x13, 0xEA, 0x28, 0xAA, 0x29, 0x8D, 0x24, 0x6A, 0x3A, 0x62, 0xA1, 0x7D, 0x75, 0x1C, 0xF6,
    0xD8, 0x8B, 0x03, 0x12, 0xA6, 0x42, 0xD1, 0x86, 0xBB, 0x91, 0x4C, 0x97, 0x76, 0x01, 0x52, 0x37,
    0x9E, 0x80, 0xC2, 0xCF, 0x49, 0x44, 0xF2, 0x6E, 0x05, 0x78, 0xA9, 0xE9, 0x26, 0x10, 0xC1, 0x00,
    0x4C, 0x6B, 0x4B, 0x67, 0xA8, 0x51, 0xBB, 0x43, 0xF9, 0xC4, 0xC6, 0xA1, 0x4C, 0x70, 0xDC, 0x20,
    0x41, 0xD8, 0xAD, 0x24, 0x78, 0xBD, 0x29, 0x29, 0x93, 0x53, 0xE5, 0x0B, 0x93, 0xA4, 0xFF, 0x25,
    0x84, 0xD7, 0xCB, 0x44, 0xA0, 0xB8, 0xB4, 0xD9, 0xF7, 0x55, 0x04, 0x34, 0x62, 0x9E, 0x58, 0xA6,
    0xAA, 0xA2, 0x4C, 0xE1, 0x1E, 0x71, 0xA8, 0x2F, 0xC1, 0xD0, 0x0B, 0x3D, 0x21, 0x62, 0x25, 0x3B,
    0x9D, 0xAA, 0xF5, 0xAF, 0x47, 0xCB, 0xF1, 0x4A, 0x0E, 0xD2, 0x88, 0x25, 0x3E, 0xE0, 0x8E, 0x4A,
    0x8A, 0xD3, 0xA9, 0xA8, 0x4E, 0xA7, 0x06, 0x02, 0xC3, 0x56, 0x9D, 0x22, 0x4E, 0xDE, 0xCC, 0x48,
    0xCC, 0x48, 0x11, 0xC1, 0xDD, 0x31, 0x37, 0x74, 0x54, 0x12, 0x8D, 0x3A, 0x6A, 0x52, 0x80, 0xD1,
    0x6A, 0xCC, 0xC0, 0xD2, 0x05, 0xFB, 0x2E, 0x01, 0x21, 0x86, 0x57, 0x21, 0x22, 0xB7, 0x73, 0x0E,
    0xFF, 0x2F, 0x8F, 0x64, 0x69, 0x7D, 0x2F, 0xE9, 0x09, 0xA3, 0x89, 0x0C, 0x46, 0xF0, 0xE4, 0x4D,
    0x04, 0x0F, 0x1F, 0x16, 0xD5, 0x80, 0x5D, 0x69, 0x3B, 0x84, 0x6B, 0x2C, 0x53, 0xA8, 0xCE, 0x28,
    0xB7, 0xC0, 0x58, 0x8D, 0x61, 0x18, 0x22, 0x88, 0xD0, 0xE7, 0xA7, 0xB4, 0xDE, 0x30, 0x54, 0xF4,
    0xF5, 0x4A, 0xA3, 0x72, 0x76, 0x79, 0x53, 0x49, 0x56, 0x99, 0x9A, 0xB1, 0x74, 0xE1, 0xBB, 0x70,
    0x3A, 0xB2, 0x80, 0xE5, 0x8B, 0xBC, 0x14, 0x10, 0x4D, 0xA5, 0x67, 0xC0, 0x26, 0x7C, 0x0E, 0xC8,
    0x22, 0x8E, 0x65, 0x0C, 0x69, 0xF9, 0xC5, 0x8D, 0xAA, 0x58, 0x38, 0xAE, 0x8B, 0x19, 0xA3, 0x1E,
    0xCF, 0x2A, 0xD0, 0x2C, 0xC1, 0x34, 0xCE, 0x77, 0xAC, 0xAE, 0xE1, 0xC0, 0x8F, 0xB2, 0x48, 0xC3,
    0x1C, 0x77, 0xCD, 0xAA, 0x96, 0x22, 0x35, 0x55, 0xA9, 0x72, 0x3A, 0x86, 0x74, 0x12, 0x57, 0x3B,
    0x5D, 0xC8, 0x18, 0x62, 0x17, 0x40, 0x5E, 0x96, 0x90, 0x40, 0xA2, 0xA2, 0xDB, 0x1B, 0xE6, 0xDF,
    0x92, 0x0F, 0x86, 0x35, 0x89, 0xFA, 0xD0, 0xD0, 0x61, 0xE1, 0x92, 0xA6, 0xB1, 0x00, 0x30, 0xAD,
    0xC6, 0xDA, 0x56, 0x61, 0x78, 0xA1, 0xC2, 0x3D, 0x00, 0xE8, 0x7B, 0x0C, 0xD0, 0x77, 0x54, 0x7C,
    0xD3, 0xD9, 0x2A, 0xAD, 0x72, 0xB6, 0x2A, 0xA8, 0xB5, 0x0C, 0xD4, 0x5D, 0xA6, 0x22, 0x4C, 0xFD,
    0x7F, 0x6D, 0x23, 0xA9, 0x09, 0xC3, 0x6C, 0xF8, 0x24, 0xA7, 0xFA, 0x5B, 0xDC, 0x83, 0x94, 0xE2,
    0xAC, 0xAB, 0x06, 0xA9, 0x57, 0xE5, 0x7A, 0x00, 0x66, 0x22, 0xE1, 0x3B, 0xB0, 0xA1, 0xF4, 0x12,
    0x7A, 0x32, 0xCF, 0x45, 0x2B, 0x98, 0xA9, 0xA0, 0xB4, 0xB9, 0x59, 0x14, 0x94, 0x09, 0x5E, 0x2E,
    0x0A, 0x92, 0x06, 0x0A, 0x05, 0x9A, 0x0B, 0x42, 0x3F, 0x25, 0xD8, 0x99, 0xA0, 0x10, 0xD4, 0xDB,
    0x91, 0xF5, 0x34, 0x4D, 0xE8, 0x6E, 0x5F, 0x2F, 0x71, 0x78, 0xA0, 0x1F, 0x05, 0x19, 0xD1, 0xA1,
    0xC3, 0x71, 0x1D, 0x61, 0x53, 0xF2, 0xC5, 0xA4, 0x26, 0x64, 0x28, 0xA1, 0x49, 0x1E, 0xFC, 0x5B,
    0x46, 0x42, 0x18, 0xEA, 0x46, 0xE6, 0xDD, 0xF4, 0x18, 0xAA, 0x24, 0x6D, 0xDB, 0x3A, 0xBC, 0x50,
    0x0E, 0x00, 0xA8, 0xB9, 0x62, 0xD8, 0x3C, 0x8C, 0xF8, 0x3D, 0x6C, 0x02, 0x32, 0xB4, 0x24, 0x90,
    0x94, 0x1B, 0x83, 0x1B, 0x4B, 0x6B, 0xB8, 0x4E, 0x8D, 0xC7, 0xEF, 0x58, 0x5F, 0x14, 0x52, 0x16,
    0xDA, 0xD4, 0x95, 0xEA, 0x8C, 0xB0, 0x32, 0xA2, 0xD3, 0xAD, 0x5F, 0xD3, 0x29, 0x5B, 0xD0, 0x9B,
    0x54, 0x75, 0x46, 0x8D, 0x61, 0x1C, 0x7B, 0x51, 0xA7, 0x3B, 0xFB, 0x75, 0x71, 0xF1, 0xBC, 0x19,
    0xE5, 0xD1, 0x88, 0xAE, 0x9F, 0x8E, 0xE8, 0x86, 0x1C, 0xD1, 0x4D, 0x59, 0x9D, 0xB1, 0x64, 0xA5,
    0xFD, 0x66, 0xD2, 0x7C, 0xD5, 0xF7, 0x85, 0x4C, 0x50, 0x31, 0x4D, 0x73, 0x35, 0xDD, 0x0C, 0xE2,
    0xEA, 0xFA, 0x26, 0xDE, 0x74, 0xEB, 0xBA, 0x08, 0x92, 0xD1, 0x87, 0x50, 0x48, 0x9A, 0x0F, 0xB5,
    0x9B, 0x21, 0xDE, 0x20, 0x49, 0x81, 0x59, 0x75, 0xC5, 0x66, 0x80, 0xF2, 0x0A, 0x24, 0x72, 0x52,
    0xC0, 0x22, 0x45, 0xD1, 0x34, 0xD5, 0x2C, 0x38, 0x4E, 0xEA, 0xD2, 0x8A, 0xEF, 0x13, 0x7D, 0x9B,
    0x37, 0x57, 0xB2, 0x3E, 0x89, 0xAB, 0x64, 0x94, 0x76, 0xAB, 0x62, 0x93, 0xA8, 0x6E, 0x13, 0xA3,
    0xA8, 0xD2, 0x9F, 0xE8, 0x46, 0x11, 0x31, 0xF1, 0x02, 0x25, 0x15, 0xE1, 0x93, 0xBA, 0x8D, 0xB8,
    0x02, 0xA9, 0x41, 0x39, 0x23, 0xB9, 0x6E, 0x7F, 0x30, 0x21, 0xBB, 0x23, 0x4D, 0x15, 0xD4, 0x08,
    0x0C, 0x0C, 0x63, 0x89, 0x5D, 0x3A, 0x8E, 0xA4, 0x97, 0x70, 0xD6, 0x2B, 0x35, 0xEE, 0x61, 0x0D,
    0x7D, 0x13, 0xCF, 0x46, 0x8C, 0x03, 0x9D, 0x28, 0x82, 0x17, 0x03, 0x89, 0xCA, 0xBC, 0x8F, 0x68,
    0xDE, 0xDA, 0xB7, 0x29, 0x3B, 0xE1, 0x35, 0xC1, 0x72, 0x6A, 0xAC, 0xC5, 0x47, 0x01, 0x9C, 0xA1,
    0x25, 0xE3, 0x9E, 0xF8, 0xF8, 0x32, 0x4F, 0x7E, 0xB7, 0x61, 0x46, 0x79, 0x49, 0xF0, 0x34, 0xAC,
    0x85, 0xE7, 0x78, 0x96, 0xB2, 0x3D, 0xC4, 0x40, 0x31, 0xE3, 0x51, 0xEC, 0x96, 0x1F, 0xBC, 0xCD,
    0xD1, 0x0E, 0xC7, 0xE1, 0x21, 0x51, 0xBD, 0x0D, 0xB6, 0x50, 0x43, 0x47, 0xC5, 0xF1, 0x3C, 0x58,
    0x70, 0x36, 0x11, 0x75, 0xBA, 0xCF, 0x87, 0x75, 0x9C, 0x14, 0x20, 0x80, 0xCC, 0x28, 0xC8, 0x8D,
    0x29, 0xC3, 0x85, 0x92, 0x32, 0x17, 0x9C, 0xB3, 0xAA, 0x37, 0x06, 0x53, 0xA4, 0xCF, 0xA2, 0x37,
    0xC6, 0xD9, 0x1B, 0xAB, 0xC7, 0x2F, 0x52, 0x4A, 0xFE, 0x62, 0x27, 0xA9, 0x89, 0xBB, 0x50, 0x6D,
    0xD2, 0x3F, 0x40, 0x99, 0xA2, 0x97, 0x47, 0x8A, 0x45, 0xC9, 0x25, 0x0D, 0xF8, 0xFF, 0x4B, 0xB2,
    0xCC, 0xD5, 0x16, 0x37, 0x86, 0x8C, 0x60, 0x31, 0x65, 0xAE, 0xB6, 0x4A, 0x9B, 0x06, 0xA0, 0xF4,
    0xA5, 0xF6, 0x36, 0xE1, 0x2A, 0x76, 0x64, 0x7F, 0xC6, 0xDB, 0x94, 0x1C, 0x2A, 0x2A, 0xE0, 0x8B,
    0xCB, 0xC1, 0x8F, 0x90, 0x2C, 0xFA, 0xFC, 0x6E, 0xC9, 0xF4, 0xBA, 0x15, 0xF3, 0x9F, 0xBA, 0x0D,
    0xD3, 0x59, 0x13, 0x37, 0x01, 0x18, 0x48, 0xFE, 0x65, 0x1C, 0x66, 0x7F, 0x8C, 0x30, 0x3B, 0x07,
    0x9C, 0x88, 0x8E, 0x1D, 0x67, 0x0F, 0x4E, 0xC1, 0x9B, 0x6B, 0x25, 0xAD, 0x91, 0xE6, 0x0D, 0xFD,
    0x23, 0xC9, 0x1D, 0xA3, 0xC2, 0x4A, 0x23, 0x2D, 0x21, 0xE9, 0xCA, 0x5C, 0xE2, 0x22, 0x16, 0x18,
    0x18, 0x93, 0xB3, 0x80, 0x11, 0x4C, 0x34, 0xA2, 0x8C, 0x5C, 0xE6, 0xE1, 0xB2, 0xD1, 0xC5, 0x39,
    0x4A, 0xE2, 0x12, 0x3C, 0xF2, 0x8D, 0xDD, 0x94, 0xAA, 0xF9, 0x78, 0x86, 0xD4, 0xB2, 0x16, 0x70,
    0x52, 0x31, 0xF1, 0x01, 0x51, 0xB3, 0x51, 0x4B, 0xC2, 0xB2, 0x7C, 0x86, 0xA4, 0xFB, 0x64, 0xA4,
    0x65, 0xE1, 0x28, 0x2A, 0x6A, 0x79, 0x79, 0x0E, 0xAC, 0xA0, 0xBC, 0x4C, 0xC2, 0x33, 0x68, 0x56,
    0xE8, 0xA2, 0x0E, 0x76, 0x3A, 0xDA, 0x84, 0x67, 0xE1, 0x65, 0x16, 0xB2, 0xE6, 0x3C, 0x7F, 0x2A,
    0x85, 0x85, 0x8A, 0x32, 0x74, 0x80, 0x12, 0x48, 0xF9, 0x46, 0xBD, 0x21, 0x3E, 0x34, 0x76, 0x5C,
    0x32, 0x8A, 0xA0, 0x26, 0xEC, 0xC8, 0xD4, 0x23, 0xBB, 0x55, 0x6D, 0xC5, 0xCD, 0x2A, 0xB0, 0xA0,
    0x8D, 0x8A, 0x6B, 0x39, 0x1A, 0x21, 0x8B, 0xE2, 0x86, 0xE4, 0x1D, 0x30, 0x99, 0x7A, 0x61, 0x8A,
    0x9A, 0xA3, 0x47, 0x0E, 0x93, 0x7A, 0xCF, 0xFD, 0x7B, 0x88, 0xBE, 0xF9, 0xD5, 0xBF, 0x86, 0x26,
    0xCB, 0x70, 0x2D, 0x63, 0x40, 0x96, 0xEE, 0xC3, 0xCE, 0x9C, 0x10, 0x89, 0x33, 0x62, 0x90, 0x12,
    0x29, 0xD9, 0x12, 0x16, 0x2E, 0x10, 0x15, 0x42, 0x25, 0x24, 0xF2, 0xA4, 0xED, 0xA8, 0x0C, 0xD4,
    0xE5, 0x79, 0x8A, 0xFD, 0x7C, 0xCA, 0x5A, 0x9C, 0xB8, 0x54, 0xB3, 0x3F, 0x7E, 0x52, 0x10, 0x37,
    0x40, 0xE0, 0x3C, 0x89, 0x00, 0x60, 0x19, 0x6B, 0xF4, 0xD8, 0x0A, 0x5B, 0x13, 0x7C, 0x5C, 0x48,
    0x8F, 0xE5, 0xEB, 0xB2, 0xF6, 0xD3, 0x41, 0xD4, 0xC3, 0x7E, 0x89, 0xEA, 0x6D, 0x8E, 0xF8, 0x6D,
    0x94, 0xFF, 0xE9, 0xE7, 0xEE, 0xA3, 0x79, 0xF6, 0xDF, 0x5B, 0x55, 0xC9, 0xAA, 0x84, 0x32, 0x76,
    0x80, 0xCA, 0xB7, 0xB5, 0x52, 0xF5, 0xB6, 0x36, 0x61, 0xBE, 0xDB, 0xAF, 0xB0, 0x6A, 0x1B, 0xFC,
    0x69, 0xA4, 0x24, 0xB2, 0x9C, 0x6D, 0x4E, 0xE3, 0xE3, 0xC5, 0x08, 0xC0, 0xA7, 0x8A, 0x1D, 0x61,
    0xFE, 0x58, 0x9F, 0xB4, 0x05, 0xE5, 0x50, 0xBA, 0x6B, 0x0D, 0xA0, 0x2D, 0x6F, 0x55, 0x51, 0x5D,
    0xA2, 0x05, 0xF8, 0x28, 0xD9, 0x19, 0x8A, 0xAE, 0x9D, 0x14, 0x6B, 0x5F, 0xDF, 0xC8, 0x0E, 0x18,
    0xC1, 0x1E, 0x9C, 0x93, 0x4D, 0xEC, 0x5B, 0x87, 0x3D, 0x2A, 0xAB, 0xFF, 0xA4, 0x8D, 0xD4, 0x4D,
    0xFB, 0x07, 0x49, 0xF8, 0xD6, 0x23, 0x70, 0xC1, 0x05, 0xEF, 0x0F, 0xA2, 0x56, 0x5A, 0xD6, 0x46,
    0x4D, 0x31, 0x84, 0xB9, 0xAA, 0x19, 0x5C, 0x4E, 0x0D, 0x1D, 0x06, 0xF4, 0x40, 0xB7, 0x22, 0x37,
    0x92, 0x32, 0xD4, 0x17, 0x14, 0x99, 0xA4, 0x33, 0x2A, 0xD7, 0x07, 0xFA, 0xB8, 0x99, 0x78, 0xAA,
    0x24, 0xA1, 0xAD, 0x46, 0x92, 0x66, 0xA4, 0xEC, 0xC7, 0x11, 0xDC, 0xA2, 0x22, 0x74, 0xE7, 0xFE,
    0x7D, 0xA9, 0x45, 0x4F, 0x0D, 0x46, 0x17, 0x3D, 0x15, 0xA1, 0x45, 0x47, 0x70, 0x39, 0x58, 0x38,
    0x28, 0x35, 0xBC, 0x3F, 0x28, 0xE3, 0x9D, 0x9E, 0xFD, 0x4D, 0x44, 0xBB, 0xF5, 0xEB, 0x11, 0x53,
    0xD2, 0x22, 0x96, 0x64, 0x3C, 0xC3, 0xDE, 0x0B, 0x7D, 0xF6, 0x50, 0xCD, 0xAD, 0xCE, 0x07, 0x24,
    0xFD, 0xC5, 0x9E, 0x5F, 0xC3, 0x34, 0x3B, 0x10, 0xD8, 0xB5, 0x8F, 0xF4, 0x51, 0xDD, 0x53, 0x89,
    0x1F, 0x51, 0x62, 0x45, 0xD9, 0xCB, 0x24, 0x88, 0x7C, 0xB5, 0x8C, 0xC1, 0xA3, 0x44, 0x76, 0x38,
    0x89, 0x7B, 0x4A, 0xE0, 0x7A, 0xDC, 0xAB, 0xE7, 0x5E, 0x52, 0x13, 0x47, 0x99, 0x1D, 0x3B, 0xCC,
    0x3F, 0x31, 0x2E, 0xFE, 0xC4, 0x55, 0x59, 0xD6, 0xD8, 0xF6, 0x0C, 0x57, 0x07, 0xA3, 0xB8, 0x6F,
    0x69, 0x09, 0x52, 0xE3, 0x9A, 0xC0, 0xA9, 0xB4, 0x27, 0xBC, 0x13, 0x8B, 0x2D, 0x70, 0x09, 0x59,
    0xC6, 0x91, 0x4A, 0xEC, 0xC8, 0x34, 0x69, 0xB7, 0xAF, 0xDD, 0x47, 0xF5, 0x47, 0x56, 0x7F, 0x8F,
    0x92, 0xD2, 0x17, 0x7B, 0x82, 0x9B, 0x04, 0xFB, 0xCF, 0x06, 0x52, 0x9F, 0xE3, 0x0B, 0x74, 0xF6,
    0x37, 0x7C, 0x95, 0xCE, 0x80, 0xBF, 0xD8, 0x7B, 0xD3, 0xD4, 0x3C, 0xFF, 0xD8, 0x20, 0xA9, 0x4F,
    0xAE, 0xDE, 0xCF, 0x37, 0x2C, 0xC0, 0x37, 0xE7, 0x22, 0xE1, 0xAF, 0x50, 0xA6, 0x49, 0xDD, 0x88,
    0x45, 0x99, 0xB5, 0x19, 0xD5, 0xD1, 0x33, 0xA2, 0x48, 0x50, 0xC0, 0xC8, 0xA3, 0xE1, 0x2F, 0x08,
    0x5C, 0xCA, 0x53, 0x6C, 0x85, 0xCB, 0x31, 0x42, 0x1B, 0x18, 0x68, 0xF3, 0xA1, 0x51, 0x9B, 0x1A,
    0xDE, 0x47, 0x8C, 0x24, 0x1F, 0xC1, 0x2D, 0xF8, 0x8E, 0xFD, 0xA8, 0x72, 0xE7, 0xBE, 0xD6, 0x87,
    0x00, 0x82, 0x9A, 0x65, 0x4E, 0x3B, 0x51, 0xF2, 0x6D, 0xC0, 0xDC, 0x5E, 0xC4, 0xC8, 0x02, 0xA3,
    0x99, 0x92, 0x69, 0x43, 0x99, 0x55, 0xBA, 0xA2, 0x02, 0xCF, 0x51, 0x42, 0x46, 0x99, 0x2A, 0xFB,
    0xEF, 0x01, 0x15, 0x2A, 0x64, 0x94, 0x4A, 0x0D, 0x83, 0x51, 0x4A, 0x6D, 0x39, 0x5A, 0x41, 0xCA,
    0x96, 0x43, 0x48, 0x20, 0x5B, 0x7A, 0x11, 0x56, 0xE9, 0x0D, 0x39, 0x08, 0x0D, 0xCF, 0x95, 0x2B,
    0xCA, 0x3F, 0xA0, 0xE8, 0x30, 0xE6, 0xB4, 0x75, 0xAD, 0x39, 0x32, 0x79, 0x03, 0x8B, 0x9B, 0xA0,
    0x74, 0x2D, 0x46, 0x5E, 0x3D, 0x27, 0xCD, 0x31, 0x4C, 0x3D, 0xF7, 0x06, 0x5E, 0x2C, 0xB0, 0x7F,
    0x42, 0xF4, 0x84, 0xFF, 0x1D, 0x60, 0x1F, 0x27, 0x83, 0x86, 0x0F, 0x01, 0xF4, 0xC9, 0x47, 0xA1,
    0x6D, 0x6E, 0xC4, 0xCD, 0x18, 0x4A, 0xFC, 0x5D, 0x85, 0x0B, 0x60, 0x2D, 0x86, 0x68, 0x36, 0x9B,
    0x3E, 0xDC, 0x4A, 0x75, 0x93, 0x35, 0xCA, 0xAC, 0x4C, 0xDE, 0x8E, 0xDA, 0xF1, 0x21, 0xF7, 0x78,
    0x10, 0x55, 0x50, 0x51, 0x13, 0x59, 0x95, 0xAA, 0x32, 0x06, 0xDB, 0x2D, 0xCA, 0xF3, 0x4F, 0x15,
    0x22, 0xFD, 0x84, 0xA4, 0x5A, 0xF7, 0xA8, 0x72, 0x2F, 0x2A, 0x31, 0xC9, 0x3D, 0x5A, 0x8F, 0xFC,
    0x93, 0xC4, 0x33, 0xC8, 0x4F, 0x28, 0xFA, 0x63, 0xFA, 0xB6, 0xB4, 0x18, 0x1D, 0x1B, 0x21, 0x3C,
    0x01, 0x53, 0x23, 0x4D, 0x9C, 0xB3, 0xB2, 0x57, 0x66, 0xE8, 0x95, 0xFE, 0x7E, 0x42, 0x8E, 0x10,
    0x41, 0xB2, 0xE3, 0xB4, 0x29, 0xF0, 0x76, 0x0D, 0x11, 0x82, 0x9B, 0x2E, 0x25, 0xFD, 0x52, 0xDA,
    0x66, 0x78, 0xAE, 0xAC, 0xEB, 0x25, 0x59, 0x4B, 0x71, 0x9D, 0x88, 0x7B, 0x70, 0xBD, 0xAE, 0x47,
    0xC9, 0xD2, 0x23, 0x72, 0xF1, 0x75, 0x0F, 0xC4, 0x41, 0x16, 0xC0, 0xBA, 0x9D, 0xED, 0x0E, 0xC9,
    0x8C, 0xF9, 0xB5, 0x76, 0x0B, 0xD1, 0xBD, 0x5C, 0x7C, 0x7D, 0x6E, 0xF9, 0xB9, 0x3C, 0x49, 0x0F,
    0xA0, 0x8C, 0x91, 0x9E, 0xC6, 0xF5, 0x41, 0x6A, 0x85, 0x2F, 0x89, 0xE1, 0x5D, 0x8F, 0xD9, 0xD0,
    0xCC, 0x60, 0x53, 0x83, 0x52, 0xBC, 0x69, 0xF8, 0xC1, 0xBE, 0x15, 0xC3, 0xFD, 0x9D, 0xC2, 0xBA,
    0x07, 0x51, 0xBB, 0xD5, 0xB2, 0x84, 0xD8, 0x30, 0x43, 0x15, 0xBE, 0xDB, 0xFB, 0xAC, 0x47, 0xBD,
    0x54, 0x70, 0xF3, 0x74, 0xD1, 0xE9, 0x0D, 0xC8, 0x75, 0x7B, 0xE4, 0xCA, 0x64, 0x23, 0x6F, 0x81,
    0x6B, 0x42, 0xF4, 0x26, 0xCB, 0xAA, 0x0F, 0x57, 0xE2, 0xBC, 0x14, 0x36, 0xE1, 0x50, 0xF4, 0x52,
    0xE1, 0x30, 0xB6, 0xF6, 0xE2, 0x56, 0x5C, 0x4F, 0x0B, 0x47, 0x49, 0xE7, 0xA1, 0x26, 0xBC, 0xB1,
    0x95, 0x9B, 0x1E, 0x32, 0x04, 0x8F, 0x6F, 0x8A, 0x39, 0x15, 0xD5, 0x55, 0x76, 0x26, 0xDC, 0x0A,
    0xF1, 0x3B, 0xB9, 0x65, 0x9D, 0x93, 0x4E, 0x23, 0x33, 0xCC, 0x26, 0x9E, 0x4F, 0x63, 0xE1, 0xA7,
    0xCE, 0xC3, 0x6B, 0x4A, 0xB2, 0x94, 0x08, 0x72, 0xE4, 0xBF, 0xB0, 0xCE, 0x19, 0x69, 0x94, 0x29,
    0x5D, 0x22, 0xCC, 0x4D, 0x2E, 0xFA, 0xB4, 0x39, 0xC7, 0x19, 0xE1, 0x1C, 0x05, 0x2B, 0x64, 0xF2,
    0x09, 0xD4, 0xDA, 0x86, 0x18, 0x50, 0x30, 0x36, 0x7E, 0x7B, 0xCC, 0xCF, 0x00, 0x59, 0x66, 0x53,
    0xD9, 0x6F, 0x9F, 0x3B, 0xEB, 0x8C, 0x11, 0xDE, 0xBF, 0x74, 0x16, 0xCF, 0x2F, 0x1D, 0x76, 0x27,
    0x71, 0x01, 0xDB, 0x30, 0x9B, 0xD7, 0x20, 0x8A, 0x7F, 0x17, 0xDE, 0xC1, 0x27, 0x2A, 0xD2, 0x74,
    0x89, 0x66, 0xF1, 0x3E, 0x87, 0x32, 0xBC, 0x49, 0x4E, 0xB2, 0x69, 0xFE, 0x35, 0xDC, 0x3A, 0xAA,
    0x9D, 0x15, 0x45, 0x85, 0xD4, 0xDE, 0x80, 0x73, 0x27, 0xFE, 0x05, 0x4D, 0xFC, 0xB4, 0x3E, 0x87,
    0xE2, 0xEF, 0x20, 0x5B, 0xD6, 0xFA, 0x86, 0x85, 0xA1, 0x69, 0xA0, 0xB1, 0x74, 0xAA, 0xB9, 0xB2,
    0x65, 0x13, 0xD5, 0xF4, 0x67, 0x07, 0x00, 0xDB, 0x73, 0x44, 0xE4, 0xE6, 0x20, 0x39, 0x17, 0x46,
    0x90, 0xF6, 0xBC, 0xC6, 0x62, 0x6F, 0xED, 0xC5, 0xD2, 0xD0, 0xE7, 0xBA, 0xE6, 0x2E, 0xCE, 0x5C,
    0xA3, 0xC8, 0x8C, 0x6A, 0xBE, 0x02, 0x89, 0xCA, 0x52, 0x91, 0x15, 0x2D, 0xBE, 0x7A, 0xC3, 0x46,
    0x24, 0xC0, 0xA2, 0x08, 0x4B, 0x95, 0x66, 0x7F, 0x0C, 0x72, 0x7B, 0xEF, 0xA2, 0x81, 0xF4, 0x62,
    0xDA, 0xD3, 0xF8, 0x5E, 0x66, 0xCF, 0xDD, 0x5E, 0x7E, 0xCF, 0xBD, 0x94, 0xCA, 0x4E, 0x8F, 0x9F,
    0xD9, 0xD3, 0x38, 0xEE, 0xCD, 0xA6, 0xEC, 0x8F, 0xC7, 0xBD, 0x83, 0x7F, 0xBA, 0xC3, 0xB3, 0x71,
    0x1E, 0xBB, 0x0C, 0xBE, 0x1C, 0xC4, 0x7B, 0xD6, 0x0F, 0x6F, 0x95, 0x70, 0x2F, 0x5B, 0x01, 0x38,
    0x32, 0x71, 0x9F, 0xE7, 0x58, 0x65, 0x96, 0x4C, 0xBD, 0x50, 0x5B, 0x2F, 0x54, 0x7C, 0xB3, 0xBF,
    0xC4, 0x75, 0xF3, 0x81, 0x7A, 0xC2, 0x35, 0xD4, 0x68, 0xC8, 0xB4, 0x64, 0x6C, 0x98, 0x16, 0x75,
    0xAC, 0x0B, 0xFA, 0xA5, 0x7A, 0x19, 0x7B, 0xDB, 0x39, 0x43, 0xB2, 0x2F, 0xB7, 0x3F, 0x68, 0x5F,
    0x1B, 0x1B, 0x08, 0xFA, 0xD7, 0x86, 0x06, 0xEC, 0xCB, 0xCE, 0x83, 0xB6, 0x5D, 0x12, 0x01, 0xB9,
    0xC8, 0x59, 0xE7, 0xB4, 0xB9, 0xAE, 0x7B, 0x00, 0x3A, 0x22, 0xD5, 0x1D, 0x08, 0x79, 0xC0, 0x93,
    0x5F, 0xCF, 0x75, 0xDD, 0x0C, 0xCE, 0xCC, 0xE1, 0xEC, 0x1C, 0xF6, 0x0D, 0x9E, 0x4B, 0x06, 0xDC,
    0x1C, 0x78, 0xC8, 0xCD, 0x29, 0xCA, 0x10, 0x1B, 0x28, 0x8C, 0x42, 0x24, 0x2B, 0x06, 0x59, 0x4A,
    0x4F, 0x1A, 0x1F, 0xF7, 0xE6, 0x17, 0x0A, 0xBF, 0x64, 0xE2, 0x3E, 0xE6, 0x80, 0x5B, 0x1E, 0xCD,
    0x1D, 0x28, 0xF4, 0x97, 0xAF, 0xBD, 0xD8, 0x46, 0x9F, 0xA8, 0x80, 0x7D, 0x85, 0x07, 0x32, 0x97,
    0x96, 0x4D, 0x35, 0xE8, 0x5C, 0x1B, 0xF8, 0x80, 0x96, 0x56, 0x3B, 0x0D, 0xF4, 0x7B, 0x38, 0x9D,
    0x84, 0x8B, 0x8E, 0x87, 0x66, 0x2D, 0xD6, 0x38, 0x8E, 0x1D, 0xDA, 0x0A, 0x5A, 0x4C, 0xCF, 0x36,
    0xA2, 0x73, 0x91, 0x87, 0x5C, 0x99, 0x85, 0x1F, 0x0D, 0x86, 0x01, 0xFD, 0xDD, 0x70, 0xEF, 0xCE,
    0xCF, 0x3E, 0xD4, 0xBA, 0xB3, 0x4E, 0xA3, 0x9D, 0x75, 0xA8, 0xCC, 0xAF, 0xF8, 0xD3, 0x7F, 0xB3,
    0xA1, 0x92, 0x82, 0xF1, 0x67, 0xDB, 0x5B, 0x77, 0x7E, 0xCE, 0x9F, 0xCA, 0xE6, 0x35, 0x3A, 0xD8,
    0xAA, 0x91, 0xCD, 0xB9, 0x8B, 0x7F, 0xC1, 0x28, 0x5F, 0xD6, 0x9A, 0x7D, 0xF7, 0xDF, 0x47, 0xF7,
    0xE5, 0x7A, 0x1A, 0x77, 0xFD, 0xE8, 0xAD, 0xDE, 0x5D, 0xDF, 0x1B, 0xCF, 0xEF, 0xFA, 0xE1, 0xFE,
    0xAD, 0xD9, 0xEB, 0x77, 0x95, 0xED, 0x03, 0x1C, 0xEF, 0x1A, 0xBE, 0x3A, 0xBD, 0xAB, 0xE7, 0xFB,
    0xD6, 0xAE, 0x7D, 0xA7, 0xD2, 0x43, 0xEF, 0x74, 0xE5, 0x0F, 0xAE, 0xBC, 0xE0, 0x65, 0x8C, 0x07,
    0xF3, 0x34, 0x52, 0x5F, 0x5F, 0x3A, 0x1D, 0x4A, 0xEB, 0x17, 0x80, 0x2B, 0xE2, 0x0E, 0xAF, 0x57,
    0xBC, 0x52, 0xC8, 0xF3, 0x93, 0x1D, 0x70, 0x6E, 0xB1, 0x9C, 0x96, 0xAE, 0x14, 0x46, 0x24, 0xB0,
    0x2C, 0xED, 0x01, 0xB1, 0x10, 0xA1, 0x21, 0xFD, 0x72, 0x18, 0x20, 0x3A, 0x30, 0x90, 0xD1, 0x65,
    0x31, 0x03, 0x85, 0x85, 0xCF, 0xE1, 0x81, 0x0C, 0x1B, 0xE6, 0xF1, 0x03, 0x6E, 0xEF, 0xA1, 0xC7,
    0xDE, 0xED, 0xDC, 0x1F, 0x3F, 0x65, 0x1D, 0xEB, 0xBB, 0x3A, 0x5A, 0xEA, 0xF3, 0xF3, 0xF5, 0xBE,
    0xC2, 0x68, 0xA0, 0x4C, 0x40, 0xB5, 0xFB, 0x8A, 0x7B, 0xE0, 0x5F, 0x4F, 0xB9, 0xBD, 0x67, 0x9E,
    0x8F, 0xA7, 0xCF, 0xBC, 0x30, 0x36, 0x79, 0xE6, 0xF9, 0x8E, 0xB4, 0x3F, 0xEE, 0xB4, 0x9E, 0x7B,
    0xC5, 0xED, 0x3B, 0x83, 0xE4, 0xCA, 0x73, 0x97, 0x4E, 0x61, 0xEE, 0x54, 0xC7, 0x88, 0x27, 0x8F,
    0x8D, 0x14, 0x3D, 0x0D, 0x99, 0xAA, 0x8E, 0x5A, 0xA6, 0x5B, 0xF8, 0xC7, 0x31, 0x6A, 0xF8, 0xEF,
    0xC5, 0x33, 0xC9, 0x85, 0xF7, 0x44, 0x98, 0xB8, 0x4F, 0x91, 0x0D, 0xD4, 0x32, 0xB5, 0xF9, 0xC6,
    0xDD, 0xC9, 0x8D, 0x5F, 0x59, 0xF8, 0xAD, 0x7D, 0xAF, 0xB5, 0x4C, 0xFD, 0x0C, 0xFD, 0x73, 0x5F,
    0x59, 0xFC, 0xE8, 0x1A, 0x77, 0xC9, 0xB1, 0xD8, 0xD0, 0x1C, 0xDC, 0xCC, 0x80, 0x59, 0x5B, 0x9C,
    0x75, 0xB0, 0x02, 0xFE, 0xD1, 0x0F, 0x3B, 0x9F, 0xDA, 0x67, 0xCF, 0xFC, 0x99, 0x3F, 0x35, 0x71,
    0xB2, 0xA3, 0x35, 0x07, 0xE8, 0x2C, 0x14, 0x29, 0x77, 0xB2, 0xA3, 0x6D, 0xE2, 0xAA, 0x7F, 0xDD,
    0xE7, 0x7E, 0x91, 0x78, 0xFE, 0x5A, 0x06, 0x7D, 0xFE, 0xC5, 0x3D, 0xA0, 0xD0, 0x57, 0x04, 0xCF,
    0x9F, 0x11, 0x3C, 0x4F, 0xBF, 0xE5, 0x6D, 0x4F, 0x6F, 0xB9, 0xEE, 0xE9, 0x12, 0xC6, 0x12, 0xC6,
    0xEA, 0xA4, 0xA7, 0x47, 0x3F, 0xF2, 0xF4, 0xCF, 0x9C, 0xF3, 0x67, 0xFE, 0x10, 0xE3, 0x6F, 0x80,
    0x84, 0x80, 0x78, 0x7D, 0x4E, 0x2F, 0x39, 0x5C, 0xF6, 0x57, 0xFE, 0x54, 0xCF, 0x13, 0x9E, 0xC5,
    0xF4, 0xFA, 0xAF, 0x3C, 0xEB, 0xE0, 0x8F, 0xC3, 0x71, 0x2F, 0x28, 0x8B, 0x71, 0xCF, 0x93, 0x18,
    0x3F, 0x65, 0x5B, 0xAF, 0x1F, 0x21, 0xEB, 0xF5, 0xBF, 0x25, 0xAB, 0x27, 0x01, 0x48, 0x4F, 0xF1,
    0xEF, 0xFF, 0x7C, 0xD9, 0x8A, 0x93, 0xEF, 0xC5, 0x69, 0xE2, 0xCD, 0xB1, 0x03, 0x13, 0x3F, 0x1D,
    0x1B, 0x2D, 0x9C, 0x8B, 0x27, 0x99, 0x26, 0x58, 0xA6, 0x73, 0x66, 0xD2, 0xE7, 0xFE, 0xF9, 0x8E,
    0xCE, 0xE0, 0xDD, 0x99, 0x78, 0x55, 0x21, 0x13, 0x07, 0xFF, 0x71, 0xBE, 0xC8, 0xCE, 0x42, 0x8E,
    0x34, 0xF6, 0xC8, 0xD3, 0xC4, 0xF8, 0x38, 0x4D, 0x9C, 0x78, 0xCE, 0x2B, 0x9C, 0xA6, 0x7C, 0xE1,
    0xDF, 0xBE, 0x3E, 0x39, 0x71, 0xB5, 0xD0, 0x37, 0xE1, 0x51, 0x99, 0x7F, 0xD2, 0x69, 0x9D, 0x78,
    0xCB, 0xCD, 0x4F, 0x9C, 0xA5, 0x0D, 0x05, 0xA6, 0x17, 0x69, 0x43, 0x4E, 0x45, 0xD2, 0x62, 0x0A,
    0x3E, 0x26, 0xB1, 0x9E, 0xC0, 0x43, 0x6F, 0xEE, 0xE4, 0x33, 0xAD, 0x37, 0x75, 0xF8, 0x0B, 0xFF,
    0xFA, 0x84, 0x57, 0x15, 0xBE, 0xC3, 0x7C, 0x0E, 0xEF, 0x83, 0x77, 0xAC, 0xC3, 0xEA, 0x67, 0xDA,
    0x68, 0xBE, 0xDB, 0xC7, 0xDF, 0xF6, 0x5F, 0xF5, 0xA7, 0x2E, 0xEC, 0x25, 0xEB, 0xC2, 0x5E, 0xC7,
    0xBA, 0xB2, 0xCF, 0xED, 0xFC, 0x30, 0xE8, 0xFB, 0xA0, 0x13, 0x96, 0x0F, 0xBA, 0x10, 0xD0, 0x15,
    0xEB, 0xCA, 0xDE, 0x8B, 0xD6, 0xE5, 0xF5, 0xB6, 0x95, 0x33, 0x20, 0xBF, 0x21, 0x4E, 0x71, 0xA9,
    0xF7, 0x7F, 0x75, 0x58, 0x0F, 0x70, 0x1B, 0x65, 0x76, 0x7F, 0xAB, 0xB5, 0xA4, 0x58, 0x5A, 0xD9,
    0x9A, 0x69, 0x5C, 0x96, 0x64, 0x25, 0x7B, 0xA6, 0xCB, 0xCD, 0xDA, 0x38, 0xF2, 0x26, 0x56, 0x8A,
    0x39, 0x20, 0x5E, 0x93, 0x5E, 0x53, 0xB8, 0xBB, 0x56, 0xD7, 0xD1, 0x3A, 0x04, 0x27, 0xC4, 0x38,
    0xE4, 0x30, 0x09, 0x84, 0x0D, 0x31, 0x87, 0x43, 0x81, 0xDB, 0x90, 0xE9, 0xD1, 0x0B, 0xBD, 0x23,
    0xE4, 0xCE, 0xDC, 0x14, 0xE8, 0x54, 0x37, 0x98, 0xAB, 0xBD, 0x4A, 0x62, 0x85, 0x38, 0x53, 0x93,
    0x26, 0xF1, 0x26, 0x19, 0xCA, 0x98, 0xDC, 0x0C, 0x6B, 0x81, 0x67, 0xDA, 0x2B, 0xB4, 0x4B, 0x87,
    0x94, 0xDE, 0xEA, 0x00, 0x41, 0x0C, 0x38, 0xC1, 0xF6, 0xF6, 0xBD, 0x95, 0x64, 0x3B, 0xE9, 0x55,
    0xF6, 0x7B, 0xFB, 0x7D, 0xDF, 0x7E, 0x7F, 0xDE, 0x9F, 0xDF, 0xF7, 0xBE, 0xF7, 0x2D, 0x00, 0x80,
    0xFB, 0x0F, 0xEE, 0x4C, 0x5E, 0xCF, 0xC1, 0xA4, 0x9E, 0xD7, 0x9D, 0xFD, 0xBA, 0x55, 0x78, 0xCE,
    0x28, 0x4E, 0xFE, 0xF4, 0xD5, 0xFE, 0x49, 0x5D, 0x02, 0x17, 0x69, 0xF2, 0xC0, 0x99, 0x0C, 0x51,
    0x01, 0xCB, 0x8E, 0x22, 0x81, 0x55, 0xF7, 0x40, 0x1A, 0xDA, 0xDD, 0x59, 0x60, 0xD4, 0x94, 0x7B,
    0xC1, 0xC8, 0x4D, 0x4E, 0x80, 0x3C, 0x79, 0xC1, 0x2D, 0x3A, 0xF8, 0x74, 0xDE, 0xC2, 0xFA, 0x1B,
    0x6A, 0x8A, 0xC8, 0x7D, 0xDB, 0x9D, 0x9E, 0x34, 0x79, 0x98, 0x7C, 0xE3, 0xA1, 0xB4, 0xF3, 0xA9,
    0x3B, 0xEB, 0x28, 0x3C, 0x58, 0xC0, 0xE3, 0x8A, 0x44, 0x55, 0x40, 0xE3, 0xC7, 0xCF, 0x63, 0xFF,
    0xF3, 0x20, 0x5B, 0xE7, 0x55, 0xCD, 0x39, 0x67, 0x64, 0x1C, 0x13, 0xC0, 0xBA, 0x80, 0xE3, 0xDE,
    0x82, 0xA4, 0xFB, 0x96, 0xDA, 0x67, 0x5D, 0x30, 0x46, 0x2D, 0x2C, 0x3B, 0xF8, 0xBC, 0x72, 0x00,
    0xEB, 0x21, 0x48, 0x42, 0xC8, 0x57, 0xC4, 0x09, 0x14, 0x20, 0xD9, 0x1F, 0x76, 0xA7, 0xF3, 0xBD,
    0x51, 0xF1, 0x5C, 0xAF, 0x28, 0x16, 0x7A, 0x25, 0xB1, 0xB0, 0xD3, 0xFD, 0xF0, 0x5C, 0x6F, 0x9B,
    0x98, 0xEF, 0x3D, 0x2D, 0xBA, 0xBD, 0x1F, 0x89, 0xE7, 0x76, 0xDC, 0xF7, 0xE1, 0xB9, 0x1D, 0xE2,
    0x7D, 0x05, 0x7C, 0xEF, 0xF4, 0x2E, 0x17, 0xCD, 0x84, 0x31, 0x0A, 0x44, 0x0B, 0x3F, 0x19, 0x5C,
    0x45, 0x86, 0xBC, 0x71, 0x66, 0x28, 0x3F, 0xB0, 0x37, 0x5D, 0xF8, 0x96, 0xAC, 0x17, 0xEE, 0x90,
    0xCD, 0xFC, 0x9F, 0xAF, 0xB6, 0xF2, 0x3B, 0x1F, 0x1B, 0x75, 0x8B, 0xE3, 0x42, 0x5E, 0x9F, 0x83,
    0xFC, 0xED, 0xFF, 0x0C, 0x85, 0x6F, 0xAF, 0x31, 0x9D, 0x07, 0xE5, 0x51, 0x2B, 0x27, 0x37, 0xD3,
    0x38, 0x80, 0xE8, 0x92, 0x39, 0x24, 0xC8, 0x3F, 0x8C, 0x76, 0xEC, 0x50, 0x94, 0xC2, 0xFA, 0x0E,
    0xB3, 0xB0, 0x9E, 0xD5, 0xF3, 0xDF, 0x7E, 0xD3, 0xCA, 0x6F, 0x3E, 0xD2, 0xE7, 0xA6, 0xF9, 0x68,
    0xBE, 0xF4, 0x7E, 0xB6, 0xA0, 0xEE, 0x4D, 0x7B, 0x36, 0x04, 0x09, 0xC7, 0x49, 0xE5, 0xF1, 0x22,
    0xB8, 0x7F, 0xBD, 0x37, 0x95, 0x47, 0x1B, 0xE7, 0x75, 0x11, 0x0A, 0x24, 0x87, 0x61, 0x0C, 0xE5,
    0xF7, 0xED, 0x57, 0xF2, 0xCF, 0x32, 0xB6, 0x3B, 0x26, 0x4A, 0xD4, 0x4E, 0xEF, 0x0B, 0xD8, 0xCF,
    0x51, 0x44, 0x1C, 0xDF, 0x06, 0xF0, 0x43, 0xF4, 0x01, 0xFE, 0xC6, 0xB7, 0xBA, 0xC5, 0x43, 0x77,
    0x45, 0xE5, 0x43, 0x77, 0x49, 0x72, 0x76, 0xD3, 0x19, 0x39, 0x7B, 0x97, 0x28, 0x1F, 0xDA, 0x74,
    0x52, 0x3B, 0xB4, 0x49, 0x95, 0xC7, 0xEF, 0x02, 0xF9, 0xD0, 0x03, 0x05, 0xF9, 0xD0, 0xF6, 0xFD,
    0x72, 0x76, 0xF7, 0x2F, 0x64, 0xE3, 0x98, 0x23, 0x1F, 0xB4, 0x41, 0x66, 0x4C, 0xB6, 0x58, 0x5A,
    0x5B, 0x43, 0x1F, 0x6B, 0xF2, 0xE4, 0x73, 0x6E, 0x66, 0x52, 0xDF, 0x6D, 0x3A, 0xFA, 0x1E, 0xC5,
    0x19, 0x71, 0x67, 0x27, 0x07, 0x5E, 0x4F, 0x4F, 0xEE, 0xB3, 0x08, 0x1B, 0xF6, 0xE4, 0xD7, 0x4A,
    0x6E, 0x72, 0xBF, 0x92, 0x73, 0xF6, 0xA3, 0x8F, 0xD7, 0x83, 0x66, 0xB1, 0x03, 0x39, 0x60, 0x8D,
    0x22, 0x30, 0xB0, 0x28, 0xBF, 0xDE, 0x0C, 0x79, 0xC2, 0xD1, 0xCB, 0x20, 0x15, 0x7E, 0x64, 0x0C,
    0x16, 0xF6, 0xA9, 0x4A, 0x7E, 0x9F, 0x9A, 0xCA, 0xEF, 0x57, 0x33, 0xEE, 0x7E, 0xC8, 0xE4, 0xF7,
    0xBB, 0x76, 0x1E, 0x9F, 0x85, 0xFD, 0x86, 0xED, 0x74, 0xA8, 0x29, 0xCB, 0xAF, 0xA6, 0xA0, 0x05,
    0xE5, 0xF7, 0x75, 0xE8, 0xEE, 0xED, 0x4F, 0xEB, 0xF9, 0x9D, 0x85, 0xFF, 0xC9, 0x6F, 0x7C, 0xE1,
    0xDD, 0x02, 0x96, 0x0B, 0x1D, 0x1D, 0x4A, 0x1E, 0x75, 0xCA, 0x6F, 0xD9, 0xAB, 0xB9, 0x9B, 0x45,
    0x99, 0x9E, 0x54, 0x2F, 0x60, 0xD9, 0x41, 0xB2, 0xE2, 0x67, 0x72, 0x10, 0x53, 0x35, 0x82, 0x10,
    0xFD, 0x82, 0x46, 0x16, 0x82, 0x6A, 0x17, 0xD2, 0x46, 0x2C, 0x8F, 0x40, 0x90, 0xFE, 0x5C, 0x17,
    0xEA, 0x52, 0x6A, 0xEA, 0xF1, 0x31, 0x27, 0xD7, 0x2D, 0x99, 0x1A, 0x3D, 0x1F, 0xED, 0x9D, 0xD2,
    0x90, 0xBC, 0x27, 0xD5, 0x11, 0x42, 0xD1, 0x8A, 0xFF, 0xC6, 0xD1, 0xAE, 0x87, 0x8E, 0x1A, 0x63,
    0xCF, 0x0F, 0x02, 0x9F, 0xFD, 0x85, 0xFB, 0x6E, 0x16, 0xED, 0xFD, 0x3C, 0xDA, 0xFB, 0xD0, 0x4F,
    0xF6, 0x6A, 0xE3, 0x48, 0xCF, 0xFF, 0xF4, 0x4C, 0xEE, 0xF9, 0xBF, 0x15, 0xE5, 0xEC, 0x73, 0x6E,
    0xD1, 0xE8, 0xB8, 0x1D, 0x0E, 0x86, 0x3B, 0xC8, 0x05, 0xC9, 0x45, 0x1C, 0x25, 0x11, 0x03, 0x73,
    0xF0, 0xCE, 0x86, 0x67, 0xF4, 0xFC, 0x2E, 0x66, 0xAC, 0xF0, 0x9A, 0xBB, 0xAC, 0x80, 0x08, 0xCD,
    0x3F, 0xFC, 0x76, 0xF1, 0x9D, 0xFB, 0x7E, 0x2D, 0xBB, 0x48, 0x54, 0xCE, 0x77, 0x30, 0x4A, 0xE1,
    0x4E, 0x56, 0x71, 0x6A, 0x37, 0x98, 0x56, 0xF2, 0xFD, 0x51, 0xB0, 0xDB, 0x04, 0x1A, 0x5D, 0x97,
    0x56, 0x53, 0x6B, 0x51, 0xB6, 0x6F, 0x8E, 0x39, 0x45, 0x7A, 0x7A, 0xE5, 0xD3, 0x57, 0x8A, 0xA8,
    0x0A, 0x6E, 0x35, 0xB7, 0x28, 0x77, 0x77, 0x6B, 0x41, 0x7D, 0xA5, 0x7E, 0x33, 0x40, 0xA6, 0xD6,
    0x75, 0x4D, 0x6A, 0x27, 0x1A, 0x77, 0xDD, 0x69, 0xDC, 0x47, 0x8A, 0xBB, 0xFE, 0x05, 0xF3, 0x9D,
    0xF5, 0x8C, 0x99, 0x5F, 0xEF, 0x9A, 0x64, 0xBF, 0xC2, 0xAE, 0x7F, 0x1F, 0xCD, 0xDF, 0xF7, 0x6F,
    0xE2, 0x3B, 0x3B, 0x7E, 0x33, 0xEA, 0xAA, 0x0F, 0xA4, 0xF2, 0x88, 0xBB, 0xFC, 0x0E, 0x77, 0xA8,
    0x70, 0xFB, 0xD7, 0x8A, 0x13, 0x5E, 0x6B, 0x59, 0x4F, 0x24, 0x9F, 0x80, 0x68, 0xB2, 0x6A, 0x01,
    0xC3, 0x6C, 0x69, 0x3E, 0x08, 0x97, 0xD6, 0x5B, 0xBB, 0x4B, 0xCD, 0xC9, 0x02, 0x68, 0x72, 0x9B,
    0xAD, 0xC9, 0xB2, 0xA6, 0xC9, 0xB9, 0x36, 0x4D, 0x76, 0x66, 0xB5, 0xD5, 0x57, 0xBE, 0xAB, 0xC9,
    0xE0, 0x47, 0x82, 0x32, 0xD5, 0x16, 0xA3, 0xE0, 0x57, 0xBC, 0xF1, 0xE0, 0x33, 0x89, 0x5B, 0x80,
    0x9E, 0x75, 0xE7, 0x60, 0x95, 0xAA, 0x6E, 0x21, 0x88, 0x47, 0x4A, 0x0C, 0x92, 0x01, 0x32, 0x35,
    0x75, 0xCC, 0xF9, 0xD0, 0x34, 0x16, 0x63, 0xD2, 0x00, 0x1B, 0x82, 0x0A, 0xF4, 0x41, 0x1C, 0x60,
    0x15, 0x61, 0x3A, 0xB4, 0x68, 0x51, 0xAF, 0x5C, 0xD6, 0x31, 0x83, 0xC3, 0x0F, 0x36, 0x34, 0x24,
    0x9F, 0xB7, 0x13, 0xD1, 0x7A, 0x85, 0xB5, 0xFA, 0x70, 0xED, 0x90, 0x61, 0xE8, 0xFE, 0x2E, 0x55,
    0xA9, 0xD8, 0x82, 0x48, 0xED, 0xC2, 0x98, 0x42, 0x36, 0xF1, 0xC4, 0xD1, 0x31, 0xC6, 0x58, 0xA4,
    0xCF, 0x5C, 0xB2, 0xAA, 0x2A, 0x12, 0xED, 0x0B, 0xFF, 0x49, 0xD0, 0x54, 0x46, 0x23, 0x8C, 0xB9,
    0x1C, 0x70, 0x71, 0x6C, 0x9F, 0x87, 0x30, 0x76, 0x8D, 0xBD, 0x07, 0x70, 0xEC, 0x82, 0xC2, 0x9E,
    0x3D, 0x6B, 0x27, 0x18, 0x73, 0x5D, 0x94, 0x31, 0x2B, 0xE1, 0xC5, 0x93, 0x41, 0xED, 0x1A, 0x48,
    0x5D, 0x54, 0x31, 0xF6, 0x64, 0x92, 0xC9, 0xA0, 0x5E, 0xAF, 0xDC, 0x06, 0x8C, 0xBD, 0x02, 0xD7,
    0x8E, 0xA8, 0x9D, 0x1E, 0xD5, 0x1A, 0x59, 0x9D, 0x03, 0x46, 0x47, 0xBF, 0xE0, 0xD3, 0xA7, 0xD7,
    0x60, 0x9D, 0xA8, 0xAA, 0xA2, 0x07, 0xCE, 0xB7, 0xC2, 0x70, 0x86, 0x1A, 0x37, 0x6D, 0xDA, 0x22,
    0xF6, 0xD7, 0xDC, 0x11, 0xB4, 0x3A, 0xC6, 0xAA, 0x19, 0x93, 0x67, 0xD1, 0xCE, 0xDE, 0xBB, 0xAC,
    0x33, 0xEC, 0x57, 0x07, 0xD2, 0x54, 0x0E, 0x7B, 0xFE, 0x34, 0x61, 0x41, 0xBE, 0xB2, 0x1E, 0x4D,
    0xD8, 0xE7, 0xE6, 0x4D, 0xEA, 0x96, 0x64, 0x7F, 0x4D, 0x24, 0xAC, 0x33, 0x1F, 0xD6, 0x1A, 0xC6,
    0x28, 0xB3, 0xAB, 0x33, 0x05, 0x7D, 0x41, 0xC5, 0xE7, 0x64, 0x2D, 0xF6, 0x57, 0xEF, 0xF6, 0xE1,
    0x98, 0x68, 0x65, 0x7C, 0x5D, 0xE7, 0x94, 0xDA, 0x64, 0x18, 0xC6, 0x82, 0x00, 0x24, 0xC1, 0x30,
    0x90, 0x08, 0xB0, 0xBC, 0xAF, 0xF6, 0xCF, 0x60, 0xA5, 0xCE, 0x8C, 0xC1, 0x4A, 0xD7, 0x9D, 0x01,
    0x96, 0x31, 0x33, 0xC0, 0x16, 0x1C, 0x1B, 0xD8, 0x0E, 0x2C, 0xF9, 0xB2, 0xCE, 0x41, 0x1A, 0x9E,
    0x86, 0xA6, 0x91, 0xF9, 0x61, 0x80, 0xA7, 0xFE, 0x03, 0x60, 0xE5, 0xE4, 0xD9, 0xCB, 0xD0, 0xC6,
    0x98, 0xD5, 0x8B, 0x76, 0x29, 0x59, 0x97, 0xC4, 0x2A, 0x4D, 0x5A, 0x37, 0x1A, 0xFE, 0x39, 0xD4,
    0x28, 0xD0, 0x0B, 0xB5, 0xF3, 0xED, 0x33, 0x10, 0xE0, 0xF8, 0x24, 0x30, 0xD3, 0x41, 0xF4, 0xEE,
    0xC7, 0x2B, 0xC7, 0xE0, 0x66, 0x66, 0x70, 0x59, 0xE9, 0x85, 0x9F, 0x13, 0x92, 0xE0, 0xA3, 0x17,
    0xBE, 0xDF, 0x21, 0x5B, 0x17, 0x18, 0x4B, 0x2C, 0xF1, 0x38, 0xCE, 0x59, 0xA7, 0x4E, 0xA5, 0xD7,
    0x19, 0xC6, 0x91, 0x64, 0x73, 0x4D, 0x24, 0x30, 0xF9, 0xB4, 0xED, 0x67, 0xCC, 0x86, 0x30, 0xC9,
    0xD9, 0x87, 0xEE, 0xCD, 0x85, 0xC1, 0xF7, 0x7E, 0xC2, 0x0A, 0x31, 0xB6, 0x46, 0xD6, 0xF1, 0xC4,
    0x2C, 0x5B, 0x6B, 0x41, 0x32, 0x44, 0xB0, 0x31, 0x62, 0x0C, 0xBE, 0xBA, 0x7D, 0x7B, 0xDF, 0x5F,
    0x5A, 0x89, 0xD4, 0x6D, 0x41, 0xC6, 0x8E, 0x06, 0x5D, 0x8B, 0xDA, 0xE3, 0x86, 0x61, 0xC6, 0x54,
    0xD5, 0xAC, 0x3C, 0x43, 0x59, 0x43, 0x47, 0xC4, 0xA4, 0x89, 0x3C, 0x04, 0x55, 0x22, 0x9A, 0xAF,
    0xEC, 0x31, 0x44, 0xB0, 0xD4, 0x1C, 0x8F, 0x04, 0x6C, 0xDF, 0xB4, 0x1F, 0x96, 0x45, 0x6B, 0x42,
    0x47, 0x87, 0x7C, 0x6F, 0x6C, 0x49, 0x45, 0x41, 0x80, 0x44, 0x93, 0x31, 0xC4, 0x00, 0x07, 0x70,
    0xE0, 0xCC, 0x90, 0xCF, 0x14, 0xA0, 0x06, 0xDB, 0xA4, 0xF6, 0xB2, 0xC7, 0x7E, 0x79, 0x5E, 0x21,
    0x6A, 0xFF, 0xE0, 0xBC, 0xEB, 0x95, 0x53, 0xFB, 0x3C, 0x19, 0x43, 0x59, 0x67, 0xD0, 0xDF, 0x39,
    0x95, 0x5A, 0xE2, 0x61, 0x77, 0x41, 0xFE, 0xA5, 0x7A, 0x04, 0x3C, 0x34, 0x37, 0x07, 0xB2, 0x86,
    0x16, 0x18, 0x31, 0x2C, 0x08, 0xB2, 0x88, 0xF2, 0x9A, 0x72, 0x7F, 0xDC, 0x5F, 0x61, 0xEC, 0xF3,
    0x04, 0x76, 0xC1, 0xE2, 0x6D, 0x95, 0x73, 0xA8, 0xB4, 0x03, 0xDA, 0xD0, 0x56, 0x39, 0xEC, 0x8F,
    0x11, 0xA2, 0x16, 0x3D, 0x78, 0x66, 0xB8, 0xAE, 0xEB, 0xA2, 0x0A, 0xF5, 0x38, 0xB5, 0xEB, 0xDA,
    0x2D, 0x17, 0xD5, 0x8C, 0x98, 0x81, 0x0C, 0x6E, 0x29, 0x1B, 0xE8, 0xF9, 0xAA, 0x5A, 0x2A, 0x97,
    0xC7, 0xE3, 0x6E, 0x6A, 0x0B, 0x64, 0xB3, 0xE8, 0xB4, 0xB0, 0xE2, 0xAD, 0xB5, 0x52, 0x87, 0xC0,
    0xBC, 0x31, 0x74, 0xDB, 0xD6, 0x17, 0xD3, 0xD0, 0x1F, 0xD4, 0x59, 0x77, 0x9E, 0x10, 0x1B, 0x0D,
    0x18, 0x4E, 0x86, 0x29, 0xEB, 0x41, 0x7E, 0xF0, 0xA7, 0xD0, 0xBB, 0xD3, 0x02, 0x70, 0xA2, 0x84,
    0x94, 0x84, 0xC8, 0x5F, 0xB9, 0x6E, 0xCD, 0xEB, 0x8F, 0xEE, 0x15, 0x44, 0x4D, 0x16, 0xC4, 0x8C,
    0x16, 0xC3, 0xBD, 0x13, 0x3F, 0x61, 0x59, 0xBC, 0xF8, 0x94, 0x29, 0x89, 0x61, 0x5D, 0x14, 0xE3,
    0xB6, 0x2C, 0x8E, 0xDE, 0xBA, 0xFB, 0x2B, 0x2B, 0x42, 0x4B, 0xFB, 0xD5, 0x74, 0xC2, 0x38, 0x22,
    0x41, 0x04, 0x79, 0x9D, 0x9A, 0xAE, 0x53, 0x55, 0x9C, 0x55, 0x86, 0x20, 0xF2, 0xB5, 0x6A, 0x97,
    0x0C, 0xE1, 0x52, 0xD5, 0xFB, 0x9F, 0x8F, 0x42, 0xCA, 0x9F, 0x62, 0xA1, 0x7E, 0x9A, 0x05, 0x41,
    0x2C, 0x51, 0xAC, 0x8F, 0x85, 0xF8, 0x89, 0x11, 0x47, 0x10, 0xBB, 0x06, 0x16, 0xEA, 0xA3, 0x2C,
    0x48, 0x58, 0x16, 0x91, 0x92, 0x48, 0xF2, 0x1F, 0x67, 0x8D, 0xDD, 0x5F, 0x96, 0x76, 0x84, 0x3F,
    0x0D, 0x50, 0x3B, 0xA3, 0xA6, 0x39, 0xDE, 0x9D, 0xE3, 0x78, 0x56, 0x89, 0xF4, 0xB2, 0x4A, 0xCD,
    0x18, 0xAB, 0x50, 0x99, 0x28, 0x86, 0xF5, 0x38, 0xD6, 0x79, 0x2C, 0x4B, 0x48, 0x22, 0x92, 0x7C,
    0x7D, 0xD6, 0xD9, 0x3D, 0xAD, 0xAA, 0xE5, 0xF1, 0x0D, 0xB5, 0xB3, 0x60, 0x73, 0x5C, 0x50, 0xE7,
    0xB8, 0x27, 0x21, 0xB2, 0x39, 0x03, 0x35, 0x87, 0xA1, 0x99, 0xE3, 0xA0, 0x48, 0x6D, 0x91, 0x07,
    0x9F, 0x84, 0xF8, 0xE1, 0xA8, 0x5F, 0xE0, 0x20, 0xC6, 0x73, 0xD0, 0x27, 0x71, 0x3E, 0x4B, 0xE6,
    0xEA, 0x41, 0x9B, 0x9B, 0xF6, 0x9C, 0x45, 0xEB, 0x43, 0xED, 0x65, 0x8C, 0x91, 0xB4, 0x1A, 0x31,
    0x0C, 0x90, 0xBD, 0xC8, 0x50, 0x08, 0x00, 0xEE, 0xFA, 0x8D, 0x2A, 0x70, 0x2B, 0xD0, 0xFC, 0x31,
    0x6A, 0x8B, 0x53, 0x1B, 0x4F, 0x5D, 0x24, 0x62, 0x22, 0x31, 0x99, 0xD8, 0xEE, 0x69, 0x2F, 0xE8,
    0x56, 0x30, 0x8B, 0xF8, 0x56, 0x37, 0x0E, 0xA4, 0xD0, 0x6D, 0x33, 0x8C, 0xD5, 0x0C, 0x61, 0x75,
    0xAB, 0x52, 0x3F, 0x8F, 0xD8, 0x41, 0x40, 0x21, 0x26, 0x94, 0x10, 0xB0, 0x4A, 0xD8, 0xC8, 0x96,
    0x9E, 0xEA, 0x46, 0x8F, 0xA8, 0x1C, 0x82, 0x2C, 0x82, 0x69, 0x39, 0xF8, 0x53, 0x08, 0xBC, 0x78,
    0x31, 0x69, 0x82, 0x20, 0x6B, 0x16, 0xB2, 0x0C, 0x1E, 0xB2, 0x39, 0x2B, 0x09, 0xF1, 0xD7, 0xCC,
    0x66, 0x10, 0x6E, 0x42, 0x38, 0xF1, 0xAB, 0x11, 0x23, 0xB1, 0x1C, 0xB2, 0xF8, 0x3F, 0xA1, 0x74,
    0x92, 0x8C, 0x25, 0x91, 0x58, 0x92, 0x98, 0x4C, 0x6C, 0x5B, 0x31, 0x50, 0xD9, 0xCB, 0x3A, 0x28,
    0xF2, 0x05, 0xD7, 0x96, 0xCF, 0x77, 0x98, 0xB2, 0xF9, 0x8E, 0x22, 0x9B, 0x4F, 0x81, 0x7C, 0xD6,
    0x55, 0x1A, 0xFE, 0x73, 0xDF, 0x0C, 0x90, 0xFD, 0x31, 0x42, 0x46, 0x70, 0xC3, 0x2F, 0x3C, 0x31,
    0x7A, 0xD2, 0x33, 0x02, 0x37, 0x2A, 0x55, 0x9E, 0x3C, 0x41, 0xA8, 0x2F, 0x06, 0x81, 0x5F, 0xE3,
    0xCE, 0xF1, 0xAD, 0x2F, 0x6D, 0x89, 0xED, 0xD9, 0x10, 0x89, 0x1F, 0xDF, 0x10, 0xE1, 0x5B, 0xA9,
    0xBE, 0x21, 0x42, 0xF5, 0xC4, 0xF1, 0xEC, 0x11, 0xA9, 0x75, 0xE4, 0x88, 0xB8, 0x3A, 0x58, 0x45,
    0xCB, 0x13, 0xF5, 0x14, 0x17, 0x37, 0x32, 0xDA, 0x42, 0xB7, 0x04, 0x9F, 0x5E, 0x79, 0x3A, 0x47,
    0xB3, 0xBA, 0x8A, 0x2E, 0x5C, 0x61, 0x0C, 0xC1, 0xCD, 0x78, 0x38, 0x2D, 0xA5, 0x75, 0xC6, 0x11,
    0x3C, 0xC3, 0x23, 0x48, 0x73, 0xE8, 0xA2, 0x54, 0x49, 0x07, 0xC1, 0x3B, 0x7D, 0x14, 0x4B, 0x60,
    0xF5, 0x2B, 0x67, 0xB2, 0xBA, 0x8D, 0xCF, 0xCA, 0x1C, 0x4D, 0xC6, 0x30, 0x8E, 0xBB, 0xE7, 0x2A,
    0x5A, 0x67, 0x1C, 0xA5, 0xF4, 0x14, 0xE9, 0x88, 0x37, 0x47, 0xC9, 0xCF, 0x33, 0xE3, 0xB3, 0xE8,
    0xE2, 0x0C, 0x87, 0xEC, 0x20, 0x87, 0x7E, 0x46, 0x56, 0x33, 0x76, 0xF2, 0x30, 0x56, 0x3D, 0x86,
    0xD5, 0x18, 0xB5, 0xC5, 0xC7, 0x90, 0xF1, 0x3C, 0x76, 0x96, 0x28, 0x3F, 0x16, 0x89, 0xC9, 0x18,
    0x81, 0x60, 0xF7, 0x97, 0x68, 0xEC, 0xC5, 0x9F, 0x3F, 0x85, 0x41, 0x27, 0x5E, 0xC4, 0x14, 0x94,
    0x97, 0x93, 0x0A, 0x32, 0x72, 0x94, 0x66, 0xB6, 0x41, 0xFC, 0xF8, 0x0B, 0xA7, 0x80, 0xBF, 0x65,
    0x3E, 0x8B, 0x9E, 0x41, 0x03, 0xAC, 0xD2, 0x30, 0xA8, 0x25, 0x8E, 0x39, 0xA7, 0x40, 0x5C, 0xAD,
    0x0B, 0x90, 0x24, 0x26, 0x97, 0x98, 0x73, 0x18, 0x7A, 0x3E, 0xC3, 0x17, 0xE5, 0xF9, 0x70, 0xBA,
    0x13, 0xEE, 0xAC, 0x70, 0xC3, 0xD4, 0x83, 0xC2, 0x0D, 0xA6, 0x50, 0xBF, 0xDD, 0x14, 0x62, 0x17,
    0x4D, 0x41, 0xC0, 0x27, 0x8F, 0x75, 0xFE, 0x0B, 0x77, 0xB6, 0xFE, 0x3E, 0x44, 0x9F, 0xD8, 0xD0,
    0x2D, 0x8A, 0x19, 0x39, 0x29, 0x5A, 0xCD, 0xF2, 0x37, 0x4C, 0xEE, 0xDE, 0xAF, 0xD1, 0x5A, 0x4A,
    0x79, 0xFC, 0x71, 0x77, 0x4E, 0x40, 0xA7, 0x08, 0xAD, 0xC1, 0xEA, 0x92, 0xA3, 0x96, 0xD6, 0x83,
    0xD5, 0x54, 0x27, 0xA7, 0x11, 0x64, 0xC4, 0xB2, 0xA3, 0xD6, 0x94, 0x1D, 0xE5, 0x8D, 0xBF, 0x44,
    0xFD, 0xA1, 0x5A, 0x68, 0x55, 0xEF, 0x88, 0x1D, 0xDF, 0xF1, 0x77, 0xF1, 0xE3, 0x54, 0x6E, 0x99,
    0xE0, 0x5B, 0x6F, 0x98, 0x88, 0x1D, 0x6F, 0xF8, 0x71, 0x1C, 0x49, 0x6A, 0x6D, 0x9A, 0x10, 0x5B,
    0x1B, 0xEF, 0x48, 0xB6, 0x46, 0xAB, 0xE5, 0x56, 0x88, 0xF4, 0x5C, 0x82, 0xD3, 0xD0, 0x01, 0x51,
    0x1A, 0x0F, 0xF5, 0x97, 0x30, 0xF2, 0xF2, 0x98, 0xB1, 0x20, 0x6B, 0xEB, 0x46, 0x7B, 0xE4, 0x08,
    0xB8, 0xA8, 0x22, 0xBF, 0xC6, 0xB9, 0x1B, 0xDB, 0x10, 0x95, 0x31, 0x8D, 0x80, 0x7B, 0x2C, 0x3B,
    0x84, 0x38, 0x1E, 0x19, 0x5A, 0x0A, 0xDC, 0xB5, 0x5D, 0x2A, 0xF4, 0x7C, 0xB5, 0x68, 0xE4, 0x08,
    0x02, 0x2F, 0x04, 0x08, 0xB4, 0x79, 0xBE, 0xB5, 0x2A, 0x14, 0xDB, 0x13, 0x09, 0xD4, 0x17, 0x05,
    0x1C, 0xF5, 0x90, 0xCA, 0xDF, 0xE2, 0xBA, 0xAB, 0x30, 0x1B, 0x6A, 0x29, 0x5A, 0x9A, 0xB4, 0xDA,
    0xB6, 0x44, 0xB9, 0xC5, 0x4C, 0xCA, 0x61, 0x4B, 0x96, 0x9F, 0xE8, 0x7F, 0xE4, 0x2B, 0xAB, 0xA6,
    0x64, 0xCF, 0x12, 0x70, 0x05, 0x5C, 0x45, 0x90, 0xBB, 0xD2, 0xB4, 0x6E, 0x1C, 0x37, 0x8D, 0x70,
    0x93, 0x3B, 0x2F, 0xA0, 0x20, 0x5E, 0xFD, 0x58, 0x57, 0x9A, 0x5F, 0x33, 0x32, 0x4C, 0x42, 0x90,
    0x0C, 0x0B, 0xC1, 0x49, 0x59, 0x70, 0x32, 0x06, 0xC6, 0xB8, 0x8D, 0xD9, 0x87, 0x70, 0x3F, 0x6A,
    0x26, 0x74, 0xE3, 0x99, 0x13, 0xCB, 0x1C, 0xD4, 0xB0, 0x0D, 0xCF, 0x68, 0xA1, 0xE7, 0xB3, 0x69,
    0xE0, 0xEF, 0xBF, 0xF1, 0xBB, 0x10, 0x7B, 0x35, 0x50, 0xEE, 0x27, 0xED, 0x44, 0x05, 0xC4, 0xED,
    0xF7, 0xA8, 0x90, 0xEC, 0xC6, 0xAA, 0x4C, 0x6C, 0x9B, 0x55, 0x49, 0xA7, 0xFC, 0xDF, 0x43, 0x30,
    0xC4, 0x2F, 0x7D, 0x7A, 0x18, 0xD5, 0x0A, 0x20, 0xCC, 0x5A, 0x47, 0x0E, 0x43, 0x7D, 0xEB, 0x4B,
    0x9B, 0xE1, 0xFA, 0x4B, 0x54, 0xDD, 0x83, 0x99, 0x38, 0x2F, 0x63, 0xE7, 0xEB, 0x3F, 0x43, 0x5B,
    0xD4, 0xFF, 0x60, 0xDC, 0x41, 0xFB, 0xB4, 0x9B, 0xC8, 0x4E, 0xE6, 0x40, 0x5E, 0xF3, 0x2F, 0xB7,
    0x82, 0x7C, 0x4B, 0x20, 0x0C, 0xDB, 0xA6, 0x03, 0x0B, 0xF3, 0xA5, 0x71, 0xBE, 0xFF, 0x3A, 0x7D,
    0x14, 0xF8, 0x6E, 0x3E, 0x02, 0x7C, 0xCF, 0x17, 0xBF, 0x43, 0xF9, 0x46, 0xFB, 0x51, 0x96, 0xF7,
    0x3E, 0x01, 0x7E, 0xDB, 0x86, 0x7D, 0xF8, 0x02, 0xFB, 0xC5, 0x5E, 0x41, 0xE9, 0xE3, 0x76, 0xE3,
    0x4F, 0x40, 0xEA, 0x49, 0xFE, 0x1A, 0xC4, 0x7B, 0x8B, 0x33, 0x28, 0xDF, 0x0C, 0x4E, 0xBA, 0xED,
    0xC7, 0xB3, 0xB0, 0xED, 0x93, 0xF0, 0x5F, 0x2C, 0x02, 0xBB, 0x0E, 0x75, 0x4E, 0xD8, 0x61, 0x10,
    0x51, 0x13, 0x71, 0x07, 0x04, 0x1B, 0x0D, 0xF1, 0xE9, 0x84, 0x9D, 0xD3, 0xC4, 0x1E, 0x53, 0x10,
    0xBF, 0x0F, 0xFE, 0xC6, 0x5F, 0x1A, 0x43, 0xEB, 0x3E, 0xD8, 0x9A, 0x26, 0xFD, 0xE4, 0x32, 0x69,
    0xF7, 0x76, 0xA9, 0x3F, 0xFB, 0xA8, 0x7C, 0xEA, 0x96, 0xED, 0x16, 0xC7, 0x39, 0xF8, 0x9D, 0xE8,
    0xBC, 0x07, 0x20, 0x14, 0xFB, 0x47, 0x63, 0x38, 0x6E, 0xEF, 0x4D, 0xF1, 0xDD, 0x99, 0x1C, 0xDF,
    0x33, 0xD5, 0x1F, 0x7B, 0xE5, 0xCA, 0xE1, 0xB8, 0x1D, 0x00, 0xE9, 0xDE, 0xAE, 0xB4, 0xD8, 0x33,
    0x32, 0x54, 0x99, 0xAB, 0xF5, 0xD3, 0x92, 0xFB, 0xFD, 0x1D, 0x51, 0x48, 0x9C, 0x17, 0xE7, 0xC4,
    0x09, 0x6E, 0x42, 0x7C, 0xEF, 0xCE, 0x89, 0xC6, 0xA9, 0xB3, 0x13, 0x89, 0x73, 0xB9, 0x09, 0xF1,
    0x4D, 0x69, 0x42, 0x7C, 0x3F, 0x32, 0xD1, 0xF8, 0xDB, 0xBB, 0x27, 0x12, 0x17, 0x66, 0x26, 0xC4,
    0x09, 0x7E, 0x42, 0x9E, 0xE0, 0xDF, 0x47, 0xFA, 0x57, 0xF9, 0xC2, 0x8C, 0x79, 0xFF, 0x04, 0x6F,
    0x62, 0xCC, 0x51, 0xCA, 0x60, 0x46, 0x47, 0xA3, 0xE7, 0x64, 0x77, 0x26, 0x96, 0x33, 0xA5, 0x38,
    0x12, 0x95, 0x79, 0x6C, 0x8B, 0xE1, 0x46, 0x88, 0x5F, 0xBA, 0x33, 0x24, 0xB5, 0x86, 0x42, 0x22,
    0x02, 0x2C, 0xD9, 0x1A, 0x08, 0xC9, 0xAD, 0x5D, 0xF7, 0x3C, 0x72, 0x09, 0x43, 0x47, 0x47, 0x45,
    0x87, 0x6A, 0x48, 0xA0, 0x1F, 0xC4, 0xC7, 0xD4, 0x97, 0xC4, 0x1F, 0x24, 0x5F, 0x69, 0x7C, 0xCD,
    0x6A, 0x4E, 0x7C, 0xAE, 0xF8, 0xC5, 0x3D, 0xEE, 0x9C, 0x88, 0xE0, 0x6B, 0x3C, 0xF6, 0xDF, 0xA7,
    0x12, 0x9F, 0x8F, 0xDC, 0x29, 0x6A, 0x01, 0x90, 0x1F, 0x71, 0xE7, 0x64, 0x2D, 0x0C, 0x44, 0xDB,
    0x0A, 0x65, 0x1D, 0x52, 0xDD, 0x99, 0xF8, 0x97, 0x57, 0x2E, 0x0B, 0x8F, 0x9E, 0xF8, 0x42, 0xD0,
    0xEE, 0x4A, 0xC5, 0x10, 0x6C, 0xF1, 0xCF, 0x9D, 0xCB, 0x82, 0x76, 0xB0, 0x9B, 0xD7, 0x2C, 0x3B,
    0xF6, 0xDA, 0xE7, 0x33, 0xF1, 0xAF, 0xAF, 0x8B, 0xF0, 0x5A, 0x08, 0x44, 0x3C, 0xA9, 0x93, 0xF8,
    0x94, 0x91, 0xF6, 0xD8, 0xA1, 0xA5, 0x51, 0xA6, 0x86, 0x80, 0xD5, 0xA2, 0x20, 0xF6, 0x72, 0x36,
    0x08, 0xDB, 0xAC, 0x27, 0x21, 0x66, 0x8C, 0x4F, 0x61, 0x1B, 0xC5, 0xC5, 0xFB, 0x3F, 0x47, 0xC0,
    0x7C, 0xFF, 0x1B, 0xDF, 0x81, 0xD8, 0xAF, 0x90, 0xC5, 0x3F, 0xFA, 0x12, 0xA3, 0x56, 0xB7, 0x92,
    0x42, 0x07, 0x23, 0x3C, 0x93, 0x3D, 0x76, 0x11, 0xE4, 0xFB, 0x6F, 0xFA, 0x7B, 0xD8, 0xF6, 0x71,
    0x38, 0x58, 0x99, 0xCF, 0x38, 0x88, 0x51, 0x6B, 0x2A, 0x03, 0xBC, 0x66, 0x76, 0x23, 0xC3, 0xAC,
    0x23, 0x76, 0x2C, 0x85, 0x20, 0xFA, 0xEA, 0xE4, 0x11, 0xE0, 0x1F, 0x5D, 0x51, 0x0D, 0xFC, 0x63,
    0x58, 0x8A, 0x1D, 0xBB, 0x1B, 0xDB, 0xBE, 0x40, 0x18, 0x4B, 0x8F, 0x13, 0x0A, 0x35, 0x44, 0x61,
    0x52, 0xFB, 0x4D, 0x1F, 0xC8, 0x8F, 0x1D, 0x88, 0xC3, 0x9E, 0x8B, 0x21, 0x66, 0x51, 0x46, 0xEF,
    0x96, 0xD1, 0x4C, 0x77, 0xD8, 0x1A, 0xCC, 0x8A, 0x58, 0x33, 0xFC, 0x62, 0xB6, 0x18, 0x36, 0x06,
    0x1E, 0xAC, 0xA4, 0x52, 0x81, 0x6B, 0xD2, 0xAD, 0xA5, 0x49, 0x71, 0xFB, 0xDC, 0xB8, 0x1B, 0xC4,
    0x33, 0x33, 0xD4, 0x10, 0x91, 0x39, 0x49, 0xE2, 0xD7, 0xCD, 0xEE, 0x3D, 0xFC, 0xCD, 0x89, 0x2B,
    0x2F, 0x32, 0x3A, 0xD3, 0xE1, 0xD3, 0x7D, 0x7A, 0xFB, 0xEC, 0x75, 0x3F, 0x67, 0xF4, 0x9D, 0xBF,
    0x65, 0xB0, 0xEC, 0xFB, 0x18, 0xEB, 0x83, 0x3E, 0x3D, 0x8A, 0x39, 0x14, 0xB0, 0x74, 0xA2, 0x86,
    0xF1, 0xFE, 0x01, 0xB7, 0xE2, 0x9D, 0x85, 0xF9, 0xE0, 0x3C, 0x26, 0xED, 0xFB, 0xCE, 0xCE, 0x40,
    0xDB, 0xB8, 0xFB, 0x6C, 0x29, 0x81, 0xF3, 0x53, 0x56, 0x8A, 0x17, 0x84, 0xA1, 0x72, 0x2E, 0xE9,
    0x62, 0xF2, 0x89, 0x89, 0x6D, 0x85, 0x4D, 0xA9, 0x56, 0xA9, 0x6D, 0x31, 0x65, 0xC5, 0x03, 0x96,
    0x88, 0x8E, 0xEE, 0xCE, 0xA9, 0x87, 0x52, 0xA5, 0x3A, 0xC6, 0x7F, 0x8A, 0x4E, 0x18, 0x2D, 0xBC,
    0x54, 0x8C, 0xA2, 0x97, 0x5C, 0x32, 0x66, 0x3D, 0x5D, 0x1C, 0x22, 0x78, 0x6B, 0xBD, 0x9A, 0x34,
    0x88, 0xD4, 0xDA, 0x74, 0xD1, 0xF2, 0x88, 0x6E, 0x1F, 0xCC, 0x59, 0xCC, 0x12, 0xCE, 0x7B, 0xD4,
    0xFE, 0xD9, 0xF9, 0xF9, 0x4A, 0x99, 0x28, 0x70, 0xB2, 0x30, 0x88, 0x69, 0xDC, 0xE0, 0x55, 0x97,
    0x8D, 0x6B, 0xD3, 0x50, 0x8C, 0x08, 0x75, 0x8F, 0x76, 0xA5, 0xBD, 0x77, 0x14, 0x1D, 0x1A, 0xFC,
    0xDE, 0x05, 0xE5, 0x9A, 0x14, 0x76, 0xFE, 0xFF, 0xA4, 0xB0, 0x0B, 0xE3, 0x83, 0xDE, 0x78, 0xCF,
    0x4F, 0x24, 0x7B, 0x74, 0xA5, 0x1D, 0x18, 0xBF, 0xA2, 0xF8, 0xBF, 0xB7, 0xC4, 0x1F, 0x74, 0x83,
    0xF8, 0xFF, 0xC6, 0x63, 0x5A, 0xCD, 0x20, 0x79, 0x29, 0x0D, 0x3E, 0xA9, 0x0E, 0x7F, 0xBA, 0x78,
    0xD9, 0x6B, 0x21, 0x2B, 0x2E, 0xB9, 0xFC, 0x11, 0x19, 0x59, 0x63, 0x10, 0x5D, 0x3C, 0xE8, 0xC9,
    0xBE, 0x77, 0xAB, 0xDA, 0x74, 0x66, 0x64, 0xD8, 0x93, 0x3D, 0xEA, 0xC7, 0xEB, 0x03, 0xF6, 0x99,
    0x54, 0xD3, 0xEC, 0x9B, 0xEE, 0x6C, 0x18, 0x97, 0x48, 0x20, 0xAD, 0x5D, 0xBA, 0xEC, 0x1B, 0xAA,
    0xCA, 0xBC, 0x8D, 0xFA, 0x90, 0x5B, 0x34, 0x4C, 0xAE, 0xEA, 0x4E, 0x6C, 0x4C, 0x97, 0xAF, 0x61,
    0xDA, 0x7E, 0x6C, 0xFB, 0x83, 0x49, 0x64, 0xF1, 0x7E, 0xEC, 0x39, 0x1D, 0xD6, 0xA1, 0x45, 0x67,
    0xE6, 0xE9, 0x18, 0xA9, 0x2E, 0x3B, 0xC6, 0x63, 0x94, 0x1D, 0x81, 0x8D, 0x2C, 0x68, 0xD2, 0x71,
    0xE3, 0x89, 0x45, 0xD9, 0x08, 0xC9, 0xEF, 0x5B, 0xA2, 0x0B, 0x73, 0x80, 0xF7, 0xE4, 0x45, 0xFD,
    0x33, 0x8F, 0x1B, 0x46, 0x4E, 0xC3, 0x25, 0x30, 0x33, 0x6C, 0x58, 0x72, 0xD0, 0x7B, 0x7D, 0x4B,
    0xF8, 0x10, 0xA0, 0xF3, 0xE2, 0x43, 0x69, 0xC3, 0x39, 0x33, 0xE8, 0xD9, 0xE0, 0x56, 0xEC, 0x69,
    0x37, 0x43, 0x50, 0x0F, 0x2B, 0x64, 0x83, 0xC6, 0x14, 0x68, 0x7E, 0x55, 0x55, 0xE8, 0xC3, 0x40,
    0x04, 0x57, 0x22, 0xC2, 0x0B, 0x28, 0x92, 0x61, 0x56, 0x91, 0x21, 0x09, 0x3B, 0xDA, 0x4A, 0xF4,
    0xE3, 0xF8, 0x7C, 0x09, 0x47, 0x3F, 0x5A, 0xD8, 0x1F, 0xE1, 0xCE, 0xA9, 0xFE, 0x10, 0x63, 0x4A,
    0x48, 0x74, 0x75, 0x98, 0x29, 0x97, 0xA5, 0xB0, 0xE1, 0x8C, 0x85, 0x0D, 0x63, 0xAC, 0xF4, 0x7D,
    0x64, 0x01, 0x87, 0xF3, 0x15, 0x1C, 0x32, 0xAA, 0x9A, 0x0A, 0x22, 0x0E, 0x03, 0x8C, 0x29, 0x13,
    0x05, 0x0D, 0x27, 0x47, 0x74, 0x75, 0xDD, 0xC8, 0x31, 0x94, 0xF0, 0xE2, 0xA9, 0xD7, 0x74, 0x72,
    0x64, 0x98, 0x88, 0xCA, 0x10, 0x65, 0x00, 0x65, 0x9D, 0x41, 0x98, 0x4A, 0x9C, 0x3F, 0xCD, 0x73,
    0x2D, 0x73, 0x3C, 0x27, 0x46, 0x4A, 0x94, 0x38, 0xC2, 0x73, 0x8D, 0xD8, 0x46, 0xEF, 0x80, 0x9D,
    0xA9, 0x02, 0x46, 0xB9, 0x56, 0x7F, 0xFF, 0xC0, 0x26, 0x4F, 0x57, 0x8E, 0xF4, 0x54, 0x3B, 0x3D,
    0x5D, 0xB9, 0x8A, 0xCE, 0x58, 0x5F, 0x5A, 0x26, 0xFD, 0xC9, 0xDE, 0xB8, 0xAF, 0xD2, 0x59, 0x1C,
    0xEF, 0xE1, 0xE8, 0x99, 0x2A, 0xCF, 0xF6, 0x9E, 0x7D, 0xCB, 0xB8, 0x09, 0x8D, 0x18, 0x7A, 0x65,
    0x2C, 0x77, 0xAD, 0xFD, 0x50, 0xDF, 0x92, 0xFC, 0x59, 0x4F, 0xFE, 0x10, 0xEE, 0xED, 0x88, 0x3A,
    0xF0, 0x20, 0x87, 0x5D, 0x3D, 0x62, 0x89, 0x72, 0x1C, 0x57, 0x83, 0x37, 0x80, 0xE6, 0x30, 0xC7,
    0xD9, 0xBE, 0xF7, 0x22, 0x03, 0xEA, 0x61, 0x1C, 0x7F, 0xAA, 0x8A, 0x76, 0x62, 0x79, 0x7C, 0xDD,
    0x09, 0x3C, 0x5C, 0xC9, 0x76, 0xDB, 0x3B, 0xF1, 0xD2, 0x6E, 0x58, 0x14, 0x0F, 0x28, 0x1C, 0xFC,
    0xBE, 0xF2, 0x75, 0x53, 0xEA, 0x45, 0x2F, 0x56, 0x5D, 0xB3, 0x36, 0x58, 0x1C, 0xE2, 0x08, 0x2D,
    0xA3, 0x70, 0x50, 0x5B, 0xB7, 0x4B, 0x6D, 0x6F, 0x1A, 0x31, 0x5A, 0xF1, 0x1A, 0xCA, 0x5E, 0x45,
    0x31, 0x60, 0xEB, 0xDD, 0xF9, 0xC5, 0x50, 0x49, 0x0E, 0xF4, 0x56, 0x6F, 0xBA, 0x82, 0x2E, 0x80,
    0x35, 0xA4, 0xF4, 0x1F, 0x9D, 0x5D, 0xFA, 0xB1, 0x66, 0xF1, 0x3B, 0xCD, 0xF2, 0x86, 0xEA, 0x65,
    0x9E, 0xBB, 0xF1, 0x25, 0xAB, 0x03, 0xFE, 0xDB, 0x50, 0x0B, 0xD0, 0x0F, 0xB7, 0x12, 0x9E, 0x4B,
    0xBF, 0x0C, 0xDE, 0x5A, 0x9A, 0x2E, 0xDF, 0x38, 0x5C, 0x62, 0xD0, 0xED, 0x7D, 0xCF, 0x59, 0x06,
    0x1E, 0xC2, 0x81, 0xFD, 0xD6, 0x96, 0x34, 0xD4, 0xB6, 0x20, 0x56, 0xDA, 0xE1, 0x87, 0xB8, 0x0E,
    0x7C, 0x62, 0x02, 0xEB, 0x7B, 0xD9, 0x02, 0x36, 0x8C, 0x77, 0x7F, 0xB6, 0x59, 0x88, 0x03, 0xDB,
    0x20, 0xF8, 0x51, 0x4C, 0x81, 0xB6, 0x46, 0x55, 0x49, 0x3E, 0x52, 0xB0, 0xA4, 0x64, 0xD0, 0x03,
    0xA7, 0x2F, 0xBB, 0x78, 0xC7, 0xF4, 0x24, 0x64, 0x74, 0xF8, 0xBD, 0x5F, 0x48, 0x28, 0xC8, 0xA0,
    0x6A, 0x95, 0xF2, 0x32, 0x0A, 0xCF, 0x07, 0x30, 0xF8, 0x1E, 0x38, 0x3A, 0xD4, 0x80, 0xC6, 0x48,
    0x20, 0xF9, 0xE8, 0x9E, 0xAE, 0x94, 0x5C, 0x4B, 0x86, 0xAB, 0x69, 0x3A, 0x6A, 0x48, 0x4D, 0xE5,
    0xAF, 0x23, 0x5A, 0x69, 0xBC, 0x67, 0x19, 0xD2, 0xFA, 0x20, 0x83, 0xFD, 0x56, 0x0C, 0xB5, 0xBB,
    0x89, 0xC3, 0xEC, 0x06, 0x89, 0x0B, 0x06, 0x24, 0x2E, 0x12, 0x91, 0xB8, 0xDA, 0xCD, 0x78, 0x8B,
    0x9B, 0x41, 0x4C, 0x9E, 0x6E, 0xDC, 0x1C, 0x7C, 0xB3, 0x65, 0x36, 0x41, 0xF8, 0xF4, 0x6C, 0x1B,
    0x2A, 0x39, 0xF7, 0xF5, 0xAD, 0xEA, 0x22, 0x38, 0xD4, 0x5E, 0xAE, 0x4E, 0xE5, 0xB9, 0x26, 0x83,
    0x80, 0xCC, 0x73, 0xED, 0x08, 0xF0, 0x64, 0x75, 0x89, 0xA8, 0x2C, 0xD2, 0x60, 0xDF, 0x4C, 0x05,
    0x9C, 0xEE, 0x0C, 0x06, 0x7E, 0x0B, 0x03, 0xBF, 0xBE, 0xCC, 0xFB, 0xFA, 0x86, 0x17, 0xE0, 0x54,
    0x00, 0xC5, 0xAB, 0xDC, 0xD1, 0x2A, 0xF7, 0xB7, 0x10, 0xD6, 0x03, 0x65, 0xB1, 0x3D, 0xF0, 0x6A,
    0x57, 0xFB, 0x75, 0xF7, 0x33, 0x04, 0x66, 0x3A, 0xA0, 0x57, 0xAD, 0x42, 0x03, 0x15, 0x83, 0x16,
    0xB4, 0x9C, 0x34, 0x9E, 0x02, 0xB1, 0x4E, 0xC5, 0xE8, 0x87, 0x11, 0xA2, 0x7C, 0x18, 0x29, 0x50,
    0x61, 0x88, 0x36, 0xF0, 0x0D, 0xA8, 0xD6, 0x22, 0x4E, 0x5A, 0xE8, 0xBB, 0x0A, 0x06, 0x6D, 0x68,
    0x08, 0x00, 0x7D, 0xA1, 0x62, 0x29, 0x14, 0x1A, 0x46, 0x91, 0x55, 0xD5, 0x1C, 0x96, 0x73, 0xD8,
    0x66, 0x93, 0xED, 0x9B, 0x0C, 0x67, 0x98, 0xE8, 0xDA, 0x80, 0xBF, 0x00, 0xF4, 0xD5, 0x1B, 0xA0,
    0xE2, 0x3B, 0x89, 0x81, 0xC8, 0xF2, 0x10, 0x2C, 0xAB, 0xDB, 0xA2, 0xAA, 0x4D, 0xF3, 0x59, 0x07,
    0x6C, 0x16, 0x7C, 0x94, 0x2D, 0x3F, 0x8C, 0x77, 0x90, 0x95, 0x9F, 0xEA, 0x2D, 0x97, 0x99, 0x53,
    0x55, 0x00, 0x57, 0x8F, 0x47, 0x5B, 0xD2, 0x21, 0xEA, 0xDF, 0xD5, 0x99, 0xF6, 0xBE, 0x72, 0x59,
    0x9D, 0x76, 0xD8, 0x75, 0xFA, 0x69, 0x4E, 0x3A, 0x80, 0x30, 0x78, 0x65, 0xAE, 0xC6, 0x41, 0xA0,
    0xE4, 0xC7, 0xF9, 0x11, 0x83, 0xCA, 0x8C, 0x4E, 0x14, 0x82, 0x3F, 0x7C, 0x37, 0x84, 0x87, 0xFD,
    0xD6, 0x34, 0x7B, 0x76, 0x64, 0x28, 0x8C, 0x69, 0x7D, 0xCD, 0xCB, 0x21, 0x68, 0xFC, 0x9B, 0x10,
    0xEC, 0xC6, 0x77, 0x8C, 0x1E, 0x06, 0xE6, 0xD9, 0x52, 0xD6, 0xF4, 0xBF, 0x6D, 0x57, 0x7D, 0x6C,
    0x1C, 0xC5, 0x15, 0xFF, 0xED, 0xAE, 0xCF, 0x1B, 0xDF, 0xED, 0xDE, 0x99, 0x8F, 0x4B, 0x8C, 0x73,
    0xB1, 0xD3, 0xD6, 0x6A, 0x6D, 0xE3, 0xD8, 0x6B, 0x38, 0x17, 0x3B, 0x04, 0x6E, 0x21, 0x2A, 0xF9,
    0x03, 0xB7, 0x58, 0xD5, 0xAD, 0x23, 0xE2, 0x58, 0xF5, 0x3F, 0x48, 0x80, 0x9C, 0xB2, 0xA1, 0x67,
    0x11, 0x68, 0xA9, 0x37, 0xA4, 0x02, 0x51, 0x21, 0x35, 0x69, 0xEB, 0x22, 0x95, 0x56, 0xBA, 0x2A,
    0x29, 0xF2, 0xED, 0xC5, 0xF8, 0x2A, 0x19, 0x29, 0x49, 0x21, 0x5E, 0xC7, 0x85, 0x88, 0xAF, 0xB2,
    0x31, 0xB9, 0xFE, 0x81, 0x28, 0xBA, 0x4A, 0x58, 0xA2, 0xDB, 0x06, 0x2E, 0xC2, 0xA0, 0x6B, 0x6A,
    0xDF, 0xF4, 0xCD, 0xDE, 0x9D, 0xED, 0x96, 0xFA, 0x3C, 0x33, 0x6F, 0x76, 0x66, 0xDF, 0xBC, 0x79,
    0x1F, 0xBF, 0xF7, 0x16, 0xA0, 0x3F, 0x4D, 0x46, 0x74, 0x62, 0x7B, 0x32, 0xC1, 0x26, 0xCB, 0x9C,
    0x46, 0xA3, 0x80, 0xA0, 0x6D, 0x4F, 0x07, 0x86, 0xF3, 0x49, 0x9C, 0x70, 0x1C, 0x5C, 0xBA, 0xE0,
    0x08, 0x0B, 0x8B, 0x96, 0xF4, 0x87, 0xB7, 0x0A, 0xE1, 0x96, 0x0F, 0xFA, 0x63, 0x81, 0x8F, 0xB6,
    0x44, 0x69, 0x2D, 0xC1, 0x58, 0x19, 0x4E, 0x0C, 0xB6, 0x77, 0xFE, 0xD4, 0xF0, 0xF2, 0xA1, 0x24,
    0x9C, 0x26, 0xFE, 0x9E, 0x1E, 0x36, 0xF6, 0xEB, 0x2A, 0x24, 0x3D, 0x6C, 0x67, 0xF5, 0x80, 0x61,
    0xF0, 0x13, 0xD0, 0xC3, 0x98, 0xDB, 0x0E, 0xF8, 0x6D, 0x97, 0x61, 0xB8, 0xDD, 0xB6, 0xED, 0xD2,
    0x63, 0xDD, 0x3F, 0xCF, 0x67, 0x14, 0x9D, 0x18, 0xA1, 0xAD, 0xBD, 0x4F, 0x03, 0x9C, 0x77, 0xE5,
    0x19, 0xBA, 0xAF, 0xD0, 0xA6, 0xAB, 0x17, 0x2D, 0x84, 0x8E, 0x3A, 0x25, 0x0C, 0x18, 0x53, 0x07,
    0x20, 0x11, 0x27, 0x62, 0x8E, 0x5A, 0x37, 0x65, 0x50, 0xE7, 0x11, 0x37, 0x81, 0xB3, 0xE3, 0xFC,
    0x3A, 0xAF, 0x3D, 0x92, 0x89, 0xBE, 0xBC, 0xDD, 0x80, 0x56, 0x0F, 0x15, 0x5B, 0x20, 0x5B, 0x0A,
    0xF0, 0xAD, 0xD1, 0x64, 0xBC, 0x95, 0x95, 0x5B, 0x91, 0xA0, 0x8D, 0xE7, 0x1D, 0xDC, 0xF5, 0xB6,
    0x2B, 0x5E, 0x1C, 0x4C, 0xC9, 0x2D, 0xCA, 0x8E, 0x1D, 0x6D, 0x4A, 0xA0, 0x1D, 0xB4, 0x07, 0x75,
    0xF8, 0x2F, 0x79, 0x92, 0x10, 0x1E, 0x18, 0x1E, 0x82, 0x6C, 0xDB, 0x39, 0xD0, 0x63, 0x0D, 0x32,
    0x63, 0xC5, 0x2A, 0x65, 0xDB, 0x45, 0x08, 0x46, 0x7E, 0x08, 0x9D, 0xB6, 0x67, 0x23, 0xFA, 0xC8,
    0x1A, 0x09, 0xFF, 0xF8, 0xBB, 0x40, 0xE8, 0xD2, 0xC2, 0x0A, 0xFA, 0x05, 0xA7, 0xD5, 0xBF, 0xDD,
    0xFF, 0xE7, 0x97, 0xF5, 0x88, 0x9F, 0xE0, 0xD4, 0xF8, 0xF9, 0x54, 0xD6, 0x23, 0x7E, 0xC3, 0x9C,
    0x5F, 0x76, 0x9D, 0xDF, 0x59, 0xE2, 0xB7, 0x7D, 0xA1, 0xC2, 0xAF, 0x67, 0x13, 0xBF, 0xCE, 0x6B,
    0xB3, 0xB4, 0xE5, 0x65, 0xAE, 0xAF, 0x9D, 0x01, 0x20, 0xB2, 0x3A, 0xBF, 0x0A, 0x45, 0x39, 0x1E,
    0xA3, 0xEE, 0xC4, 0x83, 0x34, 0x3D, 0x91, 0x26, 0xEA, 0xDC, 0x34, 0x75, 0x33, 0xE3, 0x34, 0xFD,
    0x35, 0x5D, 0x4E, 0xF9, 0x85, 0x89, 0x26, 0xE5, 0x44, 0x01, 0x71, 0xE5, 0xF9, 0x12, 0xB4, 0xD5,
    0x57, 0xC3, 0xBE, 0x59, 0x20, 0x90, 0xFD, 0x18, 0x63, 0x25, 0x3E, 0x06, 0xA6, 0xEE, 0x07, 0xB7,
    0xDD, 0xE6, 0xC6, 0xED, 0xD7, 0x69, 0xDB, 0xC7, 0xFB, 0x0C, 0x23, 0x3D, 0x60, 0x18, 0x05, 0xDE,
    0x38, 0x7D, 0xA7, 0x6D, 0x17, 0x1A, 0xC9, 0x53, 0xA0, 0x05, 0xE1, 0xFB, 0x4D, 0x2A, 0x48, 0xB2,
    0x05, 0xC8, 0x26, 0x22, 0x35, 0x19, 0x89, 0x2F, 0xD8, 0xDA, 0xB6, 0xEF, 0x3E, 0xA3, 0x4A, 0x77,
    0xEF, 0x53, 0xA5, 0x17, 0x5F, 0x18, 0x4D, 0xFC, 0xFC, 0xD3, 0x99, 0x1B, 0x38, 0xED, 0xB7, 0xEC,
    0xCC, 0x76, 0xD1, 0x9B, 0xA9, 0xE3, 0x0A, 0xA7, 0xF7, 0xD1, 0x79, 0x6E, 0x36, 0x83, 0xE8, 0x59,
    0x7E, 0x1F, 0x32, 0x19, 0x04, 0xAB, 0x51, 0x27, 0xC1, 0xB4, 0x34, 0x6E, 0xFE, 0x38, 0xAD, 0x61,
    0xDB, 0x65, 0xB7, 0x0B, 0xD2, 0x7B, 0x3F, 0x0D, 0x23, 0xF4, 0x85, 0x2A, 0x20, 0xFC, 0x41, 0xBB,
    0x85, 0x0E, 0x47, 0xCB, 0xA1, 0xD7, 0x49, 0xC7, 0x21, 0x2C, 0xFC, 0x63, 0x15, 0xC2, 0x85, 0xDF,
    0xAB, 0x15, 0xF5, 0xF8, 0xF6, 0x3F, 0x97, 0xCD, 0x10, 0x4B, 0xBB, 0x62, 0x7F, 0x0D, 0x92, 0x55,
    0xB0, 0xA8, 0xCB, 0xF5, 0x47, 0x0E, 0x9C, 0x09, 0xB5, 0xD8, 0xA3, 0xFE, 0xC5, 0x7F, 0xC6, 0x4A,
    0xE2, 0x3B, 0x68, 0x97, 0x55, 0xB4, 0xAB, 0x11, 0xFB, 0x4C, 0x7B, 0xD8, 0x3E, 0xC3, 0xCD, 0x5F,
    0xF1, 0x9F, 0x59, 0xDB, 0xD7, 0xEE, 0xCE, 0x7A, 0x44, 0xF6, 0xB2, 0xA2, 0xB0, 0x68, 0x98, 0x90,
    0xA0, 0xF5, 0x4B, 0x76, 0x2E, 0x24, 0x55, 0x68, 0xD0, 0x33, 0xF1, 0x98, 0x9D, 0x93, 0x89, 0x56,
    0x65, 0xC4, 0xDB, 0x27, 0x19, 0x03, 0xBE, 0x6C, 0x1F, 0x93, 0xEE, 0x03, 0x87, 0x3C, 0xD5, 0xEF,
    0x12, 0xE5, 0xF9, 0x32, 0xB6, 0x2E, 0x8F, 0xE4, 0x21, 0xB9, 0x11, 0x17, 0x72, 0xA9, 0x35, 0x07,
    0xF5, 0xC3, 0xDB, 0x52, 0x88, 0x2D, 0x9C, 0x1C, 0x84, 0x79, 0x61, 0x71, 0x1F, 0x1A, 0x2F, 0xD4,
    0x36, 0x43, 0x17, 0x6A, 0xF7, 0x99, 0xCD, 0xF8, 0xDC, 0x6E, 0x79, 0x9A, 0xE2, 0xCB, 0x3B, 0xC5,
    0x63, 0x13, 0xA6, 0x04, 0x14, 0x23, 0x10, 0xFF, 0xBA, 0xDB, 0x8D, 0x08, 0x85, 0x54, 0x9D, 0xE0,
    0x34, 0xFA, 0x6E, 0x26, 0x38, 0x58, 0x6F, 0xD5, 0x78, 0x80, 0xAF, 0x8C, 0x8A, 0x7E, 0x7B, 0x5F,
    0xAF, 0xC6, 0x17, 0xB9, 0x59, 0x06, 0xC2, 0x51, 0x8A, 0x6E, 0xF1, 0xE8, 0x82, 0x03, 0x69, 0x69,
    0xB1, 0x88, 0xF0, 0x63, 0xD7, 0xBA, 0xD0, 0xD4, 0x52, 0xDA, 0x02, 0xF4, 0xFD, 0x19, 0x10, 0x2F,
    0x2D, 0xBA, 0x68, 0xBD, 0xCB, 0x79, 0x15, 0x71, 0xC1, 0x09, 0x56, 0xD8, 0x09, 0x7E, 0xBC, 0xBF,
    0x74, 0x8A, 0x37, 0x4E, 0x0B, 0xFA, 0x43, 0x43, 0x93, 0x57, 0xBD, 0x9C, 0x79, 0xD8, 0xD2, 0x26,
    0x0E, 0x7B, 0xB9, 0xC9, 0xAB, 0xF9, 0x9C, 0xF9, 0xA8, 0xA5, 0x99, 0x8F, 0x12, 0xFD, 0xD9, 0x54,
    0xCE, 0x94, 0x49, 0x57, 0x3B, 0x60, 0xA2, 0x3F, 0x54, 0x04, 0x0F, 0x51, 0x7A, 0xC0, 0xE5, 0xF4,
    0xA3, 0xE1, 0x2B, 0x0B, 0x68, 0xCE, 0x5E, 0xCB, 0x74, 0x18, 0xC6, 0x68, 0xBB, 0x61, 0x7C, 0x1B,
    0x9E, 0xFD, 0x27, 0x38, 0x24, 0x38, 0x63, 0x8E, 0x3F, 0x7A, 0x59, 0x07, 0x79, 0xC3, 0xD9, 0x9A,
    0x1F, 0xCE, 0xFB, 0x77, 0x5B, 0xBF, 0x0B, 0xB7, 0x30, 0x04, 0x32, 0x0F, 0xA4, 0xBD, 0xAC, 0x84,
    0x6D, 0x27, 0x96, 0x53, 0xB8, 0xB9, 0x30, 0xC0, 0x21, 0xA1, 0x87, 0xBA, 0x91, 0xE5, 0x79, 0x84,
    0x96, 0x43, 0xC0, 0xED, 0x77, 0xD3, 0xAA, 0xA4, 0xF3, 0x7D, 0xFB, 0xE8, 0x7D, 0x49, 0xA7, 0x67,
    0xAD, 0xA8, 0x47, 0xF5, 0xCF, 0xF7, 0xDD, 0xAA, 0x2C, 0xE4, 0x2B, 0xC1, 0x4C, 0xF3, 0x74, 0x78,
    0xB4, 0x63, 0x5C, 0x69, 0x68, 0x53, 0x22, 0x33, 0xDD, 0xAF, 0xA8, 0xA3, 0x1D, 0x07, 0x95, 0x86,
    0xB8, 0x12, 0x59, 0x4B, 0xAC, 0xAA, 0xA3, 0x7D, 0x07, 0x9B, 0x1A, 0x34, 0x25, 0xDE, 0x90, 0x56,
    0xCC, 0x27, 0x9D, 0x55, 0xF2, 0xFC, 0xA1, 0xDA, 0x5D, 0x70, 0xF8, 0x5E, 0xE0, 0xFA, 0x05, 0x8E,
    0x71, 0xAB, 0x84, 0x6F, 0x4A, 0x07, 0x63, 0x6F, 0xFB, 0xB1, 0x45, 0xF2, 0x0B, 0xFC, 0xE7, 0xD9,
    0xFE, 0x08, 0xDB, 0xB6, 0xA2, 0x86, 0xB1, 0x8E, 0x9B, 0xB5, 0xB8, 0xAB, 0xC5, 0xD7, 0x2D, 0x6C,
    0x8D, 0xDC, 0x1D, 0xE9, 0x5E, 0x7B, 0x3A, 0xCD, 0xE3, 0x2E, 0x48, 0xF1, 0x17, 0x22, 0x0C, 0x0D,
    0x72, 0xC1, 0x19, 0xAB, 0x8C, 0x34, 0xAF, 0xC9, 0xBE, 0x39, 0x6E, 0xC6, 0x02, 0xDC, 0x36, 0x6C,
    0x85, 0xFC, 0xDC, 0x8D, 0x43, 0x2E, 0x38, 0x71, 0xEC, 0xE8, 0xF7, 0xE6, 0xD0, 0xFF, 0x93, 0x7C,
    0x0A, 0xA2, 0x45, 0x53, 0xC9, 0xA2, 0xA9, 0xEC, 0x52, 0xA7, 0xC6, 0x69, 0xDA, 0x75, 0x53, 0xFE,
    0x71, 0x68, 0xA1, 0xAA, 0xD7, 0x6E, 0xC2, 0x29, 0xA4, 0x48, 0x49, 0x48, 0x73, 0x7E, 0x6F, 0x11,
    0x3A, 0x49, 0xCF, 0x72, 0xB4, 0x0B, 0x52, 0xD7, 0x1A, 0xA2, 0xE9, 0xED, 0x88, 0x01, 0x5F, 0x8B,
    0x1E, 0x32, 0x20, 0x75, 0xB2, 0x0C, 0x45, 0xC2, 0xA7, 0x14, 0x5A, 0xD2, 0x6F, 0x0A, 0x90, 0xBA,
    0x63, 0xBB, 0x20, 0xED, 0x8C, 0xD5, 0x93, 0x91, 0xAB, 0x71, 0xC4, 0x15, 0xB2, 0x56, 0xE5, 0xD7,
    0xD5, 0x40, 0xFE, 0xE4, 0x86, 0x2C, 0x44, 0x98, 0x77, 0x86, 0x9F, 0xB7, 0x05, 0x21, 0x0E, 0xA1,
    0xB4, 0x66, 0x22, 0xC4, 0x61, 0xD0, 0xF7, 0xD8, 0x0D, 0xD4, 0xAF, 0xFF, 0xDB, 0x45, 0x17, 0x77,
    0x08, 0xCE, 0xF7, 0x37, 0x70, 0xCF, 0x5F, 0x9C, 0xA0, 0x37, 0x76, 0x05, 0x2A, 0xAC, 0x73, 0x44,
    0xCF, 0xBF, 0x02, 0x8C, 0xCC, 0x1E, 0x8F, 0x5C, 0xAE, 0x4F, 0x49, 0x56, 0x18, 0x89, 0x35, 0x56,
    0x56, 0x63, 0xF1, 0x78, 0x4B, 0x6A, 0x20, 0x2D, 0x96, 0x42, 0x85, 0x9E, 0xE0, 0x99, 0x5D, 0x3E,
    0x83, 0x6A, 0x9E, 0x32, 0xF2, 0x87, 0x86, 0xA2, 0x53, 0xF7, 0x0F, 0xD9, 0xB6, 0x7D, 0xAA, 0xA6,
    0x63, 0xDE, 0xEA, 0x6D, 0xDB, 0xB7, 0xC3, 0xC0, 0x88, 0xE1, 0xF2, 0xB6, 0x3B, 0x6B, 0xBB, 0x71,
    0x19, 0x2E, 0x9D, 0xE9, 0x36, 0x62, 0xE3, 0x7C, 0xDF, 0x57, 0xBE, 0x11, 0xB8, 0x51, 0x66, 0x65,
    0x53, 0x18, 0xD9, 0xEF, 0x20, 0xD4, 0xAA, 0xFB, 0x72, 0xD1, 0xD5, 0x04, 0xBA, 0x46, 0xA2, 0x00,
    0xB3, 0x71, 0x99, 0x30, 0x82, 0xB7, 0x02, 0x69, 0x8D, 0x5F, 0x4D, 0xAF, 0xE0, 0x64, 0x67, 0x99,
    0x70, 0x85, 0x67, 0x39, 0x6E, 0x3B, 0xE7, 0xE1, 0x69, 0x38, 0xDE, 0xE9, 0xC4, 0x9A, 0xAB, 0x6C,
    0xBD, 0xEC, 0x9D, 0x96, 0x0A, 0xCB, 0xE3, 0xF2, 0xC7, 0xAE, 0xA2, 0xBE, 0x73, 0xED, 0x74, 0x97,
    0xB3, 0x3C, 0xAE, 0x39, 0xAE, 0xC2, 0xD7, 0xE1, 0x5C, 0x3B, 0x4D, 0xEF, 0xD7, 0xAD, 0xE3, 0xF4,
    0x6B, 0x5D, 0xC0, 0xBE, 0x3A, 0x9F, 0xE6, 0x62, 0xC9, 0xF6, 0x2C, 0x25, 0x24, 0x19, 0x62, 0x45,
    0xFE, 0x34, 0xF9, 0x51, 0x4E, 0x63, 0x25, 0x53, 0x73, 0x9A, 0x4C, 0x7F, 0xD4, 0xC5, 0xA2, 0x2F,
    0xBF, 0xB9, 0x6E, 0xDF, 0xC3, 0xFB, 0x68, 0x7A, 0xDD, 0x02, 0x45, 0x02, 0xF9, 0x2B, 0x9A, 0x1A,
    0x05, 0x05, 0x4D, 0xB9, 0x67, 0x9E, 0x83, 0x7C, 0xAC, 0x90, 0x43, 0x60, 0x47, 0x3F, 0x6D, 0x9F,
    0xA3, 0xDB, 0x90, 0x51, 0xFE, 0x85, 0x01, 0x47, 0x78, 0x9F, 0x64, 0xA5, 0x1F, 0x0F, 0x44, 0xF8,
    0x91, 0x49, 0xE2, 0xE8, 0x3E, 0x3F, 0x8E, 0x49, 0x3E, 0xD4, 0x11, 0x2D, 0x58, 0xD4, 0x8E, 0xCE,
    0x4E, 0x6F, 0xBD, 0x3C, 0x92, 0x4C, 0x94, 0x64, 0x48, 0x8B, 0xAC, 0x2C, 0x17, 0xEB, 0x11, 0x3E,
    0x2D, 0xA3, 0xE3, 0x29, 0xB6, 0x7A, 0xD8, 0x5F, 0x1F, 0x49, 0x0A, 0xCF, 0x90, 0x08, 0xFA, 0x46,
    0xEC, 0xF1, 0x91, 0x74, 0x9F, 0x0E, 0x0A, 0x4E, 0x9C, 0x4E, 0x5C, 0xA9, 0x8D, 0x58, 0xB8, 0xE0,
    0xD0, 0x3A, 0xE3, 0x63, 0x84, 0xDF, 0x95, 0xBC, 0xA3, 0x02, 0x59, 0x9B, 0x70, 0xAD, 0x72, 0x1F,
    0xEE, 0x11, 0xD8, 0x45, 0x2A, 0x15, 0x19, 0x23, 0x3F, 0xD4, 0x85, 0x31, 0x04, 0xBF, 0xBA, 0x78,
    0x23, 0x5A, 0xFF, 0x4D, 0x69, 0x11, 0x3F, 0x6A, 0xD5, 0x21, 0x2F, 0x2D, 0xAD, 0x60, 0xE0, 0xC9,
    0x2D, 0xCD, 0xC0, 0x5D, 0x73, 0xB4, 0xF9, 0xAC, 0xC8, 0x6B, 0x0F, 0xF2, 0x2C, 0xB1, 0x7C, 0xDC,
    0x07, 0xA5, 0x4D, 0xFE, 0xC5, 0xB5, 0x73, 0x9D, 0x1F, 0xCB, 0x6B, 0x14, 0xCB, 0xEA, 0xD7, 0x19,
    0x7B, 0x83, 0x9F, 0x49, 0x55, 0x47, 0x51, 0x12, 0x1C, 0x73, 0xF3, 0x48, 0x39, 0x4F, 0xEF, 0xB1,
    0xF0, 0x6A, 0xE5, 0xFD, 0x7A, 0xF8, 0xF2, 0x92, 0xB7, 0x07, 0x1E, 0x68, 0x4E, 0x86, 0x0F, 0xF4,
    0x3D, 0x18, 0x3E, 0x30, 0x70, 0x44, 0x48, 0x46, 0x87, 0x78, 0x96, 0xE7, 0x49, 0x9E, 0xE7, 0x7D,
    0xD9, 0xC8, 0x9B, 0xA2, 0xED, 0xA5, 0xA9, 0x6A, 0xC8, 0x10, 0x0E, 0x1B, 0xB5, 0xFB, 0x6C, 0xCE,
    0xC3, 0xF5, 0x53, 0x0F, 0x55, 0xF2, 0x30, 0xC5, 0x3A, 0xAF, 0xA3, 0x22, 0xD5, 0x98, 0x9F, 0x5C,
    0x61, 0xC5, 0xB1, 0xB8, 0xA3, 0x3D, 0x31, 0xE7, 0xE5, 0xC6, 0xE2, 0xAE, 0x36, 0x91, 0xCA, 0x9B,
    0x9C, 0xAE, 0xE8, 0xA3, 0xAA, 0xCF, 0x78, 0x10, 0xCD, 0x3C, 0x3F, 0xFC, 0x6E, 0x51, 0x17, 0xAE,
    0xBE, 0xE5, 0x86, 0x77, 0x7C, 0x9C, 0xC2, 0x25, 0xAA, 0xDD, 0x5E, 0x7E, 0x33, 0xAD, 0x34, 0x7C,
    0xD4, 0x54, 0xCB, 0x11, 0xBE, 0xED, 0xFF, 0x27, 0x4F, 0x54, 0xDE, 0x97, 0x51, 0xD7, 0xD8, 0x87,
    0x96, 0x49, 0x56, 0x16, 0xF9, 0xA1, 0x61, 0x3B, 0xB7, 0x47, 0x35, 0xCC, 0x60, 0xC0, 0xE0, 0xA5,
    0xCE, 0xB4, 0x10, 0x87, 0x12, 0xEC, 0x65, 0xCF, 0xA9, 0xBD, 0x47, 0x9F, 0x8B, 0xF5, 0x7A, 0x83,
    0x6D, 0x1A, 0x4E, 0xFB, 0x58, 0x58, 0x3B, 0x9F, 0x40, 0x99, 0xEB, 0x8E, 0xFC, 0x31, 0x2D, 0x0D,
    0xE7, 0x73, 0xBC, 0x71, 0x9A, 0x7C, 0x33, 0x43, 0xF1, 0x36, 0x24, 0x0F, 0xE7, 0x4D, 0x5F, 0x0F,
    0x34, 0x0A, 0x34, 0xAF, 0xF9, 0x40, 0x35, 0x47, 0x4D, 0xBC, 0x40, 0x58, 0x76, 0xFD, 0x25, 0x7E,
    0xEE, 0x11, 0x92, 0xED, 0x4C, 0xAB, 0x85, 0x9E, 0xD9, 0xF2, 0x79, 0xB4, 0x01, 0x01, 0xC8, 0x2F,
    0xED, 0xA6, 0x6A, 0x29, 0xA8, 0x99, 0x90, 0xCB, 0x09, 0x02, 0x8C, 0x02, 0x19, 0x5E, 0x58, 0x89,
    0xE8, 0x08, 0xB5, 0x1C, 0x29, 0x62, 0x8F, 0x50, 0xE8, 0xFA, 0x12, 0x96, 0xF5, 0xDE, 0x83, 0xAA,
    0xDB, 0x18, 0x06, 0x29, 0x99, 0xFB, 0xB0, 0x40, 0x28, 0x0C, 0xDF, 0xA5, 0x94, 0xCE, 0x4C, 0x13,
    0x94, 0xBE, 0x03, 0xD4, 0x45, 0xA7, 0xE6, 0x78, 0x21, 0x97, 0xA9, 0x14, 0x5E, 0xC2, 0xE7, 0x17,
    0x8F, 0xE3, 0x4E, 0xC1, 0x79, 0xA4, 0x8A, 0x3D, 0x4E, 0x7B, 0x25, 0xDE, 0xA8, 0x7A, 0xE5, 0xF5,
    0xAD, 0x3A, 0x32, 0x6C, 0x45, 0x66, 0xB3, 0x96, 0x2A, 0x8B, 0x16, 0x31, 0xB2, 0xF8, 0x91, 0xF3,
    0xAB, 0x6C, 0xE5, 0xA4, 0xF2, 0x5A, 0xDB, 0x1F, 0x57, 0x3F, 0x9D, 0x3B, 0x19, 0x7B, 0x33, 0x7E,
    0xF2, 0xE0, 0x9B, 0xF1, 0xF9, 0x55, 0x02, 0xDB, 0x3A, 0xBD, 0x52, 0xD4, 0x6C, 0x60, 0xEB, 0x96,
    0xEB, 0xED, 0xE3, 0x08, 0xED, 0xD5, 0xD3, 0xC0, 0x31, 0xBB, 0x40, 0xC5, 0x36, 0x49, 0x76, 0x47,
    0xF7, 0x67, 0x33, 0x90, 0xDB, 0x7E, 0x40, 0x28, 0xD9, 0xFC, 0x62, 0x06, 0x62, 0x74, 0xD4, 0x80,
    0xFC, 0x30, 0xF3, 0xA0, 0x0A, 0x9F, 0x38, 0xE8, 0xDA, 0x1E, 0x3B, 0x82, 0xF8, 0x5C, 0x2C, 0x54,
    0x29, 0x51, 0x37, 0x74, 0x1D, 0x40, 0x88, 0x74, 0x49, 0x35, 0x41, 0x8E, 0xE2, 0x46, 0xE3, 0x71,
    0xD4, 0xFD, 0xC9, 0xED, 0x57, 0x3A, 0xBD, 0xDD, 0x57, 0x3A, 0xDE, 0xFF, 0xE6, 0x6F, 0x9B, 0x6D,
    0xC2, 0x18, 0xB2, 0x6F, 0x73, 0xD6, 0xF3, 0x47, 0xDF, 0x3F, 0xC9, 0x3F, 0x38, 0x41, 0xB8, 0xDC,
    0x46, 0x94, 0xF4, 0xAB, 0x3C, 0x85, 0x8C, 0xED, 0x55, 0xBB, 0x80, 0x11, 0x4D, 0x82, 0xBF, 0x0A,
    0xCE, 0x07, 0x9C, 0xD1, 0x3A, 0x2E, 0x53, 0xA2, 0xE8, 0xFE, 0xA7, 0x8F, 0xCB, 0x1F, 0x61, 0x60,
    0xA3, 0x1E, 0x6D, 0xE4, 0x02, 0xA5, 0x42, 0xA4, 0x5C, 0x57, 0x28, 0x20, 0xA4, 0x3B, 0xFD, 0x50,
    0x24, 0x97, 0x2A, 0x88, 0x48, 0x8A, 0x16, 0xF6, 0xB4, 0xD0, 0xFB, 0x05, 0x99, 0xCA, 0x88, 0xBC,
    0x41, 0x68, 0xC2, 0xD8, 0x87, 0x9C, 0x9D, 0xB3, 0xB9, 0xCB, 0x0F, 0x53, 0x47, 0x19, 0xB2, 0x8A,
    0x2B, 0x37, 0xEE, 0xD4, 0x51, 0x5F, 0xCA, 0x99, 0xF8, 0xA1, 0x45, 0xEA, 0x16, 0x8F, 0x3D, 0xAB,
    0x42, 0x7C, 0x2A, 0x52, 0x47, 0x39, 0xAC, 0xD3, 0xC2, 0xE4, 0xAA, 0xE6, 0x62, 0xEB, 0x2F, 0x29,
    0xC3, 0x89, 0x7B, 0x09, 0xEC, 0xA5, 0x7B, 0x08, 0xA2, 0x24, 0x50, 0x36, 0x93, 0xE1, 0xB4, 0x51,
    0xAD, 0x47, 0x5D, 0x17, 0x28, 0xE1, 0x99, 0xF0, 0xE6, 0xAA, 0xF2, 0xF1, 0x3C, 0xDC, 0x28, 0x43,
    0xD5, 0x24, 0xC4, 0x6E, 0x62, 0xE5, 0xBE, 0xEF, 0x58, 0xC1, 0x1B, 0x16, 0x0E, 0xBE, 0x26, 0xA7,
    0xE3, 0x39, 0x35, 0x5E, 0x68, 0x6F, 0x57, 0x2D, 0xE5, 0xF1, 0xA4, 0x91, 0x0C, 0xCF, 0x65, 0xA7,
    0x95, 0x36, 0x09, 0xB5, 0x16, 0xF9, 0x7C, 0xBF, 0xA1, 0x88, 0xEB, 0xD9, 0x91, 0x14, 0x70, 0x5F,
    0x59, 0x58, 0x1C, 0x54, 0xC5, 0x63, 0x83, 0x31, 0x71, 0x71, 0x30, 0x9E, 0x60, 0x83, 0x54, 0xFF,
    0x0D, 0xA6, 0xA5, 0xBD, 0x83, 0xF1, 0x6D, 0xCF, 0x0F, 0x2A, 0x34, 0x6F, 0x90, 0xA5, 0xC1, 0x60,
    0x50, 0x52, 0x46, 0x55, 0x49, 0x2D, 0x75, 0xC9, 0x0A, 0xB4, 0x1F, 0x57, 0xBF, 0x29, 0x7C, 0x21,
    0x2C, 0x44, 0x8D, 0xEA, 0x37, 0x93, 0x5F, 0x1B, 0xD8, 0x2E, 0xDD, 0xDF, 0x15, 0xF8, 0xD7, 0x0C,
    0x2A, 0x58, 0x4C, 0x99, 0x35, 0x16, 0x9B, 0x2C, 0x2B, 0x31, 0x53, 0x56, 0x62, 0x13, 0x23, 0x4A,
    0xEC, 0x89, 0x8C, 0x12, 0x6B, 0xC4, 0x2B, 0x75, 0x35, 0x21, 0xC8, 0x60, 0xC6, 0x88, 0x31, 0x94,
    0xF5, 0x66, 0x4F, 0x89, 0x16, 0xE9, 0xC5, 0x9B, 0xC1, 0xE6, 0x91, 0x4A, 0xD0, 0xE2, 0x18, 0x79,
    0xC7, 0x18, 0x2B, 0x69, 0x63, 0x4E, 0x4C, 0x1B, 0xCB, 0x8F, 0x6B, 0x63, 0xDE, 0x29, 0x6D, 0x4C,
    0x97, 0x8A, 0x15, 0x11, 0xA2, 0x43, 0x88, 0xE6, 0x3B, 0x52, 0xE4, 0xEA, 0x6D, 0x71, 0x04, 0x92,
    0x3D, 0x2B, 0x50, 0xC7, 0x69, 0x41, 0x89, 0x5D, 0xF9, 0x04, 0x91, 0xD2, 0x1B, 0xAF, 0xD3, 0xB3,
    0x2B, 0x1E, 0x76, 0xCF, 0x88, 0x49, 0xF4, 0x1E, 0xC8, 0xDA, 0xB8, 0xF5, 0xE1, 0x59, 0x0F, 0xB7,
    0x74, 0x50, 0x95, 0x7A, 0xEB, 0xDF, 0x6F, 0x1B, 0x47, 0x6F, 0xF0, 0xBD, 0x7B, 0xA1, 0xED, 0xD9,
    0xCB, 0xF5, 0xCA, 0x51, 0x33, 0x60, 0xE8, 0xF3, 0xA3, 0x86, 0xF3, 0x97, 0xEF, 0x31, 0x67, 0xE9,
    0x20, 0x9C, 0xA5, 0xFB, 0x68, 0xD4, 0xD3, 0x6D, 0xEC, 0x3E, 0x56, 0x58, 0xD2, 0x4F, 0xEA, 0x4B,
    0x93, 0xAC, 0xB4, 0x74, 0x77, 0x01, 0x4B, 0xF3, 0xCC, 0x65, 0xFB, 0xE1, 0xBA, 0x32, 0x73, 0xE9,
    0xD3, 0x80, 0xEA, 0x5E, 0xC6, 0xBF, 0xD6, 0x2A, 0xD6, 0x21, 0xBC, 0xE3, 0x8D, 0xF4, 0x52, 0xDC,
    0x4A, 0xB9, 0x99, 0xD3, 0x82, 0xD3, 0xC5, 0xE3, 0x6D, 0xB5, 0x76, 0x6D, 0xF2, 0x0F, 0x97, 0x36,
    0x58, 0x44, 0x34, 0x7B, 0xE8, 0xD8, 0xCF, 0xFF, 0x3B, 0xB3, 0x20, 0x2B, 0xF5, 0x30, 0xBE, 0x4A,
    0x4B, 0xD1, 0xBC, 0xCE, 0x73, 0x94, 0xB3, 0xF1, 0x09, 0x58, 0x2D, 0x99, 0x79, 0xE8, 0x11, 0x4B,
    0xF1, 0x5D, 0x56, 0x92, 0xF4, 0x18, 0x22, 0x54, 0xBE, 0xF4, 0x24, 0x58, 0xF9, 0x31, 0x1A, 0xA5,
    0xC0, 0xA1, 0xA4, 0x14, 0x3C, 0x3F, 0x2D, 0x71, 0x9A, 0x37, 0x92, 0x81, 0xDF, 0xEA, 0x3F,
};

static const EpdGlyph notosanssc_8_regularGlyphs[] = {
    { 9, 14, 148, 0, 13, 32, 0 }, // 0
    { 8, 13, 148, 1, 13, 26, 32 }, // 1
    { 9, 13, 148, 0, 13, 30, 58 }, // 2
    { 3, 10, 74, 1, 9, 8, 88 }, // :
    { 10, 2, 149, 0, -1, 5, 96 }, // _
    { 9, 11, 136, 0, 10, 25, 101 }, // c
    { 3, 13, 73, 1, 13, 10, 126 }, // i
    { 14, 10, 247, 1, 10, 35, 136 }, // m
    { 8, 10, 163, 1, 10, 20, 171 }, // n
    { 10, 11, 162, 0, 10, 28, 191 }, // o
    { 9, 14, 165, 1, 10, 32, 219 }, // p
    { 8, 11, 125, 0, 10, 22, 251 }, // s
    { 7, 13, 101, 0, 12, 23, 273 }, // t
    { 5, 5, 267, 6, 9, 7, 0 }, // U+00B7
    { 11, 13, 162, 0, 13, 36, 0 }, // U+0410
    { 10, 13, 173, 1, 13, 33, 36 }, // U+0411
    { 10, 13, 175, 1, 13, 33, 69 }, // U+0412
    { 8, 13, 149, 1, 13, 26, 102 }, // U+0413
    { 12, 17, 190, 0, 13, 51, 128 }, // U+0414
    { 8, 13, 157, 1, 13, 26, 179 }, // U+0415
    { 15, 13, 240, 0, 13, 49, 205 }, // U+0416
    { 10, 14, 165, 0, 13, 35, 254 }, // U+0417
    { 10, 13, 196, 1, 13, 33, 289 }, // U+0418
    { 10, 16, 196, 1, 16, 40, 322 }, // U+0419
    { 10, 13, 173, 1, 13, 33, 362 }, // U+041A
    { 11, 14, 188, 0, 13, 39, 395 }, // U+041B
    { 11, 13, 217, 1, 13, 36, 434 }, // U+041C
    { 10, 13, 194, 1, 13, 33, 470 }, // U+041D
    { 12, 14, 198, 0, 13, 42, 503 }, // U+041E
    { 10, 13, 192, 1, 13, 33, 545 }, // U+041F
    { 9, 13, 169, 1, 13, 30, 578 }, // U+0420
    { 11, 14, 170, 0, 13, 39, 608 }, // U+0421
    { 10, 13, 160, 0, 13, 33, 647 }, // U+0422
    { 10, 14, 153, 0, 13, 35, 680 }, // U+0423
    { 13, 14, 218, 0, 13, 46, 715 }, // U+0424
    { 10, 13, 153, 0, 13, 33, 761 }, // U+0425
    { 11, 17, 192, 1, 13, 47, 794 }, // U+0426
    { 9, 13, 178, 1, 13, 30, 841 }, // U+0427
    { 14, 13, 258, 1, 13, 46, 871 }, // U+0428
    { 15, 17, 260, 1, 13, 64, 917 }, // U+0429
    { 13, 13, 238, 1, 13, 43, 981 }, // U+042B
    { 9, 13, 173, 1, 13, 30, 1024 }, // U+042C
    { 10, 14, 170, 0, 13, 35, 1054 }, // U+042D
    { 10, 13, 173, 0, 13, 33, 1089 }, // U+042F
    { 9, 11, 150, 0, 10, 25, 1122 }, // U+0430
    { 9, 15, 162, 1, 14, 34, 1147 }, // U+0431
    { 8, 10, 151, 1, 10, 20, 1181 }, // U+0432
    { 7, 10, 122, 1, 10, 18, 1201 }, // U+0433
    { 10, 14, 158, 0, 10, 35, 1219 }, // U+0434
    { 9, 11, 148, 0, 10, 25, 1254 }, // U+0435
    { 13, 10, 203, 0, 10, 33, 1279 }, // U+0436
    { 8, 11, 136, 0, 10, 22, 1312 }, // U+0437
    { 8, 10, 168, 1, 10, 20, 1334 }, // U+0438
    { 8, 14, 168, 1, 14, 28, 1354 }, // U+0439
    { 9, 10, 148, 1, 10, 23, 1382 }, // U+043A
    { 9, 11, 158, 0, 10, 25, 1405 }, // U+043B
    { 10, 10, 189, 1, 10, 25, 1430 }, // U+043C
    { 8, 10, 168, 1, 10, 20, 1455 }, // U+043D
    { 10, 11, 162, 0, 10, 28, 1475 }, // U+043E
    { 8, 10, 165, 1, 10, 20, 1503 }, // U+043F
    { 9, 14, 165, 1, 10, 32, 1523 }, // U+0440
    { 9, 11, 136, 0, 10, 25, 1555 }, // U+0441
    { 9, 10, 137, 0, 10, 23, 1580 }, // U+0442
    { 9, 14, 139, 0, 10, 32, 1603 }, // U+0443
    { 13, 18, 219, 0, 14, 59, 1635 }, // U+0444
    { 9, 10, 133, 0, 10, 23, 1694 }, // U+0445
    { 9, 14, 165, 1, 10, 32, 1717 }, // U+0446
    { 7, 10, 153, 1, 10, 18, 1749 }, // U+0447
    { 12, 10, 223, 1, 10, 30, 1767 }, // U+0448
    { 13, 14, 225, 1, 10, 46, 1797 }, // U+0449
    { 11, 10, 201, 1, 10, 28, 1843 }, // U+044B
    { 8, 10, 146, 1, 10, 20, 1871 }, // U+044C
    { 8, 11, 136, 0, 10, 22, 1891 }, // U+044D
    { 12, 11, 220, 1, 10, 33, 1913 }, // U+044E
    { 9, 10, 153, 0, 10, 23, 1946 }, // U+044F
    { 9, 14, 148, 0, 13, 32, 1969 }, // U+0451
    { 6, 2, 93, 0, 6, 3, 0 }, // U+2011
    { 15, 2, 238, 0, 6, 8, 3 }, // U+2014
    { 14, 3, 267, 1, 8, 11, 11 }, // U+2026
    { 14, 16, 267, 0, 14, 56, 0 }, // U+2E86
    { 8, 16, 267, 6, 14, 32, 56 }, // U+2E8A
    { 13, 7, 267, 2, 13, 23, 88 }, // U+2E9C
    { 8, 16, 267, 2, 14, 32, 111 }, // U+2E9D
    { 15, 11, 267, 1, 12, 42, 143 }, // U+2EB5
    { 16, 16, 267, 0, 14, 64, 185 }, // U+2EB8
    { 9, 16, 267, 0, 14, 36, 249 }, // U+2EBC
    { 15, 7, 267, 1, 14, 27, 285 }, // U+2EC0
    { 6, 5, 267, 0, 4, 8, 312 }, // U+3001
    { 6, 7, 267, 0, 5, 11, 320 }, // U+3002
    { 7, 17, 267, 9, 15, 30, 331 }, // U+3008
    { 7, 17, 267, 0, 15, 30, 361 }, // U+3009
    { 9, 17, 267, 8, 15, 39, 391 }, // U+300A
    { 8, 17, 267, 0, 15, 34, 430 }, // U+300B
    { 7, 12, 267, 10, 15, 21, 464 }, // U+300C
    { 6, 12, 267, 0, 10, 18, 485 }, // U+300D
    { 8, 12, 267, 9, 15, 24, 503 }, // U+300E
    { 7, 12, 267, 0, 10, 21, 527 }, // U+300F
    { 6, 17, 267, 11, 15, 26, 548 }, // U+3010
    { 6, 17, 267, 0, 15, 26, 574 }, // U+3011
    { 7, 15, 267, 5, 14, 27, 600 }, // U+3022
    { 16, 15, 267, 0, 14, 60, 627 }, // U+3400
    { 17, 16, 267, 0, 14, 68, 687 }, // U+3416
    { 16, 16, 267, 0, 14, 64, 755 }, // U+3430
    { 17, 16, 267, 0, 14, 68, 819 }, // U+3460
    { 17, 17, 267, 0, 15, 73, 887 }, // U+3463
    { 16, 16, 267, 0, 14, 64, 960 }, // U+3464
    { 17, 17, 267, 0, 15, 73, 1024 }, // U+3479
    { 16, 16, 267, 0, 14, 64, 1097 }, // U+3482
    { 16, 16, 267, 0, 14, 64, 1161 }, // U+34A6
    { 17, 15, 267, 0, 14, 64, 1225 }, // U+353A
    { 15, 16, 267, 1, 14, 60, 1289 }, // U+3555
    { 17, 16, 267, 0, 14, 68, 1349 }, // U+3556
    { 16, 16, 267, 0, 14, 64, 1417 }, // U+355B
    { 17, 16, 267, 0, 14, 68, 1481 }, // U+3563
    { 16, 16, 267, 1, 14, 64, 1549 }, // U+356C
    { 16, 16, 267, 1, 14, 64, 1613 }, // U+3572
    { 15, 15, 267, 1, 14, 57, 1677 }, // U+358F
    { 15, 16, 267, 1, 14, 60, 1734 }, // U+35CA
    { 15, 16, 267, 1, 15, 60, 1794 }, // U+35CC
    { 15, 16, 267, 1, 15, 60, 1854 }, // U+35E7
    { 15, 16, 267, 1, 14, 60, 1914 }, // U+361D
    { 15, 16, 267, 1, 14, 60, 1974 }, // U+3621
    { 15, 16, 267, 1, 14, 60, 2034 }, // U+3623
    { 16, 15, 267, 0, 14, 60, 2094 }, // U+3634
    { 17, 15, 267, 0, 14, 64, 2154 }, // U+363F
    { 17, 16, 267, 0, 14, 68, 2218 }, // U+3645
    { 17, 16, 267, 0, 14, 68, 2286 }, // U+364D
    { 16, 15, 267, 0, 14, 60, 2354 }, // U+3653
    { 16, 16, 267, 0, 14, 64, 2414 }, // U+3655
    { 16, 16, 267, 0, 15, 64, 2478 }, // U+365C
    { 16, 16, 267, 0, 15, 64, 2542 }, // U+3675
    { 16, 16, 267, 0, 14, 64, 2606 }, // U+367C
    { 17, 16, 267, 0, 14, 68, 2670 }, // U+36A2
    { 15, 17, 267, 1, 15, 64, 2738 }, // U+36A3
    { 17, 17, 267, 0, 15, 73, 2802 }, // U+36A9
    { 15, 16, 267, 1, 14, 60, 2875 }, // U+36BB
    { 16, 16, 267, 0, 14, 64, 2935 }, // U+36BC
    { 16, 16, 267, 0, 14, 64, 2999 }, // U+36CE
    { 17, 16, 267, 0, 14, 68, 3063 }, // U+36E6
    { 16, 17, 267, 0, 15, 68, 3131 }, // U+36E9
    { 17, 16, 267, 0, 14, 68, 3199 }, // U+36EC
    { 16, 17, 267, 0, 15, 68, 3267 }, // U+3700
    { 16, 17, 267, 0, 15, 68, 3335 }, // U+3701
    { 17, 17, 267, 0, 15, 73, 3403 }, // U+3713
    { 16, 17, 267, 0, 15, 68, 3476 }, // U+3717
    { 15, 16, 267, 1, 15, 60, 3544 }, // U+3749
    { 17, 17, 267, 0, 15, 73, 3604 }, // U+374A
    { 17, 17, 267, 0, 15, 73, 3677 }, // U+374F
    { 15, 16, 267, 1, 15, 60, 3750 }, // U+3750
    { 17, 17, 267, 0, 15, 73, 3810 }, // U+3753
    { 16, 17, 267, 0, 15, 68, 3883 }, // U+3759
    { 15, 17, 267, 1, 15, 64, 3951 }, // U+375C
    { 17, 17, 267, 0, 15, 73, 4015 }, // U+375D
    { 16, 17, 267, 0, 15, 68, 4088 }, // U+3760
    { 15, 15, 267, 1, 14, 57, 4156 }, // U+37A2
    { 16, 16, 267, 0, 15, 64, 4213 }, // U+37AC
    { 13, 17, 267, 2, 15, 56, 4277 }, // U+37B1
    { 15, 16, 267, 1, 14, 60, 4333 }, // U+37D8
    { 15, 16, 267, 1, 14, 60, 4393 }, // U+37D9
    { 16, 16, 267, 1, 14, 64, 4453 }, // U+37E3
    { 16, 16, 267, 1, 14, 64, 4517 }, // U+37F7
    { 16, 17, 267, 1, 15, 68, 4581 }, // U+3801
    { 15, 16, 267, 1, 14, 60, 4649 }, // U+3806
    { 15, 15, 267, 1, 14, 57, 4709 }, // U+3825
    { 15, 14, 267, 1, 13, 53, 4766 }, // U+382A
    { 16, 15, 267, 0, 14, 60, 4819 }, // U+382D
    { 16, 15, 267, 0, 14, 60, 4879 }, // U+38C9
    { 17, 16, 267, 0, 14, 68, 4939 }, // U+38CD
    { 16, 16, 267, 0, 14, 64, 5007 }, // U+39C7
    { 17, 16, 267, 0, 14, 68, 5071 }, // U+39D0
    { 17, 16, 267, 0, 14, 68, 5139 }, // U+39D2
    { 17, 17, 267, 0, 15, 73, 5207 }, // U+39F2
    { 16, 16, 267, 0, 14, 64, 5280 }, // U+39FD
    { 16, 16, 267, 0, 14, 64, 5344 }, // U+3A04
    { 17, 16, 267, 0, 14, 68, 5408 }, // U+3A06
    { 16, 16, 267, 0, 14, 64, 0 }, // U+3A0B
    { 17, 16, 267, 0, 14, 68, 64 }, // U+3A10
    { 17, 16, 267, 0, 14, 68, 132 }, // U+3A32
    { 17, 16, 267, 0, 14, 68, 200 }, // U+3A56
    { 17, 16, 267, 0, 14, 68, 268 }, // U+3A70
    { 16, 15, 267, 0, 14, 60, 336 }, // U+3AD4
    { 16, 17, 267, 0, 15, 68, 396 }, // U+3AD6
    { 15, 14, 267, 1, 13, 53, 464 }, // U+3ADC
    { 16, 16, 267, 1, 14, 64, 517 }, // U+3ADE
    { 15, 17, 267, 1, 15, 64, 581 }, // U+3AE8
    { 15, 16, 267, 1, 14, 60, 645 }, // U+3AE9
    { 17, 16, 267, 0, 14, 68, 705 }, // U+3B01
    { 15, 16, 267, 1, 14, 60, 773 }, // U+3B1C
    { 16, 16, 267, 0, 14, 64, 833 }, // U+3B37
    { 16, 16, 267, 0, 14, 64, 897 }, // U+3B45
    { 17, 16, 267, 0, 14, 68, 961 }, // U+3B49
    { 17, 16, 267, 0, 14, 68, 1029 }, // U+3B58
    { 17, 16, 267, 0, 14, 68, 1097 }, // U+3B72
    { 17, 16, 267, 0, 14, 68, 1165 }, // U+3B74
    { 17, 16, 267, 0, 14, 68, 1233 }, // U+3B82
    { 17, 17, 267, 0, 15, 73, 1301 }, // U+3B9A
    { 17, 16, 267, 0, 14, 68, 1374 }, // U+3B9D
    { 16, 17, 267, 0, 15, 68, 1442 }, // U+3BA4
    { 17, 16, 267, 0, 14, 68, 1510 }, // U+3BBF
    { 16, 16, 267, 0, 14, 64, 1578 }, // U+3BDC
    { 17, 16, 267, 0, 14, 68, 1642 }, // U+3BE4
    { 17, 16, 267, 0, 14, 68, 1710 }, // U+3BF4
    { 16, 16, 267, 0, 14, 64, 1778 }, // U+3CBA
    { 16, 16, 267, 0, 14, 64, 1842 }, // U+3CC2
    { 16, 16, 267, 0, 14, 64, 1906 }, // U+3CC9
    { 16, 16, 267, 0, 14, 64, 1970 }, // U+3CCC
    { 16, 16, 267, 0, 14, 64, 2034 }, // U+3CD0
    { 16, 17, 267, 0, 15, 68, 2098 }, // U+3CD9
    { 17, 16, 267, 0, 14, 68, 2166 }, // U+3CDC
    { 16, 16, 267, 0, 14, 64, 2234 }, // U+3CED
    { 17, 17, 267, 0, 15, 73, 2298 }, // U+3CFF
    { 17, 16, 267, 0, 14, 68, 2371 }, // U+3D09
    { 16, 16, 267, 0, 14, 64, 2439 }, // U+3D18
    { 16, 17, 267, 0, 15, 68, 2503 }, // U+3D26
    { 16, 17, 267, 0, 15, 68, 2571 }, // U+3D2D
    { 16, 17, 267, 0, 15, 68, 2639 }, // U+3D49
    { 16, 16, 267, 0, 14, 64, 2707 }, // U+3D4F
    { 16, 16, 267, 0, 14, 64, 2771 }, // U+3D6D
    { 17, 17, 267, 0, 15, 73, 2835 }, // U+3D78
    { 16, 16, 267, 0, 14, 64, 2908 }, // U+3D7D
    { 17, 16, 267, 0, 14, 68, 2972 }, // U+3DCA
    { 17, 17, 267, 0, 15, 73, 3040 }, // U+3DDB
    { 14, 16, 267, 1, 14, 56, 3113 }, // U+3F5E
    { 16, 17, 267, 1, 15, 68, 3169 }, // U+3F69
    { 16, 16, 267, 0, 14, 64, 3237 }, // U+3F6C
    { 15, 16, 267, 1, 14, 60, 3301 }, // U+4010
    { 15, 16, 267, 1, 14, 60, 3361 }, // U+4012
    { 15, 16, 267, 1, 14, 60, 3421 }, // U+4020
    { 16, 16, 267, 1, 14, 64, 3481 }, // U+402B
    { 16, 16, 267, 1, 14, 64, 3545 }, // U+4030
    { 15, 16, 267, 1, 14, 60, 3609 }, // U+404C
    { 15, 16, 267, 1, 14, 60, 3669 }, // U+4059
    { 15, 17, 267, 1, 15, 64, 3729 }, // U+4198
    { 15, 17, 267, 1, 15, 64, 3793 }, // U+419A
    { 17, 17, 267, 0, 15, 73, 3857 }, // U+419F
    { 15, 17, 267, 1, 15, 64, 3930 }, // U+41AF
    { 14, 16, 267, 1, 14, 56, 3994 }, // U+434F
    { 16, 16, 267, 0, 14, 64, 4050 }, // U+43CC
    { 14, 17, 267, 1, 15, 60, 4114 }, // U+43CD
    { 17, 16, 267, 0, 14, 68, 4174 }, // U+43E3
    { 17, 16, 267, 0, 14, 68, 4242 }, // U+43E9
    { 16, 17, 267, 0, 15, 68, 4310 }, // U+43EB
    { 17, 16, 267, 0, 14, 68, 4378 }, // U+43F7
    { 16, 16, 267, 0, 14, 64, 4446 }, // U+4417
    { 16, 17, 267, 0, 15, 68, 4510 }, // U+4427
    { 16, 16, 267, 0, 14, 64, 4578 }, // U+4437
    { 17, 16, 267, 0, 14, 68, 4642 }, // U+4494
    { 15, 15, 267, 1, 14, 57, 4710 }, // U+4499
    { 16, 16, 267, 0, 14, 64, 4767 }, // U+44A3
    { 16, 16, 267, 0, 14, 64, 4831 }, // U+44A4
    { 15, 16, 267, 1, 14, 60, 4895 }, // U+44C0
    { 16, 16, 267, 0, 14, 64, 4955 }, // U+44CD
    { 16, 16, 267, 0, 14, 64, 5019 }, // U+44DF
    { 16, 16, 267, 0, 14, 64, 5083 }, // U+44E2
    { 16, 16, 267, 0, 14, 64, 5147 }, // U+44EC
    { 16, 16, 267, 0, 14, 64, 5211 }, // U+44F5
    { 15, 16, 267, 1, 14, 60, 5275 }, // U+44F8
    { 15, 16, 267, 1, 14, 60, 5335 }, // U+4530
    { 15, 16, 267, 1, 14, 60, 5395 }, // U+454E
    { 17, 16, 267, 0, 14, 68, 5455 }, // U+472B
    { 16, 16, 267, 0, 14, 64, 5523 }, // U+472C
    { 17, 17, 267, 0, 15, 73, 5587 }, // U+4884
    { 16, 3, 267, 0, 8, 12, 5660 }, // U+4E00
    { 16, 15, 267, 0, 14, 60, 5672 }, // U+4E03
    { 16, 15, 267, 0, 14, 60, 5732 }, // U+4E04
    { 16, 15, 267, 0, 13, 60, 5792 }, // U+4E05
    { 16, 13, 267, 0, 13, 52, 5852 }, // U+4E06
    { 15, 14, 267, 1, 13, 53, 5904 }, // U+4E09
    { 16, 15, 267, 0, 14, 60, 5957 }, // U+4E0A
    { 16, 15, 267, 0, 14, 60, 6017 }, // U+4E14
    { 16, 15, 267, 0, 13, 60, 6077 }, // U+4E21
    { 2, 16, 267, 7, 14, 8, 0 }, // U+4E28
    { 17, 17, 267, 0, 15, 73, 8 }, // U+4E2A
    { 14, 16, 267, 1, 14, 56, 81 }, // U+4E2F
    { 15, 16, 267, 1, 14, 60, 137 }, // U+4E31
    { 14, 17, 267, 1, 15, 60, 197 }, // U+4E33
    { 7, 16, 267, 3, 14, 28, 257 }, // U+4E3F
    { 15, 16, 267, 1, 14, 60, 285 }, // U+4E48
    { 12, 15, 267, 3, 14, 45, 345 }, // U+4E5A
    { 16, 15, 267, 1, 14, 60, 390 }, // U+4E62
    { 16, 16, 267, 1, 14, 64, 450 }, // U+4E68
    { 16, 16, 267, 0, 14, 64, 514 }, // U+4E79
    { 16, 12, 267, 0, 12, 48, 578 }, // U+4E8C
    { 15, 14, 267, 1, 13, 53, 626 }, // U+4E96
    { 16, 16, 267, 0, 15, 64, 679 }, // U+4E97
    { 16, 14, 267, 0, 13, 56, 743 }, // U+4E98
    { 16, 14, 267, 0, 13, 56, 799 }, // U+4E9C
    { 16, 15, 267, 0, 14, 60, 855 }, // U+4E9D
    { 16, 5, 267, 0, 14, 20, 915 }, // U+4EA0
    { 15, 17, 267, 1, 15, 64, 935 }, // U+4EA3
    { 15, 17, 267, 1, 15, 64, 999 }, // U+4EA9
    { 16, 17, 267, 0, 15, 68, 1063 }, // U+4EAF
    { 16, 17, 267, 0, 15, 68, 1131 }, // U+4EB1
    { 17, 16, 267, 0, 14, 68, 1199 }, // U+4EBA
    { 8, 17, 267, 0, 15, 34, 1267 }, // U+4EBB
    { 16, 16, 267, 0, 14, 64, 1301 }, // U+4EC0
    { 16, 16, 267, 0, 14, 64, 1365 }, // U+4EC1
    { 17, 16, 267, 0, 14, 68, 1429 }, // U+4EC5
    { 17, 17, 267, 0, 15, 73, 1497 }, // U+4ECB
    { 17, 16, 267, 0, 14, 68, 1570 }, // U+4ECF
    { 17, 16, 267, 0, 14, 68, 1638 }, // U+4ED0
    { 17, 16, 267, 0, 14, 68, 1706 }, // U+4ED5
    { 16, 16, 267, 0, 14, 64, 1774 }, // U+4ED9
    { 17, 16, 267, 0, 14, 68, 1838 }, // U+4EDA
    { 16, 16, 267, 0, 14, 64, 1906 }, // U+4EDC
    { 17, 16, 267, 0, 15, 68, 1970 }, // U+4EDD
    { 17, 16, 267, 0, 14, 68, 2038 }, // U+4EDF
    { 17, 16, 267, 0, 14, 68, 2106 }, // U+4EE0
    { 17, 16, 267, 0, 14, 68, 2174 }, // U+4EE8
    { 16, 16, 267, 0, 14, 64, 2242 }, // U+4EE9
    { 16, 16, 267, 0, 14, 64, 2306 }, // U+4EEB
    { 15, 16, 267, 0, 14, 60, 2370 }, // U+4EF4
    { 17, 17, 267, 0, 15, 73, 2430 }, // U+4EF7
    { 16, 16, 267, 0, 14, 64, 2503 }, // U+4F00
    { 17, 16, 267, 0, 14, 68, 2567 }, // U+4F11
    { 16, 16, 267, 0, 14, 64, 2635 }, // U+4F2B
    { 17, 17, 267, 0, 15, 73, 2699 }, // U+4F2E
    { 16, 16, 267, 0, 14, 64, 2772 }, // U+4F37
    { 16, 16, 267, 0, 14, 64, 2836 }, // U+4F38
    { 17, 16, 267, 0, 14, 68, 2900 }, // U+4F39
    { 17, 16, 267, 0, 14, 68, 2968 }, // U+4F3F
    { 17, 17, 267, 0, 15, 73, 3036 }, // U+4F41
    { 16, 16, 267, 0, 14, 64, 3109 }, // U+4F43
    { 17, 16, 267, 0, 14, 68, 3173 }, // U+4F46
    { 16, 16, 267, 0, 14, 64, 3241 }, // U+4F5E
    { 17, 16, 267, 0, 14, 68, 3305 }, // U+4F61
    { 17, 16, 267, 0, 14, 68, 3373 }, // U+4F6E
    { 16, 16, 267, 0, 14, 64, 3441 }, // U+4F73
    { 16, 16, 267, 0, 14, 64, 3505 }, // U+4F76
    { 17, 16, 267, 0, 14, 68, 3569 }, // U+4F7E
    { 16, 16, 267, 0, 14, 64, 3637 }, // U+4F84
    { 17, 16, 267, 0, 14, 68, 3701 }, // U+4F86
    { 16, 17, 267, 0, 15, 68, 3769 }, // U+4F92
    { 16, 16, 267, 0, 14, 64, 3837 }, // U+4F97
    { 16, 17, 267, 0, 15, 68, 3901 }, // U+4F9E
    { 15, 16, 267, 0, 14, 60, 3969 }, // U+4FA3
    { 17, 15, 267, 0, 14, 64, 4029 }, // U+4FCE
    { 17, 17, 267, 0, 15, 73, 4093 }, // U+4FD5
    { 17, 16, 267, 0, 14, 68, 4166 }, // U+4FD7
    { 17, 16, 267, 0, 14, 68, 4234 }, // U+4FDD
    { 16, 17, 267, 0, 15, 68, 4302 }, // U+4FFC
    { 16, 17, 267, 0, 15, 68, 4370 }, // U+5005
    { 17, 16, 267, 0, 14, 68, 4438 }, // U+5008
    { 16, 16, 267, 0, 14, 64, 4506 }, // U+500B
    { 16, 16, 267, 0, 14, 64, 4570 }, // U+5017
    { 16, 16, 267, 0, 14, 64, 4634 }, // U+501C
    { 17, 16, 267, 0, 14, 68, 4698 }, // U+501F
    { 16, 16, 267, 0, 14, 64, 4766 }, // U+5021
    { 16, 17, 267, 0, 15, 68, 4830 }, // U+5025
    { 17, 17, 267, 0, 15, 73, 4898 }, // U+502C
    { 17, 16, 267, 0, 14, 68, 4971 }, // U+502E
    { 16, 16, 267, 0, 14, 64, 5039 }, // U+502F
    { 17, 16, 267, 0, 14, 68, 5103 }, // U+5056
    { 16, 16, 267, 0, 14, 64, 5171 }, // U+5058
    { 16, 16, 267, 0, 14, 64, 5235 }, // U+506A
    { 16, 17, 267, 0, 15, 68, 5299 }, // U+5090
    { 17, 16, 267, 0, 14, 68, 5367 }, // U+5098
    { 17, 17, 267, 0, 15, 73, 5435 }, // U+509B
    { 16, 16, 267, 0, 14, 64, 5508 }, // U+50B0
    { 17, 17, 267, 0, 15, 73, 5572 }, // U+50C9
    { 17, 16, 267, 0, 14, 68, 5645 }, // U+50E4
    { 16, 16, 267, 0, 14, 64, 5713 }, // U+50F5
    { 17, 16, 267, 0, 14, 68, 5777 }, // U+50FA
    { 17, 17, 267, 0, 15, 73, 5845 }, // U+5109
    { 16, 16, 267, 0, 14, 64, 5918 }, // U+5121
    { 17, 15, 267, 0, 13, 64, 5982 }, // U+516B
    { 17, 16, 267, 0, 14, 68, 6046 }, // U+516C
    { 16, 16, 267, 0, 14, 64, 0 }, // U+516D
    { 15, 15, 267, 1, 13, 57, 64 }, // U+5182
    { 15, 15, 267, 1, 13, 57, 121 }, // U+5183
    { 16, 16, 267, 0, 14, 64, 178 }, // U+5184
    { 15, 15, 267, 1, 13, 57, 242 }, // U+5186
    { 14, 15, 267, 1, 13, 53, 299 }, // U+518B
    { 15, 16, 267, 1, 14, 60, 352 }, // U+518F
    { 13, 16, 267, 2, 14, 52, 412 }, // U+5190
    { 13, 17, 267, 2, 15, 56, 464 }, // U+5191
    { 14, 16, 267, 1, 14, 56, 520 }, // U+5192
    { 15, 15, 267, 1, 14, 57, 576 }, // U+5330
    { 16, 16, 267, 0, 14, 64, 633 }, // U+5341
    { 16, 16, 267, 0, 14, 64, 697 }, // U+5343
    { 16, 16, 267, 0, 14, 64, 761 }, // U+5344
    { 15, 15, 267, 1, 14, 57, 825 }, // U+5350
    { 16, 17, 267, 0, 15, 68, 882 }, // U+5352
    { 16, 16, 267, 0, 14, 64, 950 }, // U+5353
    { 15, 16, 267, 1, 14, 60, 1014 }, // U+535D
    { 16, 14, 267, 0, 13, 56, 1074 }, // U+536B
    { 16, 15, 267, 0, 13, 60, 1130 }, // U+536D
    { 16, 16, 267, 0, 14, 64, 1190 }, // U+537B
    { 15, 15, 267, 1, 14, 57, 1254 }, // U+53B6
    { 15, 16, 267, 1, 14, 60, 1311 }, // U+53B8
    { 16, 16, 267, 0, 14, 64, 1371 }, // U+53BD
    { 16, 16, 267, 0, 14, 64, 1435 }, // U+53BF
    { 15, 16, 267, 1, 14, 60, 1499 }, // U+53C0
    { 17, 17, 267, 0, 15, 73, 1559 }, // U+53C3
    { 17, 16, 267, 0, 15, 68, 1632 }, // U+53C4
    { 17, 15, 267, 0, 13, 64, 1700 }, // U+53C8
    { 17, 15, 267, 0, 13, 64, 1764 }, // U+53CC
    { 16, 16, 267, 0, 14, 64, 1828 }, // U+53D2
    { 17, 16, 267, 0, 14, 68, 1892 }, // U+53D5
    { 13, 14, 267, 2, 13, 46, 1960 }, // U+53E3
    { 15, 15, 267, 1, 13, 57, 2006 }, // U+53E9
    { 16, 15, 267, 0, 13, 60, 2063 }, // U+53EA
    { 15, 17, 267, 1, 15, 64, 2123 }, // U+53F0
    { 16, 16, 267, 1, 14, 64, 2187 }, // U+53F6
    { 16, 15, 267, 1, 13, 60, 2251 }, // U+53F9
    { 15, 14, 267, 1, 13, 53, 2311 }, // U+53FF
    { 15, 16, 267, 1, 14, 60, 2364 }, // U+5400
    { 15, 14, 267, 1, 13, 53, 2424 }, // U+5405
    { 17, 17, 267, 0, 15, 73, 2477 }, // U+5408
    { 15, 16, 267, 1, 14, 60, 2550 }, // U+5409
    { 15, 16, 267, 1, 14, 60, 2610 }, // U+540C
    { 16, 15, 267, 1, 14, 60, 2670 }, // U+5410
    { 13, 16, 267, 2, 14, 52, 2730 }, // U+5415
    { 16, 17, 267, 1, 15, 68, 2782 }, // U+5424
    { 17, 16, 267, 0, 14, 68, 2850 }, // U+5446
    { 15, 16, 267, 0, 14, 60, 2918 }, // U+5468
    { 16, 15, 267, 1, 13, 60, 2978 }, // U+546E
    { 16, 16, 267, 1, 14, 64, 3038 }, // U+5476
    { 15, 16, 267, 1, 14, 60, 3102 }, // U+5477
    { 15, 16, 267, 1, 14, 60, 3162 }, // U+547B
    { 17, 17, 267, 0, 15, 73, 3222 }, // U+547D
    { 15, 14, 267, 1, 13, 53, 3295 }, // U+547E
    { 16, 15, 267, 1, 14, 60, 3348 }, // U+5480
    { 16, 17, 267, 1, 15, 68, 3408 }, // U+548D
    { 16, 15, 267, 1, 14, 60, 3476 }, // U+54A5
    { 15, 16, 267, 1, 14, 60, 3536 }, // U+54AD
    { 15, 17, 267, 1, 15, 64, 3596 }, // U+54B9
    { 16, 15, 267, 1, 14, 60, 3660 }, // U+54BA
    { 16, 16, 267, 1, 14, 64, 3720 }, // U+54BB
    { 15, 16, 267, 1, 14, 60, 3784 }, // U+54C1
    { 15, 16, 267, 1, 14, 60, 3844 }, // U+54C3
    { 15, 15, 267, 1, 14, 57, 3904 }, // U+54C7
    { 16, 16, 267, 1, 14, 64, 3961 }, // U+54C8
    { 15, 16, 267, 1, 14, 60, 4025 }, // U+54F6
    { 15, 16, 267, 1, 14, 60, 4085 }, // U+54FB
    { 16, 16, 267, 1, 14, 64, 4145 }, // U+5502
    { 16, 14, 267, 1, 13, 56, 4209 }, // U+5516
    { 15, 16, 267, 1, 14, 60, 4265 }, // U+5531
    { 15, 17, 267, 1, 15, 64, 4325 }, // U+5537
    { 16, 16, 267, 1, 14, 64, 4389 }, // U+553B
    { 15, 16, 267, 1, 14, 60, 4453 }, // U+5541
    { 16, 16, 267, 1, 14, 64, 4513 }, // U+5545
    { 16, 16, 267, 1, 14, 64, 4577 }, // U+5549
    { 15, 15, 267, 1, 14, 57, 4641 }, // U+554C
    { 16, 17, 267, 1, 15, 68, 4698 }, // U+5550
    { 16, 16, 267, 1, 14, 64, 4766 }, // U+555C
    { 15, 16, 267, 1, 14, 60, 4830 }, // U+556B
    { 17, 16, 267, 0, 14, 68, 4890 }, // U+5586
    { 15, 16, 267, 1, 14, 60, 4958 }, // U+559F
    { 15, 16, 267, 1, 14, 60, 5018 }, // U+55A6
    { 15, 16, 267, 1, 15, 60, 5078 }, // U+55A7
    { 16, 16, 267, 0, 14, 64, 5138 }, // U+55AE
    { 16, 16, 267, 1, 15, 64, 5202 }, // U+55B3
    { 15, 16, 267, 1, 14, 60, 5266 }, // U+55B5
    { 17, 16, 267, 0, 14, 68, 5326 }, // U+55BF
    { 15, 17, 267, 1, 15, 64, 5394 }, // U+55C3
    { 16, 16, 267, 1, 14, 64, 5458 }, // U+55D2
    { 16, 16, 267, 1, 14, 64, 5522 }, // U+55D3
    { 15, 16, 267, 1, 14, 60, 5586 }, // U+55F0
    { 15, 16, 267, 1, 14, 60, 5646 }, // U+55F6
    { 16, 17, 267, 1, 15, 68, 5706 }, // U+5607
    { 15, 16, 267, 1, 14, 60, 5774 }, // U+5623
    { 15, 16, 267, 1, 14, 60, 5834 }, // U+5632
    { 16, 16, 267, 0, 14, 64, 0 }, // U+563C
    { 16, 16, 267, 1, 14, 64, 64 }, // U+563D
    { 16, 16, 267, 0, 14, 64, 128 }, // U+5650
    { 16, 17, 267, 1, 15, 68, 192 }, // U+565E
    { 16, 16, 267, 1, 14, 64, 260 }, // U+566A
    { 15, 16, 267, 1, 14, 60, 324 }, // U+5686
    { 16, 17, 267, 0, 15, 68, 384 }, // U+569E
    { 14, 15, 267, 1, 13, 53, 452 }, // U+56D7
    { 15, 16, 267, 1, 14, 60, 505 }, // U+56DA
    { 15, 16, 267, 1, 14, 60, 565 }, // U+56DC
    { 15, 16, 267, 1, 14, 60, 625 }, // U+56E1
    { 15, 16, 267, 1, 14, 60, 685 }, // U+56F0
    { 15, 16, 267, 1, 14, 60, 745 }, // U+56F6
    { 15, 16, 267, 1, 14, 60, 805 }, // U+56FA
    { 15, 16, 267, 1, 14, 60, 865 }, // U+56FC
    { 16, 15, 267, 0, 14, 60, 925 }, // U+571F
    { 16, 16, 267, 0, 14, 64, 985 }, // U+5720
    { 17, 15, 267, 0, 14, 64, 1049 }, // U+5723
    { 16, 16, 267, 0, 15, 64, 1113 }, // U+572D
    { 17, 16, 267, 0, 14, 68, 1177 }, // U+5731
    { 16, 16, 267, 0, 14, 64, 1245 }, // U+5732
    { 16, 15, 267, 0, 14, 60, 1309 }, // U+5735
    { 16, 16, 267, 0, 14, 64, 1369 }, // U+5738
    { 16, 15, 267, 0, 14, 60, 1433 }, // U+573C
    { 17, 17, 267, 0, 15, 73, 1493 }, // U+573F
    { 16, 15, 267, 0, 14, 60, 1566 }, // U+575A
    { 16, 16, 267, 0, 14, 64, 1626 }, // U+5764
    { 17, 15, 267, 0, 14, 64, 1690 }, // U+5765
    { 17, 15, 267, 0, 14, 64, 1754 }, // U+5766
    { 17, 16, 267, 0, 14, 68, 1818 }, // U+576E
    { 16, 16, 267, 0, 14, 64, 1886 }, // U+5770
    { 16, 15, 267, 0, 14, 60, 1950 }, // U+5774
    { 17, 16, 267, 0, 14, 68, 2010 }, // U+5779
    { 16, 16, 267, 0, 14, 64, 2078 }, // U+578C
    { 16, 15, 267, 0, 14, 60, 2142 }, // U+5792
    { 16, 15, 267, 0, 14, 60, 2202 }, // U+579A
    { 16, 15, 267, 0, 14, 60, 2262 }, // U+57A3
    { 17, 15, 267, 0, 14, 64, 2322 }, // U+57A4
    { 17, 16, 267, 0, 14, 68, 2386 }, // U+57A5
    { 17, 17, 267, 0, 15, 73, 2454 }, // U+57B5
    { 16, 16, 267, 0, 14, 64, 2527 }, // U+57BE
    { 15, 16, 267, 0, 14, 60, 2591 }, // U+57CD
    { 16, 16, 267, 0, 14, 64, 2651 }, // U+57DB
    { 17, 15, 267, 0, 14, 64, 2715 }, // U+57DC
    { 16, 17, 267, 0, 15, 68, 2779 }, // U+57E3
    { 16, 15, 267, 0, 14, 60, 2847 }, // U+57EA
    { 17, 16, 267, 0, 14, 68, 2907 }, // U+5801
    { 16, 17, 267, 0, 15, 68, 2975 }, // U+5809
    { 16, 16, 267, 0, 14, 64, 3043 }, // U+580B
    { 16, 16, 267, 0, 14, 64, 3107 }, // U+580C
    { 16, 16, 267, 0, 14, 64, 3171 }, // U+581B
    { 17, 16, 267, 0, 15, 68, 3235 }, // U+5821
    { 16, 16, 267, 0, 14, 64, 3303 }, // U+5822
    { 17, 16, 267, 0, 14, 68, 3367 }, // U+5835
    { 17, 16, 267, 0, 14, 68, 3435 }, // U+583A
    { 16, 16, 267, 0, 15, 64, 3503 }, // U+5847
    { 17, 17, 267, 0, 15, 73, 3567 }, // U+584E
    { 17, 16, 267, 0, 14, 68, 3640 }, // U+5854
    { 16, 17, 267, 0, 15, 68, 3708 }, // U+5859
    { 16, 16, 267, 0, 14, 64, 3776 }, // U+5874
    { 17, 17, 267, 0, 15, 73, 3840 }, // U+588B
    { 17, 17, 267, 0, 15, 73, 3913 }, // U+5896
    { 17, 16, 267, 0, 14, 68, 3986 }, // U+58A0
    { 16, 16, 267, 0, 14, 64, 4054 }, // U+58B8
    { 17, 15, 267, 0, 14, 64, 4118 }, // U+58C3
    { 16, 15, 267, 0, 14, 60, 4182 }, // U+58D8
    { 16, 15, 267, 0, 14, 60, 4242 }, // U+58E8
    { 16, 15, 267, 0, 14, 60, 4302 }, // U+58EB
    { 15, 17, 267, 1, 15, 64, 4362 }, // U+58ED
    { 16, 15, 267, 0, 14, 60, 4426 }, // U+58F5
    { 16, 17, 267, 0, 15, 68, 4486 }, // U+5973
    { 17, 17, 267, 0, 15, 73, 4554 }, // U+5974
    { 16, 16, 267, 0, 14, 64, 4627 }, // U+5977
    { 16, 16, 267, 0, 14, 64, 4691 }, // U+5978
    { 17, 16, 267, 0, 14, 68, 4755 }, // U+597B
    { 16, 17, 267, 0, 15, 68, 4823 }, // U+597E
    { 16, 16, 267, 0, 14, 64, 4891 }, // U+5982
    { 16, 17, 267, 0, 15, 68, 4955 }, // U+5985
    { 17, 17, 267, 0, 15, 73, 5023 }, // U+598E
    { 17, 16, 267, 0, 14, 68, 5096 }, // U+5990
    { 16, 17, 267, 0, 15, 68, 5164 }, // U+599B
    { 16, 16, 267, 0, 14, 64, 5232 }, // U+599F
    { 16, 17, 267, 0, 15, 68, 5296 }, // U+59AF
    { 16, 17, 267, 0, 15, 68, 5364 }, // U+59B2
    { 16, 17, 267, 0, 15, 68, 5432 }, // U+59BD
    { 17, 17, 267, 0, 15, 73, 5500 }, // U+59CB
    { 16, 17, 267, 0, 15, 68, 5573 }, // U+59D0
    { 16, 17, 267, 0, 15, 68, 5641 }, // U+59DB
    { 16, 16, 267, 0, 14, 64, 5709 }, // U+59DE
    { 16, 17, 267, 0, 15, 68, 5773 }, // U+59E2
    { 16, 17, 267, 0, 15, 68, 5841 }, // U+59E6
    { 17, 16, 267, 0, 14, 68, 5909 }, // U+59E7
    { 16, 16, 267, 0, 14, 64, 5977 }, // U+59EA
    { 17, 17, 267, 0, 15, 73, 6041 }, // U+59EE
    { 16, 17, 267, 0, 15, 68, 6114 }, // U+59F2
    { 17, 17, 267, 0, 15, 73, 6182 }, // U+59F6
    { 17, 17, 267, 0, 15, 73, 0 }, // U+59F8
    { 16, 16, 267, 0, 14, 64, 73 }, // U+5A03
    { 16, 16, 267, 0, 14, 64, 137 }, // U+5A1F
    { 17, 17, 267, 0, 15, 73, 201 }, // U+5A28
    { 17, 16, 267, 0, 14, 68, 274 }, // U+5A3A
    { 16, 17, 267, 0, 15, 68, 342 }, // U+5A3C
    { 17, 17, 267, 0, 15, 73, 410 }, // U+5A50
    { 16, 17, 267, 0, 15, 68, 483 }, // U+5A5F
    { 17, 17, 267, 0, 15, 73, 551 }, // U+5A61
    { 16, 17, 267, 0, 15, 68, 624 }, // U+5A64
    { 16, 17, 267, 0, 15, 68, 692 }, // U+5A65
    { 17, 16, 267, 0, 14, 68, 760 }, // U+5A6A
    { 16, 17, 267, 0, 15, 68, 828 }, // U+5A76
    { 16, 17, 267, 0, 15, 68, 896 }, // U+5A8C
    { 16, 17, 267, 0, 15, 68, 964 }, // U+5A8E
    { 16, 17, 267, 0, 15, 68, 1032 }, // U+5A97
    { 16, 16, 267, 0, 14, 64, 1100 }, // U+5AA2
    { 16, 17, 267, 0, 15, 68, 1164 }, // U+5AA6
    { 17, 17, 267, 0, 15, 73, 1232 }, // U+5AAC
    { 17, 17, 267, 0, 15, 73, 1305 }, // U+5AC6
    { 17, 16, 267, 0, 14, 68, 1378 }, // U+5B0B
    { 17, 17, 267, 0, 15, 73, 1446 }, // U+5B10
    { 17, 17, 267, 0, 15, 73, 1519 }, // U+5B20
    { 15, 7, 267, 1, 14, 27, 1592 }, // U+5B80
    { 15, 17, 267, 1, 15, 64, 1619 }, // U+5B89
    { 17, 17, 267, 0, 15, 73, 1683 }, // U+5B8B
    { 16, 17, 267, 0, 15, 68, 1756 }, // U+5B8D
    { 15, 17, 267, 1, 15, 64, 1824 }, // U+5B99
    { 16, 16, 267, 0, 15, 64, 1888 }, // U+5B9C
    { 15, 17, 267, 1, 15, 64, 1952 }, // U+5BA1
    { 15, 16, 267, 1, 15, 60, 2016 }, // U+5BA3
    { 16, 16, 267, 0, 15, 64, 2076 }, // U+5BA4
    { 15, 17, 267, 1, 15, 64, 2140 }, // U+5BAB
    { 17, 17, 267, 0, 15, 73, 2204 }, // U+5BB2
    { 16, 17, 267, 0, 15, 68, 2277 }, // U+5BB4
    { 16, 17, 267, 0, 15, 68, 2345 }, // U+5BB9
    { 16, 17, 267, 0, 15, 68, 2413 }, // U+5BC5
    { 15, 17, 267, 1, 15, 64, 2481 }, // U+5BCC
    { 13, 16, 267, 2, 14, 52, 2545 }, // U+5C6E
    { 14, 16, 267, 1, 14, 56, 2597 }, // U+5C71
    { 14, 16, 267, 1, 14, 56, 2653 }, // U+5C72
    { 16, 15, 267, 1, 14, 60, 2709 }, // U+5C78
    { 16, 16, 267, 1, 14, 64, 2769 }, // U+5C7D
    { 15, 16, 267, 1, 14, 60, 2833 }, // U+5C7E
    { 14, 16, 267, 1, 14, 56, 2893 }, // U+5C80
    { 15, 16, 267, 1, 14, 60, 2949 }, // U+5C84
    { 17, 17, 267, 0, 15, 73, 3009 }, // U+5C95
    { 15, 16, 267, 1, 14, 60, 3082 }, // U+5CA4
    { 15, 15, 267, 1, 14, 57, 3142 }, // U+5CA8
    { 15, 16, 267, 1, 14, 60, 3199 }, // U+5CAB
    { 15, 16, 267, 1, 14, 60, 3259 }, // U+5CAC
    { 13, 17, 267, 2, 15, 56, 3319 }, // U+5CC0
    { 16, 16, 267, 1, 14, 64, 3375 }, // U+5CC4
    { 16, 16, 267, 1, 14, 64, 3439 }, // U+5CC6
    { 17, 17, 267, 0, 15, 73, 3503 }, // U+5CC7
    { 15, 15, 267, 1, 14, 57, 3576 }, // U+5CCC
    { 15, 16, 267, 1, 14, 60, 3633 }, // U+5CD2
    { 16, 16, 267, 0, 14, 64, 3693 }, // U+5CD5
    { 15, 17, 267, 1, 15, 64, 3757 }, // U+5CD6
    { 16, 15, 267, 1, 14, 60, 3821 }, // U+5CD8
    { 14, 16, 267, 1, 14, 56, 3881 }, // U+5CDD
    { 16, 16, 267, 1, 14, 64, 3937 }, // U+5CEA
    { 16, 16, 267, 1, 15, 64, 4001 }, // U+5D06
    { 16, 14, 267, 0, 13, 56, 4065 }, // U+5DE5
    { 16, 14, 267, 0, 13, 56, 4121 }, // U+5DEB
    { 16, 15, 267, 0, 13, 60, 4177 }, // U+5E72
    { 17, 16, 267, 0, 14, 68, 4237 }, // U+5E75
    { 17, 17, 267, 0, 15, 73, 4305 }, // U+5E79
    { 16, 15, 267, 0, 13, 60, 4378 }, // U+5F00
    { 13, 16, 267, 2, 14, 52, 4438 }, // U+5F61
    { 17, 16, 267, 0, 14, 68, 4490 }, // U+5F6B
    { 16, 16, 267, 0, 14, 64, 4558 }, // U+5F6C
    { 17, 17, 267, 0, 15, 73, 4622 }, // U+5F6E
    { 8, 17, 267, 1, 15, 34, 4695 }, // U+624C
    { 16, 16, 267, 0, 14, 64, 4729 }, // U+624E
    { 16, 16, 267, 0, 14, 64, 4793 }, // U+6255
    { 16, 16, 267, 0, 14, 64, 4857 }, // U+6257
    { 16, 16, 267, 0, 14, 64, 4921 }, // U+625B
    { 17, 17, 267, 0, 15, 73, 4985 }, // U+625E
    { 15, 16, 267, 0, 14, 60, 5058 }, // U+6263
    { 16, 16, 267, 0, 14, 64, 5118 }, // U+6266
    { 17, 17, 267, 0, 15, 73, 5182 }, // U+6274
    { 16, 16, 267, 0, 14, 64, 5255 }, // U+6287
    { 15, 16, 267, 0, 14, 60, 5319 }, // U+6288
    { 17, 16, 267, 0, 14, 68, 5379 }, // U+62A5
    { 17, 16, 267, 0, 14, 68, 5447 }, // U+62A7
    { 17, 17, 267, 0, 15, 73, 5515 }, // U+62AC
    { 16, 16, 267, 0, 14, 64, 5588 }, // U+62AF
    { 16, 16, 267, 0, 14, 64, 5652 }, // U+62BB
    { 16, 16, 267, 0, 14, 64, 5716 }, // U+62BC
    { 16, 16, 267, 0, 14, 64, 5780 }, // U+62BD
    { 16, 16, 267, 0, 14, 64, 5844 }, // U+62C5
    { 17, 16, 267, 0, 14, 68, 5908 }, // U+62E9
    { 16, 16, 267, 0, 14, 64, 5976 }, // U+62EE
    { 17, 16, 267, 0, 14, 68, 6040 }, // U+62FE
    { 16, 16, 267, 0, 14, 64, 6108 }, // U+6302
    { 16, 16, 267, 0, 14, 64, 0 }, // U+6303
    { 16, 17, 267, 0, 15, 68, 64 }, // U+6309
    { 16, 16, 267, 0, 14, 64, 132 }, // U+630F
    { 16, 16, 267, 0, 14, 64, 196 }, // U+633F
    { 16, 17, 267, 0, 15, 68, 260 }, // U+6346
    { 16, 16, 267, 0, 14, 64, 328 }, // U+634D
    { 17, 16, 267, 0, 14, 68, 392 }, // U+634F
    { 16, 16, 267, 0, 14, 64, 460 }, // U+6350
    { 16, 16, 267, 0, 14, 64, 524 }, // U+635B
    { 17, 16, 267, 0, 14, 68, 588 }, // U+635C
    { 17, 16, 267, 0, 14, 68, 656 }, // U+6370
    { 16, 17, 267, 0, 15, 68, 724 }, // U+637D
    { 17, 16, 267, 0, 14, 68, 792 }, // U+6387
    { 16, 16, 267, 0, 14, 64, 860 }, // U+6389
    { 16, 16, 267, 0, 14, 64, 924 }, // U+63A4
    { 17, 17, 267, 0, 15, 73, 988 }, // U+63A7
    { 16, 16, 267, 0, 14, 64, 1061 }, // U+63AA
    { 17, 16, 267, 0, 14, 68, 1125 }, // U+63B5
    { 16, 16, 267, 0, 14, 64, 1193 }, // U+63CA
    { 16, 17, 267, 0, 15, 68, 1257 }, // U+63CE
    { 16, 16, 267, 0, 14, 64, 1325 }, // U+63CF
    { 17, 17, 267, 0, 15, 73, 1389 }, // U+63F8
    { 17, 17, 267, 0, 15, 73, 1462 }, // U+6408
    { 16, 17, 267, 0, 15, 68, 1535 }, // U+641E
    { 17, 16, 267, 0, 14, 68, 1603 }, // U+6421
    { 17, 16, 267, 0, 14, 68, 1671 }, // U+642D
    { 17, 17, 267, 0, 15, 73, 1739 }, // U+647B
    { 17, 16, 267, 0, 14, 68, 1812 }, // U+64A3
    { 17, 17, 267, 0, 15, 73, 1880 }, // U+64BF
    { 17, 17, 267, 0, 15, 73, 1953 }, // U+64C0
    { 16, 16, 267, 0, 14, 64, 2026 }, // U+64C6
    { 17, 16, 267, 0, 14, 68, 2090 }, // U+64CD
    { 16, 16, 267, 0, 14, 64, 2158 }, // U+6502
    { 17, 17, 267, 0, 15, 73, 2222 }, // U+653E
    { 12, 15, 267, 2, 13, 45, 2295 }, // U+65E5
    { 15, 15, 267, 1, 14, 57, 2340 }, // U+65E6
    { 14, 16, 267, 1, 14, 56, 2397 }, // U+65E7
    { 16, 16, 267, 0, 14, 64, 2453 }, // U+65E9
    { 15, 16, 267, 1, 14, 60, 2517 }, // U+65EA
    { 15, 16, 267, 1, 14, 60, 2577 }, // U+65F0
    { 16, 16, 267, 0, 14, 64, 2637 }, // U+65F1
    { 14, 16, 267, 1, 14, 56, 2701 }, // U+660C
    { 15, 15, 267, 1, 13, 57, 2757 }, // U+660D
    { 15, 16, 267, 1, 14, 60, 2814 }, // U+660E
    { 16, 16, 267, 1, 14, 64, 2874 }, // U+6616
    { 16, 16, 267, 0, 14, 64, 2938 }, // U+6617
    { 16, 16, 267, 0, 14, 64, 3002 }, // U+663B
    { 15, 15, 267, 1, 14, 57, 3066 }, // U+6645
    { 16, 15, 267, 1, 14, 60, 3123 }, // U+6646
    { 16, 16, 267, 0, 14, 64, 3183 }, // U+6649
    { 16, 15, 267, 1, 14, 60, 3247 }, // U+664A
    { 15, 16, 267, 1, 14, 60, 3307 }, // U+664D
    { 16, 16, 267, 0, 14, 64, 3367 }, // U+664F
    { 16, 16, 267, 1, 14, 64, 3431 }, // U+6658
    { 16, 16, 267, 1, 14, 64, 3495 }, // U+666B
    { 15, 17, 267, 1, 15, 64, 3559 }, // U+666C
    { 15, 16, 267, 1, 14, 60, 3623 }, // U+666D
    { 15, 16, 267, 1, 14, 60, 3683 }, // U+6676
    { 16, 16, 267, 1, 14, 64, 3743 }, // U+667D
    { 15, 16, 267, 1, 14, 60, 3807 }, // U+667F
    { 15, 16, 267, 1, 15, 60, 3867 }, // U+6684
    { 15, 16, 267, 1, 14, 60, 3927 }, // U+668F
    { 16, 16, 267, 0, 14, 64, 3987 }, // U+6691
    { 15, 16, 267, 1, 15, 60, 4051 }, // U+669B
    { 15, 16, 267, 1, 14, 60, 4111 }, // U+66A0
    { 15, 16, 267, 1, 14, 60, 4171 }, // U+66A5
    { 15, 16, 267, 1, 14, 60, 4231 }, // U+66BA
    { 15, 15, 267, 1, 14, 57, 4291 }, // U+66CC
    { 13, 14, 267, 2, 13, 46, 4348 }, // U+66F0
    { 13, 15, 267, 2, 13, 49, 4394 }, // U+66F1
    { 15, 16, 267, 1, 14, 60, 4443 }, // U+66FA
    { 14, 16, 267, 0, 14, 56, 4503 }, // U+6708
    { 16, 16, 267, 0, 14, 64, 4559 }, // U+670B
    { 17, 16, 267, 0, 14, 68, 4623 }, // U+670D
    { 16, 17, 267, 0, 15, 68, 4691 }, // U+671D
    { 15, 16, 267, 0, 14, 60, 4759 }, // U+6724
    { 17, 16, 267, 0, 14, 68, 4819 }, // U+6728
    { 16, 16, 267, 0, 14, 64, 4887 }, // U+672D
    { 17, 16, 267, 0, 14, 68, 4951 }, // U+6743
    { 16, 16, 267, 0, 14, 64, 5019 }, // U+6744
    { 17, 16, 267, 0, 14, 68, 5083 }, // U+6746
    { 16, 16, 267, 0, 14, 64, 5151 }, // U+6749
    { 17, 16, 267, 0, 14, 68, 5215 }, // U+674F
    { 16, 16, 267, 0, 14, 64, 5283 }, // U+675C
    { 16, 16, 267, 0, 14, 64, 5347 }, // U+6760
    { 17, 15, 267, 0, 14, 64, 5411 }, // U+6762
    { 16, 16, 267, 0, 14, 64, 5475 }, // U+6770
    { 17, 16, 267, 0, 14, 68, 5539 }, // U+6772
    { 17, 16, 267, 0, 14, 68, 5607 }, // U+6773
    { 16, 16, 267, 0, 14, 64, 5675 }, // U+677E
    { 17, 16, 267, 0, 14, 68, 5739 }, // U+6780
    { 16, 16, 267, 0, 14, 64, 5807 }, // U+6782
    { 16, 16, 267, 0, 14, 64, 5871 }, // U+678F
    { 17, 17, 267, 0, 15, 73, 5935 }, // U+6797
    { 17, 16, 267, 0, 14, 68, 6008 }, // U+679C
    { 16, 16, 267, 0, 14, 64, 6076 }, // U+67A9
    { 17, 17, 267, 0, 15, 73, 0 }, // U+67B1
    { 17, 17, 267, 0, 15, 73, 73 }, // U+67B2
    { 17, 16, 267, 0, 14, 68, 146 }, // U+67B3
    { 16, 17, 267, 0, 15, 68, 214 }, // U+67BE
    { 17, 16, 267, 0, 14, 68, 282 }, // U+67D2
    { 17, 16, 267, 0, 14, 68, 350 }, // U+67D7
    { 16, 16, 267, 0, 14, 64, 418 }, // U+67D9
    { 16, 16, 267, 0, 14, 64, 482 }, // U+67DA
    { 16, 16, 267, 0, 14, 64, 546 }, // U+67DB
    { 17, 16, 267, 0, 14, 68, 610 }, // U+67E4
    { 17, 15, 267, 0, 14, 64, 678 }, // U+67E5
    { 16, 16, 267, 0, 14, 64, 742 }, // U+67E6
    { 17, 15, 267, 0, 14, 64, 806 }, // U+67FB
    { 17, 17, 267, 0, 15, 73, 870 }, // U+67FC
    { 17, 16, 267, 0, 14, 68, 943 }, // U+67FD
    { 16, 16, 267, 0, 14, 64, 1011 }, // U+6809
    { 17, 16, 267, 0, 14, 68, 1075 }, // U+681E
    { 16, 16, 267, 0, 14, 64, 1143 }, // U+6842
    { 17, 16, 267, 0, 14, 68, 1207 }, // U+6847
    { 17, 17, 267, 0, 15, 73, 1275 }, // U+6848
    { 17, 17, 267, 0, 15, 73, 1348 }, // U+6849
    { 17, 16, 267, 0, 14, 68, 1421 }, // U+684C
    { 17, 16, 267, 0, 14, 68, 1489 }, // U+684E
    { 16, 16, 267, 0, 14, 64, 1557 }, // U+6850
    { 17, 16, 267, 0, 14, 68, 1621 }, // U+6851
    { 17, 17, 267, 0, 15, 73, 1689 }, // U+6852
    { 16, 16, 267, 0, 14, 64, 1762 }, // U+6853
    { 16, 16, 267, 0, 14, 64, 1826 }, // U+6854
    { 17, 16, 267, 0, 14, 68, 1890 }, // U+687F
    { 16, 16, 267, 0, 14, 64, 1958 }, // U+688B
    { 16, 16, 267, 0, 14, 64, 2022 }, // U+68A0
    { 17, 17, 267, 0, 15, 73, 2086 }, // U+68A5
    { 16, 16, 267, 0, 14, 64, 2159 }, // U+68B1
    { 16, 16, 267, 0, 14, 64, 2223 }, // U+68DA
    { 16, 17, 267, 0, 15, 68, 2287 }, // U+68DB
    { 16, 16, 267, 0, 14, 64, 2355 }, // U+68DD
    { 17, 17, 267, 0, 15, 73, 2419 }, // U+68EE
    { 17, 16, 267, 0, 14, 68, 2492 }, // U+68F3
    { 17, 16, 267, 0, 14, 68, 2560 }, // U+68F4
    { 17, 16, 267, 0, 14, 68, 2628 }, // U+68F5
    { 17, 17, 267, 0, 15, 73, 2696 }, // U+68F6
    { 16, 16, 267, 0, 14, 64, 2769 }, // U+68F9
    { 16, 16, 267, 0, 14, 64, 2833 }, // U+6906
    { 16, 17, 267, 0, 15, 68, 2897 }, // U+690A
    { 16, 16, 267, 0, 14, 64, 2965 }, // U+690C
    { 16, 16, 267, 0, 14, 64, 3029 }, // U+6919
    { 17, 17, 267, 0, 15, 73, 3093 }, // U+6927
    { 17, 17, 267, 0, 15, 73, 3166 }, // U+692C
    { 17, 16, 267, 0, 14, 68, 3239 }, // U+693A
    { 17, 16, 267, 0, 14, 68, 3307 }, // U+6942
    { 16, 16, 267, 0, 14, 64, 3375 }, // U+6945
    { 16, 16, 267, 0, 14, 64, 3439 }, // U+694D
    { 17, 16, 267, 0, 14, 68, 3503 }, // U+6950
    { 16, 16, 267, 0, 14, 64, 3571 }, // U+695B
    { 16, 17, 267, 0, 15, 68, 3635 }, // U+6966
    { 16, 16, 267, 0, 14, 64, 3703 }, // U+696E
    { 16, 16, 267, 0, 14, 64, 3767 }, // U+6980
    { 16, 17, 267, 0, 15, 68, 3831 }, // U+6981
    { 17, 16, 267, 0, 14, 68, 3899 }, // U+6983
    { 17, 17, 267, 0, 15, 73, 3967 }, // U+6995
    { 17, 16, 267, 0, 14, 68, 4040 }, // U+6999
    { 17, 17, 267, 0, 15, 73, 4108 }, // U+69A6
    { 17, 17, 267, 0, 15, 73, 4181 }, // U+69C0
    { 16, 17, 267, 0, 15, 68, 4254 }, // U+69C1
    { 17, 16, 267, 0, 14, 68, 4322 }, // U+69D1
    { 16, 16, 267, 0, 14, 64, 4390 }, // U+69D5
    { 17, 16, 267, 0, 14, 68, 4454 }, // U+69E1
    { 17, 17, 267, 0, 15, 73, 4522 }, // U+69EE
    { 17, 16, 267, 0, 14, 68, 4595 }, // U+6A3F
    { 16, 16, 267, 0, 14, 64, 4663 }, // U+6A57
    { 16, 16, 267, 0, 14, 64, 4727 }, // U+6A78
    { 17, 16, 267, 0, 14, 68, 4791 }, // U+6A7E
    { 17, 16, 267, 0, 14, 68, 4859 }, // U+6A7F
    { 17, 17, 267, 0, 15, 73, 4927 }, // U+6A8A
    { 17, 17, 267, 0, 15, 73, 5000 }, // U+6AA2
    { 17, 16, 267, 0, 14, 68, 5073 }, // U+6AD0
    { 16, 16, 267, 0, 14, 64, 5141 }, // U+6AD1
    { 7, 16, 267, 0, 14, 28, 5205 }, // U+6C35
    { 17, 16, 267, 0, 14, 68, 5233 }, // U+6C41
    { 17, 16, 267, 0, 14, 68, 5301 }, // U+6C49
    { 17, 16, 267, 0, 14, 68, 5369 }, // U+6C57
    { 17, 16, 267, 0, 14, 68, 5437 }, // U+6C58
    { 17, 16, 267, 0, 14, 68, 5505 }, // U+6C5D
    { 16, 16, 267, 0, 14, 64, 5573 }, // U+6C5F
    { 17, 16, 267, 0, 14, 68, 5637 }, // U+6C62
    { 16, 16, 267, 0, 14, 64, 5705 }, // U+6C68
    { 16, 16, 267, 0, 14, 64, 5769 }, // U+6C69
    { 17, 16, 267, 0, 14, 68, 5833 }, // U+6C90
    { 17, 16, 267, 0, 14, 68, 5901 }, // U+6CAE
    { 16, 16, 267, 0, 14, 64, 5969 }, // U+6CB9
    { 16, 16, 267, 0, 14, 64, 6033 }, // U+6CBA
    { 16, 17, 267, 0, 15, 68, 6097 }, // U+6CBB
    { 16, 16, 267, 0, 14, 64, 6165 }, // U+6CC2
    { 16, 16, 267, 0, 14, 64, 6229 }, // U+6CC5
    { 16, 16, 267, 0, 14, 64, 6293 }, // U+6CEA
    { 17, 16, 267, 0, 14, 68, 6357 }, // U+6CEC
    { 16, 16, 267, 0, 14, 64, 0 }, // U+6CF9
    { 16, 16, 267, 0, 14, 64, 64 }, // U+6CFD
    { 16, 16, 267, 0, 14, 64, 128 }, // U+6D01
    { 17, 16, 267, 0, 14, 68, 192 }, // U+6D15
    { 17, 16, 267, 0, 14, 68, 260 }, // U+6D1D
    { 16, 16, 267, 0, 14, 64, 328 }, // U+6D1E
    { 16, 17, 267, 0, 15, 68, 392 }, // U+6D33
    { 16, 16, 267, 0, 14, 64, 460 }, // U+6D37
    { 17, 16, 267, 0, 14, 68, 524 }, // U+6D39
    { 16, 16, 267, 0, 14, 64, 592 }, // U+6D3C
    { 17, 16, 267, 0, 14, 68, 656 }, // U+6D3D
    { 17, 17, 267, 0, 15, 73, 724 }, // U+6D68
    { 17, 16, 267, 0, 14, 68, 797 }, // U+6D74
    { 16, 16, 267, 0, 14, 64, 865 }, // U+6D7B
    { 16, 16, 267, 0, 14, 64, 929 }, // U+6D81
    { 16, 16, 267, 0, 14, 64, 993 }, // U+6D83
    { 16, 16, 267, 0, 14, 64, 1057 }, // U+6D85
    { 17, 16, 267, 0, 14, 68, 1121 }, // U+6D86
    { 16, 16, 267, 0, 14, 64, 1189 }, // U+6D93
    { 17, 16, 267, 0, 14, 68, 1253 }, // U+6DB0
    { 16, 16, 267, 0, 14, 64, 1321 }, // U+6DB3
    { 16, 16, 267, 0, 14, 64, 1385 }, // U+6DB8
    { 17, 16, 267, 0, 14, 68, 1449 }, // U+6DC9
    { 17, 17, 267, 0, 15, 73, 1517 }, // U+6DCB
    { 16, 16, 267, 0, 14, 64, 1590 }, // U+6DCD
    { 16, 16, 267, 0, 14, 64, 1654 }, // U+6DD0
    { 16, 16, 267, 0, 14, 64, 1718 }, // U+6DD5
    { 16, 16, 267, 0, 14, 64, 1782 }, // U+6DD6
    { 16, 16, 267, 0, 14, 64, 1846 }, // U+6DDC
    { 17, 16, 267, 0, 14, 68, 1910 }, // U+6DDE
    { 16, 17, 267, 0, 15, 68, 1978 }, // U+6DEC
    { 16, 17, 267, 0, 15, 68, 2046 }, // U+6DEF
    { 17, 17, 267, 0, 15, 73, 2114 }, // U+6DF6
    { 16, 17, 267, 0, 15, 68, 2187 }, // U+6E16
    { 16, 16, 267, 0, 14, 64, 2255 }, // U+6E1A
    { 17, 17, 267, 0, 15, 73, 2319 }, // U+6E23
    { 16, 16, 267, 0, 14, 64, 2392 }, // U+6E2D
    { 17, 17, 267, 0, 15, 73, 2456 }, // U+6E32
    { 16, 16, 267, 0, 14, 64, 2529 }, // U+6E35
    { 17, 17, 267, 0, 15, 73, 2593 }, // U+6E41
    { 16, 16, 267, 0, 14, 64, 2666 }, // U+6E58
    { 16, 16, 267, 0, 14, 64, 2730 }, // U+6E62
    { 17, 16, 267, 0, 14, 68, 2794 }, // U+6E7A
    { 16, 17, 267, 0, 15, 68, 2862 }, // U+6E7B
    { 16, 16, 267, 0, 14, 64, 2930 }, // U+6E8E
    { 17, 16, 267, 0, 14, 68, 2994 }, // U+6E9A
    { 17, 17, 267, 0, 15, 73, 3062 }, // U+6EB6
    { 16, 17, 267, 0, 15, 68, 3135 }, // U+6EC8
    { 16, 16, 267, 0, 14, 64, 3203 }, // U+6EED
    { 17, 17, 267, 0, 15, 73, 3267 }, // U+6EF2
    { 16, 17, 267, 0, 15, 68, 3340 }, // U+6F14
    { 17, 16, 267, 0, 14, 68, 3408 }, // U+6F1C
    { 16, 16, 267, 0, 14, 64, 3476 }, // U+6F24
    { 16, 16, 267, 0, 14, 64, 3540 }, // U+6F25
    { 16, 16, 267, 0, 15, 64, 3604 }, // U+6F4C
    { 17, 16, 267, 0, 14, 68, 3668 }, // U+6F6C
    { 16, 16, 267, 0, 14, 64, 3736 }, // U+6F6E
    { 17, 16, 267, 0, 14, 68, 3800 }, // U+6F78
    { 17, 16, 267, 0, 14, 68, 3868 }, // U+6F79
    { 17, 16, 267, 0, 14, 68, 3936 }, // U+6F98
    { 17, 16, 267, 0, 14, 68, 4004 }, // U+6FA1
    { 17, 17, 267, 0, 15, 73, 4072 }, // U+6FA3
    { 17, 17, 267, 0, 15, 73, 4145 }, // U+6FB0
    { 16, 16, 267, 0, 14, 64, 4218 }, // U+6FD0
    { 16, 16, 267, 0, 14, 64, 4282 }, // U+7045
    { 17, 7, 267, 0, 5, 30, 4346 }, // U+706C
    { 17, 16, 267, 0, 14, 68, 4376 }, // U+70CB
    { 16, 16, 267, 0, 14, 64, 4444 }, // U+716E
    { 17, 16, 267, 0, 14, 68, 4508 }, // U+7529
    { 15, 15, 267, 1, 13, 57, 4576 }, // U+7530
    { 14, 16, 267, 1, 14, 56, 4633 }, // U+7531
    { 13, 15, 267, 2, 13, 49, 4689 }, // U+7532
    { 14, 16, 267, 1, 14, 56, 4738 }, // U+7533
    { 14, 16, 267, 1, 14, 56, 4794 }, // U+7534
    { 17, 15, 267, 0, 14, 64, 4850 }, // U+7546
    { 17, 16, 267, 0, 14, 68, 4914 }, // U+754C
    { 16, 17, 267, 1, 15, 68, 4982 }, // U+754D
    { 15, 16, 267, 1, 14, 60, 5050 }, // U+7550
    { 13, 16, 267, 2, 14, 52, 5110 }, // U+7555
    { 15, 17, 267, 1, 15, 64, 5162 }, // U+7557
    { 16, 16, 267, 0, 14, 64, 5226 }, // U+7562
    { 17, 17, 267, 0, 15, 73, 5290 }, // U+7563
    { 15, 15, 267, 1, 14, 57, 5363 }, // U+7566
    { 16, 16, 267, 1, 14, 64, 5420 }, // U+7577
    { 16, 15, 267, 0, 14, 60, 5484 }, // U+757A
    { 15, 16, 267, 1, 14, 60, 5544 }, // U+757E
    { 16, 15, 267, 1, 14, 60, 5604 }, // U+7585
    { 16, 16, 267, 0, 14, 64, 5664 }, // U+7588
    { 12, 15, 267, 2, 13, 45, 5728 }, // U+76EE
    { 16, 15, 267, 1, 13, 60, 5773 }, // U+76F0
    { 16, 16, 267, 0, 14, 64, 5833 }, // U+76F8
    { 15, 16, 267, 1, 14, 60, 5897 }, // U+7700
    { 15, 16, 267, 1, 14, 60, 5957 }, // U+7712
    { 16, 17, 267, 1, 15, 68, 6017 }, // U+7719
    { 15, 15, 267, 1, 14, 57, 6085 }, // U+772D
    { 15, 16, 267, 1, 14, 60, 6142 }, // U+772E
    { 16, 15, 267, 1, 14, 60, 0 }, // U+7730
    { 16, 16, 267, 1, 14, 64, 60 }, // U+7745
    { 15, 16, 267, 1, 14, 60, 124 }, // U+774A
    { 15, 16, 267, 1, 14, 60, 184 }, // U+774F
    { 16, 17, 267, 1, 15, 68, 244 }, // U+775E
    { 15, 17, 267, 1, 15, 64, 312 }, // U+775F
    { 16, 15, 267, 1, 14, 60, 376 }, // U+7766
    { 15, 16, 267, 1, 14, 60, 436 }, // U+776D
    { 15, 16, 267, 1, 14, 60, 496 }, // U+7779
    { 15, 16, 267, 1, 15, 60, 556 }, // U+777B
    { 15, 16, 267, 1, 14, 60, 616 }, // U+7784
    { 15, 16, 267, 1, 14, 60, 676 }, // U+7790
    { 15, 17, 267, 1, 15, 64, 736 }, // U+779A
    { 16, 17, 267, 1, 15, 68, 800 }, // U+77BC
    { 15, 15, 267, 1, 14, 57, 868 }, // U+77BE
    { 16, 16, 267, 1, 14, 64, 925 }, // U+77C2
    { 14, 17, 267, 1, 15, 60, 989 }, // U+79B8
    { 17, 16, 267, 0, 14, 68, 1049 }, // U+7A74
    { 15, 16, 267, 1, 15, 60, 1117 }, // U+7A7A
    { 16, 17, 267, 0, 15, 68, 1177 }, // U+7A7C
    { 15, 17, 267, 1, 15, 64, 1245 }, // U+7A85
    { 16, 16, 267, 0, 15, 64, 1309 }, // U+7A90
    { 16, 16, 267, 0, 15, 64, 1373 }, // U+7A92
    { 17, 17, 267, 0, 15, 73, 1437 }, // U+7AA0
    { 17, 17, 267, 0, 15, 73, 1510 }, // U+7AA1
    { 16, 17, 267, 0, 15, 68, 1583 }, // U+7AA3
    { 15, 17, 267, 1, 15, 64, 1651 }, // U+7AA7
    { 16, 17, 267, 0, 15, 68, 1715 }, // U+7AAA
    { 16, 16, 267, 0, 14, 64, 1783 }, // U+7F8B
    { 16, 13, 267, 0, 13, 52, 1847 }, // U+8002
    { 16, 16, 267, 0, 14, 64, 1899 }, // U+8005
    { 16, 15, 267, 0, 14, 60, 1963 }, // U+800A
    { 16, 16, 267, 0, 14, 64, 2023 }, // U+8097
    { 12, 16, 267, 2, 14, 48, 2087 }, // U+8099
    { 16, 16, 267, 0, 14, 64, 2135 }, // U+809A
    { 16, 16, 267, 0, 14, 64, 2199 }, // U+809B
    { 16, 16, 267, 0, 14, 64, 2263 }, // U+809C
    { 17, 16, 267, 0, 14, 68, 2327 }, // U+809D
    { 15, 17, 267, 1, 15, 64, 2395 }, // U+80B2
    { 17, 16, 267, 0, 14, 68, 2459 }, // U+80B8
    { 15, 16, 267, 1, 14, 60, 2527 }, // U+80BE
    { 16, 16, 267, 0, 14, 64, 2587 }, // U+80C2
    { 13, 16, 267, 2, 14, 52, 2651 }, // U+80C3
    { 13, 17, 267, 2, 15, 56, 2703 }, // U+80C4
    { 17, 16, 267, 0, 14, 68, 2759 }, // U+80C6
    { 17, 17, 267, 0, 15, 73, 2827 }, // U+80CE
    { 16, 16, 267, 0, 14, 64, 2900 }, // U+80D1
    { 16, 16, 267, 0, 14, 64, 2964 }, // U+80DB
    { 16, 16, 267, 0, 14, 64, 3028 }, // U+80F4
    { 17, 16, 267, 0, 14, 68, 3092 }, // U+80F5
    { 16, 16, 267, 0, 14, 64, 3160 }, // U+80FA
    { 16, 16, 267, 0, 14, 64, 3224 }, // U+80FF
    { 17, 17, 267, 0, 15, 73, 3288 }, // U+813A
    { 17, 16, 267, 0, 14, 68, 3361 }, // U+8142
    { 17, 16, 267, 0, 14, 68, 3429 }, // U+814F
    { 16, 17, 267, 0, 15, 68, 3497 }, // U+8154
    { 16, 17, 267, 0, 15, 68, 3565 }, // U+815F
    { 16, 16, 267, 0, 14, 64, 3633 }, // U+8173
    { 16, 16, 267, 0, 14, 64, 3697 }, // U+8177
    { 16, 17, 267, 0, 15, 68, 3761 }, // U+81A3
    { 16, 16, 267, 0, 14, 64, 3829 }, // U+81B5
    { 17, 17, 267, 0, 15, 73, 3893 }, // U+81C9
    { 17, 16, 267, 0, 14, 68, 3966 }, // U+81CA
    { 16, 15, 267, 0, 14, 60, 4034 }, // U+81F3
    { 16, 15, 267, 0, 14, 60, 4094 }, // U+81F8
    { 17, 16, 267, 0, 14, 68, 4154 }, // U+820E
    { 15, 7, 267, 1, 14, 27, 4222 }, // U+8279
    { 16, 16, 267, 0, 14, 64, 4249 }, // U+8282
    { 16, 16, 267, 0, 14, 64, 4313 }, // U+8288
    { 16, 16, 267, 0, 14, 64, 4377 }, // U+8289
    { 16, 16, 267, 0, 14, 64, 4441 }, // U+828A
    { 15, 15, 267, 1, 14, 57, 4505 }, // U+828F
    { 16, 16, 267, 0, 14, 64, 4562 }, // U+82A2
    { 17, 16, 267, 0, 14, 68, 4626 }, // U+82A5
    { 15, 15, 267, 1, 14, 57, 4694 }, // U+82CE
    { 15, 16, 267, 1, 14, 60, 4751 }, // U+82D4
    { 16, 16, 267, 0, 14, 64, 4811 }, // U+82D6
    { 16, 16, 267, 0, 14, 64, 4875 }, // U+82D7
    { 16, 16, 267, 0, 14, 64, 4939 }, // U+82D8
    { 15, 16, 267, 1, 14, 60, 5003 }, // U+82DC
    { 15, 16, 267, 1, 14, 60, 5063 }, // U+82E6
    { 16, 16, 267, 0, 14, 64, 5123 }, // U+82EC
    { 16, 15, 267, 0, 14, 60, 5187 }, // U+82F4
    { 16, 16, 267, 0, 14, 64, 5247 }, // U+830C
    { 17, 17, 267, 0, 15, 73, 5311 }, // U+8313
    { 17, 16, 267, 0, 14, 68, 5384 }, // U+8320
    { 16, 15, 267, 0, 14, 60, 5452 }, // U+8325
    { 16, 16, 267, 0, 14, 64, 5512 }, // U+8333
    { 16, 16, 267, 0, 14, 64, 5576 }, // U+8339
    { 16, 16, 267, 0, 14, 64, 5640 }, // U+833C
    { 15, 15, 267, 1, 14, 57, 5704 }, // U+8341
    { 17, 16, 267, 0, 14, 68, 5761 }, // U+8345
    { 16, 16, 267, 0, 14, 64, 5829 }, // U+8349
    { 16, 16, 267, 0, 14, 64, 5893 }, // U+834C
    { 16, 15, 267, 0, 14, 60, 5957 }, // U+834E
    { 16, 16, 267, 0, 14, 64, 6017 }, // U+8370
    { 16, 16, 267, 0, 15, 64, 0 }, // U+8381
    { 15, 16, 267, 1, 14, 60, 64 }, // U+8392
    { 17, 16, 267, 0, 14, 68, 124 }, // U+8395
    { 16, 16, 267, 0, 14, 64, 192 }, // U+83AF
    { 17, 16, 267, 0, 14, 68, 256 }, // U+83D2
    { 17, 16, 267, 0, 14, 68, 324 }, // U+83D3
    { 17, 16, 267, 0, 14, 68, 392 }, // U+83D4
    { 15, 16, 267, 1, 14, 60, 460 }, // U+83D6
    { 16, 16, 267, 0, 14, 64, 520 }, // U+83D7
    { 17, 16, 267, 0, 14, 68, 584 }, // U+83D8
    { 16, 16, 267, 0, 14, 64, 652 }, // U+83ED
    { 16, 16, 267, 0, 14, 64, 716 }, // U+83F9
    { 17, 16, 267, 0, 14, 68, 780 }, // U+83FB
    { 16, 16, 267, 0, 14, 64, 848 }, // U+8403
    { 17, 16, 267, 0, 14, 68, 912 }, // U+840A
    { 15, 16, 267, 1, 14, 60, 980 }, // U+840C
    { 16, 15, 267, 0, 14, 60, 1040 }, // U+8413
    { 17, 16, 267, 0, 14, 68, 1100 }, // U+841A
    { 16, 16, 267, 0, 14, 64, 1168 }, // U+8420
    { 16, 15, 267, 0, 14, 60, 1232 }, // U+8431
    { 15, 16, 267, 1, 14, 60, 1292 }, // U+843A
    { 17, 16, 267, 0, 14, 68, 1352 }, // U+8445
    { 17, 16, 267, 0, 14, 68, 1420 }, // U+8446
    { 17, 16, 267, 0, 14, 68, 1488 }, // U+8448
    { 16, 16, 267, 0, 14, 64, 1556 }, // U+844C
    { 15, 16, 267, 1, 14, 60, 1620 }, // U+844D
    { 16, 16, 267, 0, 14, 64, 1680 }, // U+8457
    { 16, 16, 267, 0, 14, 64, 1744 }, // U+8459
    { 15, 16, 267, 1, 14, 60, 1808 }, // U+84BF
    { 17, 16, 267, 0, 14, 68, 1868 }, // U+84C9
    { 16, 16, 267, 0, 14, 64, 1936 }, // U+84D5
    { 16, 16, 267, 0, 14, 64, 2000 }, // U+84FD
    { 17, 16, 267, 0, 14, 68, 2064 }, // U+8518
    { 16, 16, 267, 0, 14, 64, 2132 }, // U+8529
    { 16, 16, 267, 0, 14, 64, 2196 }, // U+8547
    { 15, 16, 267, 1, 14, 60, 2260 }, // U+854C
    { 16, 16, 267, 0, 14, 64, 2320 }, // U+8550
    { 16, 16, 267, 0, 14, 64, 2384 }, // U+8583
    { 16, 15, 267, 0, 14, 60, 2448 }, // U+8591
    { 17, 16, 267, 0, 14, 68, 2508 }, // U+859F
    { 17, 16, 267, 0, 14, 68, 2576 }, // U+85C1
    { 15, 16, 267, 1, 14, 60, 2644 }, // U+85DF
    { 17, 16, 267, 0, 14, 68, 2704 }, // U+85FB
    { 16, 15, 267, 0, 14, 60, 2772 }, // U+8632
    { 17, 16, 267, 0, 14, 68, 2832 }, // U+863D
    { 17, 16, 267, 0, 14, 68, 2900 }, // U+8C37
    { 17, 16, 267, 0, 14, 68, 2968 }, // U+8C38
    { 16, 17, 267, 0, 15, 68, 3036 }, // U+8C3E
    { 16, 16, 267, 0, 14, 64, 3104 }, // U+90A3
    { 16, 17, 267, 0, 15, 68, 3168 }, // U+9AD8
    { 15, 17, 267, 1, 15, 64, 3236 }, // U+9AD9
    { 17, 16, 267, 0, 14, 68, 3300 }, // U+9ADE
    { 15, 16, 267, 1, 14, 60, 3368 }, // U+9FA7
    { 15, 9, 267, 1, 15, 34, 3428 }, // U+9FB7
    { 9, 17, 267, 0, 15, 39, 3462 }, // U+9FBA
    { 16, 16, 267, 0, 14, 64, 3501 }, // U+9FBF
};

static const EpdUnicodeInterval notosanssc_8_regularIntervals[] = {
    { 0x30, 0x32, 0x0 },
    { 0x3A, 0x3A, 0x3 },
    { 0x5F, 0x5F, 0x4 },
    { 0x63, 0x63, 0x5 },
    { 0x69, 0x69, 0x6 },
    { 0x6D, 0x70, 0x7 },
    { 0x73, 0x74, 0xB },
    { 0xB7, 0xB7, 0xD },
    { 0x410, 0x429, 0xE },
    { 0x42B, 0x42D, 0x28 },
    { 0x42F, 0x449, 0x2B },
    { 0x44B, 0x44F, 0x46 },
    { 0x451, 0x451, 0x4B },
    { 0x2011, 0x2011, 0x4C },
    { 0x2014, 0x2014, 0x4D },
    { 0x2026, 0x2026, 0x4E },
    { 0x2E86, 0x2E86, 0x4F },
    { 0x2E8A, 0x2E8A, 0x50 },
    { 0x2E9C, 0x2E9D, 0x51 },
    { 0x2EB5, 0x2EB5, 0x53 },
    { 0x2EB8, 0x2EB8, 0x54 },
    { 0x2EBC, 0x2EBC, 0x55 },
    { 0x2EC0, 0x2EC0, 0x56 },
    { 0x3001, 0x3002, 0x57 },
    { 0x3008, 0x3011, 0x59 },
    { 0x3022, 0x3022, 0x63 },
    { 0x3400, 0x3400, 0x64 },
    { 0x3416, 0x3416, 0x65 },
    { 0x3430, 0x3430, 0x66 },
    { 0x3460, 0x3460, 0x67 },
    { 0x3463, 0x3464, 0x68 },
    { 0x3479, 0x3479, 0x6A },
    { 0x3482, 0x3482, 0x6B },
    { 0x34A6, 0x34A6, 0x6C },
    { 0x353A, 0x353A, 0x6D },
    { 0x3555, 0x3556, 0x6E },
    { 0x355B, 0x355B, 0x70 },
    { 0x3563, 0x3563, 0x71 },
    { 0x356C, 0x356C, 0x72 },
    { 0x3572, 0x3572, 0x73 },
    { 0x358F, 0x358F, 0x74 },
    { 0x35CA, 0x35CA, 0x75 },
    { 0x35CC, 0x35CC, 0x76 },
    { 0x35E7, 0x35E7, 0x77 },
    { 0x361D, 0x361D, 0x78 },
    { 0x3621, 0x3621, 0x79 },
    { 0x3623, 0x3623, 0x7A },
    { 0x3634, 0x3634, 0x7B },
    { 0x363F, 0x363F, 0x7C },
    { 0x3645, 0x3645, 0x7D },
    { 0x364D, 0x364D, 0x7E },
    { 0x3653, 0x3653, 0x7F },
    { 0x3655, 0x3655, 0x80 },
    { 0x365C, 0x365C, 0x81 },
    { 0x3675, 0x3675, 0x82 },
    { 0x367C, 0x367C, 0x83 },
    { 0x36A2, 0x36A3, 0x84 },
    { 0x36A9, 0x36A9, 0x86 },
    { 0x36BB, 0x36BC, 0x87 },
    { 0x36CE, 0x36CE, 0x89 },
    { 0x36E6, 0x36E6, 0x8A },
    { 0x36E9, 0x36E9, 0x8B },
    { 0x36EC, 0x36EC, 0x8C },
    { 0x3700, 0x3701, 0x8D },
    { 0x3713, 0x3713, 0x8F },
    { 0x3717, 0x3717, 0x90 },
    { 0x3749, 0x374A, 0x91 },
    { 0x374F, 0x3750, 0x93 },
    { 0x3753, 0x3753, 0x95 },
    { 0x3759, 0x3759, 0x96 },
    { 0x375C, 0x375D, 0x97 },
    { 0x3760, 0x3760, 0x99 },
    { 0x37A2, 0x37A2, 0x9A },
    { 0x37AC, 0x37AC, 0x9B },
    { 0x37B1, 0x37B1, 0x9C },
    { 0x37D8, 0x37D9, 0x9D },
    { 0x37E3, 0x37E3, 0x9F },
    { 0x37F7, 0x37F7, 0xA0 },
    { 0x3801, 0x3801, 0xA1 },
    { 0x3806, 0x3806, 0xA2 },
    { 0x3825, 0x3825, 0xA3 },
    { 0x382A, 0x382A, 0xA4 },
    { 0x382D, 0x382D, 0xA5 },
    { 0x38C9, 0x38C9, 0xA6 },
    { 0x38CD, 0x38CD, 0xA7 },
    { 0x39C7, 0x39C7, 0xA8 },
    { 0x39D0, 0x39D0, 0xA9 },
    { 0x39D2, 0x39D2, 0xAA },
    { 0x39F2, 0x39F2, 0xAB },
    { 0x39FD, 0x39FD, 0xAC },
    { 0x3A04, 0x3A04, 0xAD },
    { 0x3A06, 0x3A06, 0xAE },
    { 0x3A0B, 0x3A0B, 0xAF },
    { 0x3A10, 0x3A10, 0xB0 },
    { 0x3A32, 0x3A32, 0xB1 },
    { 0x3A56, 0x3A56, 0xB2 },
    { 0x3A70, 0x3A70, 0xB3 },
    { 0x3AD4, 0x3AD4, 0xB4 },
    { 0x3AD6, 0x3AD6, 0xB5 },
    { 0x3ADC, 0x3ADC, 0xB6 },
    { 0x3ADE, 0x3ADE, 0xB7 },
    { 0x3AE8, 0x3AE9, 0xB8 },
    { 0x3B01, 0x3B01, 0xBA },
    { 0x3B1C, 0x3B1C, 0xBB },
    { 0x3B37, 0x3B37, 0xBC },
    { 0x3B45, 0x3B45, 0xBD },
    { 0x3B49, 0x3B49, 0xBE },
    { 0x3B58, 0x3B58, 0xBF },
    { 0x3B72, 0x3B72, 0xC0 },
    { 0x3B74, 0x3B74, 0xC1 },
    { 0x3B82, 0x3B82, 0xC2 },
    { 0x3B9A, 0x3B9A, 0xC3 },
    { 0x3B9D, 0x3B9D, 0xC4 },
    { 0x3BA4, 0x3BA4, 0xC5 },
    { 0x3BBF, 0x3BBF, 0xC6 },
    { 0x3BDC, 0x3BDC, 0xC7 },
    { 0x3BE4, 0x3BE4, 0xC8 },
    { 0x3BF4, 0x3BF4, 0xC9 },
    { 0x3CBA, 0x3CBA, 0xCA },
    { 0x3CC2, 0x3CC2, 0xCB },
    { 0x3CC9, 0x3CC9, 0xCC },
    { 0x3CCC, 0x3CCC, 0xCD },
    { 0x3CD0, 0x3CD0, 0xCE },
    { 0x3CD9, 0x3CD9, 0xCF },
    { 0x3CDC, 0x3CDC, 0xD0 },
    { 0x3CED, 0x3CED, 0xD1 },
    { 0x3CFF, 0x3CFF, 0xD2 },
    { 0x3D09, 0x3D09, 0xD3 },
    { 0x3D18, 0x3D18, 0xD4 },
    { 0x3D26, 0x3D26, 0xD5 },
    { 0x3D2D, 0x3D2D, 0xD6 },
    { 0x3D49, 0x3D49, 0xD7 },
    { 0x3D4F, 0x3D4F, 0xD8 },
    { 0x3D6D, 0x3D6D, 0xD9 },
    { 0x3D78, 0x3D78, 0xDA },
    { 0x3D7D, 0x3D7D, 0xDB },
    { 0x3DCA, 0x3DCA, 0xDC },
    { 0x3DDB, 0x3DDB, 0xDD },
    { 0x3F5E, 0x3F5E, 0xDE },
    { 0x3F69, 0x3F69, 0xDF },
    { 0x3F6C, 0x3F6C, 0xE0 },
    { 0x4010, 0x4010, 0xE1 },
    { 0x4012, 0x4012, 0xE2 },
    { 0x4020, 0x4020, 0xE3 },
    { 0x402B, 0x402B, 0xE4 },
    { 0x4030, 0x4030, 0xE5 },
    { 0x404C, 0x404C, 0xE6 },
    { 0x4059, 0x4059, 0xE7 },
    { 0x4198, 0x4198, 0xE8 },
    { 0x419A, 0x419A, 0xE9 },
    { 0x419F, 0x419F, 0xEA },
    { 0x41AF, 0x41AF, 0xEB },
    { 0x434F, 0x434F, 0xEC },
    { 0x43CC, 0x43CD, 0xED },
    { 0x43E3, 0x43E3, 0xEF },
    { 0x43E9, 0x43E9, 0xF0 },
    { 0x43EB, 0x43EB, 0xF1 },
    { 0x43F7, 0x43F7, 0xF2 },
    { 0x4417, 0x4417, 0xF3 },
    { 0x4427, 0x4427, 0xF4 },
    { 0x4437, 0x4437, 0xF5 },
    { 0x4494, 0x4494, 0xF6 },
    { 0x4499, 0x4499, 0xF7 },
    { 0x44A3, 0x44A4, 0xF8 },
    { 0x44C0, 0x44C0, 0xFA },
    { 0x44CD, 0x44CD, 0xFB },
    { 0x44DF, 0x44DF, 0xFC },
    { 0x44E2, 0x44E2, 0xFD },
    { 0x44EC, 0x44EC, 0xFE },
    { 0x44F5, 0x44F5, 0xFF },
    { 0x44F8, 0x44F8, 0x100 },
    { 0x4530, 0x4530, 0x101 },
    { 0x454E, 0x454E, 0x102 },
    { 0x472B, 0x472C, 0x103 },
    { 0x4884, 0x4884, 0x105 },
    { 0x4E00, 0x4E00, 0x106 },
    { 0x4E03, 0x4E06, 0x107 },
    { 0x4E09, 0x4E0A, 0x10B },
    { 0x4E14, 0x4E14, 0x10D },
    { 0x4E21, 0x4E21, 0x10E },
    { 0x4E28, 0x4E28, 0x10F },
    { 0x4E2A, 0x4E2A, 0x110 },
    { 0x4E2F, 0x4E2F, 0x111 },
    { 0x4E31, 0x4E31, 0x112 },
    { 0x4E33, 0x4E33, 0x113 },
    { 0x4E3F, 0x4E3F, 0x114 },
    { 0x4E48, 0x4E48, 0x115 },
    { 0x4E5A, 0x4E5A, 0x116 },
    { 0x4E62, 0x4E62, 0x117 },
    { 0x4E68, 0x4E68, 0x118 },
    { 0x4E79, 0x4E79, 0x119 },
    { 0x4E8C, 0x4E8C, 0x11A },
    { 0x4E96, 0x4E98, 0x11B },
    { 0x4E9C, 0x4E9D, 0x11E },
    { 0x4EA0, 0x4EA0, 0x120 },
    { 0x4EA3, 0x4EA3, 0x121 },
    { 0x4EA9, 0x4EA9, 0x122 },
    { 0x4EAF, 0x4EAF, 0x123 },
    { 0x4EB1, 0x4EB1, 0x124 },
    { 0x4EBA, 0x4EBB, 0x125 },
    { 0x4EC0, 0x4EC1, 0x127 },
    { 0x4EC5, 0x4EC5, 0x129 },
    { 0x4ECB, 0x4ECB, 0x12A },
    { 0x4ECF, 0x4ED0, 0x12B },
    { 0x4ED5, 0x4ED5, 0x12D },
    { 0x4ED9, 0x4EDA, 0x12E },
    { 0x4EDC, 0x4EDD, 0x130 },
    { 0x4EDF, 0x4EE0, 0x132 },
    { 0x4EE8, 0x4EE9, 0x134 },
    { 0x4EEB, 0x4EEB, 0x136 },
    { 0x4EF4, 0x4EF4, 0x137 },
    { 0x4EF7, 0x4EF7, 0x138 },
    { 0x4F00, 0x4F00, 0x139 },
    { 0x4F11, 0x4F11, 0x13A },
    { 0x4F2B, 0x4F2B, 0x13B },
    { 0x4F2E, 0x4F2E, 0x13C },
    { 0x4F37, 0x4F39, 0x13D },
    { 0x4F3F, 0x4F3F, 0x140 },
    { 0x4F41, 0x4F41, 0x141 },
    { 0x4F43, 0x4F43, 0x142 },
    { 0x4F46, 0x4F46, 0x143 },
    { 0x4F5E, 0x4F5E, 0x144 },
    { 0x4F61, 0x4F61, 0x145 },
    { 0x4F6E, 0x4F6E, 0x146 },
    { 0x4F73, 0x4F73, 0x147 },
    { 0x4F76, 0x4F76, 0x148 },
    { 0x4F7E, 0x4F7E, 0x149 },
    { 0x4F84, 0x4F84, 0x14A },
    { 0x4F86, 0x4F86, 0x14B },
    { 0x4F92, 0x4F92, 0x14C },
    { 0x4F97, 0x4F97, 0x14D },
    { 0x4F9E, 0x4F9E, 0x14E },
    { 0x4FA3, 0x4FA3, 0x14F },
    { 0x4FCE, 0x4FCE, 0x150 },
    { 0x4FD5, 0x4FD5, 0x151 },
    { 0x4FD7, 0x4FD7, 0x152 },
    { 0x4FDD, 0x4FDD, 0x153 },
    { 0x4FFC, 0x4FFC, 0x154 },
    { 0x5005, 0x5005, 0x155 },
    { 0x5008, 0x5008, 0x156 },
    { 0x500B, 0x500B, 0x157 },
    { 0x5017, 0x5017, 0x158 },
    { 0x501C, 0x501C, 0x159 },
    { 0x501F, 0x501F, 0x15A },
    { 0x5021, 0x5021, 0x15B },
    { 0x5025, 0x5025, 0x15C },
    { 0x502C, 0x502C, 0x15D },
    { 0x502E, 0x502F, 0x15E },
    { 0x5056, 0x5056, 0x160 },
    { 0x5058, 0x5058, 0x161 },
    { 0x506A, 0x506A, 0x162 },
    { 0x5090, 0x5090, 0x163 },
    { 0x5098, 0x5098, 0x164 },
    { 0x509B, 0x509B, 0x165 },
    { 0x50B0, 0x50B0, 0x166 },
    { 0x50C9, 0x50C9, 0x167 },
    { 0x50E4, 0x50E4, 0x168 },
    { 0x50F5, 0x50F5, 0x169 },
    { 0x50FA, 0x50FA, 0x16A },
    { 0x5109, 0x5109, 0x16B },
    { 0x5121, 0x5121, 0x16C },
    { 0x516B, 0x516D, 0x16D },
    { 0x5182, 0x5184, 0x170 },
    { 0x5186, 0x5186, 0x173 },
    { 0x518B, 0x518B, 0x174 },
    { 0x518F, 0x5192, 0x175 },
    { 0x5330, 0x5330, 0x179 },
    { 0x5341, 0x5341, 0x17A },
    { 0x5343, 0x5344, 0x17B },
    { 0x5350, 0x5350, 0x17D },
    { 0x5352, 0x5353, 0x17E },
    { 0x535D, 0x535D, 0x180 },
    { 0x536B, 0x536B, 0x181 },
    { 0x536D, 0x536D, 0x182 },
    { 0x537B, 0x537B, 0x183 },
    { 0x53B6, 0x53B6, 0x184 },
    { 0x53B8, 0x53B8, 0x185 },
    { 0x53BD, 0x53BD, 0x186 },
    { 0x53BF, 0x53C0, 0x187 },
    { 0x53C3, 0x53C4, 0x189 },
    { 0x53C8, 0x53C8, 0x18B },
    { 0x53CC, 0x53CC, 0x18C },
    { 0x53D2, 0x53D2, 0x18D },
    { 0x53D5, 0x53D5, 0x18E },
    { 0x53E3, 0x53E3, 0x18F },
    { 0x53E9, 0x53EA, 0x190 },
    { 0x53F0, 0x53F0, 0x192 },
    { 0x53F6, 0x53F6, 0x193 },
    { 0x53F9, 0x53F9, 0x194 },
    { 0x53FF, 0x5400, 0x195 },
    { 0x5405, 0x5405, 0x197 },
    { 0x5408, 0x5409, 0x198 },
    { 0x540C, 0x540C, 0x19A },
    { 0x5410, 0x5410, 0x19B },
    { 0x5415, 0x5415, 0x19C },
    { 0x5424, 0x5424, 0x19D },
    { 0x5446, 0x5446, 0x19E },
    { 0x5468, 0x5468, 0x19F },
    { 0x546E, 0x546E, 0x1A0 },
    { 0x5476, 0x5477, 0x1A1 },
    { 0x547B, 0x547B, 0x1A3 },
    { 0x547D, 0x547E, 0x1A4 },
    { 0x5480, 0x5480, 0x1A6 },
    { 0x548D, 0x548D, 0x1A7 },
    { 0x54A5, 0x54A5, 0x1A8 },
    { 0x54AD, 0x54AD, 0x1A9 },
    { 0x54B9, 0x54BB, 0x1AA },
    { 0x54C1, 0x54C1, 0x1AD },
    { 0x54C3, 0x54C3, 0x1AE },
    { 0x54C7, 0x54C8, 0x1AF },
    { 0x54F6, 0x54F6, 0x1B1 },
    { 0x54FB, 0x54FB, 0x1B2 },
    { 0x5502, 0x5502, 0x1B3 },
    { 0x5516, 0x5516, 0x1B4 },
    { 0x5531, 0x5531, 0x1B5 },
    { 0x5537, 0x5537, 0x1B6 },
    { 0x553B, 0x553B, 0x1B7 },
    { 0x5541, 0x5541, 0x1B8 },
    { 0x5545, 0x5545, 0x1B9 },
    { 0x5549, 0x5549, 0x1BA },
    { 0x554C, 0x554C, 0x1BB },
    { 0x5550, 0x5550, 0x1BC },
    { 0x555C, 0x555C, 0x1BD },
    { 0x556B, 0x556B, 0x1BE },
    { 0x5586, 0x5586, 0x1BF },
    { 0x559F, 0x559F, 0x1C0 },
    { 0x55A6, 0x55A7, 0x1C1 },
    { 0x55AE, 0x55AE, 0x1C3 },
    { 0x55B3, 0x55B3, 0x1C4 },
    { 0x55B5, 0x55B5, 0x1C5 },
    { 0x55BF, 0x55BF, 0x1C6 },
    { 0x55C3, 0x55C3, 0x1C7 },
    { 0x55D2, 0x55D3, 0x1C8 },
    { 0x55F0, 0x55F0, 0x1CA },
    { 0x55F6, 0x55F6, 0x1CB },
    { 0x5607, 0x5607, 0x1CC },
    { 0x5623, 0x5623, 0x1CD },
    { 0x5632, 0x5632, 0x1CE },
    { 0x563C, 0x563D, 0x1CF },
    { 0x5650, 0x5650, 0x1D1 },
    { 0x565E, 0x565E, 0x1D2 },
    { 0x566A, 0x566A, 0x1D3 },
    { 0x5686, 0x5686, 0x1D4 },
    { 0x569E, 0x569E, 0x1D5 },
    { 0x56D7, 0x56D7, 0x1D6 },
    { 0x56DA, 0x56DA, 0x1D7 },
    { 0x56DC, 0x56DC, 0x1D8 },
    { 0x56E1, 0x56E1, 0x1D9 },
    { 0x56F0, 0x56F0, 0x1DA },
    { 0x56F6, 0x56F6, 0x1DB },
    { 0x56FA, 0x56FA, 0x1DC },
    { 0x56FC, 0x56FC, 0x1DD },
    { 0x571F, 0x5720, 0x1DE },
    { 0x5723, 0x5723, 0x1E0 },
    { 0x572D, 0x572D, 0x1E1 },
    { 0x5731, 0x5732, 0x1E2 },
    { 0x5735, 0x5735, 0x1E4 },
    { 0x5738, 0x5738, 0x1E5 },
    { 0x573C, 0x573C, 0x1E6 },
    { 0x573F, 0x573F, 0x1E7 },
    { 0x575A, 0x575A, 0x1E8 },
    { 0x5764, 0x5766, 0x1E9 },
    { 0x576E, 0x576E, 0x1EC },
    { 0x5770, 0x5770, 0x1ED },
    { 0x5774, 0x5774, 0x1EE },
    { 0x5779, 0x5779, 0x1EF },
    { 0x578C, 0x578C, 0x1F0 },
    { 0x5792, 0x5792, 0x1F1 },
    { 0x579A, 0x579A, 0x1F2 },
    { 0x57A3, 0x57A5, 0x1F3 },
    { 0x57B5, 0x57B5, 0x1F6 },
    { 0x57BE, 0x57BE, 0x1F7 },
    { 0x57CD, 0x57CD, 0x1F8 },
    { 0x57DB, 0x57DC, 0x1F9 },
    { 0x57E3, 0x57E3, 0x1FB },
    { 0x57EA, 0x57EA, 0x1FC },
    { 0x5801, 0x5801, 0x1FD },
    { 0x5809, 0x5809, 0x1FE },
    { 0x580B, 0x580C, 0x1FF },
    { 0x581B, 0x581B, 0x201 },
    { 0x5821, 0x5822, 0x202 },
    { 0x5835, 0x5835, 0x204 },
    { 0x583A, 0x583A, 0x205 },
    { 0x5847, 0x5847, 0x206 },
    { 0x584E, 0x584E, 0x207 },
    { 0x5854, 0x5854, 0x208 },
    { 0x5859, 0x5859, 0x209 },
    { 0x5874, 0x5874, 0x20A },
    { 0x588B, 0x588B, 0x20B },
    { 0x5896, 0x5896, 0x20C },
    { 0x58A0, 0x58A0, 0x20D },
    { 0x58B8, 0x58B8, 0x20E },
    { 0x58C3, 0x58C3, 0x20F },
    { 0x58D8, 0x58D8, 0x210 },
    { 0x58E8, 0x58E8, 0x211 },
    { 0x58EB, 0x58EB, 0x212 },
    { 0x58ED, 0x58ED, 0x213 },
    { 0x58F5, 0x58F5, 0x214 },
    { 0x5973, 0x5974, 0x215 },
    { 0x5977, 0x5978, 0x217 },
    { 0x597B, 0x597B, 0x219 },
    { 0x597E, 0x597E, 0x21A },
    { 0x5982, 0x5982, 0x21B },
    { 0x5985, 0x5985, 0x21C },
    { 0x598E, 0x598E, 0x21D },
    { 0x5990, 0x5990, 0x21E },
    { 0x599B, 0x599B, 0x21F },
    { 0x599F, 0x599F, 0x220 },
    { 0x59AF, 0x59AF, 0x221 },
    { 0x59B2, 0x59B2, 0x222 },
    { 0x59BD, 0x59BD, 0x223 },
    { 0x59CB, 0x59CB, 0x224 },
    { 0x59D0, 0x59D0, 0x225 },
    { 0x59DB, 0x59DB, 0x226 },
    { 0x59DE, 0x59DE, 0x227 },
    { 0x59E2, 0x59E2, 0x228 },
    { 0x59E6, 0x59E7, 0x229 },
    { 0x59EA, 0x59EA, 0x22B },
    { 0x59EE, 0x59EE, 0x22C },
    { 0x59F2, 0x59F2, 0x22D },
    { 0x59F6, 0x59F6, 0x22E },
    { 0x59F8, 0x59F8, 0x22F },
    { 0x5A03, 0x5A03, 0x230 },
    { 0x5A1F, 0x5A1F, 0x231 },
    { 0x5A28, 0x5A28, 0x232 },
    { 0x5A3A, 0x5A3A, 0x233 },
    { 0x5A3C, 0x5A3C, 0x234 },
    { 0x5A50, 0x5A50, 0x235 },
    { 0x5A5F, 0x5A5F, 0x236 },
    { 0x5A61, 0x5A61, 0x237 },
    { 0x5A64, 0x5A65, 0x238 },
    { 0x5A6A, 0x5A6A, 0x23A },
    { 0x5A76, 0x5A76, 0x23B },
    { 0x5A8C, 0x5A8C, 0x23C },
    { 0x5A8E, 0x5A8E, 0x23D },
    { 0x5A97, 0x5A97, 0x23E },
    { 0x5AA2, 0x5AA2, 0x23F },
    { 0x5AA6, 0x5AA6, 0x240 },
    { 0x5AAC, 0x5AAC, 0x241 },
    { 0x5AC6, 0x5AC6, 0x242 },
    { 0x5B0B, 0x5B0B, 0x243 },
    { 0x5B10, 0x5B10, 0x244 },
    { 0x5B20, 0x5B20, 0x245 },
    { 0x5B80, 0x5B80, 0x246 },
    { 0x5B89, 0x5B89, 0x247 },
    { 0x5B8B, 0x5B8B, 0x248 },
    { 0x5B8D, 0x5B8D, 0x249 },
    { 0x5B99, 0x5B99, 0x24A },
    { 0x5B9C, 0x5B9C, 0x24B },
    { 0x5BA1, 0x5BA1, 0x24C },
    { 0x5BA3, 0x5BA4, 0x24D },
    { 0x5BAB, 0x5BAB, 0x24F },
    { 0x5BB2, 0x5BB2, 0x250 },
    { 0x5BB4, 0x5BB4, 0x251 },
    { 0x5BB9, 0x5BB9, 0x252 },
    { 0x5BC5, 0x5BC5, 0x253 },
    { 0x5BCC, 0x5BCC, 0x254 },
    { 0x5C6E, 0x5C6E, 0x255 },
    { 0x5C71, 0x5C72, 0x256 },
    { 0x5C78, 0x5C78, 0x258 },
    { 0x5C7D, 0x5C7E, 0x259 },
    { 0x5C80, 0x5C80, 0x25B },
    { 0x5C84, 0x5C84, 0x25C },
    { 0x5C95, 0x5C95, 0x25D },
    { 0x5CA4, 0x5CA4, 0x25E },
    { 0x5CA8, 0x5CA8, 0x25F },
    { 0x5CAB, 0x5CAC, 0x260 },
    { 0x5CC0, 0x5CC0, 0x262 },
    { 0x5CC4, 0x5CC4, 0x263 },
    { 0x5CC6, 0x5CC7, 0x264 },
    { 0x5CCC, 0x5CCC, 0x266 },
    { 0x5CD2, 0x5CD2, 0x267 },
    { 0x5CD5, 0x5CD6, 0x268 },
    { 0x5CD8, 0x5CD8, 0x26A },
    { 0x5CDD, 0x5CDD, 0x26B },
    { 0x5CEA, 0x5CEA, 0x26C },
    { 0x5D06, 0x5D06, 0x26D },
    { 0x5DE5, 0x5DE5, 0x26E },
    { 0x5DEB, 0x5DEB, 0x26F },
    { 0x5E72, 0x5E72, 0x270 },
    { 0x5E75, 0x5E75, 0x271 },
    { 0x5E79, 0x5E79, 0x272 },
    { 0x5F00, 0x5F00, 0x273 },
    { 0x5F61, 0x5F61, 0x274 },
    { 0x5F6B, 0x5F6C, 0x275 },
    { 0x5F6E, 0x5F6E, 0x277 },
    { 0x624C, 0x624C, 0x278 },
    { 0x624E, 0x624E, 0x279 },
    { 0x6255, 0x6255, 0x27A },
    { 0x6257, 0x6257, 0x27B },
    { 0x625B, 0x625B, 0x27C },
    { 0x625E, 0x625E, 0x27D },
    { 0x6263, 0x6263, 0x27E },
    { 0x6266, 0x6266, 0x27F },
    { 0x6274, 0x6274, 0x280 },
    { 0x6287, 0x6288, 0x281 },
    { 0x62A5, 0x62A5, 0x283 },
    { 0x62A7, 0x62A7, 0x284 },
    { 0x62AC, 0x62AC, 0x285 },
    { 0x62AF, 0x62AF, 0x286 },
    { 0x62BB, 0x62BD, 0x287 },
    { 0x62C5, 0x62C5, 0x28A },
    { 0x62E9, 0x62E9, 0x28B },
    { 0x62EE, 0x62EE, 0x28C },
    { 0x62FE, 0x62FE, 0x28D },
    { 0x6302, 0x6303, 0x28E },
    { 0x6309, 0x6309, 0x290 },
    { 0x630F, 0x630F, 0x291 },
    { 0x633F, 0x633F, 0x292 },
    { 0x6346, 0x6346, 0x293 },
    { 0x634D, 0x634D, 0x294 },
    { 0x634F, 0x6350, 0x295 },
    { 0x635B, 0x635C, 0x297 },
    { 0x6370, 0x6370, 0x299 },
    { 0x637D, 0x637D, 0x29A },
    { 0x6387, 0x6387, 0x29B },
    { 0x6389, 0x6389, 0x29C },
    { 0x63A4, 0x63A4, 0x29D },
    { 0x63A7, 0x63A7, 0x29E },
    { 0x63AA, 0x63AA, 0x29F },
    { 0x63B5, 0x63B5, 0x2A0 },
    { 0x63CA, 0x63CA, 0x2A1 },
    { 0x63CE, 0x63CF, 0x2A2 },
    { 0x63F8, 0x63F8, 0x2A4 },
    { 0x6408, 0x6408, 0x2A5 },
    { 0x641E, 0x641E, 0x2A6 },
    { 0x6421, 0x6421, 0x2A7 },
    { 0x642D, 0x642D, 0x2A8 },
    { 0x647B, 0x647B, 0x2A9 },
    { 0x64A3, 0x64A3, 0x2AA },
    { 0x64BF, 0x64C0, 0x2AB },
    { 0x64C6, 0x64C6, 0x2AD },
    { 0x64CD, 0x64CD, 0x2AE },
    { 0x6502, 0x6502, 0x2AF },
    { 0x653E, 0x653E, 0x2B0 },
    { 0x65E5, 0x65E7, 0x2B1 },
    { 0x65E9, 0x65EA, 0x2B4 },
    { 0x65F0, 0x65F1, 0x2B6 },
    { 0x660C, 0x660E, 0x2B8 },
    { 0x6616, 0x6617, 0x2BB },
    { 0x663B, 0x663B, 0x2BD },
    { 0x6645, 0x6646, 0x2BE },
    { 0x6649, 0x664A, 0x2C0 },
    { 0x664D, 0x664D, 0x2C2 },
    { 0x664F, 0x664F, 0x2C3 },
    { 0x6658, 0x6658, 0x2C4 },
    { 0x666B, 0x666D, 0x2C5 },
    { 0x6676, 0x6676, 0x2C8 },
    { 0x667D, 0x667D, 0x2C9 },
    { 0x667F, 0x667F, 0x2CA },
    { 0x6684, 0x6684, 0x2CB },
    { 0x668F, 0x668F, 0x2CC },
    { 0x6691, 0x6691, 0x2CD },
    { 0x669B, 0x669B, 0x2CE },
    { 0x66A0, 0x66A0, 0x2CF },
    { 0x66A5, 0x66A5, 0x2D0 },
    { 0x66BA, 0x66BA, 0x2D1 },
    { 0x66CC, 0x66CC, 0x2D2 },
    { 0x66F0, 0x66F1, 0x2D3 },
    { 0x66FA, 0x66FA, 0x2D5 },
    { 0x6708, 0x6708, 0x2D6 },
    { 0x670B, 0x670B, 0x2D7 },
    { 0x670D, 0x670D, 0x2D8 },
    { 0x671D, 0x671D, 0x2D9 },
    { 0x6724, 0x6724, 0x2DA },
    { 0x6728, 0x6728, 0x2DB },
    { 0x672D, 0x672D, 0x2DC },
    { 0x6743, 0x6744, 0x2DD },
    { 0x6746, 0x6746, 0x2DF },
    { 0x6749, 0x6749, 0x2E0 },
    { 0x674F, 0x674F, 0x2E1 },
    { 0x675C, 0x675C, 0x2E2 },
    { 0x6760, 0x6760, 0x2E3 },
    { 0x6762, 0x6762, 0x2E4 },
    { 0x6770, 0x6770, 0x2E5 },
    { 0x6772, 0x6773, 0x2E6 },
    { 0x677E, 0x677E, 0x2E8 },
    { 0x6780, 0x6780, 0x2E9 },
    { 0x6782, 0x6782, 0x2EA },
    { 0x678F, 0x678F, 0x2EB },
    { 0x6797, 0x6797, 0x2EC },
    { 0x679C, 0x679C, 0x2ED },
    { 0x67A9, 0x67A9, 0x2EE },
    { 0x67B1, 0x67B3, 0x2EF },
    { 0x67BE, 0x67BE, 0x2F2 },
    { 0x67D2, 0x67D2, 0x2F3 },
    { 0x67D7, 0x67D7, 0x2F4 },
    { 0x67D9, 0x67DB, 0x2F5 },
    { 0x67E4, 0x67E6, 0x2F8 },
    { 0x67FB, 0x67FD, 0x2FB },
    { 0x6809, 0x6809, 0x2FE },
    { 0x681E, 0x681E, 0x2FF },
    { 0x6842, 0x6842, 0x300 },
    { 0x6847, 0x6849, 0x301 },
    { 0x684C, 0x684C, 0x304 },
    { 0x684E, 0x684E, 0x305 },
    { 0x6850, 0x6854, 0x306 },
    { 0x687F, 0x687F, 0x30B },
    { 0x688B, 0x688B, 0x30C },
    { 0x68A0, 0x68A0, 0x30D },
    { 0x68A5, 0x68A5, 0x30E },
    { 0x68B1, 0x68B1, 0x30F },
    { 0x68DA, 0x68DB, 0x310 },
    { 0x68DD, 0x68DD, 0x312 },
    { 0x68EE, 0x68EE, 0x313 },
    { 0x68F3, 0x68F6, 0x314 },
    { 0x68F9, 0x68F9, 0x318 },
    { 0x6906, 0x6906, 0x319 },
    { 0x690A, 0x690A, 0x31A },
    { 0x690C, 0x690C, 0x31B },
    { 0x6919, 0x6919, 0x31C },
    { 0x6927, 0x6927, 0x31D },
    { 0x692C, 0x692C, 0x31E },
    { 0x693A, 0x693A, 0x31F },
    { 0x6942, 0x6942, 0x320 },
    { 0x6945, 0x6945, 0x321 },
    { 0x694D, 0x694D, 0x322 },
    { 0x6950, 0x6950, 0x323 },
    { 0x695B, 0x695B, 0x324 },
    { 0x6966, 0x6966, 0x325 },
    { 0x696E, 0x696E, 0x326 },
    { 0x6980, 0x6981, 0x327 },
    { 0x6983, 0x6983, 0x329 },
    { 0x6995, 0x6995, 0x32A },
    { 0x6999, 0x6999, 0x32B },
    { 0x69A6, 0x69A6, 0x32C },
    { 0x69C0, 0x69C1, 0x32D },
    { 0x69D1, 0x69D1, 0x32F },
    { 0x69D5, 0x69D5, 0x330 },
    { 0x69E1, 0x69E1, 0x331 },
    { 0x69EE, 0x69EE, 0x332 },
    { 0x6A3F, 0x6A3F, 0x333 },
    { 0x6A57, 0x6A57, 0x334 },
    { 0x6A78, 0x6A78, 0x335 },
    { 0x6A7E, 0x6A7F, 0x336 },
    { 0x6A8A, 0x6A8A, 0x338 },
    { 0x6AA2, 0x6AA2, 0x339 },
    { 0x6AD0, 0x6AD1, 0x33A },
    { 0x6C35, 0x6C35, 0x33C },
    { 0x6C41, 0x6C41, 0x33D },
    { 0x6C49, 0x6C49, 0x33E },
    { 0x6C57, 0x6C58, 0x33F },
    { 0x6C5D, 0x6C5D, 0x341 },
    { 0x6C5F, 0x6C5F, 0x342 },
    { 0x6C62, 0x6C62, 0x343 },
    { 0x6C68, 0x6C69, 0x344 },
    { 0x6C90, 0x6C90, 0x346 },
    { 0x6CAE, 0x6CAE, 0x347 },
    { 0x6CB9, 0x6CBB, 0x348 },
    { 0x6CC2, 0x6CC2, 0x34B },
    { 0x6CC5, 0x6CC5, 0x34C },
    { 0x6CEA, 0x6CEA, 0x34D },
    { 0x6CEC, 0x6CEC, 0x34E },
    { 0x6CF9, 0x6CF9, 0x34F },
    { 0x6CFD, 0x6CFD, 0x350 },
    { 0x6D01, 0x6D01, 0x351 },
    { 0x6D15, 0x6D15, 0x352 },
    { 0x6D1D, 0x6D1E, 0x353 },
    { 0x6D33, 0x6D33, 0x355 },
    { 0x6D37, 0x6D37, 0x356 },
    { 0x6D39, 0x6D39, 0x357 },
    { 0x6D3C, 0x6D3D, 0x358 },
    { 0x6D68, 0x6D68, 0x35A },
    { 0x6D74, 0x6D74, 0x35B },
    { 0x6D7B, 0x6D7B, 0x35C },
    { 0x6D81, 0x6D81, 0x35D },
    { 0x6D83, 0x6D83, 0x35E },
    { 0x6D85, 0x6D86, 0x35F },
    { 0x6D93, 0x6D93, 0x361 },
    { 0x6DB0, 0x6DB0, 0x362 },
    { 0x6DB3, 0x6DB3, 0x363 },
    { 0x6DB8, 0x6DB8, 0x364 },
    { 0x6DC9, 0x6DC9, 0x365 },
    { 0x6DCB, 0x6DCB, 0x366 },
    { 0x6DCD, 0x6DCD, 0x367 },
    { 0x6DD0, 0x6DD0, 0x368 },
    { 0x6DD5, 0x6DD6, 0x369 },
    { 0x6DDC, 0x6DDC, 0x36B },
    { 0x6DDE, 0x6DDE, 0x36C },
    { 0x6DEC, 0x6DEC, 0x36D },
    { 0x6DEF, 0x6DEF, 0x36E },
    { 0x6DF6, 0x6DF6, 0x36F },
    { 0x6E16, 0x6E16, 0x370 },
    { 0x6E1A, 0x6E1A, 0x371 },
    { 0x6E23, 0x6E23, 0x372 },
    { 0x6E2D, 0x6E2D, 0x373 },
    { 0x6E32, 0x6E32, 0x374 },
    { 0x6E35, 0x6E35, 0x375 },
    { 0x6E41, 0x6E41, 0x376 },
    { 0x6E58, 0x6E58, 0x377 },
    { 0x6E62, 0x6E62, 0x378 },
    { 0x6E7A, 0x6E7B, 0x379 },
    { 0x6E8E, 0x6E8E, 0x37B },
    { 0x6E9A, 0x6E9A, 0x37C },
    { 0x6EB6, 0x6EB6, 0x37D },
    { 0x6EC8, 0x6EC8, 0x37E },
    { 0x6EED, 0x6EED, 0x37F },
    { 0x6EF2, 0x6EF2, 0x380 },
    { 0x6F14, 0x6F14, 0x381 },
    { 0x6F1C, 0x6F1C, 0x382 },
    { 0x6F24, 0x6F25, 0x383 },
    { 0x6F4C, 0x6F4C, 0x385 },
    { 0x6F6C, 0x6F6C, 0x386 },
    { 0x6F6E, 0x6F6E, 0x387 },
    { 0x6F78, 0x6F79, 0x388 },
    { 0x6F98, 0x6F98, 0x38A },
    { 0x6FA1, 0x6FA1, 0x38B },
    { 0x6FA3, 0x6FA3, 0x38C },
    { 0x6FB0, 0x6FB0, 0x38D },
    { 0x6FD0, 0x6FD0, 0x38E },
    { 0x7045, 0x7045, 0x38F },
    { 0x706C, 0x706C, 0x390 },
    { 0x70CB, 0x70CB, 0x391 },
    { 0x716E, 0x716E, 0x392 },
    { 0x7529, 0x7529, 0x393 },
    { 0x7530, 0x7534, 0x394 },
    { 0x7546, 0x7546, 0x399 },
    { 0x754C, 0x754D, 0x39A },
    { 0x7550, 0x7550, 0x39C },
    { 0x7555, 0x7555, 0x39D },
    { 0x7557, 0x7557, 0x39E },
    { 0x7562, 0x7563, 0x39F },
    { 0x7566, 0x7566, 0x3A1 },
    { 0x7577, 0x7577, 0x3A2 },
    { 0x757A, 0x757A, 0x3A3 },
    { 0x757E, 0x757E, 0x3A4 },
    { 0x7585, 0x7585, 0x3A5 },
    { 0x7588, 0x7588, 0x3A6 },
    { 0x76EE, 0x76EE, 0x3A7 },
    { 0x76F0, 0x76F0, 0x3A8 },
    { 0x76F8, 0x76F8, 0x3A9 },
    { 0x7700, 0x7700, 0x3AA },
    { 0x7712, 0x7712, 0x3AB },
    { 0x7719, 0x7719, 0x3AC },
    { 0x772D, 0x772E, 0x3AD },
    { 0x7730, 0x7730, 0x3AF },
    { 0x7745, 0x7745, 0x3B0 },
    { 0x774A, 0x774A, 0x3B1 },
    { 0x774F, 0x774F, 0x3B2 },
    { 0x775E, 0x775F, 0x3B3 },
    { 0x7766, 0x7766, 0x3B5 },
    { 0x776D, 0x776D, 0x3B6 },
    { 0x7779, 0x7779, 0x3B7 },
    { 0x777B, 0x777B, 0x3B8 },
    { 0x7784, 0x7784, 0x3B9 },
    { 0x7790, 0x7790, 0x3BA },
    { 0x779A, 0x779A, 0x3BB },
    { 0x77BC, 0x77BC, 0x3BC },
    { 0x77BE, 0x77BE, 0x3BD },
    { 0x77C2, 0x77C2, 0x3BE },
    { 0x79B8, 0x79B8, 0x3BF },
    { 0x7A74, 0x7A74, 0x3C0 },
    { 0x7A7A, 0x7A7A, 0x3C1 },
    { 0x7A7C, 0x7A7C, 0x3C2 },
    { 0x7A85, 0x7A85, 0x3C3 },
    { 0x7A90, 0x7A90, 0x3C4 },
    { 0x7A92, 0x7A92, 0x3C5 },
    { 0x7AA0, 0x7AA1, 0x3C6 },
    { 0x7AA3, 0x7AA3, 0x3C8 },
    { 0x7AA7, 0x7AA7, 0x3C9 },
    { 0x7AAA, 0x7AAA, 0x3CA },
    { 0x7F8B, 0x7F8B, 0x3CB },
    { 0x8002, 0x8002, 0x3CC },
    { 0x8005, 0x8005, 0x3CD },
    { 0x800A, 0x800A, 0x3CE },
    { 0x8097, 0x8097, 0x3CF },
    { 0x8099, 0x809D, 0x3D0 },
    { 0x80B2, 0x80B2, 0x3D5 },
    { 0x80B8, 0x80B8, 0x3D6 },
    { 0x80BE, 0x80BE, 0x3D7 },
    { 0x80C2, 0x80C4, 0x3D8 },
    { 0x80C6, 0x80C6, 0x3DB },
    { 0x80CE, 0x80CE, 0x3DC },
    { 0x80D1, 0x80D1, 0x3DD },
    { 0x80DB, 0x80DB, 0x3DE },
    { 0x80F4, 0x80F5, 0x3DF },
    { 0x80FA, 0x80FA, 0x3E1 },
    { 0x80FF, 0x80FF, 0x3E2 },
    { 0x813A, 0x813A, 0x3E3 },
    { 0x8142, 0x8142, 0x3E4 },
    { 0x814F, 0x814F, 0x3E5 },
    { 0x8154, 0x8154, 0x3E6 },
    { 0x815F, 0x815F, 0x3E7 },
    { 0x8173, 0x8173, 0x3E8 },
    { 0x8177, 0x8177, 0x3E9 },
    { 0x81A3, 0x81A3, 0x3EA },
    { 0x81B5, 0x81B5, 0x3EB },
    { 0x81C9, 0x81CA, 0x3EC },
    { 0x81F3, 0x81F3, 0x3EE },
    { 0x81F8, 0x81F8, 0x3EF },
    { 0x820E, 0x820E, 0x3F0 },
    { 0x8279, 0x8279, 0x3F1 },
    { 0x8282, 0x8282, 0x3F2 },
    { 0x8288, 0x828A, 0x3F3 },
    { 0x828F, 0x828F, 0x3F6 },
    { 0x82A2, 0x82A2, 0x3F7 },
    { 0x82A5, 0x82A5, 0x3F8 },
    { 0x82CE, 0x82CE, 0x3F9 },
    { 0x82D4, 0x82D4, 0x3FA },
    { 0x82D6, 0x82D8, 0x3FB },
    { 0x82DC, 0x82DC, 0x3FE },
    { 0x82E6, 0x82E6, 0x3FF },
    { 0x82EC, 0x82EC, 0x400 },
    { 0x82F4, 0x82F4, 0x401 },
    { 0x830C, 0x830C, 0x402 },
    { 0x8313, 0x8313, 0x403 },
    { 0x8320, 0x8320, 0x404 },
    { 0x8325, 0x8325, 0x405 },
    { 0x8333, 0x8333, 0x406 },
    { 0x8339, 0x8339, 0x407 },
    { 0x833C, 0x833C, 0x408 },
    { 0x8341, 0x8341, 0x409 },
    { 0x8345, 0x8345, 0x40A },
    { 0x8349, 0x8349, 0x40B },
    { 0x834C, 0x834C, 0x40C },
    { 0x834E, 0x834E, 0x40D },
    { 0x8370, 0x8370, 0x40E },
    { 0x8381, 0x8381, 0x40F },
    { 0x8392, 0x8392, 0x410 },
    { 0x8395, 0x8395, 0x411 },
    { 0x83AF, 0x83AF, 0x412 },
    { 0x83D2, 0x83D4, 0x413 },
    { 0x83D6, 0x83D8, 0x416 },
    { 0x83ED, 0x83ED, 0x419 },
    { 0x83F9, 0x83F9, 0x41A },
    { 0x83FB, 0x83FB, 0x41B },
    { 0x8403, 0x8403, 0x41C },
    { 0x840A, 0x840A, 0x41D },
    { 0x840C, 0x840C, 0x41E },
    { 0x8413, 0x8413, 0x41F },
    { 0x841A, 0x841A, 0x420 },
    { 0x8420, 0x8420, 0x421 },
    { 0x8431, 0x8431, 0x422 },
    { 0x843A, 0x843A, 0x423 },
    { 0x8445, 0x8446, 0x424 },
    { 0x8448, 0x8448, 0x426 },
    { 0x844C, 0x844D, 0x427 },
    { 0x8457, 0x8457, 0x429 },
    { 0x8459, 0x8459, 0x42A },
    { 0x84BF, 0x84BF, 0x42B },
    { 0x84C9, 0x84C9, 0x42C },
    { 0x84D5, 0x84D5, 0x42D },
    { 0x84FD, 0x84FD, 0x42E },
    { 0x8518, 0x8518, 0x42F },
    { 0x8529, 0x8529, 0x430 },
    { 0x8547, 0x8547, 0x431 },
    { 0x854C, 0x854C, 0x432 },
    { 0x8550, 0x8550, 0x433 },
    { 0x8583, 0x8583, 0x434 },
    { 0x8591, 0x8591, 0x435 },
    { 0x859F, 0x859F, 0x436 },
    { 0x85C1, 0x85C1, 0x437 },
    { 0x85DF, 0x85DF, 0x438 },
    { 0x85FB, 0x85FB, 0x439 },
    { 0x8632, 0x8632, 0x43A },
    { 0x863D, 0x863D, 0x43B },
    { 0x8C37, 0x8C38, 0x43C },
    { 0x8C3E, 0x8C3E, 0x43E },
    { 0x90A3, 0x90A3, 0x43F },
    { 0x9AD8, 0x9AD9, 0x440 },
    { 0x9ADE, 0x9ADE, 0x442 },
    { 0x9FA7, 0x9FA7, 0x443 },
    { 0x9FB7, 0x9FB7, 0x444 },
    { 0x9FBA, 0x9FBA, 0x445 },
    { 0x9FBF, 0x9FBF, 0x446 },
};

static const EpdFontGroup notosanssc_8_regularGroups[] = {
    { 0, 224, 352, 13, 0 },
    { 224, 12, 10, 1, 13 },
    { 236, 1162, 2323, 62, 14 },
    { 1398, 25, 24, 3, 76 },
    { 1423, 4012, 5930, 96, 79 },
    { 5435, 4476, 6566, 96, 175 },
    { 9911, 3906, 6647, 96, 271 },
    { 13817, 3878, 6229, 96, 367 },
    { 17695, 4271, 6644, 96, 463 },
    { 21966, 4250, 6619, 96, 559 },
    { 26216, 4285, 6584, 96, 655 },
    { 30501, 4676, 7063, 96, 751 },
    { 35177, 4473, 6670, 96, 847 },
    { 39650, 4170, 6410, 96, 943 },
    { 43820, 2579, 3859, 56, 1039 },
};

static const EpdKernClassEntry notosanssc_8_regularKernLeftClasses[] = {
    { 0x003A, 1 }, // :
    { 0x0063, 2 }, // c
    { 0x006F, 3 }, // o
    { 0x0070, 3 }, // p
    { 0x0073, 4 }, // s
    { 0x0074, 5 }, // t
    { 0x0410, 6 }, // U+0410
    { 0x0411, 7 }, // U+0411
    { 0x0412, 7 }, // U+0412
    { 0x0413, 8 }, // U+0413
    { 0x0414, 9 }, // U+0414
    { 0x0415, 10 }, // U+0415
    { 0x0416, 11 }, // U+0416
    { 0x0417, 7 }, // U+0417
    { 0x041A, 11 }, // U+041A
    { 0x041E, 12 }, // U+041E
    { 0x0420, 13 }, // U+0420
    { 0x0421, 14 }, // U+0421
    { 0x0422, 15 }, // U+0422
    { 0x0423, 16 }, // U+0423
    { 0x0424, 17 }, // U+0424
    { 0x0425, 18 }, // U+0425
    { 0x0426, 9 }, // U+0426
    { 0x0429, 9 }, // U+0429
    { 0x042C, 19 }, // U+042C
    { 0x042D, 12 }, // U+042D
    { 0x0430, 20 }, // U+0430
    { 0x0431, 21 }, // U+0431
    { 0x0432, 22 }, // U+0432
    { 0x0433, 23 }, // U+0433
    { 0x0434, 24 }, // U+0434
    { 0x0435, 25 }, // U+0435
    { 0x0436, 26 }, // U+0436
    { 0x0437, 22 }, // U+0437
    { 0x0438, 27 }, // U+0438
    { 0x0439, 27 }, // U+0439
    { 0x043A, 26 }, // U+043A
    { 0x043B, 27 }, // U+043B
    { 0x043C, 27 }, // U+043C
    { 0x043D, 27 }, // U+043D
    { 0x043E, 28 }, // U+043E
    { 0x043F, 27 }, // U+043F
    { 0x0440, 28 }, // U+0440
    { 0x0441, 29 }, // U+0441
    { 0x0442, 30 }, // U+0442
    { 0x0443, 31 }, // U+0443
    { 0x0444, 28 }, // U+0444
    { 0x0445, 32 }, // U+0445
    { 0x0446, 24 }, // U+0446
    { 0x0447, 27 }, // U+0447
    { 0x0448, 27 }, // U+0448
    { 0x0449, 24 }, // U+0449
    { 0x044B, 27 }, // U+044B
    { 0x044C, 33 }, // U+044C
    { 0x044D, 28 }, // U+044D
    { 0x044E, 28 }, // U+044E
    { 0x044F, 27 }, // U+044F
    { 0x0451, 25 }, // U+0451
    { 0x2011, 34 }, // U+2011
    { 0x2014, 34 }, // U+2014
};

static const EpdKernClassEntry notosanssc_8_regularKernRightClasses[] = {
    { 0x003A, 1 }, // :
    { 0x0063, 2 }, // c
    { 0x0069, 3 }, // i
    { 0x006F, 2 }, // o
    { 0x0073, 4 }, // s
    { 0x0074, 5 }, // t
    { 0x0410, 6 }, // U+0410
    { 0x0411, 7 }, // U+0411
    { 0x0412, 7 }, // U+0412
    { 0x0413, 7 }, // U+0413
    { 0x0414, 8 }, // U+0414
    { 0x0415, 7 }, // U+0415
    { 0x0416, 9 }, // U+0416
    { 0x0417, 10 }, // U+0417
    { 0x0418, 7 }, // U+0418
    { 0x0419, 7 }, // U+0419
    { 0x041A, 7 }, // U+041A
    { 0x041B, 11 }, // U+041B
    { 0x041C, 7 }, // U+041C
    { 0x041D, 7 }, // U+041D
    { 0x041E, 12 }, // U+041E
    { 0x041F, 7 }, // U+041F
    { 0x0420, 7 }, // U+0420
    { 0x0421, 12 }, // U+0421
    { 0x0422, 13 }, // U+0422
    { 0x0423, 14 }, // U+0423
    { 0x0424, 15 }, // U+0424
    { 0x0425, 16 }, // U+0425
    { 0x0426, 7 }, // U+0426
    { 0x0427, 17 }, // U+0427
    { 0x0428, 7 }, // U+0428
    { 0x0429, 7 }, // U+0429
    { 0x042B, 7 }, // U+042B
    { 0x042C, 7 }, // U+042C
    { 0x042D, 10 }, // U+042D
    { 0x042F, 18 }, // U+042F
    { 0x0430, 19 }, // U+0430
    { 0x0431, 20 }, // U+0431
    { 0x0432, 21 }, // U+0432
    { 0x0433, 21 }, // U+0433
    { 0x0434, 22 }, // U+0434
    { 0x0435, 23 }, // U+0435
    { 0x0436, 24 }, // U+0436
    { 0x0437, 25 }, // U+0437
    { 0x0438, 21 }, // U+0438
    { 0x0439, 21 }, // U+0439
    { 0x043A, 21 }, // U+043A
    { 0x043B, 26 }, // U+043B
    { 0x043C, 21 }, // U+043C
    { 0x043D, 21 }, // U+043D
    { 0x043E, 23 }, // U+043E
    { 0x043F, 21 }, // U+043F
    { 0x0440, 27 }, // U+0440
    { 0x0441, 23 }, // U+0441
    { 0x0442, 28 }, // U+0442
    { 0x0443, 29 }, // U+0443
    { 0x0444, 23 }, // U+0444
    { 0x0445, 30 }, // U+0445
    { 0x0446, 21 }, // U+0446
    { 0x0447, 31 }, // U+0447
    { 0x0448, 21 }, // U+0448
    { 0x0449, 21 }, // U+0449
    { 0x044B, 21 }, // U+044B
    { 0x044C, 21 }, // U+044C
    { 0x044D, 32 }, // U+044D
    { 0x044E, 21 }, // U+044E
    { 0x044F, 33 }, // U+044F
    { 0x0451, 23 }, // U+0451
    { 0x2011, 34 }, // U+2011
    { 0x2014, 34 }, // U+2014
};

static const int8_t notosanssc_8_regularKernMatrix[] = {
       0,    0,    0,    0,    0,    0,    0,   12,    0,    0,    4,    0,    0,    0,    0,    0,    0,    0,    0,    0,    0,   10,    0,    0,    0,   10,    0,    0,    0,    0,    0,    0,    0,    0,
       0,   -6,    0,    0,   -3,    0,    0,    0,    0,    0,    0,    0,    0,    0,    0,    0,    0,    0,    0,    0,    0,    0,    0,    0,    0,    0,    0,    0,    0,    0,    0,    0,    0,   -6,
       0,    0,    0,    0,   -5,    0,    0,    0,    0,    0,    0,    0,    0,    0,    0,    0,    0,    0,    0,    0,    0,    0,    0,    0,    0,    0,    0,    0,    0,    0,    0,    0,    0,    2,
       0,    0,    0,    0,   -6,    0,    0,    0,    0,    0,    0,    0,    0,    0,    0,    0,    0,    0,    0,    0,    0,    0,    0,    0,    0,    0,    0,    0,    0,    0,    0,    0,    0,    3,
       4,   -4,    0,   -3,   -6,    0,    0,    0,    0,    0,    0,    0,    0,    0,    0,    0,    0,    0,    0,    0,    0,    0,    0,    0,    0,    0,    0,    0,    0,    0,    0,    0,    0,   -8,
       0,    0,    0,    0,   -4,   -2,    0,    2,    0,    0,    2,   -3,  -16,    0,   -2,    1,  -24,    0,    7,    0,    0,    6,    0,    0,    4,    6,    0,   -4,   -2,   -1,   -8,    8,    0,    0,
       0,    0,    0,    0,    0,    0,    0,   -1,    0,   -6,   -1,    0,   -7,    0,    0,   -1,   -7,    0,    0,    0,    0,    0,    0,    0,   -4,    0,    0,   -3,   -4,   -3,   -3,    0,   -3,    0,
      -6,    0,    0,    0,    0,  -18,    0,  -33,    0,  -12,  -33,  -11,    0,    0,  -23,   -5,    0,  -12,  -28,  -15,  -18,  -31,  -31,    0,  -19,  -34,  -18,  -13,  -14,   -9,  -18,  -16,  -33,  -28,
       6,    0,    2,    0,    0,    0,   -2,    8,    0,    0,    8,   -3,   -6,    0,   -3,    0,   -5,    0,    2,    0,    2,   12,    2,    0,    0,   11,    6,   -3,    2,    0,   -2,    2,    1,   -3,
       0,    0,    0,    0,    0,    0,    0,    0,    0,   -7,    0,    0,    0,    0,   -8,    0,   -3,    0,    0,   -7,    0,    0,   -3,    0,   -3,    0,    0,   -7,   -3,   -9,   -7,    0,    0,    0,
       0,    0,    0,    0,    0,    0,    0,    3,    0,    0,    4,   -3,    0,    0,   -8,    0,   -5,    0,    0,   -2,    0,    6,   -2,    0,    4,    6,    0,   -9,   -5,    0,   -7,    9,   -4,   -8,
       0,    0,    0,    0,    0,   -3,    0,   -7,   -3,  -10,   -5,    0,   -7,    0,    0,   -5,    0,    0,    0,    0,    0,    0,    0,   -1,   -4,   -2,    0,    0,    0,   -4,    0,   -2,   -1,    0,
       0,    0,    0,    0,    0,  -15,    0,  -26,    0,  -17,  -26,    0,   -7,   -3,    0,   -7,    0,    0,  -13,    0,    0,  -15,   -7,    0,   -6,  -18,    0,    0,    0,   -4,    0,    0,   -6,  -10,
       0,    0,    0,    0,    0,    0,    0,    0,    0,   -3,    0,   -9,   -5,    0,  -13,   -1,   -6,    0,    0,   -6,    0,    0,    0,    0,    0,    0,    0,   -8,   -4,    0,  -12,    0,    0,   -8,
      -6,    0,    0,    0,    0,  -12,    0,  -19,    0,   -7,  -21,   -7,    0,    0,  -18,   -6,    0,   -6,  -22,  -12,  -14,  -27,  -20,    0,  -15,  -29,  -14,   -5,  -10,  -12,  -11,  -13,  -28,  -22,
       0,    0,    0,    0,    0,  -12,    0,  -18,    0,   -7,  -19,   -1,    0,   -6,   -7,   -8,   -4,   -1,   -7,   -4,   -9,  -18,  -12,   -8,  -10,  -24,   -9,   -4,   -5,   -4,   -6,   -5,  -14,  -12,
       0,    0,    0,    0,    0,   -2,    0,  -12,   -8,  -15,  -12,    0,  -24,   -1,    0,   -9,    0,   -3,   -6,    0,    0,   -4,    0,   -1,   -4,   -4,    0,    0,    0,   -1,    0,   -1,   -1,    2,
       0,    0,    0,    0,    0,    1,    0,    0,    0,   -3,    0,   -5,   -6,    0,   -9,    0,   -4,   -2,   -3,   -4,    0,    0,   -2,    0,    0,    0,    0,   -5,   -5,   -3,  -11,    4,    0,   -8,
       0,    0,    0,    0,    0,    0,    0,    1,   -4,   -7,   -1,    0,  -34,   -9,    0,   -3,  -19,   -4,    0,    0,    0,    0,    0,    0,   -5,    0,    0,   -6,   -1,   -3,   -3,   -3,   -1,    0,
       0,    0,    0,    0,    0,    0,    0,    0,    0,    0,    0,    0,   -7,    0,    0,    0,    0,    0,    0,    0,    0,    0,    0,    0,    0,    0,    0,   -4,    0,    0,    0,    0,    0,    0,
       0,    0,    0,    0,    0,    0,    0,    0,    0,    0,    0,    0,    0,    0,    0,    0,    0,    0,   -3,    0,    0,    0,    0,   -1,   -9,   -3,    0,  -10,   -2,   -5,   -3,   -6,   -3,    0,
       0,    0,    0,    0,    0,    0,    0,    0,    0,    0,    0,    0,    0,    0,    0,    0,    0,    0,    0,    0,    0,    0,    0,    0,   -6,    0,    0,   -7,   -1,    0,   -3,   -4,   -1,    0,
       0,    0,    0,    0,    0,    0,    0,    0,    0,    0,    0,    0,    0,    0,    0,    0,    0,    0,  -10,    0,    0,  -15,  -13,   -3,   -6,  -18,    0,    0,   -3,   -4,    0,   -4,  -13,  -14,
       6,    0,    0,    0,    0,    0,    0,    0,    0,    0,    0,    0,    0,    0,    0,    0,    0,    0,    1,    0,    0,   12,    0,    2,    0,    5,    3,   -4,   -1,    0,   -1,    0,    0,   -1,
       0,    0,    0,    0,    0,    0,    0,    0,    0,    0,    0,    0,   -7,    0,    0,    0,    0,    0,   -4,    0,    0,    0,    0,   -1,    0,    0,    0,   -3,    1,   -2,    0,    0,   -1,    3,
       0,    0,    0,    0,    0,    0,    0,    0,    0,    0,    0,    0,    0,    0,    0,    0,    0,    0,   -3,   -1,    0,    4,   -5,   -2,    0,    0,    0,   -5,   -4,    0,   -5,    2,   -4,   -7,
       0,    0,    0,    0,    0,    0,    0,    0,    0,    0,    0,    0,   -6,    0,    0,    0,    0,    0,    0,    0,    0,    0,    0,    0,    0,    0,    0,    0,    0,    0,    0,    0,    0,    0,
       0,    0,    0,    0,    0,    0,    0,    0,    0,    0,    0,    0,  -17,    0,    0,   -1,    0,    0,   -4,    0,    0,    0,    0,    0,   -5,    0,    0,   -5,   -1,   -5,    0,   -6,   -1,    2,
       0,    0,    0,    0,    0,    0,    0,    0,    0,    0,    0,    0,   -6,    0,    0,    0,    0,    0,   -3,   -2,    0,    0,   -6,    0,    0,    4,    0,   -3,    2,    2,   -3,    0,   -3,   -6,
       4,    0,    0,    0,    0,    0,    0,    0,    0,    0,    0,    0,   -4,    0,    0,    0,    0,    0,   -6,    0,    0,   -9,   -4,    0,   -6,  -12,    0,   -6,    0,   -5,    0,   -3,  -11,   -8,
       0,    0,    0,    0,    0,    0,    0,    0,    0,    0,    0,    0,   -6,    0,    0,   -1,    0,    0,   -6,    0,    0,   -2,   -1,   -3,   -4,   -2,    0,    0,    0,   -4,    0,   -2,   -3,    0,
       0,    0,    0,    0,    0,    0,    0,    0,    0,    0,    0,   -3,  -10,    0,    0,   -3,    0,    0,   -3,   -3,    0,    4,   -5,   -2,   -2,    0,    0,   -7,    0,    0,   -4,    2,   -5,   -4,
       0,    0,    0,    0,    0,    0,    0,    0,    0,    0,    0,    0,    0,    0,    0,    0,    0,    0,    0,    0,    0,    0,    0,   -1,   -6,    0,    0,  -22,   -5,   -4,  -10,   -6,   -3,    0,
       0,    0,    0,    0,   -8,    0,    0,   -9,   -8,   -6,   -9,    0,  -14,   -8,    2,   -8,   -6,   -7,    0,    0,    0,   -3,    0,   -7,   -6,   -3,    0,   -8,    0,   -4,    0,   -7,   -3,    0,
};

static const EpdFontData notosanssc_8_regular = {
    notosanssc_8_regularBitmaps,
    notosanssc_8_regularGlyphs,
    notosanssc_8_regularIntervals,
    865,
    24,
    20,
    -5,
    true,
    notosanssc_8_regularGroups,
    15,
    nullptr,
    notosanssc_8_regularKernLeftClasses,
    notosanssc_8_regularKernRightClasses,
    notosanssc_8_regularKernMatrix,
    60,
    70,
    34,
    34,
    nullptr,
    0,
};
